geo,time,subjective_poverty,arop,unemployment_rate,real_gdp_pc,severe_mat_soc_deprivation,aic_pps_pc,gdp_pps_pc,housing_cost_overburden,arrears,unexpected_expenses,real_gdp_pc_k,aic_pps_pc_k,gdp_pps_pc_k,debt_to_income,arop_before_transfers,transfer_effect,pct_below_peak,ltu_rate,cum_gdp_shortfall_2008base,cum_gdp_shortfall_ownpeak,cum_wage_shortfall_2008base,cum_wage_shortfall_ownpeak,cum_excess_unemployment,cum_excess_ltu,cum_threshold_shortfall,gdp_years_below_2008,gdp_years_below_peak,gdp_longest_streak_2008,gdp_longest_streak_peak,gdp_cum_negative_years,wage_years_below_2008,wage_years_below_peak,wage_longest_streak_2008,wage_longest_streak_peak,wage_cum_negative_years,slope5_real_wage,slope5_real_gdp,slope5_unemployment,years_worst_quintile_unemp,years_worst_quintile_wage,share_worst_unemployment,share_worst_ltu,share_worst_real_wage,share_worst_real_gdp,share_worst_threshold,share_worst_composite
AT,2015,13.4,13.9,6.1,43200.0,2.9,23093.3,35700.0,6.4,6.4,22.6,43.2,23.0933,35.7,85.46,44.4,30.5,0.5753739930955121,2.0,7.1643170788074855,8.402720839495515,4.514876983026824,8.999133090535878,0.6999999999999993,1.6000000000000003,0.0,3.0,3.0,3.0,3.0,3.0,0.0,6.0,4.0,6.0,3.0,0.3181706320928793,-72.0000000000042,0.3200000000000242,0.0,0.0,0.0,0.0,0.0,0.0,0.0,0.043478260869565216
AT,2016,12.8,14.1,6.5,43550.0,3.3,23408.9,36400.0,7.2,6.5,22.6,43.55,23.408900000000003,36.4,84.86,44.8,30.699999999999996,0.0,2.4,7.1643170788074855,8.402720839495515,4.514876983026824,8.999133090535878,1.4999999999999991,2.6000000000000005,0.0,0.0,0.0,3.0,3.0,3.0,0.0,0.0,4.0,6.0,3.0,0.6998329233784575,32.00000000004517,0.3000000000000629,0.0,0.0,0.0,0.0,0.0,0.0,0.0,0.13043478260869565
AT,2017,11.5,14.4,5.9,44260.0,3.4,23882.3,37000.0,7.1,5.9,20.6,44.26,23.8823,37.0,84.04,43.4,29.0,0.0,2.3,7.1643170788074855,8.402720839495515,4.514876983026824,9.640151729814349,1.6999999999999993,3.5000000000000004,0.0,0.0,0.0,3.0,3.0,3.0,0.0,1.0,4.0,6.0,4.0,0.6804193347956909,283.99999999994213,0.0900000000000047,0.0,0.0,0.0,0.0,0.0,0.0,0.0,0.043478260869565216
AT,2018,11.3,14.3,5.2,45140.0,2.8,24516.7,38400.0,6.8,4.9,20.1,45.14,24.5167,38.4,83.34,43.3,28.999999999999996,0.0,1.7,7.1643170788074855,8.402720839495515,4.514876983026824,9.640151729814349,1.6999999999999993,3.8000000000000007,0.0,0.0,0.0,3.0,3.0,3.0,0.0,0.0,4.0,6.0,4.0,0.5828068149951809,519.9999999998643,-0.1799999999999224,0.0,0.0,0.0,0.0,0.0,0.0,0.0,0.041666666666666664
AT,2019,10.7,13.3,4.8,45730.0,2.7,24965.0,39300.0,7.0,4.3,18.5,45.73,24.965,39.3,84.15,44.9,31.6,0.0,1.4,7.1643170788074855,8.402720839495515,4.514876983026824,9.640151729814349,1.6999999999999993,3.8000000000000007,0.0,0.0,0.0,3.0,3.0,3.0,0.0,0.0,4.0,6.0,4.0,0.5471706152570878,664.9999999999828,-0.3899999999999858,0.0,0.0,0.0,0.0,0.0,0.0,0.0,0.043478260869565216
AT,2020,9.4,13.9,6.0,42650.0,3.0,23604.3,37400.0,6.3,5.3,17.6,42.65,23.6043,37.4,86.08,42.4,28.5,6.735184780231795,1.7,8.597180494568988,15.137905619727306,4.514876983026824,9.640151729814349,1.9999999999999991,4.1000000000000005,0.0,1.0,1.0,3.0,3.0,4.0,0.0,0.0,4.0,6.0,4.0,0.5368117159945064,-33.0000000000513,-0.2099999999999646,0.0,0.0,0.0,0.0,0.0,0.0,0.0,0.13043478260869565
AT,2021,10.1,14.7,6.2,44580.0,1.8,25686.7,40200.0,6.1,4.8,18.6,44.58,25.6867,40.2,86.14,44.9,30.2,2.514760551060573,2.0,8.597180494568988,17.65266617078788,4.514876983026824,9.640151729814349,2.499999999999999,4.700000000000001,0.0,0.0,2.0,3.0,3.0,4.0,0.0,0.0,4.0,6.0,4.0,0.6679013655536432,-185.0000000000725,0.1400000000000707,0.0,0.0,0.0,0.0,0.0,0.0,0.0,0.08333333333333333
AT,2022,11.9,14.8,4.8,46430.0,2.3,28670.4,44600.0,7.4,4.7,19.0,46.43,28.6704,44.6,80.14,43.6,28.8,0.0,1.2,8.597180494568988,17.65266617078788,4.686175330456024,13.285050620743236,2.499999999999999,4.700000000000001,0.0,0.0,0.0,3.0,3.0,4.0,1.0,1.0,4.0,6.0,5.0,-0.3103540118774667,143.00000000007768,0.0600000000000252,0.0,0.0,0.0,0.0,0.0,0.0,0.0,0.041666666666666664
AT,2023,13.6,14.9,5.1,45670.0,3.7,30138.3,46400.0,6.0,6.9,22.8,45.67,30.1383,46.4,73.51,42.3,27.4,1.6368727116088737,1.1,8.597180494568988,19.289538882396755,5.678728171128526,17.751204004915422,2.499999999999999,4.700000000000001,0.0,0.0,1.0,3.0,3.0,5.0,2.0,2.0,4.0,6.0,6.0,-1.1323507956769596,365.99999999988734,-0.0599999999999648,0.0,0.0,0.0,0.0,0.0,0.0,0.0,0.08333333333333333
AT,2024,13.1,14.3,5.2,45140.0,3.7,31379.6,47500.0,6.3,7.5,20.9,45.14,31.3796,47.5,67.89,42.5,28.2,2.7783760499676933,1.1,8.597180494568988,22.067914932364445,5.678728171128526,18.05918643587681,2.499999999999999,4.700000000000001,0.0,0.0,2.0,3.0,3.0,6.0,0.0,3.0,4.0,6.0,6.0,-0.4698328461163655,607.0000000000015,-0.2699999999999843,0.0,0.0,0.0,0.0,0.0,0.0,0.0,0.08333333333333333
BE,2015,20.5,14.9,8.7,40310.0,7.2,22339.7,33100.0,9.4,6.9,25.7,40.31,22.3397,33.1,98.97,43.3,28.4,0.0,4.0,5.702084903290626,5.702084903290626,0.0,3.420986096700261,2.3999999999999986,2.2999999999999994,0.0,0.0,0.0,5.0,5.0,3.0,0.0,1.0,0.0,3.0,3.0,0.5490826719482477,173.0000000000155,0.4100000000000297,0.0,0.0,0.0,0.0,0.0,0.0,0.0,0.08333333333333333
BE,2016,21.5,15.5,7.9,40590.0,8.4,22670.2,33600.0,9.8,7.0,26.0,40.59,22.6702,33.6,99.77,43.8,28.299999999999997,0.0,3.7,5.702084903290626,5.702084903290626,0.0,4.887693039621212,2.3999999999999986,2.7999999999999994,0.0,0.0,0.0,5.0,5.0,3.0,0.0,2.0,0.0,3.0,4.0,0.0509571161553065,303.00000000009953,0.0699999999999385,0.0,0.0,0.0,0.0,0.0,0.0,0.0,0.125
BE,2017,20.9,15.9,7.2,41030.0,7.2,23338.4,34500.0,9.4,5.4,25.5,41.03,23.3384,34.5,100.7,43.5,27.6,0.0,3.1,5.702084903290626,5.702084903290626,0.0,6.648868102464533,2.3999999999999986,2.7999999999999994,0.0,0.0,0.0,5.0,5.0,3.0,0.0,3.0,0.0,3.0,5.0,-0.3911848158819462,380.999999999953,-0.3599999999999231,0.0,0.0,0.0,0.0,0.0,0.0,0.0,0.041666666666666664
BE,2018,19.1,16.4,6.0,41610.0,6.5,24076.4,35600.0,8.9,6.1,24.5,41.61,24.076400000000003,35.6,101.17,41.9,25.5,0.0,2.6,5.702084903290626,5.702084903290626,0.0,8.895385500384364,2.3999999999999986,2.7999999999999994,0.0,0.0,0.0,5.0,5.0,3.0,0.0,4.0,0.0,4.0,6.0,-0.5809389098163045,401.9999999999106,-0.6899999999998218,0.0,0.0,0.0,0.0,0.0,0.0,0.0,0.04
BE,2019,19.1,14.8,5.5,42400.0,6.2,24638.0,36900.0,8.4,5.6,25.3,42.4,24.638,36.9,103.06,42.6,27.8,0.0,2.1,5.702084903290626,5.702084903290626,0.0,10.328281207521895,2.3999999999999986,2.7999999999999994,0.0,0.0,0.0,5.0,5.0,3.0,0.0,5.0,0.0,5.0,6.0,-0.2755960348236351,519.999999999986,-0.8299999999999857,0.0,0.0,0.0,0.0,0.0,0.0,0.0,0.0
BE,2020,16.8,14.1,5.8,40190.0,6.7,23612.1,35900.0,7.7,5.6,23.2,40.19,23.6121,35.9,105.22,42.3,28.199999999999996,5.212264150943396,2.1,5.702084903290626,10.914349054234023,0.6403561704976823,13.431198074094226,2.3999999999999986,2.7999999999999994,0.0,0.0,1.0,5.0,5.0,4.0,1.0,6.0,1.0,6.0,7.0,-0.2944140491596869,56.99999999996801,-0.5899999999999559,0.0,1.0,0.0,0.0,0.07692307692307693,0.0,0.0,0.041666666666666664
BE,2021,15.6,12.8,6.3,42530.0,6.2,25314.9,38700.0,7.6,4.1,22.3,42.53,25.3149,38.7,105.32,44.5,31.7,0.0,2.6,5.702084903290626,10.914349054234023,0.6403561704976823,14.865608375662234,2.3999999999999986,2.7999999999999994,0.0,0.0,0.0,5.0,5.0,4.0,0.0,7.0,1.0,7.0,7.0,-0.0202869946101875,158.0000000000186,-0.1999999999999864,0.0,2.0,0.0,0.0,0.14285714285714285,0.0,0.0,0.08
BE,2022,16.7,13.1,5.6,43890.0,5.7,28396.9,42500.0,7.5,4.2,22.7,43.89,28.3969,42.5,100.88,41.6,28.5,0.0,2.3,5.702084903290626,10.914349054234023,2.1778614467076807,18.86567434794688,2.3999999999999986,2.7999999999999994,0.0,0.0,0.0,5.0,5.0,4.0,1.0,8.0,1.0,8.0,8.0,-0.3508611743161594,469.0000000001708,2.6470984813719215e-14,0.0,2.0,0.0,0.0,0.13333333333333333,0.0,0.0,0.04
BE,2023,15.5,12.4,5.5,44190.0,6.1,30338.0,45400.0,7.8,4.7,21.6,44.19,30.338,45.4,94.89,42.0,29.6,0.0,2.2,5.702084903290626,10.914349054234023,2.1778614467076807,18.86567434794688,2.3999999999999986,2.7999999999999994,0.0,0.0,0.0,5.0,5.0,4.0,0.0,0.0,1.0,8.0,8.0,0.4083199964382494,727.999999999892,-0.0199999999999955,0.0,2.0,0.0,0.0,0.125,0.0,0.0,0.0
BE,2024,17.1,11.4,5.7,44410.0,6.2,31479.6,46600.0,6.7,5.0,21.6,44.41,31.4796,46.6,94.84,42.4,31.0,0.0,2.0,5.702084903290626,10.914349054234023,2.1778614467076807,19.800412256591443,2.3999999999999986,2.7999999999999994,0.0,0.0,0.0,5.0,5.0,4.0,0.0,1.0,1.0,8.0,9.0,0.8942604701149551,1009.999999999917,-0.0999999999999845,0.0,2.0,0.0,0.0,0.11764705882352941,0.0,0.0,0.2
BG,2015,64.0,22.0,10.1,8130.0,36.8,9522.7,13600.0,14.8,33.6,53.4,8.13,9.5227,13.6,38.01,42.9,20.9,0.0,6.3,3.516174402250357,3.516174402250357,0.0,0.0,25.9,20.799999999999997,0.0,0.0,0.0,2.0,2.0,1.0,0.0,0.0,0.0,0.0,0.0,9.12322459807494,172.00000000001629,-0.5300000000000538,0.0,0.0,0.0,0.14285714285714285,0.0,1.0,0.0,0.5416666666666666
BG,2016,61.7,22.9,8.6,8490.0,33.5,9841.1,14400.0,20.7,34.2,54.2,8.49,9.8411,14.4,37.98,45.5,22.6,0.0,5.2,3.516174402250357,3.516174402250357,0.0,0.0,26.6,22.5,0.0,0.0,0.0,2.0,2.0,1.0,0.0,0.0,0.0,0.0,0.0,10.03808518162082,245.00000000008328,-1.320000000000502,0.0,0.0,0.0,0.125,0.0,1.0,0.0,0.4583333333333333
BG,2017,58.4,23.4,7.2,8840.0,30.0,10396.1,15300.0,18.9,33.3,53.2,8.84,10.3961,15.3,37.72,44.8,21.4,0.0,4.0,3.516174402250357,3.516174402250357,0.0,0.0,26.6,23.0,0.0,0.0,0.0,2.0,2.0,1.0,0.0,0.0,0.0,0.0,0.0,11.11213741200592,319.9999999999497,-1.7199999999997628,0.0,0.0,0.0,0.1111111111111111,0.0,1.0,0.0,0.5416666666666666
BG,2018,55.9,22.0,6.2,9170.0,22.3,11035.1,16300.0,17.9,31.9,32.1,9.17,11.0351,16.3,37.36,45.2,23.200000000000003,0.0,3.7,3.516174402250357,3.516174402250357,0.0,0.0,26.6,23.2,0.0,0.0,0.0,2.0,2.0,1.0,0.0,0.0,0.0,0.0,0.0,12.149217301563308,350.99999999993076,-1.529999999999743,0.0,0.0,0.0,0.2,0.0,1.0,0.0,0.52
BG,2019,50.099999999999994,22.6,5.2,9650.0,22.1,11743.7,17400.0,16.0,29.3,36.5,9.65,11.7437,17.4,39.25,42.2,19.6,0.0,3.0,3.516174402250357,3.516174402250357,0.0,0.0,26.6,23.2,0.0,0.0,0.0,2.0,2.0,1.0,0.0,0.0,0.0,0.0,0.0,12.000742483639758,371.99999999999267,-1.2199999999999875,0.0,0.0,0.0,0.2727272727272727,0.0,1.0,0.0,0.5416666666666666
BG,2020,43.7,23.8,6.1,9440.0,22.1,11830.3,17500.0,14.4,23.6,43.5,9.44,11.8303,17.5,42.1,41.7,17.900000000000002,2.1761658031088085,2.8,3.516174402250357,5.692340205359159,0.0,0.0,26.6,23.2,0.0,0.0,1.0,2.0,2.0,2.0,0.0,0.0,0.0,0.0,0.0,11.466954471991432,270.99999999998454,-0.6999999999999404,0.0,0.0,0.0,0.3333333333333333,0.0,1.0,0.0,0.5833333333333334
BG,2021,37.099999999999994,22.1,5.2,10250.0,19.1,13391.8,19700.0,11.6,20.4,36.4,10.25,13.3918,19.7,43.24,44.3,22.199999999999996,0.0,2.6,3.516174402250357,5.692340205359159,0.0,0.0,26.6,23.2,0.0,0.0,0.0,2.0,2.0,2.0,0.0,0.0,0.0,0.0,0.0,11.86156043778896,309.0000000000553,-0.4100000000000412,0.0,0.0,0.0,0.3076923076923077,0.0,1.0,0.0,0.56
BG,2022,40.3,22.9,4.2,10740.0,18.7,15053.2,22400.0,15.1,19.9,42.4,10.74,15.0532,22.4,41.24,44.2,21.300000000000004,0.0,2.2,3.516174402250357,5.692340205359159,0.0,0.0,26.6,23.2,0.0,0.0,0.0,2.0,2.0,2.0,0.0,0.0,0.0,0.0,0.0,10.778463150923564,374.00000000011573,-0.400000000000107,0.0,0.0,0.0,0.2857142857142857,0.0,1.0,0.0,0.48
BG,2023,33.2,20.6,4.3,10950.0,18.0,16312.1,24300.0,11.1,18.8,46.7,10.95,16.3121,24.3,,45.3,24.699999999999996,0.0,2.3,3.516174402250357,5.692340205359159,0.0,0.0,26.6,23.2,0.0,0.0,0.0,2.0,2.0,2.0,0.0,0.0,0.0,0.0,0.0,10.23243309611305,389.9999999999574,-0.3699999999999404,0.0,0.0,0.0,0.26666666666666666,0.0,1.0,0.0,0.5
BG,2024,37.4,21.7,4.2,11330.0,16.6,17891.3,26300.0,8.0,18.7,45.6,11.33,17.891299999999998,26.3,,46.1,24.4,0.0,2.2,3.516174402250357,5.692340205359159,0.0,0.0,26.6,23.2,0.0,0.0,0.0,2.0,2.0,2.0,0.0,0.0,0.0,0.0,0.0,12.576196778450404,447.9999999999521,-0.4699999999999678,0.0,0.0,0.0,0.25,0.0,1.0,0.0,0.5
CY,2015,58.8,16.2,15.0,21140.0,7.9,16985.7,22600.0,3.9,31.6,60.5,21.14,16.9857,22.6,186.56,38.8,22.6,15.910898965791567,6.8,79.47494033412889,79.47494033412889,19.424501155521952,46.81217485936125,40.7,23.5,0.0,7.0,7.0,7.0,7.0,6.0,3.0,6.0,3.0,6.0,5.0,-2.91554107495789,-629.0000000000442,1.840000000000138,3.0,1.0,0.42857142857142855,0.0,0.125,0.0,0.0,0.43478260869565216
CY,2016,59.8,16.1,13.0,22410.0,6.6,17860.7,24500.0,3.1,26.6,56.6,22.41,17.8607,24.5,174.51,38.3,22.199999999999996,10.859188544152744,5.8,90.33412887828165,90.33412887828165,26.556663002164825,59.32095092906336,48.3,28.700000000000003,0.0,8.0,8.0,8.0,8.0,6.0,4.0,7.0,4.0,7.0,5.0,-1.9928496988426092,57.000000000162814,0.1299999999997049,4.0,2.0,0.5,0.0,0.2222222222222222,0.0,0.0,0.43478260869565216
CY,2017,43.599999999999994,15.7,11.1,23500.0,6.1,18817.7,25900.0,2.8,24.8,50.1,23.5,18.8177,25.9,159.37,37.5,21.8,6.523468575974543,4.5,96.85759745425618,96.85759745425618,32.88723119278919,71.02813334274695,54.0,32.6,0.0,9.0,9.0,9.0,9.0,6.0,5.0,8.0,5.0,8.0,5.0,-0.3386026534254789,725.9999999998507,-1.269999999999754,5.0,3.0,0.5555555555555556,0.0,0.3,0.0,0.0,0.43478260869565216
CY,2018,46.4,15.4,8.4,24690.0,3.8,19647.8,27300.0,2.0,21.6,49.5,24.69,19.6478,27.3,142.78,36.9,21.5,1.7899761336515514,2.7,98.64757358790771,98.64757358790771,38.209302046599745,81.72681841961675,57.0,34.7,0.0,10.0,10.0,10.0,10.0,6.0,6.0,9.0,6.0,9.0,5.0,0.5669132209709097,1075.999999999767,-1.9299999999995636,6.0,4.0,0.6,0.0,0.36363636363636365,0.0,0.0,0.375
CY,2019,36.3,15.1,7.2,25790.0,3.1,20649.1,28900.0,2.2,17.2,46.7,25.79,20.649099999999997,28.9,127.78,35.7,20.6,0.0,2.2,98.64757358790771,98.64757358790771,38.840101872549624,87.73423246862586,58.8,36.3,0.0,0.0,0.0,10.0,10.0,6.0,7.0,10.0,7.0,10.0,5.0,1.5374904092169626,1157.9999999999811,-2.0199999999999703,7.0,4.0,0.6363636363636364,0.0,0.3333333333333333,0.0,0.0,0.2608695652173913
CY,2020,26.7,14.8,7.6,24630.0,3.3,19596.4,27200.0,1.9,15.4,43.7,24.63,19.596400000000003,27.2,125.1,36.9,22.1,4.497867390461419,2.2,100.67621320604616,103.14544097836917,38.840101872549624,92.08697334424294,61.0,37.9,0.0,1.0,1.0,10.0,10.0,7.0,0.0,11.0,7.0,11.0,5.0,2.2011838752844453,672.9999999999452,-1.4699999999998925,7.0,4.0,0.5833333333333334,0.0,0.3076923076923077,0.0,0.0,0.21739130434782608
CY,2021,26.1,13.7,7.2,27030.0,2.4,20565.0,30400.0,2.4,17.3,42.1,27.03,20.565,30.4,119.52,36.7,23.000000000000004,0.0,2.5,100.67621320604616,103.14544097836917,38.840101872549624,94.1666735954078,62.8,39.8,0.0,0.0,0.0,10.0,10.0,7.0,0.0,12.0,7.0,12.0,5.0,2.560090852629464,700.0000000001155,-0.8600000000000791,7.0,4.0,0.5384615384615384,0.0,0.2857142857142857,0.0,0.0,0.25
CY,2022,29.6,14.7,6.3,28850.0,2.7,23490.7,34500.0,2.6,13.9,40.3,28.85,23.4907,34.5,112.64,35.4,20.7,0.0,2.1,100.67621320604616,103.14544097836917,38.840101872549624,97.01821287839496,63.7,41.3,0.0,0.0,0.0,10.0,10.0,7.0,0.0,13.0,7.0,13.0,6.0,1.9622005385613697,956.000000000316,-0.420000000000092,7.0,4.0,0.5,0.0,0.26666666666666666,0.0,0.0,0.20833333333333334
CY,2023,24.200000000000003,14.9,5.8,29320.0,2.4,25642.3,37400.0,2.6,13.9,37.5,29.32,25.6423,37.4,101.27,34.6,19.700000000000003,0.0,1.8,100.67621320604616,103.14544097836917,38.840101872549624,97.01821287839496,64.1,42.5,0.0,0.0,0.0,10.0,10.0,7.0,0.0,0.0,7.0,13.0,6.0,1.8552695780408697,1127.9999999998638,-0.4099999999999616,7.0,4.0,0.4666666666666667,0.0,0.25,0.0,0.0,0.24
CY,2024,20.8,14.6,4.8,29950.0,2.5,26819.7,39500.0,2.4,12.5,34.8,29.95,26.8197,39.5,94.68,34.2,19.6,0.0,1.3,100.67621320604616,103.14544097836917,38.840101872549624,97.01821287839496,64.1,43.2,0.0,0.0,0.0,10.0,10.0,7.0,0.0,0.0,7.0,13.0,6.0,2.0461965589435143,1292.9999999998774,-0.6999999999999021,7.0,4.0,0.4375,0.0,0.23529411764705882,0.0,0.0,0.16
CZ,2015,26.6,9.7,5.1,19270.0,4.5,14337.0,24600.0,10.4,4.5,36.0,19.27,14.337,24.6,55.44,37.0,27.3,0.0,2.4,13.475177304964546,13.475177304964546,26.13502226745682,40.23356436099188,1.1999999999999993,4.800000000000001,0.0,0.0,0.0,5.0,5.0,2.0,4.0,4.0,4.0,4.0,4.0,-2.479614621291418,270.0000000000258,-0.4100000000000363,0.0,1.0,0.0,0.0,0.125,0.0,0.0,0.08333333333333333
CZ,2016,23.200000000000003,9.7,4.0,19760.0,3.5,14877.5,25400.0,9.5,4.4,32.1,19.76,14.8775,25.4,57.11,36.5,26.8,0.0,1.7,13.475177304964546,13.475177304964546,26.177960648420935,43.80113826533976,1.1999999999999993,4.800000000000001,0.0,0.0,0.0,5.0,5.0,2.0,5.0,5.0,5.0,5.0,4.0,0.1550845749583348,488.0000000001743,-0.7900000000002695,0.0,1.0,0.0,0.0,0.1111111111111111,0.0,0.0,0.041666666666666664
CZ,2017,22.0,9.1,2.9,20760.0,3.4,15970.1,27200.0,8.7,3.2,28.1,20.76,15.9701,27.2,56.96,35.2,26.1,0.0,1.0,13.475177304964546,13.475177304964546,26.177960648420935,43.80113826533976,1.1999999999999993,4.800000000000001,0.0,0.0,0.0,5.0,5.0,2.0,0.0,0.0,5.0,5.0,4.0,3.426127094770882,696.99999999989,-1.0299999999998517,0.0,1.0,0.0,0.0,0.1,0.0,0.0,0.125
CZ,2018,16.2,9.6,2.2,21320.0,2.4,16924.2,28500.0,7.8,3.0,23.7,21.32,16.9242,28.5,56.67,34.0,24.4,0.0,0.7,13.475177304964546,13.475177304964546,26.177960648420935,43.80113826533976,1.1999999999999993,4.800000000000001,0.0,0.0,0.0,5.0,5.0,2.0,0.0,0.0,5.0,5.0,4.0,6.439834780381449,738.9999999998523,-0.9999999999998052,0.0,1.0,0.0,0.0,0.09090909090909091,0.0,0.0,0.04
CZ,2019,13.1,10.1,2.0,22050.0,2.1,17698.6,30000.0,6.9,2.8,21.8,22.05,17.6986,30.0,56.54,34.5,24.4,0.0,0.6,13.475177304964546,13.475177304964546,26.177960648420935,43.80113826533976,1.1999999999999993,4.800000000000001,0.0,0.0,0.0,5.0,5.0,2.0,0.0,0.0,5.0,5.0,4.0,7.359120040338847,711.9999999999895,-0.7999999999999986,0.0,1.0,0.0,0.0,0.08333333333333333,0.0,0.0,0.125
CZ,2020,12.1,9.5,2.6,20980.0,1.9,17275.5,29200.0,6.5,3.0,19.6,20.98,17.2755,29.2,57.36,34.1,24.6,4.852607709750567,0.6,13.475177304964546,18.32778501471512,26.177960648420935,46.66454440746504,1.1999999999999993,4.800000000000001,0.0,0.0,1.0,5.0,5.0,3.0,0.0,1.0,5.0,5.0,5.0,5.614253885597799,372.99999999995856,-0.3699999999999525,0.0,1.0,0.0,0.0,0.07692307692307693,0.0,0.0,0.125
CZ,2021,11.4,8.6,2.8,21830.0,1.8,18132.8,30500.0,6.2,2.4,18.1,21.83,18.1328,30.5,57.7,35.6,27.0,0.9977324263038548,0.8,13.475177304964546,19.325517441018977,26.177960648420935,46.66454440746504,1.1999999999999993,4.800000000000001,0.0,0.0,2.0,5.0,5.0,3.0,0.0,0.0,5.0,5.0,5.0,4.264468208480747,180.00000000000946,0.0200000000000361,0.0,1.0,0.0,0.0,0.07142857142857142,0.0,0.0,0.0
CZ,2022,12.3,10.2,2.2,21910.0,2.1,19418.0,32400.0,6.9,2.7,17.5,21.91,19.418,32.4,53.69,34.6,24.4,0.6349206349206349,0.6,13.475177304964546,19.960438075939607,26.177960648420935,50.239527591121785,1.1999999999999993,4.800000000000001,0.0,0.0,3.0,5.0,5.0,3.0,0.0,1.0,5.0,5.0,6.0,1.7519975767765037,96.00000000001052,0.0800000000000318,0.0,1.0,0.0,0.0,0.06666666666666667,0.0,0.0,0.12
CZ,2023,13.4,9.8,2.6,21680.0,2.7,20493.2,35000.0,9.1,2.9,19.7,21.68,20.4932,35.0,51.52,34.2,24.4,1.6780045351473922,0.8,13.475177304964546,21.638442611087,26.177960648420935,56.55658837915202,1.1999999999999993,4.800000000000001,0.0,0.0,4.0,5.0,5.0,4.0,0.0,2.0,5.0,5.0,7.0,-0.0226747737590877,18.99999999997566,0.0800000000000124,0.0,1.0,0.0,0.0,0.0625,0.0,0.0,0.12
CZ,2024,14.2,9.5,2.6,21950.0,2.6,21409.1,36200.0,9.2,3.4,19.2,21.95,21.4091,36.2,52.36,35.5,26.0,0.4535147392290249,0.8,13.475177304964546,22.091957350316022,26.177960648420935,64.95157926409773,1.1999999999999993,4.800000000000001,0.0,0.0,5.0,5.0,5.0,4.0,0.0,3.0,5.0,5.0,8.0,-0.8634263020333276,178.99999999999633,-0.0200000000000098,0.0,1.0,0.0,0.0,0.058823529411764705,0.0,0.0,0.08
DE,2015,7.6,16.7,4.4,41230.0,5.7,23061.9,35100.0,15.6,5.2,30.4,41.23,23.0619,35.1,81.39,43.9,27.2,0.0,2.1,6.282183316168897,6.282183316168897,0.0,22.76390567410901,0.0,0.0,1.6647808465604328,0.0,0.0,2.0,2.0,1.0,0.0,0.0,0.0,7.0,0.0,1.388410516335299,354.0000000000298,-0.260000000000023,0.0,0.0,0.0,0.0,0.0,0.0,0.125,0.08333333333333333
DE,2016,6.8999999999999995,16.5,3.9,41880.0,4.7,23681.8,36000.0,15.8,4.2,30.0,41.88,23.6818,36.0,81.48,43.4,26.9,0.0,1.7,6.282183316168897,6.282183316168897,0.0,22.76390567410901,0.0,0.0,1.6647808465604328,0.0,0.0,2.0,2.0,1.0,0.0,0.0,0.0,7.0,0.0,1.8923534009357652,487.00000000015,-0.2900000000000893,0.0,0.0,0.0,0.0,0.0,0.0,0.1111111111111111,0.0
DE,2017,6.1,16.1,3.5,42960.0,3.7,24376.9,37500.0,14.5,4.4,29.3,42.96,24.376900000000003,37.5,81.25,42.1,26.0,0.0,1.6,6.282183316168897,6.282183316168897,0.0,22.76390567410901,0.0,0.0,1.6647808465604328,0.0,0.0,2.0,2.0,1.0,0.0,0.0,0.0,7.0,0.0,2.021563786507832,674.9999999999029,-0.3599999999999427,0.0,0.0,0.0,0.0,0.0,0.0,0.1,0.0
DE,2018,5.9,16.0,3.2,43390.0,3.4,25091.1,38500.0,14.2,4.6,28.1,43.39,25.091099999999997,38.5,80.14,42.0,26.0,0.0,1.4,6.282183316168897,6.282183316168897,0.0,22.76390567410901,0.0,0.0,1.6647808465604328,0.0,0.0,2.0,2.0,1.0,0.0,0.0,0.0,7.0,0.0,1.724832114177537,680.9999999998464,-0.3899999999999212,0.0,0.0,0.0,0.0,0.0,0.0,0.09090909090909091,0.0
DE,2019,5.1,14.8,2.9,43790.0,3.0,25507.3,39000.0,13.9,3.7,26.0,43.79,25.5073,39.0,81.73,41.1,26.3,0.0,1.2,6.282183316168897,6.282183316168897,0.0,22.76390567410901,0.0,0.0,1.6647808465604328,0.0,0.0,2.0,2.0,1.0,0.0,0.0,0.0,7.0,0.0,1.608159188531769,662.9999999999956,-0.3699999999999969,0.0,0.0,0.0,0.0,0.0,0.0,0.08333333333333333,0.0
DE,2020,5.7,16.1,3.6,42020.0,4.4,24546.0,38000.0,9.0,5.2,37.6,42.02,24.546,38.0,84.76,41.4,25.299999999999997,4.04201872573647,1.1,6.282183316168897,10.324202041905366,0.0,22.783048482422583,0.0,0.0,1.6647808465604328,0.0,1.0,2.0,2.0,2.0,0.0,1.0,0.0,7.0,1.0,1.269498614476989,110.99999999995224,-0.1199999999999806,0.0,0.0,0.0,0.0,0.0,0.0,0.07692307692307693,0.0
DE,2021,6.699999999999999,16.0,3.6,43730.0,4.3,25935.9,40500.0,11.0,5.6,32.3,43.73,25.9359,40.5,86.06,43.7,27.700000000000003,0.1370175839232701,1.2,6.282183316168897,10.461219625828631,0.0,22.823792780351823,0.0,0.0,1.6647808465604328,0.0,2.0,2.0,2.0,2.0,0.0,2.0,0.0,7.0,2.0,0.8902863512701531,16.999999999996362,0.0600000000000333,0.0,0.0,0.0,0.0,0.0,0.0,0.07142857142857142,0.041666666666666664
DE,2022,8.5,14.8,3.1,44230.0,6.2,28646.9,43300.0,11.9,5.9,33.9,44.23,28.6469,43.3,82.07,42.1,27.3,0.0,1.1,6.282183316168897,10.461219625828631,0.0,27.46400231167246,0.0,0.0,1.6647808465604328,0.0,0.0,2.0,2.0,2.0,0.0,3.0,0.0,7.0,3.0,-0.5191551221210831,162.00000000006963,0.0500000000000244,0.0,0.0,0.0,0.0,0.0,0.0,0.06666666666666667,0.04
DE,2023,9.7,14.4,3.1,43450.0,6.9,29631.7,45100.0,13.0,8.3,35.0,43.45,29.6317,45.1,77.75,41.0,26.6,1.7635089305900973,1.0,6.282183316168897,12.224728556418723,0.0,31.9772181172289,0.0,0.0,1.6647808465604328,0.0,1.0,2.0,2.0,3.0,0.0,4.0,0.0,7.0,3.0,-1.3647498334118235,152.99999999993068,-0.0099999999999884,0.0,0.0,0.0,0.0,0.0,0.0,0.0625,0.08
DE,2024,7.300000000000001,15.5,3.5,43110.0,6.2,30746.4,46400.0,12.0,7.2,32.2,43.11,30.7464,46.4,75.29,40.6,25.1,2.5322179516165497,1.0,6.282183316168897,14.75694650803527,0.0,33.621600614853236,0.0,0.0,1.6647808465604328,0.0,2.0,2.0,2.0,4.0,0.0,5.0,0.0,7.0,3.0,-0.7722950886248605,190.00000000003504,-0.0700000000000008,0.0,0.0,0.0,0.0,0.0,0.0,0.058823529411764705,0.08
DK,2015,10.4,12.2,6.3,50810.0,3.2,23061.2,35200.0,15.1,6.3,26.5,50.81,23.0612,35.2,229.25,40.6,28.4,0.8972108445484689,1.6,23.503023210454472,23.503023210454472,0.0,3.836089650881035,5.599999999999999,6.800000000000001,0.0,7.0,7.0,7.0,7.0,2.0,0.0,0.0,0.0,3.0,2.0,0.786496604003063,359.00000000002916,-0.3900000000000325,0.0,0.0,0.0,0.0,0.0,0.0,0.0,0.08695652173913043
DK,2016,10.0,11.9,6.0,51950.0,2.6,23446.3,36000.0,15.1,5.8,24.5,51.95,23.4463,36.0,224.9,40.3,28.4,0.0,1.2,23.503023210454472,23.503023210454472,0.0,3.836089650881035,5.599999999999999,7.4,0.0,0.0,0.0,7.0,7.0,2.0,0.0,0.0,0.0,3.0,2.0,1.266019842710186,644.0000000002005,-0.4700000000001288,0.0,0.0,0.0,0.0,0.0,0.0,0.0,0.08695652173913043
DK,2017,9.4,12.4,5.8,53200.0,3.6,24479.3,38000.0,15.7,6.0,25.1,53.2,24.4793,38.0,218.34,40.5,28.1,0.0,1.2,23.503023210454472,23.503023210454472,0.0,3.836089650881035,5.599999999999999,8.0,0.0,0.0,0.0,7.0,7.0,2.0,0.0,0.0,0.0,3.0,2.0,1.273130575178099,873.9999999998535,-0.4099999999999516,0.0,0.0,0.0,0.0,0.0,0.0,0.0,0.08695652173913043
DK,2018,9.3,12.7,5.1,53920.0,3.5,25301.7,38800.0,14.7,8.7,25.2,53.92,25.3017,38.8,211.96,39.2,26.500000000000004,0.0,1.0,23.503023210454472,23.503023210454472,0.0,3.836089650881035,5.599999999999999,8.4,0.0,0.0,0.0,7.0,7.0,2.0,0.0,0.0,0.0,3.0,2.0,1.1662670334481868,1000.9999999997876,-0.4099999999999245,0.0,0.0,0.0,0.0,0.0,0.0,0.0,0.08333333333333333
DK,2019,9.4,12.5,5.0,54630.0,3.8,25569.9,39400.0,15.6,7.3,22.9,54.63,25.5699,39.4,213.12,38.9,26.4,0.0,0.8,23.503023210454472,23.503023210454472,0.0,3.836089650881035,5.599999999999999,8.6,0.0,0.0,0.0,7.0,7.0,2.0,0.0,0.0,0.0,3.0,2.0,1.0090536106027337,960.9999999999932,-0.3499999999999931,0.0,0.0,0.0,0.0,0.0,0.0,0.0,0.08695652173913043
DK,2020,8.5,12.1,5.6,53540.0,3.5,25739.5,40100.0,14.1,7.7,22.7,53.54,25.7395,40.1,217.12,40.4,28.299999999999997,1.995240710232473,0.9,23.503023210454472,25.498263920686952,0.0,3.836089650881035,5.599999999999999,8.9,0.0,0.0,1.0,7.0,7.0,3.0,0.0,0.0,0.0,3.0,2.0,1.2137885115943678,460.9999999999509,-0.159999999999977,0.0,0.0,0.0,0.0,0.0,0.0,0.0,0.08695652173913043
DK,2021,8.1,12.3,5.1,56780.0,3.1,27852.1,44200.0,15.5,6.3,19.5,56.78,27.8521,44.2,207.84,41.0,28.7,0.0,1.0,23.503023210454472,25.498263920686952,0.0,3.836089650881035,5.599999999999999,9.3,0.0,0.0,0.0,7.0,7.0,3.0,0.0,0.0,0.0,3.0,2.0,1.5436927134289475,678.0000000001463,-0.0899999999999998,0.0,0.0,0.0,0.0,0.0,0.0,0.0,0.125
DK,2022,10.3,12.4,4.5,56530.0,3.2,28675.2,48500.0,14.7,6.7,20.2,56.53,28.6752,48.5,173.32,39.4,27.0,0.4402958788305741,0.5,23.503023210454472,25.93855979951752,0.0,10.031047839050473,5.599999999999999,9.3,0.0,0.0,1.0,7.0,7.0,4.0,0.0,1.0,0.0,3.0,3.0,0.1714964040537077,737.0000000002582,-0.1100000000000476,0.0,0.0,0.0,0.0,0.0,0.0,0.0,0.08333333333333333
DK,2023,13.2,11.8,5.1,56770.0,4.9,29375.7,48400.0,15.4,7.8,23.1,56.77,29.3757,48.4,167.89,38.8,26.999999999999996,0.0176118351532229,0.5,23.503023210454472,25.95617163467074,0.0,15.989799530320669,5.599999999999999,9.3,0.0,0.0,2.0,7.0,7.0,4.0,0.0,2.0,0.0,3.0,3.0,-0.8496084934301231,726.9999999999093,-0.0899999999999619,0.0,0.0,0.0,0.0,0.0,0.0,0.0,0.041666666666666664
DK,2024,12.8,11.6,6.2,58670.0,4.0,30354.4,50800.0,14.6,6.9,21.1,58.67,30.3544,50.8,167.58,37.9,26.299999999999997,0.0,0.8,23.503023210454472,25.95617163467074,0.0,18.696026537713664,5.599999999999999,9.5,0.0,0.0,0.0,7.0,7.0,4.0,0.0,3.0,0.0,3.0,3.0,-0.828355253185036,1024.999999999897,0.1199999999999413,0.0,0.0,0.0,0.0,0.0,0.0,0.0,0.041666666666666664
EE,2015,16.200000000000003,21.6,6.4,18650.0,3.5,13380.0,21400.0,6.8,9.3,36.7,18.65,13.38,21.4,68.38,39.4,17.799999999999997,0.0,2.4,33.29525985151342,33.29525985151342,22.84450300205171,24.90614472857791,3.1000000000000014,8.899999999999999,10.948288081698465,0.0,0.0,4.0,4.0,1.0,0.0,0.0,5.0,6.0,3.0,3.4678131730528956,514.0000000000425,-1.4400000000001227,2.0,0.0,0.2857142857142857,0.14285714285714285,0.0,0.0,0.125,0.08333333333333333
EE,2016,15.4,21.7,6.8,19190.0,2.2,13928.1,22200.0,4.9,8.9,31.6,19.19,13.9281,22.2,69.13,39.7,18.000000000000004,0.0,2.2,33.29525985151342,33.29525985151342,22.84450300205171,24.90614472857791,3.1000000000000014,8.899999999999999,10.948288081698465,0.0,0.0,4.0,4.0,1.0,0.0,0.0,5.0,6.0,3.0,4.444681214259972,488.0000000001312,-0.8400000000001585,2.0,0.0,0.25,0.125,0.0,0.0,0.1111111111111111,0.08333333333333333
EE,2017,14.3,21.0,5.8,20270.0,4.0,14548.7,23700.0,4.8,7.3,36.3,20.27,14.5487,23.7,69.22,39.2,18.200000000000003,0.0,2.0,33.29525985151342,33.29525985151342,22.84450300205171,24.90614472857791,3.1000000000000014,8.899999999999999,10.948288081698465,0.0,0.0,4.0,4.0,1.0,0.0,0.0,5.0,6.0,3.0,4.72306459361621,618.9999999999093,-0.6099999999999434,2.0,0.0,0.2222222222222222,0.1111111111111111,0.0,0.0,0.1,0.16666666666666666
EE,2018,13.9,21.9,5.4,20970.0,3.1,15516.2,25200.0,4.0,8.0,34.7,20.97,15.5162,25.2,65.75,38.7,16.800000000000004,0.0,1.3,33.29525985151342,33.29525985151342,22.84450300205171,24.90614472857791,3.1000000000000014,8.899999999999999,10.948288081698465,0.0,0.0,4.0,4.0,1.0,0.0,0.0,5.0,6.0,3.0,4.90072513829454,699.999999999834,-0.4399999999999078,2.0,0.0,0.2,0.1,0.0,0.0,0.09090909090909091,0.2
EE,2019,11.2,21.7,4.5,21650.0,2.6,16237.7,26400.0,4.4,8.5,31.4,21.65,16.2377,26.4,66.36,39.3,17.599999999999998,0.0,0.9,33.29525985151342,33.29525985151342,22.84450300205171,24.90614472857791,3.1000000000000014,8.899999999999999,10.948288081698465,0.0,0.0,4.0,4.0,1.0,0.0,0.0,5.0,6.0,3.0,5.606222317987641,777.9999999999882,-0.519999999999984,2.0,0.0,0.18181818181818182,0.09090909090909091,0.0,0.0,0.08333333333333333,0.041666666666666664
EE,2020,9.1,20.7,6.9,20960.0,2.3,16246.2,26000.0,4.4,5.7,30.5,20.96,16.2462,26.0,68.29,39.7,19.000000000000004,3.187066974595843,1.2,33.29525985151342,36.48232682610926,22.84450300205171,24.90614472857791,3.1000000000000014,8.899999999999999,10.948288081698465,0.0,1.0,4.0,4.0,2.0,0.0,0.0,5.0,6.0,3.0,6.0795670426033235,491.9999999999541,-0.1099999999999569,2.0,0.0,0.16666666666666666,0.08333333333333333,0.0,0.0,0.07692307692307693,0.041666666666666664
EE,2021,7.8,20.6,6.2,22670.0,1.9,17468.6,28200.0,4.4,5.7,27.1,22.67,17.4686,28.2,69.05,39.6,19.0,0.0,1.6,33.29525985151342,36.48232682610926,22.84450300205171,24.90614472857791,3.1000000000000014,8.899999999999999,10.948288081698465,0.0,0.0,4.0,4.0,2.0,0.0,0.0,5.0,6.0,3.0,6.603431481828127,479.00000000008595,0.2300000000000884,2.0,0.0,0.15384615384615385,0.07692307692307693,0.0,0.0,0.07142857142857142,0.12
EE,2022,9.5,22.8,5.6,22370.0,3.3,19154.8,30000.0,4.9,5.8,31.2,22.37,19.1548,30.0,67.83,39.4,16.599999999999998,1.3233348037053374,1.3,33.29525985151342,37.805661629814594,22.84450300205171,39.014400608872904,3.1000000000000014,8.899999999999999,10.948288081698465,0.0,1.0,4.0,4.0,3.0,0.0,1.0,5.0,6.0,4.0,2.4126206829548154,382.00000000011624,0.2100000000000887,2.0,0.0,0.14285714285714285,0.07142857142857142,0.0,0.0,0.06666666666666667,0.28
EE,2023,11.6,22.5,6.4,21210.0,2.5,19997.2,30600.0,7.6,5.8,30.4,21.21,19.9972,30.6,65.98,38.8,16.299999999999997,6.440229378032642,1.3,33.29525985151342,44.245891007847234,22.84450300205171,53.70325600478574,3.1000000000000014,8.899999999999999,10.948288081698465,0.0,2.0,4.0,4.0,4.0,0.0,2.0,5.0,6.0,5.0,-1.1102832382043193,52.99999999994929,0.2500000000000287,2.0,0.0,0.13333333333333333,0.06666666666666667,0.0,0.0,0.0625,0.24
EE,2024,9.9,20.2,7.6,21060.0,3.1,20716.4,31600.0,8.6,7.1,34.7,21.06,20.7164,31.6,66.1,39.7,19.500000000000004,7.101896779885311,1.8,33.29525985151342,51.34778778773254,22.84450300205171,64.33468426431872,3.1000000000000014,8.899999999999999,10.948288081698465,0.0,3.0,4.0,4.0,5.0,0.0,3.0,5.0,6.0,5.0,-2.319850629698797,-125.99999999992508,0.1599999999999257,3.0,0.0,0.1875,0.0625,0.0,0.0,0.058823529411764705,0.32
EL,2015,77.7,21.4,25.0,16100.0,17.6,14769.7,19100.0,45.5,49.3,53.4,16.1,14.7697,19.1,94.35,52.9,31.5,24.836601307189543,16.4,134.22035480859012,134.22035480859012,96.9435560822492,107.93471035908262,76.4,55.3,125.70948896982225,7.0,7.0,7.0,7.0,5.0,6.0,6.0,6.0,6.0,5.0,-3.423882196052227,-266.0000000000252,1.5600000000001302,5.0,5.0,0.7142857142857143,0.5714285714285714,0.625,0.0,0.625,0.5416666666666666
EL,2016,76.80000000000001,21.2,23.9,16160.0,18.4,14785.5,19100.0,40.5,47.9,53.6,16.16,14.7855,19.1,92.06,52.9,31.7,24.556489262371617,15.4,158.77684407096172,158.77684407096172,122.86983110601062,135.55691184356107,90.5,67.1,160.75720164950852,8.0,8.0,8.0,8.0,5.0,7.0,7.0,7.0,7.0,6.0,-2.4549518331306084,52.00000000002918,-0.4600000000003714,6.0,6.0,0.75,0.625,0.6666666666666666,0.0,0.6666666666666666,0.5416666666666666
EL,2017,77.19999999999999,20.2,21.8,16430.0,18.3,15372.2,19700.0,39.6,44.9,52.7,16.43,15.3722,19.7,88.09,50.8,30.6,23.295985060690946,14.3,182.07282913165267,182.07282913165267,148.8788878436918,163.26189504195926,102.5,77.8,195.67417497478635,9.0,9.0,9.0,9.0,5.0,8.0,8.0,8.0,8.0,7.0,-1.2380595483738612,138.99999999998292,-1.4699999999997797,7.0,7.0,0.7777777777777778,0.6666666666666666,0.7,0.0,0.7,0.5833333333333334
EL,2018,74.1,18.5,19.7,16810.0,16.1,15833.2,20200.0,39.5,43.0,50.4,16.81,15.8332,20.2,90.38,50.0,31.5,21.52194211017741,12.5,203.59477124183007,203.59477124183007,177.97844339851713,194.05737705750155,112.4,86.7,228.8579256439042,10.0,10.0,10.0,10.0,5.0,9.0,9.0,9.0,9.0,8.0,-1.4227281126285494,188.99999999994887,-1.6999999999996294,8.0,8.0,0.8,0.7,0.7272727272727273,0.0,0.7272727272727273,0.6
EL,2019,71.0,17.9,17.9,17210.0,15.8,16372.1,20800.0,36.2,41.4,47.8,17.21,16.3721,20.8,81.88,48.4,30.5,19.65452847805789,11.3,223.24929971988797,223.24929971988797,207.58214373363265,225.35700385333405,120.5,94.4,259.5768466681883,11.0,11.0,11.0,11.0,5.0,10.0,10.0,10.0,10.0,9.0,-1.619720704319612,286.99999999999005,-1.8399999999999652,9.0,9.0,0.8181818181818182,0.7272727272727273,0.75,0.0,0.75,0.5833333333333334
EL,2020,69.80000000000001,17.7,17.6,15660.0,14.9,15474.7,18900.0,33.3,36.9,50.7,15.66,15.4747,18.9,82.09,48.3,30.6,26.89075630252101,10.5,250.14005602240897,250.14005602240897,236.61180955756265,256.0825961379811,128.29999999999998,101.3,284.38941767384193,12.0,12.0,12.0,12.0,6.0,11.0,11.0,11.0,11.0,9.0,-0.9801425197770818,-22.00000000002079,-1.649999999999906,10.0,10.0,0.8333333333333334,0.75,0.7692307692307693,0.0,0.7692307692307693,0.5833333333333334
EL,2021,71.0,19.6,14.7,17110.0,13.9,16771.9,21200.0,28.8,36.4,46.3,17.11,16.771900000000002,21.2,76.31,48.2,28.6,20.121381886087768,9.2,270.26143790849676,270.26143790849676,264.9055045039008,286.0722175450362,133.2,106.9,309.88596725372486,13.0,13.0,13.0,13.0,6.0,12.0,12.0,12.0,12.0,9.0,-0.4499386686418332,20.9999999999955,-1.6300000000002872,11.0,11.0,0.8461538461538461,0.7692307692307693,0.7857142857142857,0.0,0.7857142857142857,0.56
EL,2022,68.4,18.8,12.5,18160.0,13.9,19402.0,24000.0,26.7,45.5,43.6,18.16,19.402,24.0,66.73,46.1,27.3,15.219421101774042,7.7,285.4808590102708,285.4808590102708,297.98909376585567,320.85173326770814,135.89999999999998,111.0,335.73562772257424,14.0,14.0,14.0,14.0,6.0,13.0,13.0,13.0,13.0,10.0,-0.665806202548414,260.0000000001049,-1.7600000000005511,12.0,12.0,0.8571428571428571,0.7857142857142857,0.8,0.0,0.8,0.6
EL,2023,67.0,18.9,11.1,18600.0,13.5,20701.1,26300.0,28.5,47.3,44.3,18.6,20.7011,26.3,60.53,45.1,26.200000000000003,13.165266106442576,6.2,298.6461251167134,298.6461251167134,331.6023726250777,356.16093858764714,137.2,113.6,360.5858761495233,15.0,15.0,15.0,15.0,6.0,14.0,14.0,14.0,14.0,11.0,-1.2073080486236434,527.9999999999296,-1.869999999999828,13.0,13.0,0.8666666666666667,0.8,0.8125,0.0,0.8125,0.6
EL,2024,66.7,19.6,10.1,19020.0,14.0,21309.9,27400.0,28.9,42.8,43.9,19.02,21.309900000000003,27.4,58.18,45.0,25.4,11.204481792717086,5.4,309.85060690943044,309.85060690943044,363.42567235662216,389.6801647799086,137.5,115.4,381.8136845043537,16.0,16.0,16.0,16.0,6.0,15.0,15.0,15.0,15.0,11.0,-1.0906851728111693,820.9999999999159,-1.8599999999997896,14.0,14.0,0.875,0.8125,0.8235294117647058,0.0,0.8235294117647058,0.68
ES,2015,35.2,22.1,22.1,24720.0,7.4,17581.9,25400.0,10.3,11.7,39.8,24.72,17.5819,25.4,106.67,47.0,24.9,4.037267080745342,11.4,45.18633540372672,45.18633540372672,14.7942069893827,36.50752626366251,31.40000000000001,38.7,48.15149914836908,7.0,7.0,7.0,7.0,5.0,4.0,6.0,4.0,6.0,4.0,-0.7161231773629334,109.0000000000116,0.1100000000000043,7.0,0.0,1.0,1.0,0.0,0.0,0.5,0.2916666666666667
ES,2016,35.6,22.3,19.6,25420.0,8.5,18045.3,26100.0,10.2,10.6,38.7,25.42,18.0453,26.1,101.8,46.8,24.499999999999996,1.3198757763975155,9.5,46.506211180124225,46.506211180124225,17.108416942853907,43.074009732273495,33.10000000000001,43.900000000000006,57.307519221582794,8.0,8.0,8.0,8.0,5.0,5.0,7.0,5.0,7.0,4.0,0.3766795536953431,513.0000000002042,-1.440000000000602,8.0,0.0,1.0,1.0,0.0,0.0,0.5555555555555556,0.2916666666666667
ES,2017,25.1,21.6,17.2,26110.0,8.3,18938.2,27400.0,9.8,9.3,36.6,26.11,18.9382,27.4,97.71,45.0,23.4,0.0,7.7,46.506211180124225,46.506211180124225,20.667206568728844,50.88507287328821,33.10000000000001,47.3,64.88239087007639,0.0,0.0,8.0,8.0,5.0,6.0,8.0,6.0,8.0,5.0,0.4362230072548331,728.99999999989,-2.269999999999658,9.0,0.0,1.0,1.0,0.0,0.0,0.6,0.2916666666666667
ES,2018,27.1,21.5,15.3,26620.0,8.7,19208.8,27900.0,8.9,9.4,35.9,26.62,19.2088,27.9,94.72,44.6,23.1,0.0,6.4,46.506211180124225,46.506211180124225,24.256353651398086,58.72649347109723,33.10000000000001,49.400000000000006,70.31816209372248,0.0,0.0,8.0,8.0,5.0,7.0,9.0,7.0,9.0,6.0,0.0536623723402582,716.9999999998744,-2.3299999999995475,10.0,0.0,1.0,1.0,0.0,0.0,0.6363636363636364,0.24
ES,2019,22.0,20.7,14.1,26930.0,7.7,19626.2,28700.0,8.5,8.1,33.9,26.93,19.6262,28.7,89.95,44.3,23.6,0.0,5.3,46.506211180124225,46.506211180124225,25.313187466166724,64.03560080100564,33.10000000000001,50.400000000000006,75.01975397867176,0.0,0.0,8.0,8.0,5.0,8.0,10.0,8.0,10.0,6.0,0.1803313694620855,561.9999999999949,-2.029999999999984,11.0,1.0,1.0,1.0,0.08333333333333333,0.0,0.6666666666666666,0.2916666666666667
ES,2020,22.8,21.0,15.5,23850.0,8.5,17386.0,25100.0,8.2,13.5,35.4,23.85,17.386,25.1,91.23,43.9,22.9,11.43705904196064,5.0,53.920807453416145,57.94327022208486,25.313187466166724,68.2618293244816,33.10000000000001,51.1,75.01975397867176,1.0,1.0,8.0,8.0,6.0,0.0,11.0,8.0,11.0,6.0,0.7182465701376892,-232.0000000000434,-1.1299999999998915,12.0,1.0,1.0,1.0,0.07692307692307693,0.0,0.6923076923076923,0.3333333333333333
ES,2021,21.6,21.7,14.9,25440.0,8.3,19479.0,28300.0,9.9,14.3,33.5,25.44,19.479,28.3,87.32,47.9,26.2,5.532862978091348,6.2,55.16304347826086,63.47613320017621,25.313187466166724,70.75748305764247,33.10000000000001,53.0,76.77680805774447,2.0,2.0,8.0,8.0,6.0,0.0,12.0,8.0,12.0,6.0,1.424601089004344,-411.0000000001063,-0.4400000000000088,13.0,1.0,1.0,1.0,0.07142857142857142,0.0,0.7142857142857143,0.36
ES,2022,22.1,20.4,13.0,26820.0,7.7,21735.1,31800.0,9.2,13.2,35.5,26.82,21.7351,31.8,82.92,44.8,24.4,0.4084663943557371,5.1,55.16304347826086,63.88459959453195,26.97473385088449,76.67130295750002,33.10000000000001,53.8,80.82324625430572,0.0,3.0,8.0,8.0,6.0,1.0,13.0,8.0,13.0,7.0,0.6668654992651247,-109.0000000000007,-0.3800000000000956,14.0,2.0,1.0,1.0,0.13333333333333333,0.0,0.7333333333333333,0.32
ES,2023,22.6,20.2,12.2,27150.0,9.0,23349.0,34800.0,8.2,13.6,37.2,27.15,23.349,34.8,73.48,42.6,22.4,0.0,4.3,55.16304347826086,63.88459959453195,27.072144865557576,81.02098748731288,33.10000000000001,53.8,80.82324625430572,0.0,0.0,8.0,8.0,6.0,2.0,14.0,8.0,14.0,7.0,0.0231254223810207,340.9999999999272,-0.6299999999999295,15.0,2.0,1.0,1.0,0.125,0.0,0.75,0.28
ES,2024,21.9,19.7,11.4,27800.0,8.3,24394.9,36400.0,7.8,14.2,35.9,27.8,24.3949,36.4,68.84,42.6,22.9,0.0,3.8,55.16304347826086,63.88459959453195,27.072144865557576,83.73495936448296,33.10000000000001,53.8,80.82324625430572,0.0,0.0,8.0,8.0,6.0,0.0,15.0,8.0,15.0,7.0,0.1170482495958965,960.9999999999044,-1.0899999999998602,16.0,2.0,1.0,1.0,0.11764705882352941,0.0,0.7647058823529411,0.36
FI,2015,7.0,12.4,9.4,40700.0,1.0,21426.5,30400.0,4.9,10.3,28.4,40.7,21.4265,30.4,107.82,43.4,31.0,8.22998872604284,2.9,49.08680947012401,49.08680947012401,0.0,3.949974581529503,1.7999999999999972,4.0,0.0,7.0,7.0,7.0,7.0,4.0,0.0,4.0,0.0,4.0,3.0,-0.1798497082503583,-449.0000000000362,0.3600000000000302,0.0,0.0,0.0,0.0,0.0,0.0,0.0,0.08695652173913043
FI,2016,6.8999999999999995,11.6,8.9,41640.0,1.2,21668.6,31000.0,4.4,10.9,29.4,41.64,21.6686,31.0,110.76,43.7,32.1,6.110484780157836,2.9,55.19729425028184,55.19729425028184,0.0,3.949974581529503,2.399999999999997,5.2,0.0,8.0,8.0,8.0,8.0,4.0,0.0,0.0,0.0,4.0,3.0,0.2615268078415041,-27.9999999999399,0.3100000000000692,0.0,0.0,0.0,0.0,0.0,0.0,0.0,0.08695652173913043
FI,2017,6.7,11.5,8.7,42910.0,1.8,22078.3,32400.0,4.3,10.8,28.5,42.91,22.0783,32.4,113.1,43.7,32.2,3.2468996617812853,2.6,58.44419391206313,58.44419391206313,0.0,5.3294004437917835,2.7999999999999954,6.1000000000000005,0.0,9.0,9.0,9.0,9.0,4.0,0.0,1.0,0.0,4.0,4.0,0.2231469843558182,476.9999999998843,0.1000000000000082,0.0,0.0,0.0,0.0,0.0,0.0,0.0,0.08695652173913043
FI,2018,6.1,12.0,7.5,43360.0,2.2,22644.7,33400.0,4.3,10.7,27.2,43.36,22.6447,33.4,114.39,43.2,31.200000000000003,2.232243517474634,2.0,60.67643742953776,60.67643742953776,0.0,6.65104600504138,2.7999999999999954,6.4,0.0,10.0,10.0,10.0,10.0,4.0,0.0,2.0,0.0,4.0,4.0,0.0259146138770109,762.999999999811,-0.30999999999988,0.0,0.0,0.0,0.0,0.0,0.0,0.0,0.041666666666666664
FI,2019,6.4,11.6,6.8,43910.0,1.9,22902.2,34000.0,4.0,10.5,26.4,43.91,22.9022,34.0,114.64,42.8,31.199999999999996,0.992108229988726,1.5,61.66854565952649,61.66854565952649,0.0,7.333043790604179,2.7999999999999954,6.4,0.0,11.0,11.0,11.0,11.0,4.0,0.0,3.0,0.0,4.0,4.0,-0.1411609776370879,813.9999999999953,-0.6599999999999804,0.0,0.0,0.0,0.0,0.0,0.0,0.0,0.08695652173913043
FI,2020,6.8,12.2,7.7,42740.0,1.8,22799.5,34000.0,4.1,10.0,25.4,42.74,22.7995,34.0,118.76,42.8,30.6,3.63021420518602,1.5,65.29875986471251,65.29875986471251,0.0,7.796961781277545,2.7999999999999954,6.4,0.0,12.0,12.0,12.0,12.0,5.0,0.0,4.0,0.0,4.0,4.0,-0.0230407904646846,319.99999999995373,-0.4299999999999683,0.0,0.0,0.0,0.0,0.0,0.0,0.0,0.043478260869565216
FI,2021,5.9,10.8,7.7,43800.0,1.1,24376.2,36200.0,4.3,8.2,23.5,43.8,24.3762,36.2,119.67,43.9,33.099999999999994,1.2401352874859075,1.8,66.53889515219842,66.53889515219842,0.0,7.796961781277545,2.7999999999999954,6.500000000000001,0.0,13.0,13.0,13.0,13.0,5.0,0.0,0.0,0.0,4.0,4.0,0.6718813145063043,116.0000000000056,-0.1799999999999806,1.0,0.0,0.07692307692307693,0.0,0.0,0.0,0.07142857142857142,0.125
FI,2022,6.1,12.7,6.8,44010.0,1.9,25703.8,38400.0,5.4,7.7,23.2,44.01,25.7038,38.4,118.57,43.3,30.6,0.7666290868094702,1.5,67.3055242390079,67.3055242390079,0.8792143842282343,12.296957365007556,2.7999999999999954,6.500000000000001,0.0,14.0,14.0,14.0,14.0,5.0,1.0,1.0,1.0,4.0,5.0,-0.102135148445785,119.00000000003452,-0.0499999999999919,1.0,0.0,0.07142857142857142,0.0,0.0,0.0,0.13333333333333333,0.125
FI,2023,7.5,12.2,7.2,43280.0,2.8,27599.2,39700.0,5.5,9.5,26.0,43.28,27.5992,39.7,112.39,41.7,29.500000000000004,2.4126268320180384,1.6,69.71815107102593,69.71815107102593,2.7850511929736683,17.82357537325477,2.7999999999999954,6.500000000000001,0.0,15.0,15.0,15.0,15.0,6.0,2.0,2.0,2.0,4.0,6.0,-0.9071967263483636,0.9999999999589636,-0.0099999999999723,2.0,1.0,0.13333333333333333,0.0,0.0625,0.0,0.1875,0.20833333333333334
FI,2024,8.9,12.6,8.4,43330.0,3.7,28516.3,40800.0,5.4,11.2,27.3,43.33,28.5163,40.8,109.03,41.8,29.199999999999996,2.2998872604284104,1.8,72.01803833145433,72.01803833145433,4.005733693045229,22.665039072828108,2.899999999999995,6.6000000000000005,0.0,16.0,16.0,16.0,16.0,6.0,3.0,3.0,3.0,4.0,6.0,-1.1179475576084954,66.00000000003075,0.0899999999999555,3.0,2.0,0.1875,0.0,0.11764705882352941,0.0,0.23529411764705882,0.16666666666666666
FR,2015,19.9,13.6,10.3,35370.0,6.8,20603.5,29500.0,5.7,8.9,32.8,35.37,20.6035,29.5,90.5,44.3,30.699999999999996,0.0,3.1,5.406178489702526,5.491721073624831,0.0,0.5956995264564,4.600000000000005,4.6,0.0,0.0,0.0,2.0,2.0,2.0,0.0,0.0,0.0,1.0,0.0,0.7517189565565353,103.00000000000716,0.2700000000000213,1.0,0.0,0.0,0.0,0.0,0.0,0.0,0.041666666666666664
FR,2016,19.2,13.6,10.1,35540.0,6.7,20943.3,29900.0,5.2,8.8,31.8,35.54,20.9433,29.9,92.13,45.0,31.4,0.0,3.1,5.406178489702526,5.491721073624831,0.0,0.5956995264564,5.600000000000005,5.7,0.0,0.0,0.0,2.0,2.0,2.0,0.0,0.0,0.0,1.0,0.0,0.9231950873186144,170.00000000005087,0.0599999999999817,1.0,0.0,0.0,0.0,0.0,0.0,0.0,0.041666666666666664
FR,2017,18.1,13.2,9.4,36140.0,6.3,21396.0,30600.0,5.0,9.1,29.6,36.14,21.396,30.6,94.34,45.2,32.0,0.0,2.9,5.406178489702526,5.491721073624831,0.0,0.5956995264564,5.900000000000006,6.6,0.0,0.0,0.0,2.0,2.0,2.0,0.0,0.0,0.0,1.0,0.0,0.9023060233253648,268.9999999999557,-0.1999999999999565,2.0,0.0,0.1111111111111111,0.0,0.0,0.0,0.0,0.08333333333333333
FR,2018,18.3,13.4,9.0,36570.0,6.7,21964.4,31500.0,4.7,9.1,31.4,36.57,21.9644,31.5,96.55,45.7,32.300000000000004,0.0,2.5,5.406178489702526,5.491721073624831,0.0,1.2175071997788225,5.900000000000006,7.1,0.0,0.0,0.0,2.0,2.0,2.0,0.0,1.0,0.0,1.0,1.0,0.6032068776775948,360.99999999991184,-0.3499999999999022,3.0,0.0,0.2,0.0,0.0,0.0,0.0,0.12
FR,2019,16.8,13.6,8.4,37160.0,7.3,22999.0,33200.0,5.5,8.4,30.6,37.16,22.999,33.2,98.82,44.7,31.1,0.0,2.3,5.406178489702526,5.491721073624831,0.0,3.263758602674187,5.900000000000006,7.4,0.0,0.0,0.0,2.0,2.0,2.0,0.0,2.0,0.0,2.0,2.0,-0.0512001184396477,460.9999999999895,-0.4899999999999908,4.0,0.0,0.2727272727272727,0.0,0.0,0.0,0.08333333333333333,0.16666666666666666
FR,2020,18.5,14.2,8.0,34230.0,6.4,22048.7,31600.0,5.6,9.1,30.5,34.23,22.0487,31.6,101.8,48.2,34.0,7.884822389666308,1.9,7.494279176201388,13.376543463291142,0.0,9.537444530318352,5.900000000000006,7.4,0.0,1.0,1.0,2.0,2.0,3.0,0.0,3.0,0.0,3.0,3.0,-1.2903872381232515,-160.0000000000366,-0.5199999999999768,4.0,0.0,0.25,0.0,0.0,0.0,0.15384615384615385,0.08333333333333333
FR,2021,16.6,14.3,7.9,36460.0,5.5,23127.5,33400.0,,10.1,27.6,36.46,23.1275,33.4,102.22,48.6,34.3,1.883745963401507,2.3,7.494279176201388,15.260289426692651,0.0,12.936738439581603,5.900000000000006,7.699999999999999,0.0,0.0,2.0,2.0,2.0,3.0,0.0,4.0,0.0,4.0,3.0,-1.2450466072850217,-170.00000000004778,-0.4000000000000628,5.0,0.0,0.3076923076923077,0.0,0.0,0.0,0.21428571428571427,0.12
FR,2022,21.7,15.6,7.3,37280.0,7.0,24599.7,35100.0,6.5,10.2,31.4,37.28,24.5997,35.1,101.67,47.4,31.799999999999997,0.0,2.0,7.494279176201388,15.260289426692651,0.0,17.25288703038349,5.900000000000006,7.699999999999999,1.23465450719047,0.0,0.0,2.0,2.0,3.0,0.0,5.0,0.0,5.0,4.0,-0.8741724341328425,72.00000000004749,-0.3900000000001026,6.0,0.0,0.35714285714285715,0.0,0.0,0.0,0.26666666666666666,0.08
FR,2023,22.1,15.4,7.3,37730.0,6.6,26696.6,38100.0,6.5,10.0,29.4,37.73,26.6966,38.1,95.27,46.9,31.5,0.0,1.8,7.494279176201388,15.260289426692651,0.0,22.70374905638714,5.900000000000006,7.699999999999999,3.202763576544342,0.0,0.0,2.0,2.0,3.0,0.0,6.0,0.0,6.0,5.0,-0.4851683909374643,418.9999999999228,-0.2899999999999709,7.0,0.0,0.4,0.0,0.0,0.0,0.3125,0.08
FR,2024,21.8,15.9,7.4,38180.0,6.6,27457.0,39300.0,7.0,10.6,29.4,38.18,27.457,39.3,90.94,46.3,30.4,0.0,1.7,7.494279176201388,15.260289426692651,0.0,27.389426663273724,5.900000000000006,7.699999999999999,3.202763576544342,0.0,0.0,2.0,2.0,3.0,0.0,7.0,0.0,7.0,5.0,0.112444852477526,916.9999999999152,-0.179999999999986,8.0,0.0,0.4375,0.0,0.0,0.0,0.35294117647058826,0.12
HR,2015,54.4,20.0,16.2,11760.0,8.4,11850.9,17100.0,7.2,29.9,59.8,11.76,11.8509,17.1,61.42,45.2,25.200000000000003,5.161290322580645,10.2,53.06451612903224,53.06451612903224,56.31200278074343,56.31200278074343,37.6,26.5,58.95443898155749,7.0,7.0,7.0,7.0,3.0,7.0,7.0,7.0,7.0,5.0,-3.1490689255503845,68.0000000000068,0.6400000000000485,5.0,3.0,0.7142857142857143,0.8571428571428571,0.375,0.625,,0.34782608695652173
HR,2016,51.4,19.5,13.0,12320.0,7.3,12267.4,18000.0,6.4,26.4,57.7,12.32,12.2674,18.0,55.86,44.8,25.299999999999997,0.6451612903225806,6.7,53.70967741935482,53.70967741935482,68.02898842956198,68.02898842956198,41.5,28.2,63.74279447444181,8.0,8.0,8.0,8.0,3.0,8.0,8.0,8.0,8.0,5.0,-1.2215547340224235,252.00000000009413,-0.7300000000003973,6.0,4.0,0.75,0.875,0.4444444444444444,0.6666666666666666,,0.30434782608695654
HR,2017,43.9,20.0,11.1,12910.0,7.1,13015.9,19200.0,5.8,21.9,56.2,12.91,13.0159,19.2,55.6,43.2,23.200000000000003,0.0,4.5,53.70967741935482,53.70967741935482,78.42581058623692,78.42581058623692,43.5,28.2,63.74279447444181,0.0,0.0,8.0,8.0,3.0,9.0,9.0,9.0,9.0,5.0,0.3898430285457021,408.9999999999259,-1.6699999999996902,7.0,5.0,0.7777777777777778,0.7777777777777778,0.5,0.7,,0.30434782608695654
HR,2018,42.7,19.3,8.3,13460.0,6.1,13705.5,20200.0,5.1,18.6,52.9,13.46,13.7055,20.2,55.13,42.9,23.6,0.0,3.4,53.70967741935482,53.70967741935482,84.65567017843044,84.65567017843044,43.5,28.2,63.74279447444181,0.0,0.0,8.0,8.0,3.0,10.0,10.0,10.0,10.0,5.0,2.259934028851041,532.9999999998862,-2.309999999999497,8.0,6.0,0.8,0.7,0.5454545454545454,0.7272727272727273,,0.2916666666666667
HR,2019,35.5,18.3,6.6,14020.0,4.6,14594.1,21500.0,4.7,15.7,51.7,14.02,14.5941,21.5,56.08,41.0,22.7,0.0,2.4,53.70967741935482,53.70967741935482,90.1897833920678,90.1897833920678,43.5,28.2,63.74279447444181,0.0,0.0,8.0,8.0,3.0,11.0,11.0,11.0,11.0,5.0,2.3053412816493233,565.9999999999906,-2.38999999999997,8.0,7.0,0.7272727272727273,0.6363636363636364,0.5833333333333334,0.75,,0.17391304347826086
HR,2020,33.5,18.3,7.4,12980.0,4.4,14484.6,20200.0,4.2,14.2,48.9,12.98,14.4846,20.2,57.25,39.3,20.999999999999996,7.417974322396576,2.1,53.70967741935482,61.12765174175139,96.1995741522703,96.1995741522703,43.5,28.2,63.74279447444181,0.0,1.0,8.0,8.0,4.0,12.0,12.0,12.0,12.0,6.0,1.6277098720268377,242.99999999996987,-1.5699999999998917,8.0,8.0,0.6666666666666666,0.5833333333333334,0.6153846153846154,0.7692307692307693,,0.2608695652173913
HR,2021,27.3,19.2,7.5,14750.0,3.5,16491.0,23600.0,4.5,16.6,46.5,14.75,16.491,23.6,52.7,40.3,21.1,0.0,2.7,53.70967741935482,61.12765174175139,98.7539621785718,98.7539621785718,43.5,28.2,63.74279447444181,0.0,0.0,8.0,8.0,4.0,13.0,13.0,13.0,13.0,6.0,1.5904937092740432,320.0000000000577,-0.8100000000000436,8.0,9.0,0.6153846153846154,0.6153846153846154,0.6428571428571429,0.7857142857142857,,0.25
HR,2022,26.6,18.0,6.8,15900.0,4.0,18210.2,26000.0,3.8,15.7,44.8,15.9,18.2102,26.0,49.42,38.8,20.799999999999997,0.0,2.4,53.70967741935482,61.12765174175139,99.97587217125404,99.97587217125404,43.5,28.2,63.74279447444181,0.0,0.0,8.0,8.0,4.0,14.0,14.0,14.0,14.0,6.0,1.2995624386362954,561.0000000001986,-0.2099999999999877,8.0,9.0,0.5714285714285714,0.6428571428571429,0.6,0.8,,0.125
HR,2023,22.0,19.3,6.1,16490.0,2.8,20127.2,29800.0,4.0,12.7,41.4,16.49,20.1272,29.8,48.15,38.4,19.1,0.0,2.1,53.70967741935482,61.12765174175139,99.97587217125404,99.97587217125404,43.5,28.2,63.74279447444181,0.0,0.0,8.0,8.0,4.0,0.0,0.0,14.0,14.0,6.0,2.2742392278590007,785.9999999999114,-0.1599999999999911,8.0,9.0,0.5333333333333333,0.6,0.5625,0.8125,,0.125
HR,2024,19.8,20.3,5.0,17060.0,2.0,21539.9,31100.0,3.7,9.4,34.9,17.06,21.539900000000003,31.1,47.97,39.4,19.1,0.0,1.8,53.70967741935482,61.12765174175139,99.97587217125404,99.97587217125404,43.5,28.2,63.74279447444181,0.0,0.0,8.0,8.0,4.0,0.0,0.0,14.0,14.0,6.0,3.4667143679197423,989.9999999998948,-0.6199999999998946,8.0,9.0,0.5,0.5625,0.5294117647058824,0.7647058823529411,,0.125
HU,2015,46.6,14.9,6.6,12530.0,24.1,11306.4,19400.0,8.5,21.7,72.2,12.53,11.3064,19.4,38.14,49.1,34.2,0.0,3.0,21.043627031650985,21.043627031650985,159.38562594305404,160.51678060697725,3.200000000000003,3.999999999999999,8.147638600616688,0.0,0.0,5.0,5.0,2.0,7.0,8.0,7.0,8.0,6.0,-2.482023677810753,328.00000000002706,-1.1400000000000885,0.0,7.0,0.0,0.14285714285714285,0.875,1.0,0.125,0.25
HU,2016,42.8,14.5,5.0,12880.0,20.6,11637.7,19600.0,8.8,19.0,50.8,12.88,11.6377,19.6,35.55,47.6,33.1,0.0,2.3,21.043627031650985,21.043627031650985,185.76000073394945,187.03254973086305,3.200000000000003,3.999999999999999,8.147638600616688,0.0,0.0,5.0,5.0,2.0,8.0,9.0,8.0,9.0,6.0,-0.762565950184152,436.0000000001233,-1.4600000000003894,0.0,8.0,0.0,0.125,0.8888888888888888,1.0,0.1111111111111111,0.3333333333333333
HU,2017,41.2,13.4,4.0,13460.0,16.1,12215.7,20400.0,10.7,15.7,31.5,13.46,12.2157,20.4,32.57,46.7,33.300000000000004,0.0,1.6,21.043627031650985,21.043627031650985,208.29674696357657,209.71069029348055,3.200000000000003,3.999999999999999,8.147638600616688,0.0,0.0,5.0,5.0,2.0,9.0,10.0,9.0,10.0,6.0,1.0700693829210155,477.99999999993656,-1.4099999999998436,0.0,9.0,0.0,0.1111111111111111,0.9,1.0,0.1,0.3333333333333333
HU,2018,34.7,12.8,3.6,14240.0,11.9,12790.8,21900.0,9.6,12.8,33.3,14.24,12.7908,21.9,30.54,46.1,33.3,0.0,1.4,21.043627031650985,21.043627031650985,230.5026783507853,232.05801601367972,3.200000000000003,3.999999999999999,8.147638600616688,0.0,0.0,5.0,5.0,2.0,10.0,11.0,10.0,11.0,6.0,1.9061982591106696,532.9999999998824,-1.0399999999998084,0.0,10.0,0.0,0.1,0.9090909090909091,1.0,0.09090909090909091,0.4
HU,2019,27.700000000000003,14.0,3.3,14980.0,10.8,13462.2,23200.0,3.9,10.9,32.9,14.98,13.4622,23.2,31.38,43.6,29.6,0.0,1.1,21.043627031650985,21.043627031650985,250.03537020078,251.73210219666484,3.200000000000003,3.999999999999999,8.147638600616688,0.0,0.0,5.0,5.0,2.0,11.0,12.0,11.0,12.0,6.0,2.096406734273036,625.9999999999841,-0.8000000000000035,0.0,11.0,0.0,0.09090909090909091,0.9166666666666666,1.0,0.08333333333333333,0.4166666666666667
HU,2020,27.4,13.9,4.1,14370.0,10.7,13491.7,22700.0,3.7,11.5,35.3,14.37,13.491700000000002,22.7,34.77,41.9,28.0,4.0720961281708945,1.1,21.043627031650985,25.115723159821883,274.95188482105357,276.7900111499288,3.200000000000003,3.999999999999999,8.147638600616688,0.0,1.0,5.0,5.0,3.0,12.0,13.0,12.0,13.0,7.0,0.5919774720874884,449.9999999999682,-0.2499999999999614,0.0,12.0,0.0,0.08333333333333333,0.9230769230769231,1.0,0.07692307692307693,0.4166666666666667
HU,2021,26.7,13.2,4.0,15470.0,10.5,14461.8,24800.0,2.7,11.4,34.9,15.47,14.461799999999998,24.8,35.07,39.6,26.4,0.0,1.3,21.043627031650985,25.115723159821883,299.5306401697512,301.5101608316169,3.200000000000003,3.999999999999999,8.147638600616688,0.0,0.0,5.0,5.0,3.0,13.0,14.0,13.0,14.0,7.0,-0.6794601471208451,415.00000000006,0.0500000000000332,0.0,13.0,0.0,0.07692307692307693,0.9285714285714286,1.0,0.07142857142857142,0.44
HU,2022,22.0,13.5,3.6,16160.0,9.1,16292.2,27300.0,8.1,10.3,33.7,16.16,16.2922,27.3,31.03,36.8,23.299999999999997,0.0,1.2,21.043627031650985,25.115723159821883,329.3647534480387,331.48566844289473,3.200000000000003,3.999999999999999,8.147638600616688,0.0,0.0,5.0,5.0,3.0,14.0,15.0,14.0,15.0,8.0,-2.03024272808687,433.0000000001298,0.0700000000000297,0.0,14.0,0.0,0.07142857142857142,0.9333333333333333,1.0,0.06666666666666667,0.4
HU,2023,22.6,13.8,4.1,16050.0,10.3,16880.1,29000.0,7.3,10.8,31.3,16.05,16.8801,29.0,27.2,36.1,22.3,0.6806930693069307,1.4,21.043627031650985,25.79641622912881,358.6601932453499,360.9225025731963,3.200000000000003,3.999999999999999,8.147638600616688,0.0,1.0,5.0,5.0,4.0,15.0,16.0,15.0,16.0,8.0,-2.444309455264442,392.9999999999408,0.1100000000000145,0.0,15.0,0.0,0.06666666666666667,0.9375,1.0,0.0625,0.44
HU,2024,19.799999999999997,14.3,4.5,16210.0,9.3,18552.9,30400.0,9.0,9.3,28.6,16.21,18.5529,30.4,26.81,36.6,22.3,0.0,1.5,21.043627031650985,25.79641622912881,384.5018911627634,386.9055948236002,3.200000000000003,3.999999999999999,8.147638600616688,0.0,0.0,5.0,5.0,4.0,16.0,17.0,16.0,17.0,8.0,-0.6567051042893586,425.9999999999731,0.0899999999999652,0.0,16.0,0.0,0.0625,0.9411764705882353,1.0,0.058823529411764705,0.36
IE,2015,31.799999999999997,16.2,9.9,60150.0,9.4,20468.9,51500.0,4.7,18.9,50.2,60.15,20.4689,51.5,156.33,46.3,30.1,0.0,5.3,21.92374350086655,21.92374350086655,0.0,4.6639562118878075,8.900000000000002,23.7,68.04520516428275,0.0,0.0,5.0,5.0,2.0,0.0,0.0,0.0,3.0,3.0,0.0581590401322682,3601.000000000349,-1.4600000000001188,4.0,0.0,0.5714285714285714,0.42857142857142855,0.0,0.0,0.875,0.125
IE,2016,27.4,16.8,8.4,60160.0,8.0,20883.2,50800.0,4.6,15.4,45.2,60.16,20.8832,50.8,139.57,44.5,27.7,0.0,4.2,21.92374350086655,21.92374350086655,0.0,4.6639562118878075,8.900000000000002,24.4,70.3040970874347,0.0,0.0,5.0,5.0,2.0,0.0,0.0,0.0,3.0,3.0,1.0847242251813751,4746.000000001632,-1.8100000000004837,4.0,0.0,0.5,0.375,0.0,0.0,0.8888888888888888,0.16666666666666666
IE,2017,23.6,15.6,6.7,65290.0,6.9,21366.7,55300.0,4.5,13.0,41.6,65.29,21.3667,55.3,146.07,42.6,27.0,0.0,3.0,21.92374350086655,21.92374350086655,0.0,4.6639562118878075,8.900000000000002,24.4,71.40781325964402,0.0,0.0,5.0,5.0,2.0,0.0,0.0,0.0,3.0,3.0,2.166653770998346,5237.9999999992815,-1.7699999999997638,4.0,0.0,0.4444444444444444,0.3333333333333333,0.0,0.0,0.9,0.125
IE,2018,20.9,14.9,5.8,69310.0,6.1,22316.0,58700.0,3.4,11.2,37.3,69.31,22.316,58.7,135.23,41.0,26.1,0.0,2.1,21.92374350086655,21.92374350086655,0.0,4.6639562118878075,8.900000000000002,24.4,71.40781325964402,0.0,0.0,5.0,5.0,2.0,0.0,0.0,0.0,3.0,3.0,2.5176310098225585,4635.999999999314,-1.5399999999997225,4.0,0.0,0.4,0.3,0.0,0.0,0.8181818181818182,0.12
IE,2019,18.5,13.4,5.0,71640.0,6.5,22173.1,60000.0,5.2,11.8,37.1,71.64,22.1731,60.0,103.76,41.0,27.6,0.0,1.6,21.92374350086655,21.92374350086655,0.0,4.6639562118878075,8.900000000000002,24.4,71.40781325964402,0.0,0.0,5.0,5.0,2.0,0.0,0.0,0.0,3.0,3.0,2.7175485724283384,3212.9999999999345,-1.2399999999999924,4.0,0.0,0.36363636363636365,0.2727272727272727,0.0,0.0,0.75,0.041666666666666664
IE,2020,16.8,13.0,5.9,75620.0,6.1,20727.3,62500.0,4.2,14.6,33.4,75.62,20.7273,62.5,98.49,39.9,26.9,0.0,1.4,21.92374350086655,21.92374350086655,0.0,4.6639562118878075,8.900000000000002,24.4,71.40781325964402,0.0,0.0,5.0,5.0,2.0,0.0,0.0,0.0,3.0,3.0,3.0300914376031236,3726.999999999797,-0.6699999999999331,4.0,0.0,0.3333333333333333,0.25,0.0,0.0,0.6923076923076923,0.041666666666666664
IE,2021,15.4,12.8,6.2,87150.0,4.8,23488.2,74700.0,2.6,13.7,29.1,87.15,23.4882,74.7,93.41,42.4,29.6,0.0,1.8,21.92374350086655,21.92374350086655,0.0,4.6639562118878075,8.900000000000002,24.4,71.40781325964402,0.0,0.0,5.0,5.0,2.0,0.0,0.0,0.0,3.0,3.0,3.2064521984848646,5003.00000000109,-0.0899999999999632,4.0,0.0,0.3076923076923077,0.23076923076923078,0.0,0.0,0.6428571428571429,0.0
IE,2022,17.9,13.4,4.5,92300.0,5.3,27050.1,85700.0,3.7,12.9,33.1,92.3,27.050099999999997,85.7,93.64,40.8,27.4,0.0,1.3,21.92374350086655,21.92374350086655,0.0,9.047542911068147,8.900000000000002,24.4,71.40781325964402,0.0,0.0,5.0,5.0,2.0,0.0,1.0,0.0,3.0,4.0,1.796719677791827,6149.000000002113,-0.1400000000000192,4.0,0.0,0.2857142857142857,0.21428571428571427,0.0,0.0,0.6,0.0
IE,2023,16.6,12.0,4.3,87630.0,6.0,29284.4,83600.0,4.7,10.6,34.3,87.63,29.2844,83.6,82.33,38.0,26.0,5.059588299024918,1.1,21.92374350086655,26.983331799891474,0.0,14.654975772452444,8.900000000000002,24.4,71.40781325964402,0.0,1.0,5.0,5.0,3.0,0.0,2.0,0.0,3.0,5.0,0.033864441710998,4865.999999999332,-0.279999999999958,4.0,0.0,0.26666666666666666,0.2,0.0,0.0,0.5625,0.04
IE,2024,16.9,12.7,4.3,89300.0,4.5,30622.7,88500.0,4.5,12.2,31.6,89.3,30.6227,88.5,75.1,35.6,22.9,3.2502708559046587,1.0,21.92374350086655,30.233602655796133,0.0,14.654975772452444,8.900000000000002,24.4,71.40781325964402,0.0,2.0,5.0,5.0,3.0,0.0,0.0,0.0,3.0,5.0,0.0884932682569153,2783.9999999999995,-0.5099999999999408,4.0,0.0,0.25,0.1875,0.0,0.0,0.5294117647058824,0.08
IT,2015,37.9,19.9,12.0,29210.0,12.1,19313.2,26900.0,8.6,14.9,39.9,29.21,19.3132,26.9,60.98,46.0,26.1,8.690215692403877,7.4,50.89090340731478,50.89090340731478,25.12768033622106,30.648973365851447,17.799999999999997,15.7,36.648097386667985,7.0,7.0,7.0,7.0,4.0,5.0,8.0,5.0,8.0,4.0,-0.8103301984392105,-328.0000000000244,0.9000000000000674,1.0,0.0,0.14285714285714285,0.2857142857142857,0.0,0.0,0.625,0.34782608695652173
IT,2016,33.3,20.6,11.7,29630.0,10.1,19964.8,28100.0,9.6,10.7,40.4,29.63,19.9648,28.1,60.85,46.5,25.9,7.377305407939981,7.1,58.268208815254766,58.268208815254766,30.036984609745957,36.298970181911656,21.6,19.1,42.64753245686179,8.0,8.0,8.0,8.0,4.0,6.0,9.0,6.0,9.0,4.0,0.2649546364074512,53.000000000071616,0.119999999999896,2.0,0.0,0.25,0.375,0.0,0.0,0.6666666666666666,0.34782608695652173
IT,2017,28.1,20.3,11.3,30160.0,6.6,20577.8,28900.0,8.2,6.1,38.3,30.16,20.5778,28.9,60.41,45.4,25.1,5.720537668021256,6.9,63.98874648327602,63.98874648327602,35.78930026614252,42.79197838084353,25.0,22.299999999999997,48.262853824689586,9.0,9.0,9.0,9.0,4.0,7.0,10.0,7.0,10.0,5.0,0.2196630037154593,319.99999999994077,-0.339999999999922,3.0,1.0,0.3333333333333333,0.4444444444444444,0.1,0.0,0.7,0.391304347826087
IT,2018,30.3,20.3,10.6,30470.0,6.5,20980.8,29600.0,8.2,6.0,35.1,30.47,20.9808,29.6,60.63,45.8,25.499999999999996,4.751484839012191,6.5,68.74023132228821,68.74023132228821,41.13461049827104,48.87798115550737,27.699999999999996,25.1,53.28204580689075,10.0,10.0,10.0,10.0,4.0,8.0,11.0,8.0,11.0,5.0,0.1176112724279817,406.9999999999136,-0.5299999999999072,4.0,2.0,0.4,0.5,0.18181818181818182,0.0,0.7272727272727273,0.375
IT,2019,22.9,20.1,9.9,30680.0,6.4,21406.4,30300.0,8.7,5.9,33.8,30.68,21.4064,30.3,61.61,45.0,24.9,4.0950296967802435,5.9,72.83526101906845,72.83526101906845,45.91014454396398,54.39420774373562,29.699999999999996,27.299999999999997,57.14388882519009,11.0,11.0,11.0,11.0,4.0,9.0,12.0,9.0,12.0,5.0,0.0562498243902193,377.9999999999976,-0.529999999999986,5.0,3.0,0.45454545454545453,0.5454545454545454,0.25,0.0,0.75,0.43478260869565216
IT,2020,23.8,20.0,9.3,28100.0,6.2,19839.6,28400.0,7.2,6.8,32.3,28.1,19.839599999999997,28.4,63.73,44.9,24.9,12.160050015629883,5.1,84.99531103469833,84.99531103469833,54.340354264732824,63.56511000703978,31.1,28.699999999999996,57.14388882519009,12.0,12.0,12.0,12.0,5.0,10.0,13.0,10.0,13.0,6.0,-0.606502928378428,-254.00000000003223,-0.6199999999999805,6.0,4.0,0.5,0.5833333333333334,0.3076923076923077,0.0,0.7692307692307693,0.34782608695652173
IT,2021,24.299999999999997,20.1,9.5,30760.0,5.9,21576.4,31800.0,7.2,7.7,32.7,30.76,21.576400000000003,31.8,63.01,48.5,28.4,3.8449515473585496,5.4,88.84026258205688,88.84026258205688,58.4162382457354,68.38168653057767,32.699999999999996,30.4,60.63538397397423,13.0,13.0,13.0,13.0,5.0,11.0,14.0,11.0,14.0,6.0,0.0267963862147857,-117.00000000001596,-0.4900000000000675,7.0,5.0,0.5384615384615384,0.6153846153846154,0.35714285714285715,0.0,0.7857142857142857,0.3333333333333333
IT,2022,22.3,20.1,8.1,32310.0,4.5,24554.1,35300.0,6.6,6.2,32.9,32.31,24.5541,35.3,60.67,46.4,26.299999999999997,0.0,4.6,88.84026258205688,88.84026258205688,66.93271166220246,77.63885248958005,32.9,31.299999999999997,66.53662362920585,0.0,0.0,13.0,13.0,5.0,12.0,15.0,12.0,15.0,7.0,-0.5642676303988472,376.0000000001819,-0.5400000000001486,8.0,6.0,0.5714285714285714,0.6428571428571429,0.4,0.0,0.8,0.3333333333333333
IT,2023,18.7,18.9,7.7,32630.0,4.7,25657.3,37700.0,5.7,5.0,28.8,32.63,25.6573,37.7,56.91,46.6,27.700000000000003,0.0,4.2,88.84026258205688,88.84026258205688,78.23280590230448,89.67963927221737,32.9,31.799999999999997,71.7880873246923,0.0,0.0,13.0,13.0,5.0,13.0,16.0,13.0,16.0,8.0,-1.3135384084516104,810.9999999998796,-0.5599999999999526,9.0,7.0,0.6,0.6666666666666666,0.4375,0.0,0.8125,0.25
IT,2024,18.7,18.9,6.5,32900.0,4.6,26638.5,39100.0,5.1,5.3,29.9,32.9,26.6385,39.1,55.43,46.8,27.9,0.0,3.3,88.84026258205688,88.84026258205688,87.62712656708328,99.81465247953147,32.9,31.799999999999997,74.40627705143442,0.0,0.0,13.0,13.0,5.0,14.0,17.0,14.0,17.0,8.0,-0.915243214711732,1146.9999999999068,-0.7399999999998916,9.0,8.0,0.5625,0.6875,0.47058823529411764,0.0,0.8235294117647058,0.20833333333333334
LT,2015,28.9,22.2,9.1,14630.0,14.6,14729.4,20700.0,9.1,9.8,53.2,14.63,14.7294,20.7,36.65,42.8,20.6,0.0,3.9,29.588607594936704,29.588607594936704,62.6341566388316,62.6341566388316,5.6,16.0,28.57225758795032,0.0,0.0,3.0,3.0,1.0,0.0,0.0,6.0,6.0,2.0,3.729934338120348,625.0000000000521,-1.5300000000001317,3.0,4.0,0.42857142857142855,0.14285714285714285,0.5,0.125,0.375,0.3333333333333333
LT,2016,29.6,21.9,7.9,15200.0,15.4,15341.4,21400.0,7.8,10.7,53.2,15.2,15.3414,21.4,36.11,42.0,20.1,0.0,3.0,29.588607594936704,29.588607594936704,62.6341566388316,62.6341566388316,5.6,16.0,28.57225758795032,0.0,0.0,3.0,3.0,1.0,0.0,0.0,6.0,6.0,2.0,4.9557049534694695,589.0000000001494,-1.3700000000003585,3.0,4.0,0.375,0.125,0.4444444444444444,0.1111111111111111,0.3333333333333333,0.3333333333333333
LT,2017,28.200000000000003,22.9,7.1,16090.0,14.4,16243.5,23100.0,7.2,8.7,50.6,16.09,16.2435,23.1,38.13,42.3,19.4,0.0,2.7,29.588607594936704,29.588607594936704,62.6341566388316,62.6341566388316,5.6,16.0,28.57225758795032,0.0,0.0,3.0,3.0,1.0,0.0,0.0,6.0,6.0,2.0,5.598377346792991,631.9999999999092,-1.2199999999998352,3.0,4.0,0.3333333333333333,0.1111111111111111,0.4,0.1,0.3,0.25
LT,2018,23.4,22.9,6.2,17030.0,12.0,17087.4,24700.0,5.6,10.3,48.8,17.03,17.087400000000002,24.7,38.59,41.8,18.9,0.0,2.0,29.588607594936704,29.588607594936704,62.6341566388316,62.6341566388316,5.6,16.0,28.57225758795032,0.0,0.0,3.0,3.0,1.0,0.0,0.0,6.0,6.0,2.0,5.973876735575633,731.9999999998349,-1.0999999999998151,3.0,4.0,0.3,0.1,0.36363636363636365,0.09090909090909091,0.2727272727272727,0.24
LT,2019,19.0,20.6,6.3,17870.0,9.7,17999.4,26400.0,4.8,8.2,46.8,17.87,17.9994,26.4,38.42,42.9,22.299999999999997,0.0,1.9,29.588607594936704,29.588607594936704,62.6341566388316,62.6341566388316,5.6,16.0,28.57225758795032,0.0,0.0,3.0,3.0,1.0,0.0,0.0,6.0,6.0,2.0,6.707360655809476,830.9999999999831,-0.7299999999999999,3.0,4.0,0.2727272727272727,0.09090909090909091,0.3333333333333333,0.08333333333333333,0.25,0.125
LT,2020,15.1,20.9,8.5,17890.0,8.1,17653.6,26400.0,2.7,7.1,41.8,17.89,17.653599999999997,26.4,37.75,41.0,20.1,0.0,2.5,29.588607594936704,29.588607594936704,62.6341566388316,62.6341566388316,5.6,16.0,28.57225758795032,0.0,0.0,3.0,3.0,1.0,0.0,0.0,6.0,6.0,2.0,7.369396644043479,715.9999999999598,0.0400000000000528,4.0,4.0,0.3333333333333333,0.16666666666666666,0.3076923076923077,0.07692307692307693,0.23076923076923078,0.25
LT,2021,12.9,20.0,7.1,19040.0,6.4,19590.7,29300.0,2.7,6.6,36.4,19.04,19.5907,29.3,37.28,42.5,22.5,0.0,2.6,29.588607594936704,29.588607594936704,62.6341566388316,62.6341566388316,5.6,16.0,28.57225758795032,0.0,0.0,3.0,3.0,1.0,0.0,0.0,6.0,6.0,2.0,8.150346629449805,676.0000000001131,0.2300000000000661,4.0,4.0,0.3076923076923077,0.15384615384615385,0.2857142857142857,0.07142857142857142,0.21428571428571427,0.28
LT,2022,12.6,20.9,6.0,19350.0,6.0,21102.0,31300.0,3.5,6.0,39.3,19.35,21.102,31.3,36.43,40.7,19.800000000000004,0.0,2.3,29.588607594936704,29.588607594936704,62.6341566388316,71.56973100507363,5.6,16.0,28.57225758795032,0.0,0.0,3.0,3.0,1.0,0.0,1.0,6.0,6.0,3.0,5.125749664528728,581.0000000001677,0.0399999999999647,4.0,4.0,0.2857142857142857,0.14285714285714285,0.26666666666666666,0.06666666666666667,0.2,0.28
LT,2023,13.4,20.6,6.9,19220.0,6.1,21947.9,32900.0,5.2,7.1,40.5,19.22,21.9479,32.9,35.47,40.9,20.299999999999997,0.6718346253229974,2.3,29.588607594936704,30.260442220259705,62.6341566388316,76.19217309484173,5.6,16.0,28.57225758795032,0.0,1.0,3.0,3.0,2.0,0.0,2.0,6.0,6.0,3.0,2.426841475502185,415.9999999999485,-0.1299999999999257,4.0,4.0,0.26666666666666666,0.13333333333333333,0.25,0.0625,0.1875,0.16
LT,2024,11.4,21.5,7.1,19690.0,6.1,23259.0,34900.0,6.2,5.0,41.3,19.69,23.259,34.9,36.68,40.3,18.799999999999997,0.0,2.3,29.588607594936704,30.260442220259705,62.6341566388316,76.19217309484173,5.6,16.0,28.57225758795032,0.0,0.0,3.0,3.0,2.0,0.0,0.0,6.0,6.0,3.0,2.2720418517812897,377.99999999997425,-0.3000000000000237,4.0,4.0,0.25,0.1875,0.23529411764705882,0.058823529411764705,0.17647058823529413,0.2
LU,2015,12.4,15.3,6.7,102530.0,2.5,32740.4,77600.0,6.0,5.2,23.0,102.53,32.7404,77.6,159.12,44.7,29.4,4.061008702161504,1.9,30.663422850191807,30.663422850191807,0.8940846520989965,6.4919559083452185,3.200000000000002,2.4000000000000004,9.368411295540495,7.0,7.0,7.0,7.0,3.0,0.0,0.0,1.0,4.0,2.0,0.8083045208334474,163.00000000001032,0.4400000000000383,0.0,0.0,0.0,0.0,0.0,0.0,0.0,0.041666666666666664
LU,2016,12.4,15.8,6.3,104920.0,2.0,33041.0,78500.0,7.0,6.6,21.9,104.92,33.041,78.5,165.01,44.4,28.6,1.8246467671002151,2.2,32.48806961729203,32.48806961729203,0.8940846520989965,6.4919559083452185,4.400000000000002,3.4000000000000004,14.928413709669186,8.0,8.0,8.0,8.0,3.0,0.0,0.0,1.0,4.0,2.0,1.2797895454481885,748.000000000244,0.3200000000000609,0.0,0.0,0.0,0.0,0.0,0.0,0.1111111111111111,0.125
LU,2017,12.6,16.4,5.5,104020.0,1.9,33906.5,78900.0,7.1,3.0,20.4,104.02,33.9065,78.9,165.4,44.9,28.5,2.666791428838776,2.1,35.154861046130804,35.154861046130804,0.8940846520989965,6.4919559083452185,4.8000000000000025,4.300000000000001,14.928413709669186,9.0,9.0,9.0,9.0,4.0,0.0,0.0,1.0,4.0,2.0,1.1422798563697178,668.9999999999095,-0.0399999999999756,0.0,0.0,0.0,0.0,0.0,0.0,0.1,0.08333333333333333
LU,2018,12.8,16.7,5.6,103640.0,1.6,34603.1,79000.0,9.3,,19.7,103.64,34.6031,79.0,172.97,47.4,30.7,3.022363619350613,1.4,38.17722466548142,38.17722466548142,0.8940846520989965,6.4919559083452185,5.3000000000000025,4.500000000000001,19.767775241471412,10.0,10.0,10.0,10.0,5.0,0.0,0.0,1.0,4.0,2.0,1.0598317484307762,426.99999999998454,-0.1799999999999143,0.0,0.0,0.0,0.0,0.0,0.0,0.18181818181818182,0.12
LU,2019,10.5,17.5,5.6,104310.0,1.4,34793.5,78700.0,10.1,,16.7,104.31,34.7935,78.7,172.55,46.1,28.6,2.395433704500795,1.3,40.57265836998221,40.57265836998221,0.8940846520989965,6.4919559083452185,5.8000000000000025,4.6000000000000005,21.042187500189797,11.0,11.0,11.0,11.0,5.0,0.0,0.0,1.0,4.0,2.0,0.8462453045533139,228.00000000000577,-0.2900000000000061,0.0,0.0,0.0,0.0,0.0,0.0,0.25,0.125
LU,2020,12.4,17.4,6.8,102190.0,1.7,32429.9,77900.0,8.5,4.9,22.5,102.19,32.4299,77.9,170.46,47.4,30.0,4.379152241040517,1.7,44.95181061102272,44.95181061102272,0.8940846520989965,6.4919559083452185,7.500000000000003,5.1000000000000005,21.042187500189797,12.0,12.0,12.0,12.0,6.0,0.0,0.0,1.0,4.0,2.0,0.8675458341450428,-516.999999999975,0.1100000000000256,0.0,0.0,0.0,0.0,0.0,0.0,0.3076923076923077,0.125
LU,2021,10.0,18.1,5.3,107570.0,2.4,35615.9,87100.0,5.1,6.6,21.3,107.57,35.6159,87.1,180.75,42.9,24.799999999999997,0.0,1.8,44.95181061102272,44.95181061102272,0.8940846520989965,6.4919559083452185,7.700000000000003,5.700000000000001,21.042187500189797,0.0,0.0,12.0,12.0,6.0,0.0,0.0,1.0,4.0,2.0,1.0356887623809918,565.0000000001804,0.0799999999999999,0.0,0.0,0.0,0.0,0.0,0.0,0.2857142857142857,0.08
LU,2022,5.8,17.3,4.6,104100.0,2.0,39260.1,90400.0,9.0,7.2,18.8,104.1,39.2601,90.4,182.52,40.9,23.6,3.225806451612903,1.3,47.543744736595855,48.17761706263562,0.8940846520989965,10.230647907861638,7.700000000000003,5.800000000000001,21.042187500189797,1.0,1.0,12.0,12.0,7.0,0.0,1.0,1.0,4.0,3.0,0.2074276937229045,418.0000000001589,-0.2300000000001121,0.0,0.0,0.0,0.0,0.0,0.0,0.26666666666666666,0.08
LU,2023,6.1,18.8,5.2,102250.0,2.5,41830.6,95100.0,11.5,8.7,24.1,102.25,41.8306,95.1,169.04,40.9,22.1,4.945616807660128,1.7,51.86675400018713,53.12323387029575,0.8940846520989965,10.230647907861638,7.800000000000003,6.300000000000001,21.042187500189797,2.0,2.0,12.0,12.0,8.0,0.0,0.0,1.0,4.0,3.0,0.6222440743091512,-221.00000000005303,-0.2999999999999296,0.0,0.0,0.0,0.0,0.0,0.0,0.25,0.08
LU,2024,8.5,18.1,6.4,101000.0,2.3,43699.3,97700.0,8.0,8.5,22.5,101.0,43.6993,97.7,164.64,40.5,22.4,6.107650832016361,1.6,57.35940862730419,59.23088470231211,0.8940846520989965,10.230647907861638,9.100000000000003,6.700000000000001,21.042187500189797,3.0,3.0,12.0,12.0,9.0,0.0,0.0,1.0,4.0,3.0,0.9410107910275806,-769.9999999997791,-0.0900000000000525,0.0,0.0,0.0,0.0,0.0,0.0,0.23529411764705882,0.12
LV,2015,42.7,22.5,9.9,13750.0,15.4,11643.3,17400.0,8.1,18.0,60.4,13.75,11.6433,17.4,44.36,40.9,18.4,0.0,4.9,47.67441860465118,47.67441860465118,83.35418954698032,83.35418954698032,2.0,14.5,47.051719565224346,0.0,0.0,5.0,5.0,2.0,0.0,0.0,6.0,6.0,3.0,5.6924848407605415,552.0000000000493,-1.7000000000001323,4.0,5.0,0.5714285714285714,0.5714285714285714,0.625,0.25,0.5,0.2916666666666667
LV,2016,39.3,21.8,9.7,14230.0,12.6,12193.4,17900.0,7.0,14.9,60.0,14.23,12.1934,17.9,39.76,40.2,18.4,0.0,4.4,47.67441860465118,47.67441860465118,83.35418954698032,83.35418954698032,2.0,14.5,47.051719565224346,0.0,0.0,5.0,5.0,2.0,0.0,0.0,6.0,6.0,3.0,6.345391648190338,474.000000000137,-1.2800000000001923,4.0,5.0,0.5,0.5,0.5555555555555556,0.2222222222222222,0.4444444444444444,0.16666666666666666
LV,2017,40.5,22.1,8.7,14850.0,12.9,12881.1,19000.0,6.9,14.0,59.9,14.85,12.8811,19.0,37.45,39.9,17.799999999999997,0.0,3.6,47.67441860465118,47.67441860465118,83.35418954698032,83.35418954698032,2.0,14.5,47.051719565224346,0.0,0.0,5.0,5.0,2.0,0.0,0.0,6.0,6.0,3.0,6.492918952640355,528.9999999999212,-0.7599999999999044,4.0,5.0,0.4444444444444444,0.4444444444444444,0.5,0.2,0.4,0.375
LV,2018,32.1,23.3,7.4,15610.0,10.4,13535.4,20200.0,6.7,13.8,55.3,15.61,13.5354,20.2,33.87,39.1,15.8,0.0,3.4,47.67441860465118,47.67441860465118,83.35418954698032,83.35418954698032,2.0,14.5,47.051719565224346,0.0,0.0,5.0,5.0,2.0,0.0,0.0,6.0,6.0,3.0,6.085431613592109,603.999999999875,-0.819999999999821,4.0,5.0,0.4,0.4,0.45454545454545453,0.18181818181818182,0.36363636363636365,0.28
LV,2019,25.0,22.9,6.3,15820.0,7.5,13933.3,20900.0,5.4,9.9,49.8,15.82,13.9333,20.9,32.7,39.3,16.4,0.0,2.7,47.67441860465118,47.67441860465118,83.35418954698032,83.35418954698032,2.0,14.5,47.051719565224346,0.0,0.0,5.0,5.0,2.0,0.0,0.0,6.0,6.0,3.0,5.110012512866392,551.999999999992,-0.949999999999974,4.0,5.0,0.36363636363636365,0.36363636363636365,0.4166666666666667,0.16666666666666666,0.3333333333333333,0.375
LV,2020,24.2,21.6,8.1,15370.0,7.0,13576.0,20900.0,4.8,9.7,45.6,15.37,13.576,20.9,32.13,38.4,16.799999999999997,2.8445006321112514,2.4,47.67441860465118,50.51891923676243,83.35418954698032,83.35418954698032,2.0,14.5,47.051719565224346,0.0,1.0,5.0,5.0,3.0,0.0,0.0,6.0,6.0,3.0,4.183607698354398,324.9999999999636,-0.5599999999999412,5.0,5.0,0.4166666666666667,0.3333333333333333,0.38461538461538464,0.15384615384615385,0.3076923076923077,0.25
LV,2021,20.1,23.4,7.6,16580.0,5.3,15658.9,23500.0,4.9,7.2,41.7,16.58,15.6589,23.5,32.72,40.5,17.1,0.0,2.3,47.67441860465118,50.51891923676243,83.35418954698032,83.35418954698032,2.0,14.5,47.051719565224346,0.0,0.0,5.0,5.0,3.0,0.0,0.0,6.0,6.0,3.0,4.040533933653523,322.0000000000565,-0.1499999999999626,5.0,5.0,0.38461538461538464,0.3076923076923077,0.35714285714285715,0.14285714285714285,0.2857142857142857,0.28
LV,2022,23.9,22.5,6.9,16890.0,7.8,17327.4,24900.0,5.4,6.9,44.1,16.89,17.3274,24.9,31.0,40.7,18.200000000000003,0.0,2.0,47.67441860465118,50.51891923676243,83.35418954698032,88.01246695926378,2.0,14.5,47.051719565224346,0.0,0.0,5.0,5.0,3.0,0.0,1.0,6.0,6.0,4.0,2.22063738261094,332.0000000001227,0.0300000000000446,6.0,5.0,0.42857142857142855,0.2857142857142857,0.3333333333333333,0.13333333333333333,0.26666666666666666,0.48
LV,2023,24.0,22.5,6.5,16770.0,6.2,18304.1,26800.0,7.2,7.9,44.8,16.77,18.3041,26.8,30.9,40.6,18.1,0.7104795737122558,1.8,47.67441860465118,51.22939881047468,83.35418954698032,96.51183868163572,2.0,14.5,47.051719565224346,0.0,1.0,5.0,5.0,4.0,0.0,2.0,6.0,6.0,5.0,0.0785619783261407,341.99999999994986,-0.0799999999999779,6.0,5.0,0.4,0.26666666666666666,0.3125,0.125,0.25,0.44
LV,2024,23.299999999999997,21.6,6.9,16910.0,5.3,19157.8,27500.0,6.7,7.5,45.3,16.91,19.1578,27.5,31.27,37.8,16.199999999999996,0.0,2.2,47.67441860465118,51.22939881047468,83.35418954698032,96.51183868163572,2.0,14.5,47.051719565224346,0.0,0.0,5.0,5.0,4.0,0.0,0.0,6.0,6.0,5.0,0.7338061800678803,326.99999999998533,-0.3499999999999658,6.0,5.0,0.375,0.25,0.29411764705882354,0.17647058823529413,0.23529411764705882,0.44
MT,2015,21.6,16.6,5.4,25520.0,8.2,16230.4,27600.0,1.1,10.9,21.4,25.52,16.2304,27.6,92.5,37.4,20.799999999999997,0.0,2.7,2.1435692921236296,2.1435692921236296,0.0567223833256775,2.8150143983456815,0.0,3.7,0.0,0.0,0.0,1.0,1.0,1.0,0.0,0.0,1.0,2.0,1.0,2.0142608973441196,1162.0000000000982,-0.2500000000000213,0.0,0.0,0.0,0.0,0.0,0.0,0.0,0.125
MT,2016,19.9,16.5,4.7,25960.0,5.2,16494.2,28500.0,1.4,10.4,20.8,25.96,16.4942,28.5,90.64,37.7,21.200000000000003,0.0,2.4,2.1435692921236296,2.1435692921236296,0.0567223833256775,2.8150143983456815,0.0,3.7,0.0,0.0,0.0,1.0,1.0,1.0,0.0,0.0,1.0,2.0,1.0,2.895511014755476,1176.000000000318,-0.3700000000001192,0.0,0.0,0.0,0.0,0.0,0.0,0.0,0.16666666666666666
MT,2017,16.1,16.7,4.0,28530.0,4.3,17037.5,31400.0,1.4,6.5,15.6,28.53,17.0375,31.4,99.65,37.5,20.8,0.0,2.0,2.1435692921236296,2.1435692921236296,0.0567223833256775,2.8150143983456815,0.0,3.7,0.0,0.0,0.0,1.0,1.0,1.0,0.0,0.0,1.0,2.0,1.0,3.3644824798835797,1397.9999999997892,-0.5199999999999189,0.0,0.0,0.0,0.0,0.0,0.0,0.0,0.041666666666666664
MT,2018,14.1,16.8,4.0,29510.0,4.7,18006.3,32600.0,1.7,8.1,13.9,29.51,18.0063,32.6,99.31,37.0,20.2,0.0,1.9,2.1435692921236296,2.1435692921236296,0.0567223833256775,2.8150143983456815,0.0,3.7,0.0,0.0,0.0,1.0,1.0,1.0,0.0,0.0,1.0,2.0,1.0,4.092575613963444,1434.9999999996926,-0.4799999999999042,0.0,0.0,0.0,0.0,0.0,0.0,0.0,0.04
MT,2019,12.3,17.1,4.1,29480.0,5.0,18707.2,33400.0,2.6,7.8,15.1,29.48,18.7072,33.4,102.2,36.8,19.699999999999996,0.1016604540833615,1.0,2.1435692921236296,2.245229746206988,0.0567223833256775,2.8150143983456815,0.0,3.7,0.0,0.0,1.0,1.0,1.0,2.0,0.0,0.0,1.0,2.0,1.0,4.090843805698103,1146.9999999999968,-0.3300000000000076,0.0,0.0,0.0,0.0,0.0,0.0,0.0,0.16666666666666666
MT,2020,15.4,16.9,4.9,27870.0,5.1,17380.8,31900.0,2.8,7.0,16.3,27.87,17.3808,31.9,103.28,35.1,18.200000000000003,5.557438156557099,1.3,2.1435692921236296,7.802667902764085,0.0567223833256775,2.8150143983456815,0.0,3.7,0.0,0.0,2.0,1.0,2.0,3.0,0.0,0.0,1.0,2.0,1.0,3.579063898048717,476.99999999989853,0.0500000000000238,0.0,0.0,0.0,0.0,0.0,0.0,0.0,0.041666666666666664
MT,2021,15.4,16.9,3.8,31420.0,5.4,18948.5,36200.0,2.7,7.8,15.7,31.42,18.9485,36.2,99.88,36.2,19.300000000000004,0.0,1.0,2.1435692921236296,7.802667902764085,0.0567223833256775,2.8150143983456815,0.0,3.7,0.0,0.0,0.0,1.0,2.0,3.0,0.0,0.0,1.0,2.0,1.0,3.531142822307957,414.0000000001028,0.0499999999999971,0.0,0.0,0.0,0.0,0.0,0.0,0.0,0.04
MT,2022,21.4,16.7,3.5,31390.0,4.9,20328.8,37400.0,2.9,6.1,15.4,31.39,20.3288,37.4,97.38,35.1,18.4,0.0954805856142584,1.2,2.1435692921236296,7.8981484883783395,0.0567223833256775,2.8150143983456815,0.0,3.7,0.0,0.0,1.0,1.0,2.0,4.0,0.0,0.0,1.0,2.0,1.0,2.6222704511395936,570.0000000002525,-0.1300000000000727,0.0,0.0,0.0,0.0,0.0,0.0,0.0,0.08
MT,2023,16.6,16.6,3.5,33380.0,4.1,23054.8,41900.0,6.0,5.7,15.9,33.38,23.0548,41.9,89.81,33.6,17.0,0.0,0.8,2.1435692921236296,7.8981484883783395,0.0567223833256775,6.8698738327687465,0.0,3.7,0.0,0.0,0.0,1.0,2.0,4.0,0.0,1.0,1.0,2.0,2.0,1.2193957629731107,1131.9999999999118,-0.2599999999999589,0.0,0.0,0.0,0.0,0.0,0.0,0.0,0.08
MT,2024,17.3,16.9,3.2,34480.0,4.3,24129.1,43900.0,5.9,5.9,18.3,34.48,24.1291,43.9,83.88,32.7,15.800000000000004,0.0,0.7,2.1435692921236296,7.8981484883783395,0.0567223833256775,6.8698738327687465,0.0,3.7,0.0,0.0,0.0,1.0,2.0,4.0,0.0,0.0,1.0,2.0,2.0,1.3779860641175283,1517.999999999808,-0.3699999999999725,0.0,0.0,0.0,0.0,0.0,0.0,0.0,0.12
NL,2015,12.9,11.6,7.9,45530.0,3.2,22810.0,36600.0,14.9,5.7,22.9,45.53,22.81,36.6,225.97,39.1,27.5,0.9355961705831156,2.7,20.40905134899911,20.40905134899911,0.8647979983847023,7.044159255140173,10.999999999999996,6.5,9.985518622490943,7.0,7.0,7.0,7.0,3.0,0.0,6.0,2.0,6.0,5.0,-0.0360270434709676,151.00000000001202,0.5400000000000368,0.0,0.0,0.0,0.0,0.0,0.0,0.125,0.041666666666666664
NL,2016,12.6,12.7,7.0,46380.0,2.6,22703.8,36900.0,10.7,5.0,22.5,46.38,22.7038,36.9,222.99,38.4,25.7,0.0,2.3,20.40905134899911,20.40905134899911,0.8647979983847023,7.044159255140173,12.599999999999998,7.9,9.985518622490943,0.0,0.0,7.0,7.0,3.0,0.0,0.0,2.0,6.0,5.0,0.5282802857298805,532.0000000001968,0.0099999999998757,0.0,0.0,0.0,0.0,0.0,0.0,0.1111111111111111,0.041666666666666664
NL,2017,11.5,13.2,5.9,47390.0,2.6,23638.5,38500.0,9.4,4.6,20.7,47.39,23.6385,38.5,224.27,37.9,24.7,0.0,1.7,20.40905134899911,20.40905134899911,0.8647979983847023,7.455248750064712,13.099999999999998,8.700000000000001,9.985518622490943,0.0,0.0,7.0,7.0,3.0,0.0,1.0,2.0,6.0,6.0,0.6305066552509533,791.9999999998784,-0.5999999999998764,0.0,0.0,0.0,0.0,0.0,0.0,0.1,0.041666666666666664
NL,2018,10.0,13.3,4.9,48180.0,2.6,24461.9,39900.0,9.4,3.8,21.5,48.18,24.4619,39.9,217.84,37.9,24.6,0.0,1.2,20.40905134899911,20.40905134899911,0.8647979983847023,7.455248750064712,13.099999999999998,9.0,9.985518622490943,0.0,0.0,7.0,7.0,3.0,0.0,0.0,2.0,6.0,6.0,0.4842682411060727,865.9999999998187,-0.8999999999997955,0.0,0.0,0.0,0.0,0.0,0.0,0.09090909090909091,0.04
NL,2019,10.1,13.2,4.4,48970.0,2.8,24584.2,40500.0,9.9,4.0,21.9,48.97,24.5842,40.5,209.84,37.3,24.1,0.0,0.9,20.40905134899911,20.40905134899911,0.8647979983847023,7.455248750064712,13.099999999999998,9.0,9.985518622490943,0.0,0.0,7.0,7.0,3.0,0.0,0.0,2.0,6.0,6.0,0.5198793294552911,867.9999999999849,-0.9099999999999898,0.0,0.0,0.0,0.0,0.0,0.0,0.08333333333333333,0.16666666666666666
NL,2020,7.5,13.4,4.9,46810.0,2.2,24051.6,40000.0,8.3,3.2,19.1,46.81,24.051599999999997,40.0,209.34,37.2,23.800000000000004,4.41086379415969,0.7,20.40905134899911,24.81991514315881,0.8647979983847023,7.455248750064712,13.099999999999998,9.0,9.985518622490943,0.0,1.0,7.0,7.0,4.0,0.0,0.0,2.0,6.0,6.0,0.840882936963725,243.99999999994807,-0.5699999999999477,0.0,0.0,0.0,0.0,0.0,0.0,0.07692307692307693,0.041666666666666664
NL,2021,5.6,14.4,4.2,49490.0,2.1,26278.2,43700.0,8.3,2.6,15.1,49.49,26.2782,43.7,206.69,37.9,23.5,0.0,0.8,20.40905134899911,24.81991514315881,0.8647979983847023,7.535487891093666,13.099999999999998,9.0,9.985518622490943,0.0,0.0,7.0,7.0,4.0,0.0,1.0,2.0,6.0,7.0,1.1467950486308427,283.00000000004394,-0.3400000000000382,0.0,0.0,0.0,0.0,0.0,0.0,0.07142857142857142,0.04
NL,2022,6.9,14.5,3.5,51480.0,2.5,29426.6,48500.0,10.0,2.9,14.6,51.48,29.426599999999997,48.5,197.12,36.9,22.4,0.0,0.7,20.40905134899911,24.81991514315881,2.762015098814203,15.172877136910104,13.099999999999998,9.0,9.985518622490943,0.0,0.0,7.0,7.0,4.0,1.0,2.0,2.0,6.0,8.0,-0.5422617091297391,712.0000000002618,-0.3000000000000926,0.0,1.0,0.0,0.0,0.06666666666666667,0.0,0.06666666666666667,0.12
NL,2023,7.3,13.0,3.6,50660.0,2.7,31056.8,50200.0,9.3,2.6,15.9,50.66,31.0568,50.2,183.17,37.0,24.0,1.592851592851593,0.5,20.40905134899911,26.412766736010397,2.9399357141669213,21.090969897649757,13.099999999999998,9.0,9.985518622490943,0.0,1.0,7.0,7.0,5.0,2.0,3.0,2.0,6.0,8.0,-1.3374899671018896,804.9999999998463,-0.2999999999999542,0.0,1.0,0.0,0.0,0.0625,0.0,0.0625,0.04
NL,2024,7.3,12.1,3.7,50870.0,3.1,32491.2,53400.0,6.9,3.9,16.9,50.87,32.4912,53.4,180.46,36.6,24.5,1.184926184926185,0.5,20.40905134899911,27.59769292093658,2.9399357141669213,23.744900772747457,13.099999999999998,9.0,9.985518622490943,0.0,2.0,7.0,7.0,5.0,0.0,4.0,2.0,6.0,8.0,-1.1145715369906288,928.9999999999684,-0.299999999999985,0.0,1.0,0.0,0.0,0.058823529411764705,0.0,0.058823529411764705,0.04
PL,2015,29.4,17.6,7.7,11870.0,7.8,13384.2,19400.0,8.7,11.0,42.3,11.87,13.3842,19.4,56.59,43.6,26.0,0.0,3.0,0.0,0.0,65.90703632167292,65.90703632167292,7.699999999999999,6.8,0.0,0.0,0.0,0.0,0.0,0.0,7.0,7.0,7.0,7.0,3.0,1.0231829348392516,290.00000000002564,-0.5800000000000521,0.0,2.0,0.0,0.0,0.25,1.0,0.0,0.16666666666666666
PL,2016,24.799999999999997,17.3,6.3,12240.0,5.4,13575.4,19700.0,7.7,11.0,37.9,12.24,13.5754,19.7,56.8,43.1,25.8,0.0,2.2,0.0,0.0,69.71632074478256,69.71632074478256,7.699999999999999,6.8,0.0,0.0,0.0,0.0,0.0,0.0,8.0,8.0,8.0,8.0,3.0,1.7469662619504092,374.0000000001204,-1.110000000000389,0.0,2.0,0.0,0.0,0.2222222222222222,1.0,0.0,0.16666666666666666
PL,2017,22.1,15.0,5.0,12870.0,5.3,14367.3,20700.0,6.7,10.3,34.8,12.87,14.367299999999998,20.7,55.06,43.6,28.6,0.0,1.5,0.0,0.0,69.71632074478256,69.71632074478256,7.699999999999999,6.8,0.0,0.0,0.0,0.0,0.0,0.0,0.0,0.0,8.0,8.0,3.0,2.7614314066509316,475.9999999999312,-1.409999999999808,0.0,2.0,0.0,0.0,0.2,1.0,0.0,0.20833333333333334
PL,2018,18.6,14.8,3.9,13680.0,4.5,15060.5,21900.0,6.2,7.7,31.7,13.68,15.0605,21.9,55.69,44.4,29.6,0.0,1.0,0.0,0.0,69.71632074478256,69.71632074478256,7.699999999999999,6.8,0.0,0.0,0.0,0.0,0.0,0.0,0.0,0.0,8.0,8.0,3.0,3.9373009847049985,563.9999999998759,-1.3299999999997485,0.0,2.0,0.0,0.0,0.18181818181818182,1.0,0.0,0.16
PL,2019,15.7,15.4,3.3,14310.0,3.5,15778.5,23300.0,6.0,7.4,29.3,14.31,15.7785,23.3,55.23,43.9,28.5,0.0,0.7,0.0,0.0,69.71632074478256,69.71632074478256,7.699999999999999,6.8,0.0,0.0,0.0,0.0,0.0,0.0,0.0,0.0,8.0,8.0,3.0,4.475959870040599,631.9999999999854,-1.1199999999999912,0.0,2.0,0.0,0.0,0.16666666666666666,1.0,0.0,0.25
PL,2020,15.9,14.8,3.2,14310.0,2.6,16012.3,23900.0,4.9,5.5,25.7,14.31,16.0123,23.9,52.66,43.9,29.1,0.0,0.6,0.0,0.0,69.71632074478256,72.02080842383842,7.699999999999999,6.8,0.0,0.0,0.0,0.0,0.0,0.0,0.0,1.0,8.0,8.0,4.0,3.526773780495302,557.9999999999686,-0.7899999999999434,0.0,2.0,0.0,0.0,0.15384615384615385,1.0,0.0,0.2916666666666667
PL,2021,13.7,14.8,3.4,15380.0,2.9,17531.9,26200.0,5.7,7.0,24.5,15.38,17.5319,26.2,53.55,43.7,28.9,0.0,0.9,0.0,0.0,69.71632074478256,77.77007419972189,7.699999999999999,6.8,0.0,0.0,0.0,0.0,0.0,0.0,0.0,2.0,8.0,8.0,5.0,0.7138842853207288,565.000000000097,-0.3900000000000343,0.0,2.0,0.0,0.0,0.14285714285714285,1.0,0.0,0.32
PL,2022,15.3,13.7,2.9,15840.0,2.8,19189.4,28100.0,5.6,6.0,27.1,15.84,19.189400000000003,28.1,44.62,43.4,29.7,0.0,0.9,0.0,0.0,69.71632074478256,87.07273282313565,7.699999999999999,6.8,0.0,0.0,0.0,0.0,0.0,0.0,0.0,3.0,8.0,8.0,6.0,-1.8954195639130695,539.0000000001644,-0.190000000000032,0.0,2.0,0.0,0.0,0.13333333333333333,1.0,0.0,0.32
PL,2023,15.1,14.0,2.8,15950.0,3.0,20101.3,29500.0,5.9,5.1,25.7,15.95,20.1013,29.5,39.02,42.7,28.700000000000003,0.0,0.8,0.0,0.0,69.71632074478256,89.82675619835513,7.699999999999999,6.8,0.0,0.0,0.0,0.0,0.0,0.0,0.0,4.0,8.0,8.0,6.0,-1.2506217694793629,480.9999999999473,-0.1299999999999884,0.0,2.0,0.0,0.0,0.125,1.0,0.0,0.32
PL,2024,11.5,13.8,2.9,16510.0,2.3,21610.1,31500.0,5.2,4.2,22.8,16.51,21.6101,31.5,36.43,45.4,31.6,0.0,0.8,0.0,0.0,69.71632074478256,89.82675619835513,7.699999999999999,6.8,0.0,0.0,0.0,0.0,0.0,0.0,0.0,0.0,8.0,8.0,6.0,3.4742568920286856,496.9999999999519,-0.1199999999999847,0.0,2.0,0.0,0.0,0.11764705882352941,1.0,0.0,0.28
PT,2015,40.400000000000006,19.5,13.0,18920.0,10.9,15936.2,21200.0,9.1,10.2,40.7,18.92,15.9362,21.2,107.42,47.5,28.0,4.251012145748988,7.4,32.54048582995952,32.54048582995952,21.857640901203467,44.346475233759904,20.300000000000004,18.0,21.3617516807836,7.0,7.0,7.0,7.0,4.0,5.0,5.0,5.0,5.0,4.0,-0.8095853087342075,-23.000000000003833,-0.3000000000000194,4.0,0.0,0.5714285714285714,0.5714285714285714,0.0,0.0,0.375,0.25
PT,2016,36.7,19.0,11.5,19350.0,9.1,16332.4,21900.0,7.5,9.3,38.3,19.35,16.3324,21.9,101.84,46.1,27.1,2.074898785425101,6.4,34.61538461538463,34.61538461538463,26.96615432044281,53.91133458888339,20.600000000000005,19.6,21.945250200612804,8.0,8.0,8.0,8.0,4.0,6.0,6.0,6.0,6.0,4.0,0.0824685675244423,247.00000000009345,-1.440000000000491,5.0,0.0,0.625,0.625,0.0,0.0,0.3333333333333333,0.16666666666666666
PT,2017,33.599999999999994,18.3,9.2,20020.0,8.0,16604.9,22600.0,6.7,7.7,36.9,20.02,16.6049,22.6,99.45,45.2,26.9,0.0,4.6,34.61538461538463,34.61538461538463,31.552575313537915,62.95410151786264,20.600000000000005,19.6,21.945250200612804,0.0,0.0,8.0,8.0,4.0,7.0,7.0,7.0,7.0,4.0,-0.1756359507880113,416.9999999999312,-1.909999999999758,5.0,0.0,0.5555555555555556,0.6666666666666666,0.0,0.0,0.4,0.125
PT,2018,29.200000000000003,17.3,7.2,20620.0,6.6,17246.3,23500.0,5.7,6.6,34.7,20.62,17.246299999999998,23.5,95.31,43.7,26.4,0.0,3.2,34.61538461538463,34.61538461538463,33.163134625361096,69.02100676556996,20.600000000000005,19.6,21.945250200612804,0.0,0.0,8.0,8.0,4.0,8.0,8.0,8.0,8.0,4.0,0.8321341819404765,521.9999999998829,-1.859999999999598,5.0,0.0,0.5,0.6,0.0,0.0,0.45454545454545453,0.08
PT,2019,25.799999999999997,17.2,6.6,21150.0,5.6,17927.9,24500.0,5.7,5.8,33.0,21.15,17.9279,24.5,91.81,43.4,26.2,0.0,2.8,34.61538461538463,34.61538461538463,33.163134625361096,70.25005797054423,20.600000000000005,19.6,21.945250200612804,0.0,0.0,8.0,8.0,4.0,0.0,9.0,8.0,9.0,4.0,2.106456732867559,572.9999999999909,-1.7099999999999838,5.0,0.0,0.45454545454545453,0.6363636363636364,0.0,0.0,0.4166666666666667,0.08333333333333333
PT,2020,20.7,16.2,7.1,19360.0,5.4,16927.2,22800.0,4.1,5.4,30.8,19.36,16.9272,22.8,94.33,42.4,26.2,8.463356973995271,2.3,36.63967611336034,43.0787415893799,33.163134625361096,70.25005797054423,20.600000000000005,19.6,21.945250200612804,1.0,1.0,8.0,8.0,5.0,0.0,0.0,8.0,9.0,4.0,2.8524443627780847,114.99999999996317,-1.1399999999998929,5.0,0.0,0.4166666666666667,0.5833333333333334,0.0,0.0,0.38461538461538464,0.16666666666666666
PT,2021,20.9,18.4,6.7,20390.0,6.0,18210.3,24600.0,5.9,6.8,31.2,20.39,18.2103,24.6,92.81,43.5,25.1,3.5933806146572103,2.9,36.63967611336034,46.67212220403711,33.163134625361096,70.25005797054423,20.600000000000005,19.6,21.945250200612804,0.0,2.0,8.0,8.0,5.0,0.0,0.0,8.0,9.0,4.0,3.68422572441124,-52.000000000037915,-0.5100000000000389,5.0,0.0,0.38461538461538464,0.6153846153846154,0.0,0.0,0.35714285714285715,0.16666666666666666
PT,2022,23.299999999999997,16.4,6.2,21690.0,5.3,20584.0,27800.0,5.0,6.1,29.9,21.69,20.584,27.8,87.83,42.5,26.1,0.0,2.8,36.63967611336034,46.67212220403711,33.163134625361096,72.84063107899615,20.600000000000005,19.6,21.945250200612804,0.0,0.0,8.0,8.0,5.0,0.0,1.0,8.0,9.0,5.0,2.603068579600438,138.0000000000534,-0.1900000000000443,5.0,0.0,0.35714285714285715,0.6428571428571429,0.0,0.0,0.3333333333333333,0.08
PT,2023,23.6,17.0,6.5,22130.0,4.9,22201.7,31100.0,4.9,5.2,30.5,22.13,22.2017,31.1,80.01,41.8,24.799999999999997,0.0,2.5,36.63967611336034,46.67212220403711,33.163134625361096,72.84063107899615,20.600000000000005,19.6,21.945250200612804,0.0,0.0,8.0,8.0,5.0,0.0,0.0,8.0,9.0,5.0,2.015838017902716,428.99999999993696,-0.1099999999999702,5.0,0.0,0.3333333333333333,0.6666666666666666,0.0,0.0,0.3125,0.16
PT,2024,21.799999999999997,16.6,6.5,22370.0,4.3,23356.1,32900.0,6.9,5.7,28.7,22.37,23.3561,32.9,75.57,40.3,23.699999999999996,0.0,2.4,36.63967611336034,46.67212220403711,33.163134625361096,72.84063107899615,20.600000000000005,19.6,21.945250200612804,0.0,0.0,8.0,8.0,5.0,0.0,0.0,8.0,9.0,5.0,2.576497765781289,775.9999999999186,-0.1400000000000018,5.0,0.0,0.3125,0.6875,0.0,0.0,0.29411764705882354,0.125
RO,2015,45.599999999999994,25.4,8.4,9430.0,34.0,10554.7,15500.0,15.9,19.6,51.4,9.43,10.5547,15.5,30.84,49.5,24.1,0.0,3.6,17.048054919908466,17.048054919908466,164.22594779888215,164.22594779888215,2.399999999999997,5.6,0.0,0.0,0.0,5.0,5.0,2.0,7.0,7.0,7.0,7.0,3.0,1.0376507724557509,238.00000000002075,-0.150000000000015,0.0,7.0,0.0,0.0,0.875,1.0,0.0,0.4583333333333333
RO,2016,44.1,25.3,7.2,9760.0,35.9,11483.2,16600.0,14.4,19.7,54.5,9.76,11.4832,16.6,29.04,49.5,24.2,0.0,3.4,17.048054919908466,17.048054919908466,173.45831314282395,173.45831314282395,2.399999999999997,6.3999999999999995,0.0,0.0,0.0,5.0,5.0,2.0,8.0,8.0,8.0,8.0,3.0,4.25367297581603,292.00000000009254,-0.3600000000001489,0.0,8.0,0.0,0.0,0.8888888888888888,1.0,0.0,0.4583333333333333
RO,2017,37.4,23.6,6.1,10620.0,32.4,12952.5,18500.0,12.3,17.3,52.5,10.62,12.9525,18.5,27.43,47.5,23.9,0.0,2.4,17.048054919908466,17.048054919908466,173.45831314282395,173.45831314282395,2.399999999999997,6.3999999999999995,0.0,0.0,0.0,5.0,5.0,2.0,0.0,0.0,8.0,8.0,3.0,6.9235748099964445,447.99999999993014,-0.7199999999998777,0.0,8.0,0.0,0.0,0.8,1.0,0.0,0.4166666666666667
RO,2018,36.0,23.5,5.3,11260.0,28.3,14157.9,19900.0,10.3,16.5,45.9,11.26,14.1579,19.9,27.84,45.9,22.4,0.0,2.2,17.048054919908466,17.048054919908466,173.45831314282395,173.45831314282395,2.399999999999997,6.3999999999999995,0.0,0.0,0.0,5.0,5.0,2.0,0.0,0.0,8.0,8.0,3.0,8.530076595375457,550.9999999998673,-0.8899999999997928,0.0,8.0,0.0,0.0,0.7272727272727273,1.0,0.0,0.56
RO,2019,32.0,23.8,4.9,11760.0,24.5,15281.6,21700.0,8.6,15.4,44.3,11.76,15.2816,21.7,25.59,45.2,21.4,0.0,2.0,17.048054919908466,17.048054919908466,173.45831314282395,173.45831314282395,2.399999999999997,6.3999999999999995,0.0,0.0,0.0,5.0,5.0,2.0,0.0,0.0,8.0,8.0,3.0,8.652160217548666,615.9999999999898,-0.8899999999999959,0.0,8.0,0.0,0.0,0.6666666666666666,1.0,0.0,0.5416666666666666
RO,2020,35.900000000000006,23.4,6.1,11390.0,25.3,15181.0,21800.0,7.1,14.8,47.3,11.39,15.181,21.8,25.91,44.6,21.200000000000003,3.1462585034013606,1.8,17.048054919908466,20.194313423309826,173.45831314282395,173.8046514153369,2.399999999999997,6.3999999999999995,0.0,0.0,1.0,5.0,5.0,3.0,0.0,1.0,8.0,8.0,4.0,5.587203346933619,439.9999999999628,-0.3399999999999483,0.0,8.0,0.0,0.0,0.6153846153846154,1.0,0.0,0.5
RO,2021,29.0,22.5,5.6,12130.0,23.1,16617.0,23900.0,7.5,9.4,47.3,12.13,16.617,23.9,26.17,45.9,23.4,0.0,2.0,17.048054919908466,20.194313423309826,173.45831314282395,173.8046514153369,2.399999999999997,6.3999999999999995,0.0,0.0,0.0,5.0,5.0,3.0,0.0,0.0,8.0,8.0,4.0,2.8659228790743496,315.0000000000448,-0.0199999999999706,0.0,8.0,0.0,0.0,0.5714285714285714,1.0,0.0,0.52
RO,2022,26.0,21.2,5.6,12690.0,24.3,18368.7,25900.0,8.5,18.4,47.9,12.69,18.3687,25.9,24.05,45.0,23.8,0.0,2.2,17.048054919908466,20.194313423309826,173.45831314282395,173.8046514153369,2.399999999999997,6.3999999999999995,0.0,0.0,0.0,5.0,5.0,3.0,0.0,0.0,8.0,8.0,4.0,1.3656373821806125,323.0000000000989,0.1300000000000502,0.0,8.0,0.0,0.0,0.5333333333333333,1.0,0.0,0.44
RO,2023,27.7,21.1,5.6,12970.0,19.8,19918.5,28700.0,9.1,14.4,46.4,12.97,19.9185,28.7,21.21,47.1,26.0,0.0,2.2,17.048054919908466,20.194313423309826,173.45831314282395,173.8046514153369,2.399999999999997,6.3999999999999995,0.0,0.0,0.0,5.0,5.0,3.0,0.0,0.0,8.0,8.0,4.0,2.667453852710416,371.9999999999598,0.0900000000000054,0.0,8.0,0.0,0.0,0.5,1.0,0.0,0.48
RO,2024,23.8,19.0,5.4,13090.0,17.2,21712.3,30800.0,4.7,15.3,40.0,13.09,21.7123,30.8,20.19,41.4,22.4,0.0,1.8,17.048054919908466,20.194313423309826,173.45831314282395,173.8046514153369,2.399999999999997,6.3999999999999995,0.0,0.0,0.0,5.0,5.0,3.0,0.0,0.0,8.0,8.0,4.0,6.302711067574457,423.9999999999562,-0.1399999999999887,0.0,8.0,0.0,0.0,0.47058823529411764,1.0,0.0,0.36
SE,2015,7.1,16.3,7.5,45790.0,1.1,23147.4,35100.0,8.7,6.0,19.8,45.79,23.1474,35.1,152.28,44.7,28.4,0.0,1.3,5.538887606738982,7.532092589751443,9.170644251929405,24.975469656241984,0.1999999999999993,1.6999999999999993,0.0,0.0,0.0,2.0,2.0,2.0,0.0,2.0,1.0,3.0,3.0,0.787288023788539,396.0000000000366,-0.0900000000000103,0.0,0.0,0.0,0.0,0.0,0.0,0.0,0.13043478260869565
SE,2016,7.6,16.2,7.1,46220.0,0.7,23161.3,34900.0,8.5,5.4,20.7,46.22,23.1613,34.9,156.8,45.0,28.8,0.0,1.2,5.538887606738982,7.532092589751443,9.170644251929405,29.5837938588855,0.1999999999999993,1.7999999999999992,0.0,0.0,0.0,2.0,2.0,2.0,0.0,3.0,1.0,3.0,4.0,-0.8947403902030795,716.0000000002474,-0.260000000000099,0.0,0.0,0.0,0.0,0.0,0.0,0.0,0.13043478260869565
SE,2017,7.0,15.8,6.8,46420.0,1.0,23409.6,35300.0,8.4,5.1,19.7,46.42,23.4096,35.3,161.93,44.3,28.499999999999996,0.0,1.1,5.538887606738982,7.532092589751443,9.170644251929405,35.917280132134024,0.1999999999999993,1.7999999999999992,0.0,0.0,0.0,2.0,2.0,2.0,0.0,4.0,1.0,4.0,5.0,-1.373700526484901,718.999999999908,-0.3499999999999426,0.0,0.0,0.0,0.0,0.0,0.0,0.0,0.043478260869565216
SE,2018,8.0,16.4,6.5,46700.0,1.4,23794.4,35900.0,8.3,4.7,20.2,46.7,23.794400000000003,35.9,161.37,44.3,27.9,0.0,0.9,5.538887606738982,7.532092589751443,9.170644251929405,47.12746722512803,0.1999999999999993,1.7999999999999992,0.0,0.0,0.0,2.0,2.0,2.0,0.0,5.0,1.0,5.0,6.0,-1.7127595471541508,536.9999999999453,-0.3699999999999354,0.0,0.0,0.0,0.0,0.0,0.0,0.0,0.125
SE,2019,7.6,17.1,6.9,47410.0,1.5,23994.3,37000.0,9.4,4.8,20.5,47.41,23.9943,37.0,161.23,44.0,26.9,0.0,0.8,5.538887606738982,7.532092589751443,9.170644251929405,60.439902505420406,0.1999999999999993,1.7999999999999992,0.0,0.0,0.0,2.0,2.0,2.0,0.0,6.0,1.0,6.0,7.0,-2.4127369412715565,371.9999999999862,-0.180000000000005,1.0,0.0,0.09090909090909091,0.0,0.0,0.0,0.0,0.13043478260869565
SE,2020,7.4,16.1,8.5,46180.0,2.0,23663.2,36700.0,8.3,4.9,19.8,46.18,23.6632,36.7,172.68,43.7,27.6,2.5943893693313647,1.0,5.538887606738982,10.12648195908281,9.170644251929405,70.79839033191108,0.1999999999999993,1.7999999999999992,0.0,0.0,1.0,2.0,2.0,3.0,0.0,7.0,1.0,7.0,7.0,-1.8479276254736592,90.99999999998424,0.2900000000000246,2.0,0.0,0.16666666666666666,0.0,0.0,0.0,0.0,0.13043478260869565
SE,2021,7.4,15.7,8.9,48300.0,1.4,25409.0,39700.0,8.5,5.2,18.4,48.3,25.409,39.7,170.85,44.6,28.9,0.0,1.8,5.538887606738982,10.12648195908281,9.170644251929405,75.138455362438,0.5999999999999996,2.499999999999999,0.0,0.0,0.0,2.0,2.0,3.0,0.0,8.0,1.0,8.0,7.0,0.4838541751950572,324.00000000006685,0.620000000000147,3.0,0.0,0.23076923076923078,0.0,0.0,0.0,0.0,0.125
SE,2022,7.199999999999999,16.0,7.5,48390.0,2.3,26378.9,40900.0,9.1,6.2,21.2,48.39,26.3789,40.9,165.04,41.4,25.4,0.0,1.9,5.538887606738982,10.12648195908281,9.170644251929405,90.72671935968002,0.5999999999999996,3.299999999999999,0.0,0.0,0.0,2.0,2.0,3.0,0.0,9.0,1.0,9.0,8.0,0.0216216441270318,427.00000000014336,0.4000000000000964,4.0,0.0,0.2857142857142857,0.0,0.0,0.0,0.0,0.125
SE,2023,9.3,16.1,7.7,47960.0,2.5,27487.1,42500.0,10.9,6.7,21.8,47.96,27.4871,42.5,155.54,40.8,24.699999999999996,0.8886133498656748,1.6,5.538887606738982,11.015095308948489,14.431322871150089,114.48714059932554,0.5999999999999996,3.799999999999999,0.0,0.0,1.0,2.0,2.0,4.0,1.0,10.0,1.0,10.0,9.0,-2.6125748089456504,330.9999999999306,0.0600000000000237,5.0,1.0,0.3333333333333333,0.0,0.0625,0.0,0.0,0.16666666666666666
SE,2024,9.9,14.8,8.4,48770.0,3.0,28736.0,44800.0,10.6,7.3,22.3,48.77,28.736,44.8,148.32,40.2,25.4,0.0,1.7,5.538887606738982,11.015095308948489,17.02007343891644,135.57563378751672,0.5999999999999996,4.399999999999999,0.0,0.0,0.0,2.0,2.0,4.0,2.0,11.0,2.0,11.0,9.0,-4.088036693251266,483.9999999999787,-0.1400000000000019,6.0,2.0,0.375,0.0,0.11764705882352941,0.0,0.0,0.16666666666666666
SI,2015,28.700000000000003,14.3,9.0,20170.0,4.8,14589.1,22500.0,6.1,19.2,42.9,20.17,14.5891,22.5,45.87,42.5,28.2,6.62037037037037,4.7,60.23148148148148,60.23148148148148,6.207983808796811,18.370283655610123,17.799999999999997,15.6,2.2440270083317273,7.0,7.0,7.0,7.0,3.0,0.0,5.0,3.0,5.0,3.0,-0.4793833159785139,65.00000000000436,0.2400000000000135,0.0,0.0,0.0,0.0,0.0,0.0,0.0,0.125
SI,2016,25.9,13.9,8.0,20770.0,4.1,15090.3,23300.0,5.7,17.4,41.7,20.77,15.0903,23.3,45.32,41.2,27.300000000000004,3.842592592592593,4.3,64.07407407407408,64.07407407407408,6.207983808796811,18.370283655610123,19.899999999999995,18.1,2.2440270083317273,8.0,8.0,8.0,8.0,3.0,0.0,0.0,3.0,5.0,3.0,1.3116204744341926,372.000000000137,-0.290000000000196,0.0,0.0,0.0,0.0,0.0,0.0,0.0,0.08333333333333333
SI,2017,22.6,13.3,6.6,21830.0,4.5,15714.7,24900.0,5.2,15.2,37.1,21.83,15.7147,24.9,45.61,41.5,28.2,0.0,3.1,64.07407407407408,64.07407407407408,6.207983808796811,18.370283655610123,20.59999999999999,19.4,2.2440270083317273,0.0,0.0,8.0,8.0,3.0,0.0,0.0,3.0,5.0,3.0,2.1544340845328556,628.9999999999021,-0.8699999999998517,0.0,0.0,0.0,0.0,0.0,0.0,0.0,0.08333333333333333
SI,2018,20.5,13.3,5.1,22720.0,3.2,16408.2,26200.0,4.9,13.6,33.1,22.72,16.4082,26.2,45.45,40.5,27.2,0.0,2.2,64.07407407407408,64.07407407407408,6.207983808796811,18.370283655610123,20.59999999999999,19.8,2.2440270083317273,0.0,0.0,8.0,8.0,3.0,0.0,0.0,3.0,5.0,3.0,2.3364976734164458,765.9999999998214,-1.159999999999732,0.0,0.0,0.0,0.0,0.0,0.0,0.0,0.08
SI,2019,17.4,12.0,4.4,23330.0,2.2,17397.6,27600.0,4.1,12.2,33.0,23.33,17.397599999999997,27.6,44.83,39.2,27.200000000000003,0.0,1.9,64.07407407407408,64.07407407407408,6.207983808796811,18.370283655610123,20.59999999999999,19.9,2.2440270083317273,0.0,0.0,8.0,8.0,3.0,0.0,0.0,3.0,5.0,3.0,2.518801485296754,826.9999999999875,-1.2099999999999826,0.0,0.0,0.0,0.0,0.0,0.0,0.0,0.08333333333333333
SI,2020,17.0,12.4,5.0,22230.0,2.6,16737.7,26700.0,4.4,10.3,29.6,22.23,16.7377,26.7,43.08,39.4,27.0,4.714959279897128,1.9,64.07407407407408,68.7890333539712,6.207983808796811,18.370283655610123,20.59999999999999,20.0,2.2440270083317273,0.0,1.0,8.0,8.0,4.0,0.0,0.0,3.0,5.0,3.0,2.976232178485505,441.9999999999499,-0.8199999999999287,0.0,0.0,0.0,0.0,0.0,0.0,0.0,0.16666666666666666
SI,2021,11.5,11.7,4.8,24040.0,1.8,18918.4,29300.0,4.1,9.0,24.6,24.04,18.9184,29.3,42.37,40.3,28.6,0.0,1.9,64.07407407407408,68.7890333539712,6.207983808796811,18.370283655610123,20.59999999999999,20.1,2.2440270083317273,0.0,0.0,8.0,8.0,4.0,0.0,0.0,3.0,5.0,3.0,4.253763648080324,393.0000000000619,-0.3700000000000171,0.0,0.0,0.0,0.0,0.0,0.0,0.0,0.08
SI,2022,14.2,12.1,4.0,24660.0,1.4,21316.9,32300.0,4.1,7.4,24.6,24.66,21.3169,32.3,41.38,38.0,25.9,0.0,1.6,64.07407407407408,68.7890333539712,6.207983808796811,23.29177160531968,20.59999999999999,20.1,2.2440270083317273,0.0,0.0,8.0,8.0,4.0,0.0,1.0,3.0,5.0,4.0,3.144702334310661,459.0000000001578,-0.1800000000000358,0.0,0.0,0.0,0.0,0.0,0.0,0.0,0.04
SI,2023,14.5,12.7,3.7,25120.0,2.0,22147.2,35100.0,3.7,7.3,22.7,25.12,22.1472,35.1,39.52,37.5,24.8,0.0,1.4,64.07407407407408,68.7890333539712,6.207983808796811,25.59253084899052,20.59999999999999,20.1,2.2440270083317273,0.0,0.0,8.0,8.0,4.0,0.0,2.0,3.0,5.0,4.0,1.9731863269115364,600.9999999999292,-0.239999999999972,0.0,0.0,0.0,0.0,0.0,0.0,0.0,0.04
SI,2024,13.6,13.2,3.7,25480.0,1.8,23355.4,36100.0,3.8,7.5,23.2,25.48,23.355400000000003,36.1,40.37,38.2,25.000000000000004,0.0,1.1,64.07407407407408,68.7890333539712,6.207983808796811,25.59253084899052,20.59999999999999,20.1,2.2440270083317273,0.0,0.0,8.0,8.0,4.0,0.0,0.0,3.0,5.0,4.0,1.646330433026476,757.9999999999268,-0.3699999999999566,0.0,0.0,0.0,0.0,0.0,0.0,0.0,0.04
SK,2015,32.7,12.3,11.5,16000.0,8.4,13447.6,21700.0,9.1,7.5,36.7,16.0,13.4476,21.7,58.2,38.1,25.8,0.0,8.8,5.70206699928724,5.70206699928724,0.0,7.670642596900862,8.9,17.8,0.0,0.0,0.0,1.0,1.0,1.0,0.0,0.0,0.0,3.0,2.0,1.6310688365647432,339.0000000000311,-0.4800000000000461,4.0,0.0,0.5714285714285714,1.0,0.0,0.0,0.0,0.041666666666666664
SK,2016,29.6,12.7,9.6,16280.0,7.6,13054.7,20700.0,7.7,7.5,37.9,16.28,13.0547,20.7,63.56,37.9,25.2,0.0,6.8,5.70206699928724,5.70206699928724,0.0,7.670642596900862,8.9,17.8,0.0,0.0,0.0,1.0,1.0,1.0,0.0,0.0,0.0,3.0,2.0,2.8219213086498502,423.0000000001429,-1.1200000000004142,4.0,0.0,0.5,1.0,0.0,0.0,0.0,0.08333333333333333
SK,2017,26.200000000000003,12.4,8.1,16730.0,6.3,13401.5,20800.0,8.4,7.4,34.6,16.73,13.4015,20.8,67.67,37.4,25.0,0.0,5.9,5.70206699928724,5.70206699928724,0.0,7.670642596900862,8.9,17.8,0.0,0.0,0.0,1.0,1.0,1.0,0.0,0.0,0.0,3.0,2.0,3.56271918145823,485.9999999999324,-1.5499999999997642,4.0,0.0,0.4444444444444444,1.0,0.0,0.0,0.0,0.125
SK,2018,25.4,12.2,6.5,17380.0,5.4,13755.4,21400.0,4.1,9.9,31.5,17.38,13.7554,21.4,67.99,37.1,24.9,0.0,4.7,5.70206699928724,5.70206699928724,0.0,7.670642596900862,8.9,17.8,0.0,0.0,0.0,1.0,1.0,1.0,0.0,0.0,0.0,3.0,2.0,3.951441074120549,504.9999999999064,-1.6599999999996748,4.0,0.0,0.4,1.0,0.0,0.0,0.0,0.2
SK,2019,28.299999999999997,11.9,5.7,17760.0,5.9,14406.7,22100.0,5.7,10.2,30.0,17.76,14.4067,22.1,70.12,37.2,25.300000000000004,0.0,3.9,5.70206699928724,5.70206699928724,0.0,7.670642596900862,8.9,17.8,0.0,0.0,0.0,1.0,1.0,1.0,0.0,0.0,0.0,3.0,2.0,4.14821048032375,461.99999999998994,-1.4699999999999864,4.0,0.0,0.36363636363636365,1.0,0.0,0.0,0.0,0.16666666666666666
SK,2020,28.700000000000003,11.4,6.7,17270.0,4.5,15094.5,22600.0,3.2,6.7,26.1,17.27,15.0945,22.6,70.84,37.4,26.0,2.759009009009009,3.7,5.70206699928724,8.461076008296246,0.0,7.670642596900862,8.9,17.8,0.0,0.0,1.0,1.0,1.0,2.0,0.0,0.0,0.0,3.0,2.0,4.023254142165636,300.99999999997203,-0.8199999999999232,4.0,0.0,0.3333333333333333,1.0,0.0,0.0,0.0,0.20833333333333334
SK,2021,26.6,12.3,6.8,18320.0,5.7,16235.4,24500.0,7.1,6.3,27.0,18.32,16.2354,24.5,72.46,41.5,29.2,0.0,3.9,5.70206699928724,8.461076008296246,0.0,7.670642596900862,8.9,17.8,0.0,0.0,0.0,1.0,1.0,2.0,0.0,0.0,0.0,3.0,2.0,4.029560764140574,307.00000000004985,-0.2399999999999769,4.0,0.0,0.3076923076923077,1.0,0.0,0.0,0.0,0.08
SK,2022,27.7,13.7,6.1,18360.0,6.3,18254.3,25500.0,2.5,8.3,27.0,18.36,18.2543,25.5,72.0,43.4,29.7,0.0,4.1,5.70206699928724,8.461076008296246,0.0,15.373191014223451,8.9,17.8,0.0,0.0,0.0,1.0,1.0,2.0,0.0,1.0,0.0,3.0,3.0,1.7338982396380227,252.0000000000826,0.0300000000000422,4.0,0.0,0.2857142857142857,1.0,0.0,0.0,0.0,0.12
SK,2023,30.299999999999997,14.3,5.8,18750.0,7.0,19430.1,28500.0,5.9,8.8,29.3,18.75,19.4301,28.5,69.24,41.4,27.1,0.0,3.8,5.70206699928724,8.461076008296246,0.0,23.826075278532485,8.9,17.8,0.0,0.0,0.0,1.0,1.0,2.0,0.0,2.0,0.0,3.0,4.0,-0.3878245136659084,306.9999999999683,-0.0399999999999903,4.0,0.0,0.26666666666666666,1.0,0.0,0.0,0.0,0.16
SK,2024,28.700000000000003,14.5,5.3,19110.0,7.6,20598.1,29800.0,6.4,8.4,28.2,19.11,20.5981,29.8,67.5,46.9,32.4,0.0,3.5,5.70206699928724,8.461076008296246,0.0,26.495047526403752,8.9,17.8,0.0,0.0,0.0,1.0,1.0,2.0,0.0,3.0,0.0,3.0,4.0,-0.3070505522639916,410.99999999995293,-0.3799999999999429,4.0,0.0,0.25,1.0,0.0,0.0,0.0,0.04
UK,2015,16.4,16.6,,,6.7,,30800.0,12.4,10.2,38.4,,,30.8,,44.2,27.6,,,,,,,,,,,,,,,,,,,,,,,,,,,,,,
UK,2016,16.3,15.9,,,6.5,,30800.0,12.3,8.7,38.0,,,30.8,,42.7,26.800000000000004,,,,,,,,,,,,,,,,,,,,,,,,,,,,,,
UK,2017,14.1,17.0,,,4.7,,31900.0,12.4,8.0,32.9,,,31.9,,43.1,26.1,,,,,,,,,,,,,,,,,,,,,,,,,,,,,,
UK,2018,12.8,18.6,,,4.5,,32300.0,15.1,8.8,34.6,,,32.3,,43.1,24.5,,,,,,,,,,,,,,,,,,,,,,,,,,,,,,
