geo,time,subjective_poverty_employed,arop_employed,arope_employed,subjective_poverty_population_status_table,weekly_actual_hours,weekly_hours_eu100,hourly_compensation_eur,hourly_compensation_nac,hourly_compensation_pps,hourly_comp_pps_eu100,hicp,real_hourly_comp_idx2008,real_hourly_shortfall,cum_real_hourly_shortfall,years_hourly_pay_below_2008,employee_weekly_hours,employee_weekly_hours_eu100,annual_hours_per_employee,annual_employee_hours_eu100,work_effort_squeeze,employee_lfs_effort_squeeze,matched_employee_effort_squeeze,low_hourly_reward_eu,employed_subjective_minus_arop,employed_subjective_minus_arope
AT,2003,,7.7,,,,,,,,,,,,,,,,,,,,,,,
AT,2004,,7.3,,,,,,,,,,,,,,,,,,,,,,,
AT,2005,,6.8,,,,,,,,,,,,,,,,,,,,,,,
AT,2006,,6.4,,,,,,,,,,,,,,,,,,,,,,,
AT,2007,,6.1,,,,,,,,,,,,,,,,,,,,,,,
AT,2008,,8.5,,,37.9,100.0,23.9,23.9,21.7,113.02083333333334,88.29,100.0,0.0,0.0,0.0,36.5,99.18478260869566,1610.6685835075916,100.90620083922012,88.47926267281105,87.75796433580444,89.28106249368784,-13.020833333333343,,
AT,2009,,8.2,,,36.9,98.66310160427808,24.9,24.9,22.3,113.77551020408163,88.64,103.77272366811171,0.0,0.0,0.0,35.5,97.79614325068871,1567.80274960301,99.80932090798548,86.71734490779599,85.9553546059865,87.72478429580786,-13.775510204081627,,
AT,2010,10.5,7.5,,13.6,36.8,98.13333333333333,25.1,25.1,22.6,111.88118811881189,90.14,102.86550999700144,0.0,0.0,0.0,35.5,97.52747252747253,1568.5923618911468,99.55964716327227,87.71209439528022,87.1705727900418,88.98694126982743,-11.881188118811892,3.0,
AT,2011,10.8,7.6,,13.6,36.9,98.4,25.6,25.6,23.0,111.11111111111111,93.35,101.30695430209342,0.0,0.0,0.0,35.5,97.52747252747253,1568.9172024200827,99.5263579227894,88.56,87.77472527472527,89.57372213051045,-11.111111111111114,3.200000000000001,
AT,2012,10.0,8.1,,13.0,36.5,98.11827956989247,26.6,26.6,24.1,113.67924528301887,95.75,102.62577973934039,0.0,0.0,0.0,35.3,97.51381215469611,1553.6406927120236,99.55702700278063,86.31151563824564,85.77978496595675,87.5771357866784,-13.679245283018872,1.9000000000000004,
AT,2013,10.1,7.9,,12.8,36.2,97.83783783783785,27.3,27.3,24.7,113.82488479262673,97.77,103.15033617879554,0.0,0.0,0.0,35.1,97.5,1543.6315486596538,99.45289171338058,85.95469963891017,85.6578947368421,87.37359312471087,-13.824884792626733,2.1999999999999993,
AT,2014,11.3,7.2,,13.5,35.8,96.75675675675674,27.8,27.8,25.0,114.15525114155251,99.2,103.5253576731003,0.0,0.0,0.0,34.8,96.9359331476323,1540.5058776804844,99.12884722002859,84.75891891891891,84.91587743732589,86.83687016474504,-14.155251141552512,4.1000000000000005,
AT,2015,10.7,7.9,9.0,12.8,35.5,96.2059620596206,28.9,28.9,26.0,117.11711711711712,100.0,106.76071129707114,0.0,0.0,0.0,34.4,95.55555555555556,1515.2982452390052,97.44131364747997,82.14509068167605,81.58974358974359,83.19989088361751,-17.117117117117118,2.799999999999999,1.6999999999999993
AT,2016,8.9,8.3,9.2,11.9,35.5,95.68733153638814,29.3,29.3,26.2,116.96428571428572,100.97,107.19854234013751,0.0,0.0,0.0,34.4,95.29085872576177,1528.6039148183534,97.92864475419007,81.80901627538528,81.47004715484975,83.72525353029991,-16.964285714285722,0.5999999999999996,-0.29999999999999893
AT,2017,7.9,7.7,8.6,11.0,35.3,95.6639566395664,30.0,30.0,26.6,115.65217391304348,103.22,107.36704881072156,0.0,0.0,0.0,34.2,95.00000000000001,1516.5874059397756,97.58452090683245,82.71695498909875,82.14285714285715,84.37759326530626,-15.652173913043484,0.20000000000000018,-0.6999999999999993
AT,2018,8.5,8.0,8.8,10.5,35.5,96.2059620596206,30.8,30.8,27.3,115.6779661016949,105.41,107.9400261739476,0.0,0.0,0.0,34.5,95.83333333333333,1516.3943666243724,97.58743079793088,83.16705877681488,82.84493284493284,84.3612954883212,-15.677966101694906,0.5,-0.3000000000000007
AT,2019,7.6,7.6,8.4,10.4,35.6,96.73913043478261,31.5,31.5,27.7,114.46280991735537,106.98,108.77311756547779,0.0,0.0,0.0,34.6,96.37883008356546,1526.1214740049418,98.37553650309147,84.51577460367288,84.20099956759148,85.94541456226763,-14.462809917355372,0.0,-0.8000000000000007
AT,2020,6.6,7.2,8.0,8.8,34.0,93.92265193370164,34.7,34.7,30.4,119.68503937007874,108.47,118.17713321810055,0.0,0.0,0.0,33.0,92.95774647887323,1410.0784877434455,95.60445703496674,78.47484733934282,77.66864343958487,79.88003975947879,-19.68503937007874,-0.6000000000000005,-1.4000000000000004
AT,2021,6.7,7.5,8.2,8.9,33.7,92.5824175824176,34.4,34.4,30.5,119.140625,111.46,114.012644647272,0.0,0.0,0.0,32.8,92.13483146067414,1460.9678482935017,95.58332128313506,77.70852098720952,77.33284214404125,80.22731229010681,-19.140625,-0.7999999999999998,-1.4999999999999991
AT,2022,8.3,8.2,9.1,11.2,33.7,92.5824175824176,36.1,36.1,32.4,121.80451127819548,121.07,110.14994264875988,0.0,0.0,0.0,32.8,92.13483146067414,1458.944259480641,94.65101945626002,76.0090218423552,75.6415591621584,77.70731844248509,-21.804511278195477,0.10000000000000142,-0.7999999999999989
AT,2023,10.4,7.6,8.8,13.0,33.6,93.0747922437673,38.6,38.6,34.2,121.27659574468088,130.4,109.35114356854996,0.0,0.0,0.0,32.8,92.91784702549575,1457.7134101013394,94.42144187832898,76.7458813238081,76.61647035435612,77.85627663651685,-21.276595744680876,2.8000000000000007,1.5999999999999996
AT,2024,9.8,7.6,9.0,12.6,33.9,94.16666666666667,41.4,41.4,36.5,123.3108108108108,134.21,113.95387045655983,0.0,0.0,0.0,33.0,93.4844192634561,1459.572323128315,94.32732419969436,76.36529680365298,75.81202219721372,76.49558346057405,-23.310810810810807,2.200000000000001,0.8000000000000007
AT,2025,8.6,8.9,9.8,11.3,,,,,,,,,,,,,,,,,,,,-0.3000000000000007,-1.200000000000001
BE,2003,,6.5,,,,,,,,,,,,,,,,,,,,,,,
BE,2004,,4.0,,,,,,,,,,,,,,,,,,,,,,,
BE,2005,,3.9,,,,,,,,,,,,,,,,,,,,,,,
BE,2006,,4.1,,,,,,,,,,,,,,,,,,,,,,,
BE,2007,,4.3,,,,,,,,,,,,,,,,,,,,,,,
BE,2008,,4.8,,,36.8,97.0976253298153,32.8,32.8,29.4,153.125,90.0,100.0,0.0,0.0,0.0,34.7,94.29347826086959,1456.0897231096912,91.22204502186366,63.41069409294061,61.57941437444545,59.57358042244158,-53.125,,
BE,2009,,4.6,,,36.8,98.39572192513369,33.9,33.9,30.1,153.57142857142856,89.99,103.36514355253566,0.0,0.0,0.0,34.5,95.0413223140496,1426.4114001816336,90.8080772428722,64.07163288148242,61.8873726696137,59.13084099535865,-53.571428571428555,,
BE,2010,12.9,4.5,,19.7,37.1,98.93333333333334,34.3,34.3,31.1,153.96039603960398,92.09,102.19986280653339,0.0,0.0,0.0,34.8,95.60439560439559,1428.496007216194,90.6676341845256,64.25894962486602,62.09674569803186,58.89023184975617,-53.96039603960398,8.4,
BE,2011,13.2,4.2,,19.5,37.0,98.66666666666667,35.2,35.2,31.5,152.17391304347828,95.18,101.47653483258935,0.0,0.0,0.0,34.6,95.05494505494507,1439.440704162628,91.31284334835331,64.83809523809524,62.4646781789639,60.005582771775025,-52.17391304347828,9.0,
BE,2012,14.4,4.5,,20.6,36.7,98.65591397849462,36.4,36.4,32.7,154.24528301886795,97.68,102.25025468927907,0.0,0.0,0.0,34.4,95.02762430939225,1436.6457253546935,92.06000972007091,63.960409062510266,61.608123405477535,59.68416532310406,-54.24528301886795,9.9,
BE,2013,13.1,4.4,,19.8,37.0,100.0,37.4,37.4,33.5,154.37788018433181,98.9,103.76334804804064,0.0,0.0,0.0,34.3,95.27777777777777,1433.2034290522772,92.33824325276784,64.77611940298507,61.7172470978441,59.8131307040317,-54.377880184331815,8.7,
BE,2014,11.7,4.8,,19.0,37.0,100.0,37.8,37.8,33.9,154.7945205479452,99.38,104.36658502225998,0.0,0.0,0.0,34.6,96.37883008356546,1430.7049567269867,92.06335082983873,64.60176991150442,62.262430053984765,59.47455407591351,-54.79452054794521,6.8999999999999995,
BE,2015,12.4,4.6,6.6,19.2,37.1,100.54200542005421,38.0,38.0,34.1,153.6036036036036,100.0,104.26829268292683,0.0,0.0,0.0,34.5,95.83333333333333,1427.7239476218988,91.80984497233459,65.45549912977137,62.39002932551319,59.770632210728095,-53.6036036036036,7.800000000000001,5.800000000000001
BE,2016,12.6,4.8,7.1,20.4,37.0,99.73045822102425,38.1,38.1,33.9,151.33928571428572,101.77,102.72445998509315,0.0,0.0,0.0,34.7,96.12188365650971,1433.5363280847998,91.83822470579275,65.89859186285967,63.514165011971016,60.68366470235272,-51.33928571428572,7.8,5.5
BE,2017,12.2,5.0,7.2,19.7,36.5,98.91598915989161,38.7,38.7,34.3,149.1304347826087,104.03,102.07538632148794,0.0,0.0,0.0,34.8,96.66666666666666,1437.212445481286,92.47715455392469,66.32850585065619,64.82021379980563,62.01091996327312,-49.13043478260869,7.199999999999999,4.999999999999999
BE,2018,10.8,5.1,6.5,17.7,36.5,98.91598915989161,39.3,39.3,34.8,147.45762711864404,106.44,101.3109412379355,0.0,0.0,0.0,35.0,97.22222222222223,1441.66975,92.77853443545895,67.08095816590352,65.9323116219668,62.918776226345734,-47.45762711864404,5.700000000000001,4.300000000000001
BE,2019,11.2,4.8,6.5,18.1,36.4,98.91304347826087,40.2,40.2,35.5,146.69421487603307,107.77,102.35211844556045,0.0,0.0,0.0,34.7,96.65738161559891,1440.645050102174,92.86562841056356,67.42804654011023,65.89038408725334,63.30558331086304,-46.69421487603307,6.3999999999999995,4.699999999999999
BE,2020,9.3,4.2,6.3,16.3,35.7,98.61878453038675,42.3,42.3,37.7,148.42519685039372,108.23,107.24112831075645,0.0,0.0,0.0,34.3,96.61971830985914,1351.9412958471514,91.66270860529059,66.44342512126852,65.09657413979899,61.75683815847164,-48.42519685039372,5.1000000000000005,3.000000000000001
BE,2021,8.5,3.9,5.5,14.9,35.0,96.15384615384616,42.5,42.5,37.6,146.875,111.71,104.39159758171748,0.0,0.0,0.0,33.5,94.10112359550561,1411.7937077445022,92.36611997346408,65.46644844517185,64.06885010757829,62.88757104576278,-46.875,4.6,3.0
BE,2022,9.3,3.4,5.1,16.1,34.9,95.87912087912088,44.6,44.6,39.4,148.12030075187968,123.26,99.28447897167598,0.7155210283240194,0.7155210283240194,1.0,33.4,93.82022471910112,1446.1702229566301,93.82228623241531,64.73057399453339,63.34055780528147,63.34194958838192,-48.12030075187968,5.9,4.200000000000001
BE,2023,9.6,4.7,7.2,15.2,34.9,96.67590027700831,47.9,47.9,42.6,151.06382978723406,126.07,104.25392784109488,0.0,0.7155210283240194,1.0,33.4,94.61756373937678,1446.7112242228195,93.7087899624829,63.996722718582966,62.634161911981806,62.03257927093938,-51.063829787234056,4.8999999999999995,2.3999999999999995
BE,2024,10.1,4.3,6.4,16.3,34.5,95.83333333333333,49.7,49.7,44.3,149.66216216216216,131.52,103.68913565960479,0.0,0.7155210283240194,1.0,33.1,93.76770538243626,1441.8718966049748,93.18340426870975,64.03310759969901,62.65291375440437,62.26250036916046,-49.66216216216216,5.8,3.6999999999999993
BE,2025,9.1,4.1,5.2,14.5,,,,,,,,,,,,,,,,,,,,5.0,3.8999999999999995
BG,2006,,5.4,,,,,,,,,,,,,,,,,,,,,,,
BG,2007,,5.8,,,,,,,,,,,,,,,,,,,,,,,
BG,2008,,7.5,,,41.1,108.44327176781003,2.6,2.6,5.8,30.208333333333336,91.55,100.0,0.0,0.0,0.0,40.7,110.59782608695654,1726.2632237191385,108.14804816930355,358.9846237830953,366.1169415292354,358.00733187079794,69.79166666666666,,
BG,2009,,7.4,,,40.4,108.02139037433156,2.9,2.9,6.2,31.632653061224488,93.81,108.85136077013273,0.0,0.0,0.0,40.0,110.19283746556475,1662.6542243832846,105.84774716239617,341.48697602208046,348.35155069759185,334.61545877144596,68.36734693877551,,
BG,2010,56.8,7.7,,64.8,40.5,108.0,3.2,3.2,7.0,34.65346534653465,96.66,116.57037355361378,0.0,0.0,0.0,40.2,110.43956043956045,1661.200823587171,105.4375705771499,311.65714285714284,318.69701726844585,304.2627036654897,65.34653465346534,49.099999999999994,
BG,2011,52.8,8.2,,61.8,40.3,107.46666666666665,3.4,3.4,7.1,34.29951690821256,99.94,119.79110543249027,0.0,0.0,0.0,40.0,109.8901098901099,1659.482035523086,105.27145905414521,313.3183098591549,320.38384151060205,306.9181975240572,65.70048309178745,44.599999999999994,
BG,2012,56.4,7.4,,65.5,40.2,108.06451612903226,3.7,3.7,7.6,35.84905660377358,102.33,127.31622428192347,0.0,0.0,0.0,39.9,110.22099447513811,1660.1902414633475,106.38470366697308,301.44312393887947,307.4585635359116,296.7573312815565,64.15094339622641,49.0,
BG,2013,55.1,7.2,,64.0,40.0,108.10810810810811,4.0,4.0,8.3,38.24884792626729,102.72,137.11658279415286,0.0,0.0,0.0,39.7,110.27777777777779,1660.7084685689251,106.99590821105654,282.6440898730055,288.3165997322624,279.7362901421598,61.75115207373271,47.9,
BG,2014,52.7,9.2,,62.3,40.1,108.37837837837837,4.2,4.2,8.9,40.6392694063927,101.08,146.30833155763904,0.0,0.0,0.0,39.8,110.86350974930362,1659.8261133255926,106.80689478926674,266.683874886122,272.7989734280617,262.81696582976866,59.3607305936073,43.5,
BG,2015,52.9,7.7,25.6,63.0,40.2,108.94308943089433,4.4,4.4,9.2,41.44144144144144,100.0,154.93076923076922,0.0,0.0,0.0,40.0,111.11111111111111,1659.6435980006718,106.72344727113979,262.88441145281024,268.1159420289855,257.52831841514165,58.55855855855856,45.199999999999996,27.299999999999997
BG,2016,50.7,11.4,24.3,60.8,40.2,108.35579514824799,4.7,4.7,9.6,42.85714285714286,98.68,167.70797605313206,0.0,0.0,0.0,40.1,111.0803324099723,1658.057979565852,106.22200380930553,252.8301886792453,259.18744228993535,247.85134222171288,57.14285714285714,39.300000000000004,26.400000000000002
BG,2017,47.9,9.9,21.2,57.7,40.0,108.40108401084011,5.2,5.2,10.3,44.78260869565217,99.85,183.37506259389085,0.0,0.0,0.0,39.9,110.83333333333333,1658.0160115152898,106.6847169545873,242.06067303391484,247.49190938511325,238.22800873354444,55.21739130434783,38.0,26.7
BG,2018,45.5,9.9,17.4,55.3,39.9,108.13008130081302,5.7,5.7,11.1,47.03389830508474,102.48,195.84872095117996,0.0,0.0,0.0,39.7,110.27777777777779,1658.864521575625,106.75608553121495,229.89819087380067,234.46446446446453,226.97690257087146,52.96610169491526,35.6,28.1
BG,2019,38.5,8.9,16.4,49.7,39.7,107.88043478260872,6.1,6.1,11.5,47.5206611570248,104.99,204.5817550389414,0.0,0.0,0.0,39.5,110.02785515320335,1659.1274280099767,106.94925249243114,227.01795841209832,231.53687780065397,225.0584269840725,52.4793388429752,29.6,22.1
BG,2020,31.8,9.6,16.5,43.3,39.4,108.83977900552485,6.7,6.7,12.4,48.81889763779528,106.27,221.99803113983975,0.0,0.0,0.0,39.3,110.70422535211266,1624.4041674276898,110.13591071855099,222.94599893067183,226.76510676965012,225.6009784073544,51.18110236220472,22.200000000000003,15.3
BG,2021,26.6,10.0,15.9,37.2,39.5,108.51648351648352,7.4,7.4,13.3,51.953125,109.3,238.39467942853122,0.0,0.0,0.0,39.4,110.67415730337078,1634.2512941900968,106.92033140387768,208.8738329339833,213.0269493959618,205.80154014580967,48.046875,16.6,10.700000000000001
BG,2022,29.4,9.7,16.0,40.2,39.2,107.69230769230771,8.4,8.4,14.2,53.38345864661654,123.52,239.45670585890795,0.0,0.0,0.0,39.1,109.8314606741573,1637.191466854725,106.21505268340627,201.73347778981588,205.74062351637917,198.96622544919765,46.61654135338346,19.7,13.399999999999999
BG,2023,23.7,11.4,17.5,32.8,39.0,108.03324099722991,9.2,9.2,15.2,53.90070921985816,134.15,241.48054703403187,0.0,0.0,0.0,38.9,110.19830028328613,1701.743311952736,110.22815328989108,200.43009185012392,204.4468465782019,204.50223176150845,46.09929078014184,12.299999999999999,6.199999999999999
BG,2024,28.4,11.8,17.4,36.7,39.0,108.33333333333333,10.7,10.7,17.4,58.783783783783775,137.63,273.7509711098318,0.0,0.0,0.0,38.9,110.19830028328613,1659.056647554604,107.21933526673439,184.2911877394636,187.46377519455575,182.39611056869762,41.216216216216225,16.599999999999998,11.0
BG,2025,27.0,11.5,16.3,35.5,,,,,,,,,,,,,,,,,,,,15.5,10.7
CY,2005,,6.5,,,,,,,,,,,,,,,,,,,,,,,
CY,2006,,7.2,,,,,,,,,,,,,,,,,,,,,,,
CY,2007,,6.3,,,,,,,,,,,,,,,,,,,,,,,
CY,2008,,6.3,,,39.1,103.16622691292876,13.9,13.9,15.5,80.72916666666667,92.55,100.0,0.0,0.0,0.0,38.5,104.61956521739131,1756.6565721274242,110.05215019877511,127.79300365988594,129.59326788218794,136.32266347203108,19.27083333333333,,
CY,2009,,6.8,,,38.7,103.47593582887703,14.8,14.8,16.4,83.67346938775509,92.71,106.2910646566341,0.0,0.0,0.0,38.1,104.95867768595042,1742.3466589695483,110.92111993175324,123.66636233207257,125.43841967345297,132.56426528429049,16.32653061224491,,
CY,2010,48.3,7.3,,51.2,39.0,104.0,14.8,14.8,16.0,79.20792079207921,95.09,103.63071410575819,0.0,0.0,0.0,38.7,106.31868131868134,1755.2253925375655,111.40537530246046,131.3,134.22733516483518,140.64928631935632,20.792079207920793,41.0,
CY,2011,49.3,7.3,,52.2,38.8,103.46666666666665,15.1,15.1,16.1,77.77777777777779,98.4,102.17472363572556,0.0,0.0,0.0,38.7,106.31868131868134,1764.3004574361264,111.92075562641004,133.0285714285714,136.69544740973313,143.8981143768129,22.222222222222214,42.0,
CY,2012,45.4,7.9,,48.3,38.9,104.56989247311827,15.3,15.3,16.0,75.47169811320755,101.45,100.41555715506452,0.0,0.0,0.0,38.9,107.4585635359116,1770.775834749791,113.47100936724328,138.5551075268817,142.38259668508286,150.34908741159734,24.52830188679245,37.5,
CY,2013,53.3,8.9,,57.5,38.3,103.5135135135135,14.8,14.8,15.5,71.42857142857143,101.84,96.76202478708313,3.237975212916865,3.237975212916865,1.0,38.4,106.66666666666667,1734.8969830757908,111.77571612962006,144.9189189189189,149.33333333333334,156.48600258146809,28.57142857142857,44.4,
CY,2014,54.3,7.8,,59.0,37.8,102.16216216216215,14.3,14.3,15.0,68.4931506849315,101.57,93.74156675447277,6.258433245527229,9.496408458444094,2.0,38.1,106.12813370473538,1733.8426375277875,111.56972810636151,149.15675675675675,154.94707520891365,162.8918030352878,31.506849315068493,46.5,
CY,2015,52.1,9.1,12.2,56.7,37.8,102.4390243902439,14.0,14.0,15.1,68.01801801801803,100.0,93.2158273381295,6.7841726618705,16.280581120314594,3.0,38.3,106.38888888888887,1748.4192704325071,112.43217040130615,150.60571797770956,156.41280353200878,165.2976280072183,31.981981981981974,43.0,39.900000000000006
CY,2016,54.0,8.2,11.6,58.1,38.1,102.69541778975741,13.7,13.7,15.3,68.30357142857143,98.78,92.34495375960822,7.655046240391783,23.935627360706377,4.0,38.5,106.64819944598338,1767.903519595746,113.25916023886886,150.35146133925267,156.13854036536128,165.8173326372982,31.69642857142857,45.8,42.4
CY,2017,35.0,7.9,9.9,42.1,38.2,103.52303523035232,14.0,14.0,15.7,68.26086956521739,99.45,93.7313497618195,6.2686502381804985,30.204277598886875,5.0,38.6,107.22222222222223,1751.0112234692745,112.66847573407917,151.65794970051616,157.07714083510263,165.05572878240898,31.73913043478261,27.1,25.1
CY,2018,39.5,7.4,8.8,44.5,38.1,103.2520325203252,14.3,14.3,15.9,67.3728813559322,100.23,94.99482126361168,5.0051787363883165,35.20945633527519,6.0,38.4,106.66666666666667,1743.4504792332268,112.19960765914477,153.2545891496651,158.32285115303986,166.53526671420232,32.62711864406781,32.1,30.7
CY,2019,29.4,6.8,7.9,34.4,37.9,102.98913043478262,15.1,15.1,16.7,69.00826446280992,100.78,99.76178612577291,0.2382138742270854,35.44767020950228,7.0,38.2,106.40668523676882,1750.6910832792776,112.85155048425695,149.24173392345745,154.19411872633566,163.53338453407295,30.99173553719008,22.599999999999998,21.5
CY,2020,20.2,8.1,8.6,25.4,37.7,104.14364640883979,15.9,15.9,17.6,69.29133858267718,99.67,106.21706307072331,0.0,35.44767020950228,7.0,38.1,107.32394366197182,1667.2106862178925,113.0382271655196,150.29821697639372,154.8879641485275,163.13471420478393,30.708661417322816,12.1,11.6
CY,2021,20.0,7.0,7.8,24.3,37.6,103.2967032967033,15.7,15.7,17.1,66.796875,101.92,102.56563195283645,0.0,35.44767020950228,7.0,38.1,107.02247191011236,1766.118437059024,115.54769407873212,154.64301780091256,160.22077666075302,172.98368236348202,33.203125,13.0,12.2
CY,2022,24.5,7.9,8.7,27.7,37.7,103.57142857142858,16.7,16.7,18.2,68.42105263157895,110.17,100.92871513808285,0.0,35.44767020950228,7.0,38.3,107.58426966292133,1785.2851383159712,115.82283371255765,151.3736263736264,157.23854796888503,169.2795261952766,31.578947368421055,16.6,15.8
CY,2023,18.9,7.6,8.5,22.7,38.4,106.37119113573407,18.2,18.2,20.1,71.27659574468086,114.5,105.83456379001602,0.0,35.44767020950228,7.0,38.8,109.91501416430594,1785.2102508572461,115.63461293135542,149.23719353371644,154.20912434992175,162.2336360529464,28.72340425531914,11.299999999999999,10.399999999999999
CY,2024,16.4,7.3,8.0,19.9,38.0,105.55555555555556,18.8,18.8,20.8,70.27027027027027,117.09,106.90540572922139,0.0,35.44767020950228,7.0,38.2,108.21529745042496,1790.072447859495,115.68645243168176,150.21367521367523,153.99869252560472,164.6307207681625,29.729729729729726,9.099999999999998,8.399999999999999
CY,2025,13.5,6.8,7.4,17.5,,,,,,,,,,,,,,,,,,,,6.7,6.1
CZ,2005,,3.5,,,,,,,,,,,,,,,,,,,,,,,
CZ,2006,,3.5,,,,,,,,,,,,,,,,,,,,,,,
CZ,2007,,3.3,,,,,,,,,,,,,,,,,,,,,,,
CZ,2008,,3.6,,,41.5,109.49868073878628,8.8,218.5,12.2,63.54166666666667,91.0,100.0,0.0,0.0,0.0,40.1,108.96739130434783,1710.0436671398586,107.13191496196941,172.32579263808987,171.48966500356377,168.60104649752563,36.45833333333333,,
CZ,2009,,3.2,,,40.7,108.82352941176472,8.2,217.3,12.0,61.224489795918366,91.5,98.90735391579449,1.0926460842055121,1.0926460842055121,1.0,39.6,109.0909090909091,1708.6706548711752,108.7772411174035,177.74509803921572,178.1818181818182,177.6694938250924,38.775510204081634,,
CZ,2010,21.6,3.7,,26.3,40.6,108.26666666666667,8.8,222.8,12.3,60.89108910891089,92.6,100.2060979286417,0.0,1.0926460842055121,1.0,39.5,108.51648351648352,1731.0530648727479,109.8711408691608,177.80379403794038,178.21406236040383,180.4387841916299,39.10891089108911,17.900000000000002,
CZ,2011,22.4,4.0,,26.9,40.5,108.0,9.3,227.8,12.7,61.35265700483092,94.6,100.28882298585881,0.0,1.0926460842055121,1.0,39.4,108.24175824175825,1740.216926302255,110.3929846669375,176.03149606299212,176.42554296097606,179.93187264611072,38.64734299516908,18.4,
CZ,2012,25.0,4.5,,29.9,40.1,107.79569892473117,9.3,233.2,12.9,60.84905660377359,98.0,99.10428244524354,0.8957175547564589,1.988363638961971,2.0,39.1,108.0110497237569,1728.549335636273,110.7651426039706,177.15262148870548,177.5065313289648,182.0326374576881,39.15094339622641,20.5,
CZ,2013,25.7,4.0,,30.8,39.5,106.75675675675676,9.0,233.4,13.2,60.82949308755761,99.3,97.89072708040955,2.1092729195904525,4.0976365585524235,3.0,38.7,107.50000000000001,1724.2675539590077,111.09088465941308,175.50163800163799,176.72348484848487,182.62668159918664,39.17050691244239,21.7,
CZ,2014,24.4,3.6,,29.5,39.4,106.48648648648648,8.7,238.8,13.5,61.64383561643836,99.8,99.65376978212721,0.34623021787278674,4.44386677642521,4.0,38.6,107.52089136490251,1732.9247867225422,111.51066601931453,172.74474474474474,174.42277932528629,180.89508043133245,38.35616438356164,20.799999999999997,
CZ,2015,20.3,4.0,5.1,25.2,39.2,106.23306233062333,9.2,249.8,13.9,62.612612612612615,100.0,104.03569794050343,0.0,4.44386677642521,4.0,38.4,106.66666666666667,1708.9548527679888,109.89440946107821,169.66719307480847,170.35971223021585,175.51481223280118,37.387387387387385,16.3,15.200000000000001
CZ,2016,17.0,3.8,4.7,22.2,39.5,106.46900269541779,9.6,258.5,14.3,63.839285714285715,100.7,106.91066425183895,0.0,4.44386677642521,4.0,38.6,106.92520775623268,1732.8719141612437,111.01489172005377,166.77661960680828,167.4912345272456,173.89745276428002,36.160714285714285,13.2,12.3
CZ,2017,17.2,3.5,4.8,21.4,39.2,106.23306233062333,10.6,278.0,15.4,66.95652173913044,103.1,112.29904982166123,0.0,4.44386677642521,4.0,38.3,106.38888888888887,1730.271837206532,111.33400396909877,158.659768415866,158.89249639249635,166.27805787592675,33.04347826086956,13.7,12.399999999999999
CZ,2018,12.0,3.4,4.2,15.7,39.0,105.69105691056912,11.7,299.8,16.4,69.4915254237288,105.1,118.80066276641841,0.0,4.44386677642521,4.0,38.2,106.11111111111113,1737.1788453669283,111.79599719382776,152.09200872496532,152.69647696476972,160.87716669355703,30.508474576271198,8.6,7.8
CZ,2019,9.3,3.5,4.0,12.5,39.0,105.97826086956522,12.5,321.6,17.3,71.48760330578513,107.8,124.2473773366222,0.0,4.44386677642521,4.0,38.3,106.68523676880223,1744.4220434492313,112.44744100336379,148.24704699673285,149.23599594248634,157.2964203630869,28.51239669421487,5.800000000000001,5.300000000000001
CZ,2020,9.1,3.7,4.2,11.5,38.0,104.97237569060772,13.5,356.1,18.7,73.62204724409449,111.4,133.13024580027854,0.0,4.44386677642521,4.0,37.5,105.63380281690141,1638.6377839803395,111.1009613834524,142.58279906638694,143.4812081042404,150.9071881892883,26.37795275590551,5.3999999999999995,4.8999999999999995
CZ,2021,8.2,3.5,3.9,10.5,38.3,105.2197802197802,14.4,369.3,18.8,73.4375,115.1,133.6269128227966,0.0,4.44386677642521,4.0,37.9,106.46067415730337,1677.6267603307604,109.7581564256751,143.2779985971475,144.96772651207266,149.4579151328342,26.5625,4.699999999999999,4.299999999999999
CZ,2022,9.1,3.4,3.8,11.5,37.7,103.57142857142858,15.6,383.4,19.0,71.42857142857143,132.1,120.87576674629335,0.0,4.44386677642521,4.0,37.1,104.21348314606742,1727.2763416008775,112.05943308170069,145.00000000000003,145.89887640449436,156.88320631438094,28.57142857142857,5.699999999999999,5.3
CZ,2023,9.2,3.1,3.8,12.3,37.8,104.7091412742382,17.0,408.5,20.3,71.98581560283688,147.9,115.03071993415057,0.0,4.44386677642521,4.0,37.2,105.38243626062325,1734.2204290646703,112.33181523366576,145.45801891298115,146.39333510096432,156.04715219652093,28.01418439716312,6.1,5.3999999999999995
CZ,2024,9.9,3.6,4.3,12.8,37.8,104.99999999999999,17.0,425.8,20.8,70.27027027027027,151.9,116.74487762182454,0.0,4.44386677642521,4.0,37.3,105.6657223796034,1757.407502657477,113.57542523062325,149.42307692307688,150.37045107866635,161.62656667434848,29.729729729729726,6.300000000000001,5.6000000000000005
CZ,2025,9.5,4.0,4.7,12.4,,,,,,,,,,,,,,,,,,,,5.5,4.8
DE,2005,,4.8,,,,,,,,,,,,,,,,,,,,,,,
DE,2006,,5.5,,,,,,,,,,,,,,,,,,,,,,,
DE,2007,,7.4,,,,,,,,,,,,,,,,,,,,,,,
DE,2008,,7.1,,,36.3,95.77836411609498,25.5,25.5,24.1,125.52083333333334,91.4,100.0,0.0,0.0,0.0,35.2,95.6521739130435,1371.3304464973057,85.91199137307959,76.30475481448231,76.20422154068196,68.44440806486007,-25.520833333333343,,
DE,2009,,6.8,,,35.6,95.18716577540107,26.4,26.4,24.6,125.51020408163265,91.6,103.30336501412792,0.0,0.0,0.0,34.5,95.0413223140496,1327.9629497390827,84.5406606398572,75.84018086170167,75.72398038029968,67.35759953419516,-25.51020408163265,,
DE,2010,5.7,7.2,,8.6,35.9,95.73333333333333,26.7,26.7,25.1,124.25742574257426,92.7,103.23751507075322,0.0,0.0,0.0,34.8,95.60439560439559,1350.0097591645936,85.68605748363849,77.04435590969456,76.9405892911869,68.9585004449999,-24.257425742574256,-1.5,
DE,2011,6.2,7.7,,9.1,36.0,96.0,27.4,27.4,25.9,125.1207729468599,95.0,103.37915376676987,0.0,0.0,0.0,34.9,95.87912087912088,1354.3190420907692,85.9130370403604,76.72586872586872,76.62925877211592,68.66408751874364,-25.1207729468599,-1.5,
DE,2012,6.2,7.8,,9.0,35.9,96.50537634408602,28.5,28.5,26.8,126.41509433962264,97.0,105.3123104912068,0.0,0.0,0.0,34.9,96.40883977900552,1334.5885769087324,85.52020529082077,76.34007382442626,76.26370907891481,67.65031164796271,-26.41509433962264,-1.5999999999999996,
DE,2013,6.0,8.6,,8.9,35.7,96.4864864864865,29.3,29.3,27.3,125.80645161290323,98.6,106.51155391162551,0.0,0.0,0.0,34.7,96.3888888888889,1326.4776513451434,85.46212879232532,76.69438669438671,76.61680911680912,67.93143570672012,-25.80645161290323,-2.5999999999999996,
DE,2014,5.6,9.9,,8.3,35.7,96.4864864864865,30.0,30.0,28.0,127.85388127853882,99.3,108.28742373082164,0.0,0.0,0.0,34.8,96.9359331476323,1333.8943849569077,85.8337605911248,75.46621621621622,75.81774771189811,67.13426274805832,-27.85388127853882,-4.300000000000001,
DE,2015,4.9,9.7,10.3,7.5,35.6,96.4769647696477,30.8,30.8,28.4,127.92792792792793,100.0,110.39686274509805,0.0,0.0,0.0,34.8,96.66666666666666,1337.9995351599825,86.04011307697532,75.4150921790908,75.56338028169014,67.25670810946663,-27.927927927927925,-4.799999999999999,-5.4
DE,2016,4.1,9.5,9.8,6.7,35.7,96.22641509433963,31.6,31.6,29.1,129.9107142857143,100.4,112.81306147957191,0.0,0.0,0.0,34.9,96.67590027700831,1334.8253064130602,85.5143912516807,74.07119237502431,74.41718784209573,65.82551079167173,-29.910714285714306,-5.4,-5.700000000000001
DE,2017,3.7,9.1,9.2,6.0,35.4,95.9349593495935,32.5,32.5,30.0,130.43478260869566,102.1,114.09421751070654,0.0,0.0,0.0,34.7,96.3888888888889,1330.7316548741155,85.62566884562645,73.55013550135502,73.89814814814815,65.64634611498028,-30.434782608695656,-5.3999999999999995,-5.499999999999999
DE,2018,3.6,9.1,9.5,5.7,35.4,95.9349593495935,33.7,33.7,31.1,131.77966101694915,104.0,116.1455505279035,0.0,0.0,0.0,34.6,96.11111111111111,1326.3076090432728,85.35441364267544,72.7995189919745,72.93319042515185,64.77055183174086,-31.77966101694915,-5.5,-5.9
DE,2019,3.2,8.0,8.3,5.2,35.3,95.92391304347825,35.0,35.0,31.7,130.9917355371901,105.5,118.91088188830035,0.0,0.0,0.0,34.6,96.37883008356546,1320.5166605905943,85.12201496382968,73.22898093539979,73.57626776095533,64.9827369755419,-30.991735537190095,-4.8,-5.1000000000000005
DE,2020,3.8,8.6,10.3,5.4,34.4,95.02762430939225,36.4,36.4,32.9,129.5275590551181,105.8,123.31665369361356,0.0,0.0,0.0,34.1,96.05633802816901,1271.2274048916363,86.19024179790708,73.36479202001712,74.1589965323858,66.54201038501033,-29.527559055118104,-4.8,-6.500000000000001
DE,2021,4.8,8.7,10.3,6.5,34.6,95.05494505494507,36.8,36.8,33.2,129.6875,109.2,120.79005961358904,0.0,0.0,0.0,34.1,95.78651685393258,1298.8445871961458,84.97646243197092,73.29537931947571,73.85948287532152,65.52401922465228,-29.6875,-3.8999999999999995,-5.500000000000001
DE,2022,6.0,7.2,10.1,8.1,34.6,95.05494505494507,38.2,38.2,34.2,128.57142857142858,118.7,115.35028164593557,0.0,0.0,0.0,34.1,95.78651685393258,1305.7658952613674,84.7133619770375,73.93162393162395,74.50062421972534,65.88817042658471,-28.571428571428584,-1.2000000000000002,-4.1
DE,2023,7.0,6.6,10.4,9.4,34.1,94.45983379501385,40.7,40.7,36.2,128.36879432624116,125.9,115.8709838184678,0.0,0.0,0.0,33.6,95.18413597733712,1302.4380968217017,84.36369056289492,73.58473240385057,74.1489678055499,65.71978104623304,-28.368794326241158,0.40000000000000036,-3.4000000000000004
DE,2024,5.3,6.5,9.8,7.1,34.0,94.44444444444444,42.6,42.6,38.1,128.7162162162162,129.0,118.36570907432743,0.0,0.0,0.0,33.5,94.90084985835695,1308.3118427285647,84.55186042364245,73.37416156313795,73.72874424691248,65.68858447611068,-28.716216216216196,-1.2000000000000002,-4.500000000000001
DE,2025,5.6,6.8,9.6,7.3,,,,,,,,,,,,,,,,,,,,-1.2000000000000002,-4.0
DK,2003,,4.5,,,,,,,,,,,,,,,,,,,,,,,
DK,2004,,4.8,,,,,,,,,,,,,,,,,,,,,,,
DK,2005,,4.8,,,,,,,,,,,,,,,,,,,,,,,
DK,2006,,4.5,,,,,,,,,,,,,,,,,,,,,,,
DK,2007,,4.1,,,,,,,,,,,,,,,,,,,,,,,
DK,2008,,5.0,,,36.2,95.51451187335094,33.0,245.7,24.0,125.0,91.2,100.0,0.0,0.0,0.0,35.3,95.92391304347825,1403.8500635324015,87.94930124635707,76.41160949868076,76.7391304347826,70.35944099708566,-25.0,,
DK,2009,,5.9,,,35.8,95.72192513368984,34.2,254.6,24.9,127.0408163265306,92.1,102.60970782143423,0.0,0.0,0.0,35.0,96.41873278236915,1392.8636758928837,88.67236496649284,75.34737882009321,75.89586998130262,69.7983274435044,-27.040816326530603,,
DK,2010,5.0,6.5,,7.5,36.3,96.79999999999998,35.1,261.7,26.1,129.20792079207922,94.1,103.22948983947921,0.0,0.0,0.0,35.4,97.25274725274726,1399.1073758538644,88.80231733093757,74.91800766283522,75.26840975116836,68.72823027145358,-29.20792079207922,-1.5,
DK,2011,6.6,6.3,,8.3,36.5,97.33333333333333,35.3,262.9,26.2,126.57004830917874,96.6,101.01901778920413,0.0,0.0,0.0,35.6,97.80219780219781,1412.7892280209753,89.62217136798797,76.90076335877862,77.27120208036239,70.80835676783782,-26.570048309178745,0.2999999999999998,
DK,2012,7.0,5.2,,9.5,36.3,97.5806451612903,36.3,269.8,26.3,124.05660377358491,98.9,101.25939670934618,0.0,0.0,0.0,35.4,97.79005524861877,1400.988104077718,89.7750755129667,78.65816263951918,78.82696468709955,72.36622056558531,-24.05660377358491,1.7999999999999998,
DK,2013,7.9,5.5,,10.6,36.1,97.56756756756756,36.7,273.8,26.9,123.963133640553,99.4,102.24374329002096,0.0,0.0,0.0,35.3,98.05555555555554,1402.8405864286956,90.38202999567582,78.70692253591882,79.10057827344072,72.91041081435559,-23.963133640552996,2.4000000000000004,
DK,2014,8.0,4.9,,10.9,35.8,96.75675675675674,37.6,280.1,27.4,125.11415525114155,99.8,104.17709656186611,0.0,0.0,0.0,35.0,97.49303621169916,1390.931379131736,89.50399097671696,77.33478003550995,77.92326616920481,71.5378614010986,-25.114155251141554,3.0999999999999996,
DK,2015,7.3,5.5,6.9,9.9,35.8,97.01897018970189,38.5,287.0,28.3,127.47747747747748,100.0,106.52991452991454,0.0,0.0,0.0,35.0,97.22222222222223,1379.6413142982517,88.71788933296983,76.10675400040219,76.26619552414606,69.59495205625194,-27.47747747747748,1.7999999999999998,0.39999999999999947
DK,2016,6.8,5.3,6.7,9.3,35.4,95.4177897574124,38.8,288.9,28.3,126.33928571428572,100.0,107.23516483516485,0.0,0.0,0.0,34.7,96.12188365650971,1389.7822252752353,89.035157181865,75.52503500233348,76.0823390072727,70.47305727469173,-26.339285714285722,1.5,0.09999999999999964
DK,2017,5.8,5.3,7.0,9.0,35.4,95.9349593495935,39.6,294.9,29.5,128.2608695652174,101.1,108.27128690630174,0.0,0.0,0.0,34.6,96.11111111111111,1383.6924179174314,89.03341881651569,74.79674796747967,74.93408662900188,69.41588585694443,-28.260869565217405,0.5,-1.2000000000000002
DK,2018,6.2,6.0,7.4,8.6,35.1,95.1219512195122,40.9,304.8,30.5,129.23728813559322,101.8,111.13653864145024,0.0,0.0,0.0,34.4,95.55555555555556,1362.6387974663055,87.69250419093555,73.60255897640944,73.93806921675775,67.85387209528128,-29.237288135593218,0.20000000000000018,-1.2000000000000002
DK,2019,5.3,6.3,7.8,8.9,34.7,94.29347826086959,41.6,310.5,30.9,127.68595041322314,102.5,112.44170463682659,0.0,0.0,0.0,34.1,94.98607242339833,1361.4300389656394,87.75933814966803,73.8479667933024,74.3903868170304,68.73061434375295,-27.68595041322314,-1.0,-2.5
DK,2020,5.8,6.2,7.7,8.1,34.8,96.13259668508286,43.7,325.8,32.7,128.740157480315,102.9,117.52368137207787,0.0,0.0,0.0,34.2,96.3380281690141,1330.4797169541052,90.2075962728797,74.67180292969738,74.83137356247576,70.06950903153344,-28.74015748031499,-0.40000000000000036,-1.9000000000000004
DK,2021,5.8,6.0,7.5,7.4,35.2,96.70329670329672,43.8,326.1,33.1,129.296875,104.9,115.38915485531311,0.0,0.0,0.0,34.5,96.91011235955055,1370.6174609279396,89.67217812299943,74.79167358321438,74.95162768593637,69.35370875978204,-29.296875,-0.20000000000000018,-1.7000000000000002
DK,2022,7.4,5.9,7.8,8.8,34.6,95.05494505494507,45.0,335.1,33.9,127.44360902255639,113.8,109.30042423891284,0.0,0.0,0.0,34.0,95.50561797752809,1368.0602842470003,88.75479631257127,74.58588609031088,74.93951145139373,69.64240654614737,-27.443609022556387,1.5,-0.39999999999999947
DK,2023,9.7,6.0,8.7,12.3,34.3,95.01385041551245,46.9,349.7,36.1,128.01418439716312,117.6,110.37684915235937,0.0,0.0,0.0,33.8,95.75070821529745,1359.8725566175838,88.08393109155486,74.22134575394601,74.79695212386117,68.8079461712423,-28.01418439716312,3.6999999999999993,1.0
DK,2024,9.2,6.2,8.5,11.8,33.9,94.16666666666667,49.1,366.1,38.0,128.3783783783784,119.1,114.09789948832773,0.0,0.0,0.0,33.5,94.90084985835695,1356.848016455875,87.68859254855421,73.35087719298247,73.92276725808856,68.30479840624221,-28.378378378378386,2.999999999999999,0.6999999999999993
DK,2025,8.2,5.9,8.4,11.3,,,,,,,,,,,,,,,,,,,,2.299999999999999,-0.20000000000000107
EE,2004,,9.1,,,,,,,,,,,,,,,,,,,,,,,
EE,2005,,7.5,,,,,,,,,,,,,,,,,,,,,,,
EE,2006,,7.5,,,,,,,,,,,,,,,,,,,,,,,
EE,2007,,7.8,,,,,,,,,,,,,,,,,,,,,,,
EE,2008,,7.3,,,39.4,103.95778364116096,7.1,7.1,10.1,52.60416666666667,85.45,100.0,0.0,0.0,0.0,39.4,107.06521739130436,1958.2047377326564,122.67886924301733,197.6227174168604,203.52991820921224,233.21131578870617,47.39583333333333,,
EE,2009,,8.1,,,37.9,101.33689839572193,7.3,7.3,10.7,54.59183673469387,85.62,102.61275666143557,0.0,0.0,0.0,37.9,104.4077134986226,1824.671339268801,116.16206649643813,185.6264680893598,191.25151257691618,212.7828507785222,45.40816326530613,,
EE,2010,18.2,6.5,,24.6,38.8,103.46666666666665,7.3,7.3,10.8,53.46534653465347,87.96,99.88294935598128,0.11705064401871823,0.11705064401871823,1.0,38.8,106.59340659340658,1866.2914171656687,118.45481306108229,193.52098765432095,199.3691493691493,221.55437257720945,46.53465346534653,11.7,
EE,2011,15.8,7.9,,24.0,38.9,103.73333333333333,7.3,7.3,10.7,51.690821256038646,92.43,95.05251785515647,4.9474821448435335,5.064532788862252,2.0,39.0,107.14285714285715,1909.202177585883,121.11278975096872,200.6803738317757,207.2763684913218,234.30231288271517,48.309178743961354,7.9,
EE,2012,16.6,8.3,,24.1,38.6,103.76344086021504,7.9,7.9,11.2,52.83018867924528,96.33,98.7004765016968,1.299523498303202,6.364056287165454,3.0,38.6,106.62983425414363,1876.0607745043542,120.21765010554302,196.40937019969277,201.835043409629,227.55483769977786,47.16981132075472,8.3,
EE,2013,15.4,7.6,,23.3,38.4,103.78378378378379,8.4,8.4,11.6,53.45622119815668,99.46,101.64465578914874,0.0,6.364056287165454,3.0,38.6,107.22222222222223,1861.7113477781857,119.94609544805235,194.14725069897483,200.57950191570882,224.38191993299446,46.54377880184332,7.800000000000001,
EE,2014,12.5,11.8,,19.9,38.2,103.24324324324326,9.0,9.0,12.2,55.70776255707763,99.93,108.39277635189704,0.0,6.364056287165454,3.0,38.3,106.68523676880223,1857.0786312340736,119.49974782852746,185.3300841825432,191.5087446915384,214.5118424135042,44.29223744292237,0.6999999999999993,
EE,2015,9.8,10.0,10.9,16.2,38.1,103.2520325203252,9.3,9.3,12.5,56.30630630630631,100.0,111.92746478873241,0.0,6.364056287165454,3.0,38.2,106.11111111111113,1856.8614948636202,119.4055519363424,183.37560975609753,188.45333333333335,212.0642602389441,43.69369369369369,-0.1999999999999993,-1.0999999999999996
EE,2016,10.3,9.6,10.1,15.7,38.5,103.77358490566037,9.9,9.9,13.1,58.48214285714286,100.8,118.20296780684106,0.0,6.364056287165454,3.0,38.5,106.64819944598338,1847.183297947629,118.3381484418626,177.4449085409765,182.3602799687044,202.34920038913907,41.51785714285714,0.7000000000000011,0.20000000000000107
EE,2017,9.2,9.3,10.6,14.6,38.6,104.60704607046071,10.6,10.6,13.6,59.130434782608695,104.48,122.103023963074,0.0,6.364056287165454,3.0,38.7,107.50000000000001,1856.8705473501302,119.47997328705617,176.90897497210267,181.80147058823533,202.06171952958027,40.869565217391305,-0.10000000000000142,-1.4000000000000004
EE,2018,9.1,9.3,10.3,14.0,37.9,102.710027100271,12.1,12.1,15.2,64.40677966101694,108.05,134.7765445053477,0.0,6.364056287165454,3.0,37.9,105.27777777777777,1784.5650673110115,114.8455334863146,159.47083155042077,163.4576023391813,178.31280199190954,35.59322033898306,-0.20000000000000107,-1.200000000000001
EE,2019,6.9,10.0,10.8,11.3,37.9,102.98913043478262,13.1,13.1,16.1,66.52892561983472,110.5,142.67988018609395,0.0,6.364056287165454,3.0,38.0,105.84958217270196,1771.3570928465308,114.18370510837173,154.8035376721577,159.10309866952713,171.6301654423972,33.47107438016528,-3.0999999999999996,-3.9000000000000004
EE,2020,6.2,10.0,11.0,9.2,37.1,102.48618784530386,14.1,14.1,17.5,68.8976377952756,109.8,154.55052720695764,0.0,6.364056287165454,3.0,37.2,104.7887323943662,1716.27437912165,116.36478505642158,148.7513812154696,152.09336016096577,168.89517373903473,31.1023622047244,-3.8,-4.8
EE,2021,5.3,10.0,10.5,8.2,36.9,101.37362637362638,15.6,15.6,18.6,72.65625,114.72,163.65873062643647,0.0,6.364056287165454,3.0,37.0,103.93258426966291,1702.4844829708297,111.38446441886474,139.52499113789438,143.0469977044823,153.30334887757726,27.34375,-4.7,-5.2
EE,2022,5.5,10.5,11.9,10.2,36.8,101.0989010989011,16.9,16.9,18.7,70.30075187969925,137.03,148.4310519028937,0.0,6.364056287165454,3.0,36.9,103.65168539325842,1683.9334392507733,109.24750255935786,143.80913204442615,147.4403653187526,155.4001908063593,29.69924812030075,-5.0,-6.4
EE,2023,7.7,10.3,10.9,11.9,36.4,100.83102493074792,18.3,18.3,20.0,70.92198581560284,149.52,147.30094047430654,0.0,6.364056287165454,3.0,36.6,103.68271954674222,1690.0177874965323,109.46864808244611,142.17174515235456,146.19263456090653,154.350793796249,29.078014184397162,-2.6000000000000005,-3.2
EE,2024,6.4,10.3,11.5,9.9,36.5,101.38888888888889,19.6,19.6,21.3,71.95945945945945,155.1,152.08906566413313,0.0,6.364056287165454,3.0,36.7,103.9660056657224,1694.2937416821385,109.49659193223425,140.89723526343246,144.47858064344524,152.16427799033494,28.040540540540547,-3.9000000000000004,-5.1
EE,2025,9.3,10.1,11.5,12.8,,,,,,,,,,,,,,,,,,,,-0.7999999999999989,-2.1999999999999993
EL,2003,,13.5,,,,,,,,,,,,,,,,,,,,,,,
EL,2004,,13.1,,,,,,,,,,,,,,,,,,,,,,,
EL,2005,,12.9,,,,,,,,,,,,,,,,,,,,,,,
EL,2006,,13.8,,,,,,,,,,,,,,,,,,,,,,,
EL,2007,,14.2,,,,,,,,,,,,,,,,,,,,,,,
EL,2008,,14.3,,,41.1,108.44327176781003,12.6,12.6,13.8,71.875,93.55,100.0,0.0,0.0,0.0,38.9,105.70652173913044,2024.3942983261684,126.82555538509366,150.87759550304006,147.06994328922497,176.452946622739,28.125,,
EL,2009,,13.8,,,40.8,109.09090909090908,13.1,13.1,14.0,71.42857142857142,94.81,102.5865431782529,0.0,0.0,0.0,38.5,106.06060606060606,2006.6862490350036,127.74948369129446,152.72727272727275,148.4848484848485,178.8492771678123,28.571428571428584,,
EL,2010,52.2,13.8,,58.1,40.9,109.06666666666666,13.4,13.4,14.1,69.8019801980198,99.27,100.22129801519347,0.0,0.0,0.0,38.6,106.04395604395604,1921.5754003027164,121.96372588548805,156.251536643026,151.92112851687318,174.72817467282684,30.198019801980195,38.400000000000006,
EL,2011,59.0,11.9,,61.9,40.9,109.06666666666666,12.9,12.9,13.5,65.21739130434783,102.36,93.56914903515137,6.430850964848631,6.430850964848631,1.0,38.6,106.04395604395604,1937.6636830902169,122.9182833611327,167.23555555555555,162.60073260073258,188.4747011537368,34.78260869565217,47.1,
EL,2012,69.9,15.1,,72.7,40.9,109.94623655913978,12.3,12.3,13.3,62.735849056603776,103.42,88.3026678085661,11.697332191433901,18.12818315628253,2.0,38.4,106.07734806629833,1949.8015991355267,124.9429493999364,175.25264774840326,169.0856976695883,199.15718250215423,37.264150943396224,54.800000000000004,
EL,2013,73.3,13.1,,77.5,40.9,110.54054054054055,11.3,11.3,12.9,59.44700460829493,102.54,81.81979312757547,18.180206872424534,36.308390028707066,3.0,38.3,106.38888888888887,1948.542433484068,125.5404372918432,185.94804106432014,178.96425495262702,211.1804255219378,40.55299539170507,60.199999999999996,
EL,2014,71.5,13.4,,77.9,40.7,110.00000000000001,11.0,11.0,12.9,58.9041095890411,101.11,80.77404304285919,19.22595695714081,55.534346985847876,4.0,38.1,106.12813370473538,1916.4212302500384,123.31833983568701,186.74418604651166,180.1710176847833,209.35439088384075,41.0958904109589,58.1,
EL,2015,72.0,13.4,21.0,76.9,40.7,110.29810298102983,10.9,10.9,12.9,58.10810810810811,100.0,80.9281746031746,19.071825396825403,74.60617238267328,5.0,38.1,105.83333333333333,1915.0638303586115,123.14825542445261,189.81534001386527,182.1317829457364,211.9295558467324,41.89189189189189,58.6,51.0
EL,2016,71.4,14.1,21.7,76.4,40.9,110.24258760107816,10.4,10.4,12.3,54.91071428571429,100.02,77.20043292928717,22.799567070712826,97.4057394533861,6.0,38.3,106.09418282548475,1938.234380251235,124.17125472070784,200.76698880196346,193.21217034885026,226.13301672714272,45.08928571428571,57.300000000000004,49.7
EL,2017,73.0,12.9,21.3,76.7,40.7,110.29810298102983,10.6,10.6,12.6,54.78260869565217,101.15,77.80602437053253,22.193975629467474,119.59971508285358,7.0,38.2,106.11111111111113,1925.008653238534,123.86430642379258,201.33780702886398,193.69488536155208,226.1015117259706,45.21739130434783,60.1,51.7
EL,2018,68.7,11.0,18.8,73.5,40.6,110.02710027100271,10.1,10.1,12.1,51.271186440677965,101.94,73.56140088629789,26.43859911370211,146.0383141965557,8.0,38.1,105.83333333333333,1946.593331754116,125.27284869643968,214.59831127236893,206.41873278236912,244.3338205980146,48.728813559322035,57.7,49.900000000000006
EL,2019,64.8,10.2,17.5,69.9,40.4,109.78260869565219,10.2,10.2,12.3,50.82644628099174,102.46,73.91269996188989,26.087300038110115,172.12561423466582,9.0,37.8,105.29247910863509,1917.2945299002797,123.59099929208635,215.99505125486036,207.16081255520072,243.16277909499914,49.17355371900826,54.599999999999994,47.3
EL,2020,64.0,10.1,16.2,69.4,40.1,110.77348066298342,11.3,11.3,13.6,53.54330708661418,101.17,82.92776106851426,17.072238931485742,189.19785316615156,10.0,37.8,106.47887323943661,1729.2277334290072,117.24303291006997,206.88576535586608,198.8649544324772,218.96860558204244,46.45669291338582,53.9,47.8
EL,2021,63.9,11.3,16.6,70.3,40.1,110.16483516483517,10.7,10.7,13.1,51.171875,101.75,78.07690807690807,21.92309192309193,211.1209450892435,11.0,37.9,106.46067415730337,1847.6256623673496,120.8802763889059,215.28395268853285,208.04528690282186,236.2240515691596,48.828125,52.599999999999994,47.3
EL,2022,60.7,10.6,15.6,68.1,39.7,109.06593406593409,10.7,10.7,13.2,49.62406015037594,111.21,71.4353511089416,28.564648891058397,239.68559398030186,12.0,37.6,105.61797752808988,1886.1150435277846,122.36431277041665,219.78438228438233,212.836227442969,246.582630279779,50.37593984962406,50.1,45.1
EL,2023,59.1,9.9,14.7,67.1,39.8,110.24930747922436,11.0,11.0,13.5,47.87234042553192,115.84,70.50296522844864,29.497034771551355,269.18262875185326,13.0,38.1,107.93201133144477,1908.5741334652348,123.62534388768616,230.2985534010464,225.45797922568462,258.2396072320555,52.12765957446808,49.2,44.400000000000006
EL,2024,58.4,10.7,16.4,66.6,39.8,110.55555555555554,11.6,11.6,14.2,47.97297297297297,119.31,72.18623487167616,27.813765128323837,296.99639388017704,14.0,38.0,107.6487252124646,1899.6173121684246,122.76597412878611,230.45383411580596,224.39452579499664,255.90653762056826,52.02702702702703,47.7,42.0
EL,2025,59.8,9.9,16.0,66.7,,,,,,,,,,,,,,,,,,,,49.9,43.8
ES,2004,,10.8,,,,,,,,,,,,,,,,,,,,,,,
ES,2005,,10.6,,,,,,,,,,,,,,,,,,,,,,,
ES,2006,,10.1,,,,,,,,,,,,,,,,,,,,,,,
ES,2007,,10.2,,,,,,,,,,,,,,,,,,,,,,,
ES,2008,,11.3,,,38.4,101.31926121372032,18.1,18.1,19.4,101.04166666666666,92.41,100.0,0.0,0.0,0.0,37.3,101.3586956521739,1648.4845477276715,103.27531967570367,100.27473274759951,100.31376064545047,102.21062565842838,-1.0416666666666572,,
ES,2009,,11.7,,,37.9,101.33689839572193,18.8,18.8,19.8,101.0204081632653,92.19,104.11526998949444,0.0,0.0,0.0,36.8,101.37741046831955,1653.4925313775718,105.26449626715495,100.31329336142171,100.35339622116481,104.20121852708269,-1.0204081632653015,,
ES,2010,27.5,10.9,,32.1,37.8,100.79999999999998,19.1,19.1,19.9,98.51485148514851,94.08,103.65170584808507,0.0,0.0,0.0,36.5,100.27472527472528,1643.8448763356052,104.3359765451179,102.31959798994973,101.78640455022365,105.90888071413978,1.4851485148514882,16.6,
ES,2011,22.8,10.9,,28.0,37.7,100.53333333333335,19.1,19.1,20.0,96.61835748792271,96.94,100.59369183193567,0.0,0.0,0.0,36.4,100.0,1645.940788670492,104.41245197659309,104.052,103.5,108.06688779577385,3.381642512077292,11.9,
ES,2012,27.1,10.8,,33.5,37.3,100.26881720430106,19.1,19.1,20.3,95.75471698113208,99.31,98.19305695486705,1.8069430451329538,1.8069430451329538,1.0,36.0,99.44751381215468,1631.3916756701137,104.5392965495053,104.71423274537844,103.85651688757041,109.17404368716808,4.245283018867923,16.3,
ES,2013,30.3,10.5,,37.4,37.2,100.54054054054055,19.3,19.3,20.6,94.93087557603687,100.83,97.725508116884,2.2744918831159993,4.081434928248953,2.0,35.8,99.44444444444443,1612.183544094608,103.86955071769316,105.90921018105485,104.75458468176913,109.41598303756999,5.069124423963132,19.8,
ES,2014,29.4,12.5,,37.8,37.2,100.54054054054055,19.3,19.3,20.9,95.43378995433791,100.63,97.91973550060035,2.0802644993996466,6.1616994276486,3.0,35.7,99.44289693593316,1609.969333577444,103.59869858947145,105.35109271951377,104.20093028215005,108.55557412006817,4.566210045662089,16.9,
ES,2015,27.0,13.1,15.2,34.2,37.1,100.54200542005421,19.5,19.5,21.1,95.04504504504504,100.0,99.55773480662984,0.44226519337016157,6.603964621018761,4.0,35.8,99.44444444444443,1613.739094598022,103.77155636257221,105.783531768967,104.62875197472353,109.18144792649778,4.954954954954957,13.9,11.8
ES,2016,27.5,13.1,15.4,34.4,37.1,100.0,19.5,19.5,21.0,93.75,99.66,99.8973859187536,0.1026140812464007,6.706578702265162,5.0,35.8,99.16897506925206,1618.5185621466123,103.68894634118013,106.66666666666667,105.78024007386887,110.60154276392547,6.25,14.4,12.1
ES,2017,18.7,13.1,15.2,24.5,36.9,100.0,19.7,19.7,21.4,93.04347826086956,101.69,98.90730630249338,1.0926936975066184,7.79927239977178,6.0,35.7,99.16666666666669,1613.7088479838517,103.8337811568732,107.4766355140187,106.58099688473521,111.59705451439642,6.956521739130437,5.6,3.5
ES,2018,20.8,12.9,15.1,26.4,37.2,100.81300813008131,20.0,20.0,21.4,90.6779661016949,103.46,98.69562849175435,1.3043715082456515,9.103643908017432,7.0,36.0,100.0,1617.077563219738,104.06688937184852,111.1769622369121,110.2803738317757,114.76535463437502,9.322033898305094,7.9,5.700000000000001
ES,2019,16.1,12.7,14.4,20.9,36.9,100.2717391304348,20.9,20.9,22.5,92.97520661157026,104.26,102.34554921663117,0.0,9.103643908017432,7.0,35.8,99.72144846796657,1598.9754691398816,103.07178839383062,107.84782608695653,107.25595790776848,110.85943462803114,7.024793388429742,3.400000000000002,1.700000000000001
ES,2020,18.2,11.8,15.2,21.9,36.5,100.82872928176795,22.2,22.2,23.4,92.1259842519685,103.91,109.07771334202835,0.0,9.103643908017432,7.0,35.6,100.28169014084507,1512.8798678564376,102.5744733947483,109.44656939132078,108.85277476826774,111.34152240284644,7.874015748031496,6.399999999999999,3.0
ES,2021,16.4,12.7,15.7,20.5,36.2,99.45054945054947,22.5,22.5,24.4,95.3125,107.04,107.31904838589797,0.0,9.103643908017432,7.0,35.1,98.59550561797752,1566.9759941210093,102.51886792989777,104.34156007926502,103.44446491066495,107.56077946743372,4.6875,3.6999999999999993,0.6999999999999993
ES,2022,17.8,11.7,15.0,21.1,36.5,100.27472527472528,23.2,23.2,25.6,96.2406015037594,115.95,102.15452936229417,0.0,9.103643908017432,7.0,35.4,99.438202247191,1592.4759843736826,103.31407413346781,104.19170673076924,103.32250702247191,107.34978015430642,3.759398496240607,6.100000000000001,2.8000000000000007
ES,2023,19.2,11.3,15.9,21.3,36.4,100.83102493074792,24.4,24.4,27.4,97.16312056737588,119.89,103.9075874800519,0.0,9.103643908017432,7.0,35.3,100.0,1585.222250651917,102.68065695695167,103.77499646157267,102.91970802919708,105.67863234255609,2.836879432624116,7.899999999999999,3.299999999999999
ES,2024,19.2,11.2,15.6,20.8,36.4,101.11111111111111,25.6,25.6,28.6,96.62162162162161,123.33,105.97700191688024,0.0,9.103643908017432,7.0,35.3,100.0,1582.313152533741,102.25965740744535,104.64646464646465,103.49650349650351,105.83516990420917,3.378378378378386,8.0,3.5999999999999996
ES,2025,18.2,11.2,15.9,19.7,,,,,,,,,,,,,,,,,,,,7.0,2.299999999999999
EU27_2020,2010,22.1,8.5,,27.0,37.5,100.0,20.2,20.2,20.2,100.0,93.03,102.50546418717977,0.0,0.0,0.0,36.4,100.0,1575.5302540583966,100.0,100.0,100.0,100.0,0.0,13.600000000000001,
EU27_2020,2011,21.4,9.0,,26.4,37.5,100.0,20.7,20.7,20.7,100.0,95.69,102.12274009823388,0.0,0.0,0.0,36.4,100.0,1576.383618535723,99.99999999999999,100.0,100.0,99.99999999999999,0.0,12.399999999999999,
EU27_2020,2012,22.6,8.9,,27.8,37.2,100.0,21.2,21.2,21.2,100.0,98.19,101.92653698611535,0.0,0.0,0.0,36.2,100.0,1560.5535234279648,100.0,100.0,100.0,100.0,0.0,13.700000000000001,
EU27_2020,2013,23.3,9.1,,29.0,37.0,100.0,21.7,21.7,21.7,100.0,99.49,102.96721613562502,0.0,0.0,0.0,36.0,100.0,1552.1233440937453,100.0,100.0,100.0,100.0,0.0,14.200000000000001,
EU27_2020,2014,22.0,9.6,,28.1,37.0,100.0,21.9,21.9,21.9,100.0,99.89,103.50010011012112,0.0,0.0,0.0,35.9,100.0,1554.0439749704176,100.0,100.0,100.0,100.0,0.0,12.4,
EU27_2020,2015,20.7,9.7,13.1,26.3,36.9,100.0,22.2,22.2,22.2,100.0,100.0,104.80250000000001,0.0,0.0,0.0,36.0,100.0,1555.0880714939888,100.0,100.0,100.0,100.0,0.0,11.0,7.6
EU27_2020,2016,18.9,9.8,12.7,24.6,37.1,100.0,22.4,22.4,22.4,100.0,100.18,105.55666467026019,0.0,0.0,0.0,36.1,100.0,1560.936453940816,100.0,100.0,100.0,100.0,0.0,9.099999999999998,6.199999999999999
EU27_2020,2017,16.5,9.5,12.1,21.6,36.9,100.0,23.0,23.0,23.0,100.0,101.74,106.72220038005374,0.0,0.0,0.0,36.0,100.0,1554.1270191690726,99.99999999999999,100.0,100.0,99.99999999999999,0.0,7.0,4.4
EU27_2020,2018,16.0,9.3,11.5,21.0,36.9,100.0,23.6,23.6,23.6,100.0,103.57,107.57136880048921,0.0,0.0,0.0,36.0,100.0,1553.8828660878366,100.0,100.0,100.0,100.0,0.0,6.699999999999999,4.5
EU27_2020,2019,13.5,9.1,11.2,18.1,36.8,100.0,24.2,24.2,24.2,100.0,105.04,108.76253490733689,0.0,0.0,0.0,35.9,100.0,1551.3221358208127,100.00000000000001,100.0,100.0,100.00000000000001,0.0,4.4,2.3000000000000007
EU27_2020,2020,15.0,8.8,11.2,19.3,36.2,100.0,25.4,25.4,25.4,100.0,105.76,113.37856152294502,0.0,0.0,0.0,35.5,100.0,1474.90873488013,100.0,100.0,100.0,100.0,0.0,6.199999999999999,3.8000000000000007
EU27_2020,2021,13.5,8.9,11.1,17.8,36.4,100.0,25.6,25.6,25.6,100.0,108.82,111.05801629602402,0.0,0.0,0.0,35.6,100.0,1528.4757096542512,100.0,100.0,100.0,100.0,0.0,4.6,2.4000000000000004
EU27_2020,2022,14.2,8.5,11.1,18.4,36.4,100.0,26.6,26.6,26.6,100.0,118.82,105.68436851259611,0.0,0.0,0.0,35.6,100.0,1541.393075174268,99.99999999999999,100.0,100.0,99.99999999999999,0.0,5.699999999999999,3.0999999999999996
EU27_2020,2023,14.9,8.3,11.2,18.5,36.1,100.0,28.2,28.2,28.2,100.0,126.38,105.33905681278685,0.0,0.0,0.0,35.3,100.0,1543.837269483495,100.0,100.0,100.0,100.0,0.0,6.6,3.700000000000001
EU27_2020,2024,13.5,8.2,10.9,16.7,36.0,100.0,29.6,29.6,29.6,100.0,129.67,107.76329657335289,0.0,0.0,0.0,35.3,100.0,1547.3483802406477,99.99999999999999,100.0,100.0,99.99999999999999,0.0,5.300000000000001,2.5999999999999996
EU27_2020,2025,13.6,8.3,10.9,16.9,,,,,,,,,,,,,,,,,,,,5.299999999999999,2.6999999999999993
FI,2004,,4.4,,,,,,,,,,,,,,,,,,,,,,,
FI,2005,,3.7,,,,,,,,,,,,,,,,,,,,,,,
FI,2006,,4.5,,,,,,,,,,,,,,,,,,,,,,,
FI,2007,,5.0,,,,,,,,,,,,,,,,,,,,,,,
FI,2008,,5.1,,,37.3,98.41688654353561,25.4,25.4,21.6,112.5,87.89,100.0,0.0,0.0,0.0,36.4,98.91304347826087,1582.4970419387353,99.14129199291551,87.48167692758722,87.92270531400968,88.12559288259156,-12.5,,
FI,2009,,3.7,,,36.6,97.86096256684492,26.3,26.3,22.1,112.75510204081633,89.32,101.88559404212407,0.0,0.0,0.0,35.7,98.34710743801655,1559.398768562115,99.2743074052807,86.79071793258645,87.22186904005088,88.04418213319012,-12.755102040816325,,
FI,2010,3.7,3.7,,6.4,36.9,98.4,26.9,26.9,22.6,111.88118811881189,90.83,102.47754522812801,0.0,0.0,0.0,36.0,98.9010989010989,1567.4530879941701,99.48733665739388,87.9504424778761,88.39832733638043,88.92230975572373,-11.881188118811892,0.0,
FI,2011,3.9,3.9,,7.1,36.9,98.4,27.9,27.9,23.1,111.59420289855073,93.85,102.866905222356,0.0,0.0,0.0,36.0,98.9010989010989,1566.6187179717704,99.38055049233365,88.17662337662337,88.62566005423147,89.05529849313015,-11.594202898550733,0.0,
FI,2012,4.0,3.8,,6.6,36.7,98.65591397849462,28.8,28.8,23.4,110.37735849056604,96.81,102.93854266047548,0.0,0.0,0.0,35.7,98.61878453038675,1556.393662128989,99.73343680709918,89.38057163863616,89.34693299334184,90.35678890215824,-10.377358490566039,0.20000000000000018,
FI,2013,4.4,3.7,,6.5,36.4,98.37837837837837,29.2,29.2,23.3,107.37327188940093,98.96,102.10074538984972,0.0,0.0,0.0,35.6,98.88888888888889,1552.3869403152648,100.0169829429164,91.62278157986312,92.09823557463042,93.14886394254445,-7.373271889400925,0.7000000000000002,
FI,2014,5.0,3.7,,6.7,36.3,98.1081081081081,29.6,29.6,23.4,106.84931506849315,100.16,102.25937712258812,0.0,0.0,0.0,35.5,98.8857938718663,1548.0938814272147,99.6171219322596,91.81912681912681,92.54696093136205,93.23140898788398,-6.849315068493155,1.2999999999999998,
FI,2015,4.4,3.5,3.9,6.4,36.3,98.37398373983739,29.9,29.9,23.7,106.75675675675676,100.0,103.46106299212597,0.0,0.0,0.0,35.5,98.61111111111111,1547.7695502979952,99.52938220476717,92.14778223731604,92.36990154711674,93.23005421712368,-6.756756756756758,0.9000000000000004,0.5000000000000004
FI,2016,4.1,3.1,3.5,6.4,36.5,98.38274932614554,30.2,30.2,23.8,106.25,100.39,104.09317049334366,0.0,0.0,0.0,35.8,99.16897506925206,1548.362494392104,99.19446051010166,92.59552877754875,93.33550594753136,93.35949224480157,-6.25,0.9999999999999996,0.5999999999999996
FI,2017,4.1,2.7,3.2,6.3,36.4,98.6449864498645,30.1,30.1,24.0,104.34782608695652,101.23,102.88759284423638,0.0,0.0,0.0,35.8,99.44444444444443,1544.0974529346622,99.35464951637141,94.53477868112014,95.30092592592592,95.21487245318927,-4.347826086956516,1.3999999999999995,0.8999999999999995
FI,2018,3.5,3.1,3.8,5.9,36.2,98.10298102981031,30.6,30.6,24.3,102.96610169491525,102.42,103.38139850269157,0.0,0.0,0.0,35.5,98.61111111111111,1541.934648422325,99.2310734659432,95.27696923059767,95.77046181984454,96.37256517680079,-2.9661016949152526,0.3999999999999999,-0.2999999999999998
FI,2019,4.0,2.9,3.4,6.0,36.1,98.09782608695653,31.3,31.3,24.6,101.65289256198348,103.58,104.56207153966733,0.0,0.0,0.0,35.5,98.8857938718663,1533.7817701903018,98.86932796061534,96.50273948391659,97.27789478451888,97.26169661166223,-1.652892561983478,1.1,0.6000000000000001
FI,2020,4.3,3.1,3.7,6.4,36.0,99.44751381215468,31.6,31.6,25.1,98.81889763779527,103.98,105.15816942385952,0.0,0.0,0.0,35.5,100.0,1528.889662373825,103.65995035605252,100.63612951508881,101.19521912350598,104.89891390612486,1.1811023622047259,1.1999999999999997,0.5999999999999996
FI,2021,3.2,2.8,3.2,5.7,35.4,97.25274725274726,32.9,32.9,26.6,103.90625,106.12,107.27645274551763,0.0,0.0,0.0,34.8,97.75280898876403,1525.1232783540213,99.78066832995414,93.5966289349748,94.07789135760748,96.02951538521901,-3.90625,0.40000000000000036,0.0
FI,2022,3.8,2.5,3.4,6.0,34.9,95.87912087912088,34.0,34.0,27.2,102.25563909774435,113.74,103.43593414459558,0.0,0.0,0.0,34.3,96.34831460674155,1513.5278514588858,98.19220520941863,93.76414027149322,94.22298413747521,96.02620068274028,-2.25563909774435,1.2999999999999998,0.3999999999999999
FI,2023,5.7,2.8,4.6,7.1,34.8,96.39889196675898,35.3,35.3,28.6,101.41843971631207,118.67,102.92941651864597,0.0,0.0,0.0,34.3,97.1671388101983,1505.6617410857693,97.52723106558389,95.05065571547563,95.8081578478179,96.16321384788341,-1.418439716312065,2.9000000000000004,1.1000000000000005
FI,2024,6.5,2.8,5.0,8.2,34.9,96.94444444444444,35.9,35.9,29.8,100.67567567567568,119.83,103.66559318614758,0.0,0.0,0.0,34.4,97.45042492917848,1507.0513597607792,97.39573705608551,96.2938105891126,96.79639523166722,96.74207439127956,-0.6756756756756772,3.7,1.5
FI,2025,6.1,3.1,4.9,8.6,,,,,,,,,,,,,,,,,,,,2.9999999999999996,1.1999999999999993
FR,2004,,5.4,,,,,,,,,,,,,,,,,,,,,,,
FR,2005,,6.1,,,,,,,,,,,,,,,,,,,,,,,
FR,2006,,6.0,,,,,,,,,,,,,,,,,,,,,,,
FR,2007,,6.5,,,,,,,,,,,,,,,,,,,,,,,
FR,2008,,6.5,,,36.8,97.0976253298153,28.6,28.6,25.2,131.25,92.34,100.0,0.0,0.0,0.0,35.2,95.6521739130435,1412.3120170637476,88.47943115096271,73.97914310843072,72.87784679089029,67.41289992454303,-31.25,,
FR,2009,,6.6,,,36.5,97.59358288770053,29.3,29.3,25.7,131.12244897959184,92.44,102.33672644966458,0.0,0.0,0.0,35.0,96.41873278236915,1398.395083370704,89.02450494339135,74.42934726065877,73.53335262779905,67.8941749762829,-31.122448979591837,,
FR,2010,16.8,6.5,,18.4,36.9,98.4,30.0,30.0,26.5,131.1881188118812,94.05,102.98792116973937,0.0,0.0,0.0,35.3,96.97802197802197,1406.7490301768141,89.28733844070463,75.00679245283018,73.92286958324694,68.06053722649936,-31.188118811881196,10.3,
FR,2011,16.1,7.6,,17.4,36.9,98.4,30.6,30.6,27.1,130.91787439613526,96.2,102.69994039224808,0.0,0.0,0.0,35.4,97.25274725274726,1412.6259501646275,89.61181361912355,75.16162361623617,74.28530878715381,68.44887608545599,-30.91787439613526,8.500000000000002,
FR,2012,16.6,8.0,,17.5,36.7,98.65591397849462,31.4,31.4,27.5,129.7169811320755,98.33,103.10208453196351,0.0,0.0,0.0,35.2,97.23756906077348,1406.709804558937,90.14172109066214,76.05474095796676,74.96132596685082,69.49107225898317,-29.71698113207549,8.600000000000001,
FR,2013,17.8,7.8,,18.9,36.0,97.29729729729729,32.4,32.4,28.8,132.7188940092166,99.31,105.33576784709601,0.0,0.0,0.0,34.7,96.3888888888889,1394.280193826859,89.83050213969638,73.3108108108108,72.62635030864199,67.68478807053512,-32.7188940092166,10.0,
FR,2014,17.6,8.0,,19.1,35.8,96.75675675675674,32.9,32.9,29.2,133.33333333333334,99.91,106.31897378969744,0.0,0.0,0.0,34.5,96.10027855153204,1388.91927960086,89.37451590630177,72.56756756756755,72.07520891364904,67.03088692972632,-33.33333333333334,9.600000000000001,
FR,2015,16.4,7.5,10.1,17.9,35.9,97.289972899729,33.3,33.3,29.6,133.33333333333334,100.0,107.51475524475522,0.0,0.0,0.0,34.6,96.11111111111111,1388.8812345778892,89.31206277234041,72.96747967479675,72.08333333333333,66.9840470792553,-33.33333333333334,8.899999999999999,6.299999999999999
FR,2016,15.7,7.9,10.4,17.4,36.1,97.30458221024259,33.5,33.5,29.9,133.48214285714286,100.31,107.82622820306003,0.0,0.0,0.0,34.8,96.39889196675898,1393.8867576243981,89.29811038145236,72.8970783113523,72.21856789482948,66.89891881419841,-33.48214285714286,7.799999999999999,5.299999999999999
FR,2017,14.9,7.3,9.7,16.5,36.0,97.5609756097561,34.5,34.5,30.8,133.91304347826087,101.47,109.77546155431244,0.0,0.0,0.0,34.9,96.94444444444444,1382.337839980969,88.94625876333117,72.85397529299968,72.39357864357864,66.42090751807197,-33.913043478260875,7.6000000000000005,5.200000000000001
FR,2018,14.7,7.1,9.6,16.5,36.1,97.8319783197832,34.8,34.8,31.2,132.20338983050846,103.6,108.45343845343847,0.0,0.0,0.0,35.0,97.22222222222223,1390.3850292581392,89.47811058362907,74.00111180598988,73.53988603988606,67.68216056966816,-32.203389830508456,7.6,5.1
FR,2019,13.6,7.4,10.3,15.8,36.1,98.09782608695653,34.7,34.7,31.9,131.8181818181818,104.95,106.75073378265377,0.0,0.0,0.0,34.9,97.21448467966574,1394.6062091503268,89.89791204213259,74.41904047976014,73.74891941216022,68.19841603196267,-31.818181818181813,6.199999999999999,3.299999999999999
FR,2020,14.4,7.4,9.9,17.3,35.7,98.61878453038675,36.2,36.2,33.4,131.49606299212599,105.5,110.78474132502569,0.0,0.0,0.0,34.7,97.74647887323945,1287.2749707145647,87.27827968414502,74.9975187746055,74.33414860420005,66.37330251428992,-31.496062992125985,7.0,4.5
FR,2021,12.8,6.9,8.9,15.2,35.9,98.62637362637363,35.9,35.9,32.5,126.953125,107.68,107.64236691985576,0.0,0.0,0.0,35.0,98.31460674157303,1364.409440719293,89.26602052628819,77.68723584108201,77.44165946413136,70.31415770686085,-26.953125,5.9,3.9000000000000004
FR,2022,17.0,7.5,10.3,19.7,36.2,99.45054945054947,36.9,36.9,33.4,125.56390977443608,114.04,104.47033674848474,0.0,0.0,0.0,35.2,98.87640449438203,1392.1116457773799,90.31516153788282,79.2031321971442,78.74587902845994,71.9276436199905,-25.563909774436084,9.5,6.699999999999999
FR,2023,18.4,7.8,10.5,20.2,36.0,99.72299168975069,38.5,38.5,35.4,125.53191489361703,120.5,103.15671879987232,0.0,0.0,0.0,35.0,99.1501416430595,1396.7499907595638,90.47261770192006,79.44034931217428,78.98401113938638,72.07140732186852,-25.531914893617028,10.599999999999998,7.899999999999999
FR,2024,18.0,8.3,11.1,19.8,35.8,99.44444444444443,39.3,39.3,36.2,122.2972972972973,123.29,102.91733572616043,0.0,0.0,0.0,34.9,98.86685552407933,1407.9046427783092,90.98821317532565,81.31368937998771,80.84140672687148,74.39920193341544,-22.297297297297305,9.7,6.9
FR,2025,18.5,8.7,11.2,19.7,,,,,,,,,,,,,,,,,,,,9.8,7.300000000000001
HR,2010,45.6,6.3,,52.5,39.8,106.13333333333333,8.5,8.2,12.1,59.9009900990099,92.55,97.9639967718484,2.0360032281516,4.220363210676709,2.0,40.6,111.53846153846155,1980.5466723450384,125.70667349886573,177.18126721763082,186.20470438652256,209.85742187413948,40.0990099009901,39.300000000000004,
HR,2011,42.7,6.6,,51.8,39.7,105.86666666666667,8.7,8.6,12.8,61.835748792270536,94.59,100.52690037184523,0.0,4.220363210676709,2.0,40.5,111.26373626373626,1977.6097749693727,125.45231704490448,171.20625,179.93432348901098,202.87991897105647,38.164251207729464,36.1,
HR,2012,45.2,6.0,,55.3,39.5,106.18279569892472,8.1,8.0,12.2,57.54716981132076,97.76,90.48109757329617,9.518902426703832,13.73926563738054,3.0,40.1,110.77348066298342,2084.591903481358,133.58028880049383,184.51436629649214,192.4916221356761,232.12312480085814,42.45283018867924,39.2,
HR,2013,52.1,6.2,,62.1,39.2,105.94594594594597,8.1,8.1,12.3,56.68202764976959,100.04,89.52419032387044,10.475809676129558,24.2150753135101,4.0,39.8,110.55555555555554,2068.8068814247367,133.28881942901728,186.91276642496157,195.04516711833782,235.151819643063,43.31797235023041,45.9,
HR,2014,51.2,5.7,,60.2,39.3,106.21621621621621,7.7,7.8,11.8,53.881278538812786,100.26,86.01931274981345,13.980687250186548,38.19576256369665,5.0,39.6,110.30640668523678,2053.8205851360563,132.15974697081222,197.1300961978928,204.72121240734623,245.279530394982,46.118721461187214,45.5,
HR,2015,43.8,5.9,7.5,54.4,38.3,103.7940379403794,7.9,8.0,12.4,55.85585585585586,100.0,88.45432098765433,11.545679012345673,49.74144157604232,6.0,38.6,107.22222222222223,2006.3935105599214,129.0212141253427,185.82480986100182,191.96236559139786,230.98959303085547,44.14414414414414,37.9,36.3
HR,2016,40.5,5.6,7.4,51.4,38.6,104.04312668463612,8.1,8.1,12.6,56.25000000000001,99.37,90.12780517258732,9.872194827412685,59.613636403455004,7.0,38.6,106.92520775623268,2006.6757482877363,128.55588984558503,184.96555855046418,190.08925823330253,228.5438041699289,43.74999999999999,34.9,33.1
HR,2017,34.2,5.8,7.6,44.3,38.9,105.42005420054201,8.3,8.2,12.8,55.65217391304348,100.67,90.06226185789777,9.937738142102233,69.55137454555724,8.0,38.9,108.05555555555556,2020.7221604424578,130.0229733810853,189.42665989159894,194.1623263888889,233.63503029413766,44.34782608695652,28.400000000000002,26.6
HR,2018,33.1,5.2,6.6,43.3,38.7,104.87804878048782,8.9,8.8,13.5,57.20338983050847,102.23,95.17729931176734,4.822700688232658,74.3740752337899,9.0,38.6,107.22222222222223,2002.6778121024895,128.8821606704867,183.34236675700095,187.44032921810702,225.30511050544345,42.79661016949153,27.900000000000002,26.5
HR,2019,26.2,5.1,6.4,36.2,38.6,104.8913043478261,9.1,8.9,13.8,57.02479338842976,103.04,95.50216624491986,4.497833755080137,78.87190898887003,10.0,38.4,106.96378830083566,1992.1635957366307,128.41714494601513,183.93982356647763,187.5741794840741,225.19528316620043,42.97520661157024,21.1,19.799999999999997
HR,2020,24.7,5.1,6.0,34.1,38.2,105.52486187845304,9.1,9.1,14.2,55.90551181102362,103.06,97.6293325475032,2.3706674524968037,81.24257644136684,11.0,38.1,107.32394366197182,1975.744690098809,133.95708109758965,188.75573885300753,191.9738147193017,239.61337041399838,44.09448818897638,19.6,18.7
HR,2021,18.2,4.9,5.3,27.6,38.1,104.67032967032968,9.7,9.7,15.2,59.375,105.82,101.35216801883469,0.0,81.24257644136684,11.0,38.1,107.02247191011236,1977.4908705892524,129.37666317488097,176.28687102371316,180.24837374334714,217.8975379787469,40.625,13.299999999999999,12.899999999999999
HR,2022,17.2,4.7,5.6,27.4,38.0,104.3956043956044,10.9,10.9,16.2,60.90225563909774,117.11,102.91094897590217,0.0,81.24257644136684,11.0,37.9,106.46067415730337,1965.0900375421552,127.48792434531889,171.41500474833808,174.80579830767098,209.33202392502977,39.09774436090226,12.5,11.6
HR,2023,13.8,6.2,6.6,22.5,38.1,105.54016620498615,12.4,12.4,18.0,63.829787234042556,126.94,108.00708801864204,0.0,81.24257644136684,11.0,37.9,107.36543909348443,1971.0291509643096,127.67078434527853,165.3462603878116,168.20585457979226,200.01756214093638,36.170212765957444,7.6000000000000005,7.200000000000001
HR,2024,12.5,8.3,8.7,20.8,37.8,104.99999999999999,13.6,13.6,19.1,64.52702702702703,132.04,113.88393341336894,0.0,81.24257644136684,11.0,37.6,106.51558073654392,1951.673758772816,126.13020982833139,162.7225130890052,165.07126648176438,195.46880685437742,35.47297297297297,4.199999999999999,3.8000000000000007
HR,2025,12.3,7.9,8.3,20.2,,,,,,,,,,,,,,,,,,,,4.4,4.0
HU,2005,,8.7,,,,,,,,,,,,,,,,,,,,,,,
HU,2006,,6.8,,,,,,,,,,,,,,,,,,,,,,,
HU,2007,,5.8,,,,,,,,,,,,,,,,,,,,,,,
HU,2008,,5.8,,,40.1,105.8047493403694,7.9,1986.2,11.8,61.458333333333336,82.12,100.0,0.0,0.0,0.0,39.7,107.88043478260872,1704.1117279190826,106.76028702031418,172.15688028263494,175.53426676492265,173.7116534567824,38.541666666666664,,
HU,2009,,6.2,,,39.7,106.14973262032088,7.0,1952.4,11.5,58.6734693877551,85.43,94.4896751179062,5.510324882093798,5.510324882093798,1.0,39.4,108.53994490358127,1674.3749518982331,106.5939110877438,180.9160660311556,184.98981914001678,181.67310063650248,41.3265306122449,,
HU,2010,50.1,5.3,,55.0,39.6,105.6,7.2,1976.1,11.8,58.415841584158414,89.47,91.31822135605918,8.681778643940817,14.192103526034614,2.0,39.4,108.24175824175825,1686.3292804066616,107.03249119227375,180.7728813559322,185.29521326131498,183.22511204101102,41.584158415841586,44.800000000000004,
HU,2011,50.4,6.2,,56.0,39.2,104.53333333333335,7.4,2069.7,12.4,59.90338164251208,92.98,92.03305128466653,7.966948715333473,22.159052241368087,3.0,39.0,107.14285714285715,1677.8915687831795,106.43929238123812,174.5032258064516,178.8594470046083,177.68494776545396,40.09661835748792,44.199999999999996,
HU,2012,50.4,5.7,,56.4,38.5,103.49462365591397,7.4,2143.4,12.6,59.43396226415094,98.24,90.20712377948563,9.792876220514373,31.95192846188246,4.0,38.3,105.80110497237567,1667.4459686991083,106.8496494139041,174.1338112305854,178.01455757256858,179.77877520434657,40.56603773584906,44.699999999999996,
HU,2013,47.5,7.0,,53.2,38.3,103.5135135135135,7.2,2146.1,12.4,57.142857142857146,99.92,88.80215238548708,11.197847614512924,43.14977607639538,5.0,38.1,105.83333333333333,1663.5701450907825,107.18027993207646,181.14864864864862,185.20833333333331,187.5654898811338,42.857142857142854,40.5,
HU,2014,42.0,6.7,,47.9,38.3,103.5135135135135,6.9,2133.3,11.8,53.881278538812786,99.94,88.25484395460559,11.74515604539441,54.89493212178979,6.0,38.1,106.12813370473538,1681.7016836881178,108.21454931609192,192.1140632157581,196.96662102828006,200.83886695105195,46.118721461187214,35.3,
HU,2015,39.5,9.3,21.8,44.9,38.4,104.0650406504065,7.0,2173.0,11.8,53.153153153153156,100.0,89.84329876145404,10.156701238545963,65.05163336033576,7.0,38.2,106.11111111111113,1684.829126077651,108.3430036511706,195.78338156262916,199.63276836158195,203.83175263186334,46.846846846846844,30.2,17.7
HU,2016,36.3,9.6,20.1,41.2,39.0,105.12129380053908,7.1,2215.8,11.7,52.23214285714286,100.45,91.20246575437218,8.797534245627816,73.84916760596357,8.0,38.8,107.47922437673128,1703.414997905726,109.12776068527339,201.2578616352201,205.77219025972485,208.92836233761741,47.76785714285714,26.699999999999996,16.199999999999996
HU,2017,35.4,10.2,19.1,39.5,38.6,104.60704607046071,7.7,2384.0,12.0,52.17391304347826,102.84,95.8451510678446,4.154848932155403,78.00401653811898,9.0,38.4,106.66666666666667,1693.139853649575,108.94475372771183,200.49683830171637,204.44444444444449,208.81077797811434,47.82608695652174,25.2,16.299999999999997
HU,2018,29.9,8.4,13.7,33.3,38.1,103.2520325203252,8.0,2557.9,12.5,52.96610169491525,105.84,99.9216723129579,0.0783276870421048,78.08234422516108,10.0,38.0,105.55555555555556,1682.1127091007202,108.25222066678191,194.93983739837398,199.28888888888892,204.38019261888425,47.03389830508475,21.5,16.2
HU,2019,22.0,11.0,15.5,26.5,38.4,104.34782608695653,8.6,2793.3,13.1,54.13223140495868,109.46,105.50865838160524,0.0,78.08234422516108,10.0,38.2,106.40668523676882,1680.936481307835,108.35508902336667,192.76468635911053,196.5680750175424,200.1674163637766,45.86776859504132,11.0,6.5
HU,2020,21.9,8.3,11.4,26.3,38.1,105.24861878453038,8.6,3008.0,13.5,53.1496062992126,113.15,109.91304428306084,0.0,78.08234422516108,10.0,38.1,107.32394366197182,1625.7161672703323,110.2248653644633,198.02332719459787,201.9280125195618,207.38604298202722,46.8503937007874,13.599999999999998,10.499999999999998
HU,2021,20.4,6.2,10.2,25.2,38.2,104.94505494505496,8.9,3188.8,13.7,53.515625,119.04,110.75423107614584,0.0,78.08234422516108,10.0,38.1,107.02247191011236,1654.1718729928884,108.22362845184307,196.10170851046766,199.9835971459034,202.2280940414002,46.484375,14.2,10.2
HU,2022,16.0,6.2,9.7,21.1,38.5,105.76923076923077,9.5,3717.0,14.8,55.639097744360896,137.22,111.99563829073868,0.0,78.08234422516108,10.0,38.4,107.86516853932584,1660.9624155609374,107.7572257403032,190.09875259875264,193.8657758882478,193.67177058730172,44.360902255639104,9.8,6.300000000000001
HU,2023,16.9,6.1,10.3,21.6,37.8,104.7091412742382,11.4,4338.1,16.0,56.73758865248227,160.59,111.68813113616153,0.0,78.08234422516108,10.0,37.7,106.7988668555241,1637.813325813362,106.0871737058989,184.54986149584482,188.23300283286122,186.97864365664682,43.26241134751773,10.799999999999999,6.599999999999998
HU,2024,14.3,6.9,9.9,18.8,37.4,103.88888888888889,12.3,4859.6,17.4,58.783783783783775,166.56,120.63012403257792,0.0,78.08234422516108,10.0,37.3,105.6657223796034,1646.507364216926,106.40831665593348,176.73052362707537,179.75318289863569,181.01644672503627,41.216216216216225,7.4,4.4
HU,2025,14.8,8.1,11.3,19.4,,,,,,,,,,,,,,,,,,,,6.700000000000001,3.5
IE,2003,,7.5,,,,,,,,,,,,,,,,,,,,,,,
IE,2004,,6.7,,,,,,,,,,,,,,,,,,,,,,,
IE,2005,,6.0,,,,,,,,,,,,,,,,,,,,,,,
IE,2006,,6.2,,,,,,,,,,,,,,,,,,,,,,,
IE,2007,,5.6,,,,,,,,,,,,,,,,,,,,,,,
IE,2008,,6.5,,,36.5,96.30606860158312,27.0,27.0,22.2,115.625,99.5,100.0,0.0,0.0,0.0,35.0,95.10869565217392,1655.907765210587,103.74037417659488,83.29173500677459,82.25616921269096,89.72140469327125,-15.625,,
IE,2009,,5.3,,,35.5,94.91978609625669,28.0,28.0,23.4,119.38775510204081,97.8,105.50632432023025,0.0,0.0,0.0,34.0,93.66391184573004,1603.4910554507824,102.08130669951734,79.50546185840304,78.45353299898755,85.5040004833564,-19.387755102040813,,
IE,2010,22.5,5.5,,29.4,35.4,94.4,27.2,27.2,24.3,120.2970297029703,96.2,104.1965041965042,0.0,0.0,0.0,33.9,93.13186813186813,1608.424641163373,102.08782960658762,78.47242798353909,77.41826075159408,84.86313407625802,-20.297029702970306,17.0,
IE,2011,21.4,5.5,,28.7,35.3,94.13333333333333,28.4,28.4,25.5,123.18840579710145,97.4,107.45303825385957,0.0,0.0,0.0,33.8,92.85714285714285,1606.6870428154891,101.9223381874467,76.41411764705882,75.37815126050418,82.73695688157437,-23.188405797101453,15.899999999999999,
IE,2012,24.6,5.4,,31.6,35.3,94.89247311827955,28.8,28.8,25.8,121.69811320754718,99.2,106.98924731182795,0.0,0.0,0.0,34.0,93.92265193370164,1610.4620106064692,103.1981272304505,77.97366008168707,77.17675275172382,84.79846113509885,-21.69811320754718,19.200000000000003,
IE,2013,27.2,5.0,,33.9,35.5,95.94594594594595,28.2,28.2,25.1,115.66820276497697,99.7,104.23492700323192,0.0,0.0,0.0,34.1,94.72222222222223,1624.2477090599957,104.6468191616796,82.94928394529988,81.89132359451084,90.47155282105366,-15.668202764976968,22.2,
IE,2014,27.6,5.6,,34.0,35.6,96.21621621621621,28.3,28.3,24.8,113.2420091324201,100.0,104.29074074074076,0.0,0.0,0.0,34.2,95.26462395543177,1634.8561194754734,105.20011954659097,84.96512641673932,84.12480905741758,92.8984926641267,-13.242009132420094,22.0,
IE,2015,23.8,4.9,7.3,30.0,35.6,96.4769647696477,29.1,29.1,25.8,116.21621621621622,100.0,107.2388888888889,0.0,0.0,0.0,34.2,95.00000000000001,1626.4180236969592,104.5868754002108,83.0150627087666,81.74418604651164,89.99335790250696,-16.216216216216225,18.9,16.5
IE,2016,19.1,5.1,6.9,25.3,35.9,96.7654986522911,29.3,29.3,25.6,114.28571428571429,99.8,108.19231054701996,0.0,0.0,0.0,34.6,95.84487534626038,1651.1678852564642,105.78059607025293,84.6698113207547,83.86426592797783,92.5580215614713,-14.285714285714292,14.000000000000002,12.200000000000001
IE,2017,17.1,5.1,7.0,22.0,36.3,98.37398373983739,29.7,29.7,25.7,111.73913043478261,100.1,109.34065934065933,0.0,0.0,0.0,35.0,97.22222222222223,1672.4243712629636,107.61182005297995,88.03897377495174,87.00821444012105,96.30629810188867,-11.73913043478261,12.000000000000002,10.100000000000001
IE,2018,14.9,4.8,6.1,18.8,36.7,99.45799457994582,30.2,30.2,25.9,109.7457627118644,100.8,110.40931804820694,0.0,0.0,0.0,35.6,98.88888888888889,1690.2913126228536,108.77855400249366,90.62581745508578,90.10725010725011,99.11868241153863,-9.745762711864401,10.100000000000001,8.8
IE,2019,12.4,6.2,7.8,16.5,36.7,99.72826086956523,31.4,31.4,25.7,106.19834710743802,101.7,113.7805455406242,0.0,0.0,0.0,35.6,99.16434540389973,1693.8330332132853,109.18641551627634,93.90754525461006,93.37654314297173,102.81366752894503,-6.198347107438025,6.2,4.6000000000000005
IE,2020,12.0,5.5,7.1,15.1,36.5,100.82872928176795,34.0,34.0,28.0,110.23622047244095,101.2,123.81056946274337,0.0,0.0,0.0,35.7,100.56338028169016,1609.2023654983414,109.10521630540929,91.46606156274665,91.22535211267606,98.97401764847842,-10.236220472440948,6.5,4.9
IE,2021,9.5,4.5,6.0,14.2,36.3,99.72527472527472,35.5,35.5,30.1,117.578125,103.6,126.2780637780638,0.0,0.0,0.0,35.5,99.71910112359551,1611.4112086428088,105.42602662670498,84.81618049724362,84.81092985927059,89.66466051972252,-17.578125,5.0,3.5
IE,2022,12.6,5.4,8.0,16.9,36.0,98.9010989010989,36.4,36.4,31.2,117.29323308270676,112.0,119.76851851851852,0.0,0.0,0.0,35.2,98.87640449438203,1637.2248559648676,106.21721884794151,84.31952662721893,84.29847306251801,90.55698786395014,-17.293233082706763,7.199999999999999,4.6
IE,2023,12.1,5.5,7.9,15.9,35.5,98.33795013850416,38.5,38.5,32.5,115.2482269503546,117.8,120.44111173992327,0.0,0.0,0.0,34.7,98.300283286119,1613.5560768620417,104.5159427587774,85.32708288940975,85.29439965134017,90.6876795630007,-15.248226950354606,6.6,4.199999999999999
IE,2024,12.5,5.3,6.7,14.7,35.1,97.5,41.3,41.3,34.9,117.9054054054054,119.4,127.46913580246913,0.0,0.0,0.0,34.4,97.45042492917848,1605.311656518737,103.7459745341301,82.69340974212035,82.65136326371585,87.9908551922708,-17.905405405405403,7.2,5.8
IE,2025,11.0,5.7,7.8,14.2,,,,,,,,,,,,,,,,,,,,5.3,3.2
IT,2004,,8.9,,,,,,,,,,,,,,,,,,,,,,,
IT,2005,,8.7,,,,,,,,,,,,,,,,,,,,,,,
IT,2006,,9.0,,,,,,,,,,,,,,,,,,,,,,,
IT,2007,,9.3,,,,,,,,,,,,,,,,,,,,,,,
IT,2008,,9.0,,,37.7,99.47229551451188,20.8,20.8,20.6,107.29166666666667,90.4,100.0,0.0,0.0,0.0,36.1,98.09782608695653,1663.8361748033979,104.23707827754998,92.71204242129262,91.43098353735755,97.15300499655145,-7.291666666666671,,
IT,2009,,10.2,,,37.2,99.46524064171125,21.4,21.4,21.0,107.14285714285714,91.1,102.09406400405301,0.0,0.0,0.0,35.7,98.34710743801655,1625.0323116437414,103.45266425879488,92.8342245989305,91.79063360881545,96.55581997487523,-7.142857142857139,,
IT,2010,30.8,9.5,,36.6,37.3,99.46666666666665,21.9,21.9,21.5,106.43564356435644,92.6,102.78700780860609,0.0,0.0,0.0,35.8,98.35164835164834,1623.8368272710595,103.06605176817331,93.45240310077519,92.40480449782773,96.83415096358608,-6.43564356435644,21.3,
IT,2011,31.9,11.0,,37.1,37.1,98.93333333333334,22.2,22.2,21.8,105.31400966183575,95.3,101.2430381790298,0.0,0.0,0.0,35.6,97.80219780219781,1621.988055931039,102.89297838794324,93.94128440366973,92.86722451860066,97.70113085460665,-5.314009661835755,20.9,
IT,2012,33.9,11.0,,39.0,36.4,97.84946236559139,22.4,22.4,22.1,104.24528301886792,98.4,98.93683552220138,1.0631644777986224,1.0631644777986224,1.0,35.0,96.68508287292816,1583.4898551046097,101.46975616871264,93.86464263124604,92.74768130796728,97.33750365505465,-4.245283018867923,22.9,
IT,2013,34.5,11.0,,40.4,36.3,98.1081081081081,22.8,22.8,22.3,102.76497695852535,99.7,99.39047912969679,0.6095208703032142,1.6726853481018367,2.0,34.8,96.66666666666666,1571.8521486866316,101.27108484438172,95.46842806932491,94.0657698056801,98.54630229251494,-2.7649769585253523,23.5,
IT,2014,32.7,11.0,,39.2,36.2,97.83783783783785,22.8,22.8,22.1,100.91324200913243,99.9,99.19149919149922,0.8085008085007814,2.481186156602618,3.0,34.7,96.65738161559891,1571.4005630687814,101.11686595604182,96.95242754066284,95.78265418016362,100.20178119625862,-0.913242009132432,21.700000000000003,
IT,2015,31.0,11.5,16.4,37.2,36.3,98.37398373983739,23.0,23.0,22.4,100.90090090090091,100.0,99.96153846153847,0.038461538461532996,2.519647695064151,4.0,34.8,96.66666666666666,1576.579646857794,101.38201660457455,97.49564459930312,95.80357142857142,100.47682002774798,-0.9009009009009077,19.5,14.600000000000001
IT,2016,26.0,11.7,15.0,32.6,36.5,98.38274932614554,22.9,22.9,22.7,101.33928571428572,99.9,99.62654962654963,0.3734503734503676,2.8930980685145187,5.0,34.9,96.67590027700831,1586.910513110641,101.66400490578907,97.08253677998503,95.3982452072681,100.32042774844385,-1.3392857142857224,14.3,11.0
IT,2017,21.5,12.2,14.5,27.4,36.6,99.1869918699187,23.0,23.0,22.9,99.56521739130434,101.3,98.67871516440127,1.3212848355987319,4.214382904113251,6.0,35.0,97.22222222222223,1588.8251635211375,102.2326453323369,99.62012283878298,97.64677341096557,102.6790760979803,0.4347826086956559,9.3,7.0
IT,2018,23.9,12.2,14.5,30.0,36.8,99.7289972899729,23.3,23.3,23.2,98.30508474576271,102.5,98.79549718574108,1.204502814258916,5.418885718372167,7.0,35.2,97.77777777777779,1593.1989592074779,102.53018383674093,101.44846276048968,99.46360153256707,104.29794562702956,1.6949152542372872,11.7,9.399999999999999
IT,2019,17.3,11.8,14.2,22.4,36.7,99.72826086956523,23.8,23.8,23.9,98.7603305785124,103.2,100.23106738223018,0.0,5.418885718372167,7.0,35.1,97.7715877437326,1583.2635549811905,102.0589804285541,100.9800800436602,98.99884616729409,103.34005549669494,1.239669421487605,5.5,3.1000000000000014
IT,2020,18.6,10.8,13.1,23.0,35.8,98.89502762430938,25.0,25.0,25.3,99.60629921259843,103.0,105.48917102315163,0.0,5.418885718372167,7.0,34.6,97.46478873239437,1443.9020065179884,97.89771884667415,99.28591706155962,97.85002505149474,98.28466635199698,0.39370078740157055,7.800000000000001,5.500000000000002
IT,2021,18.6,11.6,13.6,23.5,36.0,98.9010989010989,24.7,24.7,25.2,98.4375,105.0,102.23809523809524,0.0,5.418885718372167,7.0,34.8,97.75280898876403,1559.0851738310728,102.00261371400829,100.47095761381476,99.30444087747456,103.62170282057986,1.5625,7.000000000000002,5.000000000000002
IT,2022,17.2,11.5,12.7,21.9,36.2,99.45054945054947,25.1,25.1,26.2,98.49624060150376,114.2,95.52404688131485,4.475953118685155,9.894838837057321,8.0,34.8,97.75280898876403,1595.987516968961,103.54188964995322,100.96887844979452,99.24521828630242,105.12268185834947,1.5037593984962427,5.699999999999999,4.5
IT,2023,14.5,9.9,11.6,18.0,36.1,100.0,25.3,25.3,26.3,93.26241134751773,120.9,90.94929057708215,9.050709422917848,18.94554825997517,9.0,34.8,98.58356940509914,1619.8000777946222,104.92038959109605,107.22433460076046,105.70557632029642,112.50018959957828,6.737588652482273,4.6,2.9000000000000004
IT,2024,14.4,10.2,11.8,17.9,36.1,100.27777777777777,26.0,26.0,27.2,91.89189189189189,122.3,92.39574816026166,7.604251839738339,26.549800099713508,10.0,35.0,99.1501416430595,1628.465071686078,105.24230305736417,109.12581699346406,107.89868355274123,114.52838862124925,8.108108108108112,4.200000000000001,2.5999999999999996
IT,2025,17.7,10.2,12.0,21.7,,,,,,,,,,,,,,,,,,,,7.5,5.699999999999999
LT,2005,,10.0,,,,,,,,,,,,,,,,,,,,,,,
LT,2006,,10.0,,,,,,,,,,,,,,,,,,,,,,,
LT,2007,,8.0,,,,,,,,,,,,,,,,,,,,,,,
LT,2008,,9.4,,,39.3,103.69393139841688,5.9,5.9,9.2,47.916666666666664,87.69,100.0,0.0,0.0,0.0,39.2,106.52173913043481,1937.3765945646146,121.37401434043672,216.4047263966961,222.30623818525527,253.30229079743316,52.083333333333336,,
LT,2009,,10.3,,,38.7,103.47593582887703,5.5,5.5,8.9,45.40816326530612,91.34,89.49519953387046,10.504800466129538,10.504800466129538,1.0,38.7,106.61157024793391,1867.1263655380799,118.86483464896267,227.87958901640334,234.7850311078095,261.7697482156931,54.59183673469388,,
LT,2010,27.5,12.6,,38.3,38.5,102.66666666666667,5.4,5.4,9.1,45.04950495049505,92.43,86.83181225554105,13.168187744458947,23.672988210588485,2.0,38.6,106.04395604395604,1901.934145662539,120.71708180552936,227.89743589743594,235.39427605361672,267.96539038150473,54.95049504950495,14.9,
LT,2011,24.1,9.5,,35.5,38.4,102.4,5.8,5.8,9.6,46.3768115942029,96.24,89.5716217929752,10.428378207024807,34.10136641761329,3.0,38.4,105.4945054945055,1872.3608206132349,118.77570907216356,220.8,227.47252747252747,256.1101226868527,53.6231884057971,14.600000000000001,
LT,2012,24.8,7.6,,37.3,38.2,102.68817204301075,6.1,6.1,9.9,46.69811320754717,99.28,91.32004670918748,8.67995329081252,42.78131970842581,4.0,38.2,105.52486187845304,1871.078508841244,119.89838738316193,219.8979037688715,225.97243149729334,256.7521022750538,53.30188679245283,17.200000000000003,
LT,2013,21.4,9.1,,32.6,38.2,103.24324324324326,6.5,6.5,10.5,48.38709677419355,100.44,96.18441568960978,3.8155843103902214,46.59690401881603,5.0,38.3,106.38888888888887,1855.9388478530393,119.57418557715759,213.36936936936937,219.87037037037032,247.11998352612565,51.61290322580645,12.299999999999999,
LT,2014,19.8,8.3,,29.5,38.1,102.97297297297297,6.8,6.8,11.0,50.22831050228311,100.68,100.38383062968421,0.0,46.59690401881603,5.0,38.2,106.40668523676882,1850.87345620695,119.10045571536564,205.00982800982797,211.8460369713852,237.11818001513703,49.77168949771689,11.5,
LT,2015,19.2,9.9,14.2,29.3,38.2,103.52303523035232,7.1,7.1,11.4,51.351351351351354,100.0,105.52525423728812,0.0,46.59690401881603,5.0,38.3,106.38888888888887,1874.0560075332762,120.51124575425827,201.59748965910714,207.17836257309938,234.67979436355557,48.648648648648646,9.299999999999999,5.0
LT,2016,19.5,8.5,14.0,29.9,38.4,103.50404312668464,7.4,7.4,11.7,52.23214285714286,100.68,109.24122744995049,0.0,46.59690401881603,5.0,38.5,106.64819944598338,1903.6385814096286,121.95490576208982,198.1615868408321,204.1811681700878,233.4863153051976,47.76785714285714,11.0,5.5
LT,2017,17.6,8.5,13.4,28.5,38.0,102.98102981029811,8.3,8.3,12.9,56.08695652173913,104.42,118.13877463567924,0.0,46.59690401881603,5.0,38.0,105.55555555555556,1861.248969188095,119.7617019864456,183.60958803386484,188.19982773471148,213.5286159448255,43.91304347826087,9.100000000000001,4.200000000000001
LT,2018,14.7,8.1,12.5,23.7,38.2,103.52303523035232,8.9,8.9,13.6,57.62711864406779,107.07,123.54360287029078,0.0,46.59690401881603,5.0,38.2,106.11111111111113,1869.4754162778133,120.30993178942337,179.64291407619965,184.13398692810463,208.7731169287053,42.37288135593221,6.6,2.1999999999999993
LT,2019,12.1,7.9,11.6,19.5,38.4,104.34782608695653,9.9,9.9,14.8,61.15702479338843,109.47,134.41202837090262,0.0,46.59690401881603,5.0,38.4,106.96378830083566,1872.5589390162438,120.70729191429109,170.62279670975326,174.9002484378529,197.37273407607057,38.84297520661157,4.199999999999999,0.5
LT,2020,8.4,8.0,10.2,15.5,38.0,104.97237569060772,10.9,10.9,16.0,62.99212598425197,110.63,146.43727679836744,0.0,46.59690401881603,5.0,38.2,107.60563380281691,1807.1771124813247,122.52806358409688,166.64364640883974,170.82394366197187,194.5133009397538,37.00787401574803,0.40000000000000036,-1.799999999999999
LT,2021,6.1,7.5,9.3,13.2,38.4,105.4945054945055,12.0,12.0,17.4,67.96874999999999,115.75,154.08426986858,0.0,46.59690401881603,5.0,38.7,108.70786516853933,1835.8090315427323,120.10717736286443,155.2103069344449,159.938008523828,176.70941037295003,32.031250000000014,-1.4000000000000004,-3.200000000000001
LT,2022,6.5,7.6,9.9,13.1,38.3,105.2197802197802,13.4,13.4,17.7,66.54135338345864,137.57,144.77018171334655,0.0,46.59690401881603,5.0,38.5,108.14606741573033,1832.7860016404327,118.90451768334435,158.1269013472403,162.52459848917667,178.69266499304857,33.45864661654136,-1.0999999999999996,-3.4000000000000004
LT,2023,7.1,7.9,10.1,13.7,38.3,106.09418282548475,14.8,14.8,18.8,66.66666666666667,149.52,147.11619555458822,0.0,46.59690401881603,5.0,38.6,109.34844192634561,1860.5787894829714,120.51650949620132,159.1412742382271,164.02266288951841,180.77476424430196,33.33333333333333,-0.8000000000000007,-3.0
LT,2024,5.1,8.3,10.6,12.3,38.3,106.38888888888887,15.7,15.7,20.0,67.56756756756756,150.79,154.74804447986367,0.0,46.59690401881603,5.0,38.6,109.34844192634561,1881.7326994189118,121.61015085214747,157.45555555555552,161.83569405099152,179.98302326117826,32.432432432432435,-3.200000000000001,-5.5
LT,2025,5.4,8.4,9.9,12.4,,,,,,,,,,,,,,,,,,,,-3.0,-4.5
LU,2003,,7.1,,,,,,,,,,,,,,,,,,,,,,,
LU,2004,,8.5,,,,,,,,,,,,,,,,,,,,,,,
LU,2005,,9.8,,,,,,,,,,,,,,,,,,,,,,,
LU,2006,,10.3,,,,,,,,,,,,,,,,,,,,,,,
LU,2007,,9.3,,,,,,,,,,,,,,,,,,,,,,,
LU,2008,,9.4,,,37.2,98.15303430079157,36.0,36.0,31.0,161.45833333333334,88.94,100.0,0.0,0.0,0.0,36.4,98.91304347826087,1573.5509456985967,98.58083120465791,60.791556728232194,61.262272089761574,61.05651481062684,-61.45833333333334,,
LU,2009,,10.0,,,38.0,101.60427807486631,38.0,38.0,31.8,162.24489795918367,88.95,105.54368871400912,0.0,0.0,0.0,37.6,103.58126721763087,1513.9852532334098,96.3831961821691,62.624020448659735,63.842542058665565,59.40599513114825,-62.244897959183675,,
LU,2010,6.7,10.6,,7.4,37.9,101.06666666666666,38.5,38.5,31.5,155.94059405940595,91.44,104.02054777874987,0.0,0.0,0.0,37.6,103.2967032967033,1519.8124684727456,96.46355343274888,64.81100529100529,66.24106052677482,61.85916759814373,-55.94059405940595,-3.8999999999999995,
LU,2011,7.6,9.9,,8.4,37.9,101.06666666666666,40.0,40.0,33.0,159.42028985507247,94.85,104.18789902184737,0.0,0.0,0.0,37.6,103.2967032967033,1519.5377788023745,96.39390824257922,63.39636363636363,64.7952047952048,60.46526971579969,-59.42028985507247,-2.3000000000000007,
LU,2012,8.1,10.2,,9.2,38.3,102.95698924731181,40.7,40.7,33.2,156.6037735849057,97.59,103.03474855119492,0.0,0.0,0.0,38.0,104.97237569060772,1512.8142399190147,96.94087496569264,65.7436196398497,67.03055315183383,61.90200449616516,-56.603773584905696,-2.0999999999999996,
LU,2013,11.2,11.2,,12.1,38.0,102.70270270270271,42.2,42.2,34.0,156.6820276497696,99.25,105.045284075007,0.0,0.0,0.0,37.8,104.99999999999999,1503.6990993977568,96.88012909023912,65.54848966613672,67.01470588235293,61.83231768406437,-56.682027649769594,0.0,
LU,2014,9.8,11.1,,10.8,38.2,103.24324324324326,43.0,43.0,34.8,158.9041095890411,99.94,106.29766748938252,0.0,0.0,0.0,37.9,105.57103064066852,1508.1015523932729,97.04368580831058,64.97204100652377,66.43694169628277,61.070595379367866,-58.9041095890411,-1.299999999999999,
LU,2015,10.5,11.6,12.6,11.1,38.1,103.2520325203252,43.4,43.4,35.4,159.45945945945945,100.0,107.2221111111111,0.0,0.0,0.0,37.9,105.27777777777777,1516.3172000630618,97.50683757777917,64.75127463139037,66.02165725047081,61.14835576911575,-59.45945945945945,-1.0999999999999996,-2.0999999999999996
LU,2016,10.1,10.9,11.8,11.5,37.7,101.61725067385446,43.8,43.8,35.7,159.37500000000003,100.04,108.1670665067306,0.0,0.0,0.0,37.6,104.1551246537396,1514.4416114227436,97.02134943413685,63.759843560065526,65.3522350768562,60.876140821419185,-59.37500000000003,-0.8000000000000007,-1.700000000000001
LU,2017,11.4,10.8,11.4,11.7,37.4,101.35501355013551,45.4,45.4,36.7,159.56521739130437,102.15,109.80246913580244,0.0,0.0,0.0,37.2,103.33333333333334,1506.162327115224,96.91372124271454,63.51949078073887,64.75930971843778,60.73611957990284,-59.56521739130437,0.5999999999999996,0.0
LU,2018,10.2,11.5,12.0,11.9,37.5,101.6260162601626,46.8,46.8,37.4,158.47457627118644,104.21,110.95096439881009,0.0,0.0,0.0,37.4,103.88888888888889,1507.3265727788728,97.00387369440676,64.12764662405982,65.55555555555556,61.21100051304811,-58.474576271186436,-1.3000000000000007,-1.8000000000000007
LU,2019,8.7,12.1,12.6,9.7,37.9,102.98913043478262,47.9,47.9,37.5,154.95867768595042,105.93,111.71491655915331,0.0,0.0,0.0,37.7,105.01392757660169,1501.1940230095797,96.76868448829875,66.46231884057971,67.76898792943362,62.448057723115454,-54.95867768595042,-3.4000000000000004,-3.9000000000000004
LU,2020,10.8,11.9,12.3,11.5,37.0,102.2099447513812,51.9,51.9,39.6,155.90551181102364,105.93,121.04392838037698,0.0,0.0,0.0,37.0,104.22535211267606,1398.3102018745494,94.80655777580665,65.558903956694,66.85161473893868,60.810266856199206,-55.90551181102364,-1.0999999999999996,-1.5
LU,2021,8.2,13.5,14.2,9.1,35.9,98.62637362637363,51.5,51.5,39.4,153.90625,109.61,116.07847013147625,0.0,0.0,0.0,35.8,100.56179775280897,1484.659998686831,97.13337211113864,64.0821107826184,65.3396452404038,63.11203873211038,-53.90625,-5.300000000000001,-6.0
LU,2022,5.0,12.9,13.6,5.2,35.5,97.52747252747253,53.9,53.9,41.6,156.39097744360902,118.55,112.32639767561741,0.0,0.0,0.0,35.7,100.2808988764045,1481.2394139566395,96.09744832862782,62.36131656804734,64.1219209161625,61.446926094747596,-56.39097744360902,-7.9,-8.6
LU,2023,6.3,14.8,16.0,6.1,35.3,97.78393351800553,58.1,58.1,45.0,159.5744680851064,122.02,117.63586115208801,0.0,0.0,0.0,35.3,100.0,1477.8064033575035,95.72293871697484,61.27793167128346,62.666666666666664,59.98637492930423,-59.57446808510639,-8.5,-9.7
LU,2024,7.8,13.4,14.4,8.0,35.7,99.16666666666669,60.1,60.1,46.2,156.08108108108107,124.77,119.00327714105066,0.0,0.0,0.0,35.7,101.1331444759207,1478.7395736793326,95.56604010852135,63.53535353535355,64.79526139582799,61.22845859766737,-56.08108108108107,-5.6000000000000005,-6.6000000000000005
LU,2025,5.5,9.5,11.0,6.4,,,,,,,,,,,,,,,,,,,,-4.0,-5.5
LV,2005,,9.0,,,,,,,,,,,,,,,,,,,,,,,
LV,2006,,11.1,,,,,,,,,,,,,,,,,,,,,,,
LV,2007,,9.2,,,,,,,,,,,,,,,,,,,,,,,
LV,2008,,10.5,,,39.7,104.74934036939315,6.3,6.3,8.4,43.75,91.14,100.0,0.0,0.0,0.0,39.6,107.60869565217392,1988.0017382640676,124.54561088733571,239.42706370147008,245.96273291925468,284.6756820281959,56.25,,
LV,2009,,10.8,,,39.1,104.54545454545455,5.7,5.7,8.3,42.3469387755102,94.11,87.62086919562215,12.379130804377851,12.379130804377851,1.0,39.1,107.71349862258954,1939.9020715630886,123.49787525231318,246.87842278203723,254.35958710876568,291.6335367404022,57.6530612244898,,
LV,2010,46.9,9.4,,55.1,38.5,102.66666666666667,5.3,5.4,8.4,41.584158415841586,92.96,84.03614457831327,15.96385542168673,28.342986226064582,2.0,38.6,106.04395604395604,1927.4011641193156,122.3334911630251,246.8888888888889,255.0104657247514,294.18291922536986,58.415841584158414,37.5,
LV,2011,46.6,9.3,,56.5,38.7,103.20000000000002,5.4,5.5,8.2,39.61352657004831,96.88,82.12909441233143,17.870905587668574,46.213891813733156,3.0,38.6,106.04395604395604,1940.5756289744709,123.1030065370154,260.51707317073175,267.69632806218175,310.76002869709987,60.38647342995169,37.3,
LV,2012,42.1,8.6,,51.1,38.4,103.2258064516129,6.0,5.9,8.6,40.56603773584906,99.09,86.13718168668214,13.86281831331786,60.076710127051015,4.0,38.6,106.62983425414363,1930.1452942404005,123.68337678034764,254.46361590397598,262.85494025440056,304.89390555155467,59.43396226415094,33.5,
LV,2013,45.1,8.9,,54.7,38.5,104.05405405405405,6.3,6.3,9.1,41.935483870967744,99.11,91.95843002724246,8.041569972757543,68.11828009980856,5.0,38.7,107.50000000000001,1923.65577664819,123.93704301711766,248.1288981288981,256.34615384615387,295.5421795023575,58.064516129032256,36.2,
LV,2014,39.3,8.1,,48.7,38.7,104.59459459459461,6.8,6.8,9.7,44.29223744292237,99.79,98.58035207268597,1.4196479273140312,69.53792802712259,6.0,38.9,108.3565459610028,1935.180392359853,124.52545896564416,236.14655893006415,244.6400367573156,281.14510838635124,55.70776255707763,31.199999999999996,
LV,2015,33.1,9.2,15.3,42.6,38.5,104.3360433604336,7.4,7.4,10.7,48.1981981981982,100.0,107.05333333333334,0.0,69.53792802712259,6.0,38.6,107.22222222222223,1892.5085218469167,121.69783541769212,216.47291239267534,222.46105919003116,252.49457441801542,51.8018018018018,23.900000000000002,17.8
LV,2016,30.2,8.3,12.8,39.3,38.7,104.31266846361187,7.9,7.9,11.4,50.892857142857146,100.1,114.1724941724942,0.0,69.53792802712259,6.0,38.8,107.47922437673128,1891.3148073497093,121.16539418211448,204.96524329692153,211.18724789813865,238.07937102450563,49.107142857142854,21.9,17.4
LV,2017,30.8,8.8,13.9,41.0,38.5,104.3360433604336,8.6,8.6,12.2,53.04347826086956,103.0,120.78964401294498,0.0,69.53792802712259,6.0,38.7,107.50000000000001,1875.227908422252,120.66117410563128,196.6990981385224,202.66393442622956,227.47598396963272,46.95652173913044,22.0,16.9
LV,2018,22.8,8.1,11.8,33.3,38.6,104.60704607046071,9.2,9.2,12.7,53.813559322033896,105.63,125.99955820631766,0.0,69.53792802712259,6.0,38.8,107.77777777777777,1897.6410782926616,122.12253057853032,194.38789663487188,200.27996500437445,226.93635603569413,46.186440677966104,14.700000000000001,11.0
LV,2019,17.2,8.5,11.0,25.7,38.2,103.80434782608698,9.6,9.6,13.1,54.13223140495868,108.53,127.9646180779508,0.0,69.53792802712259,6.0,38.4,106.96378830083566,1896.298517693428,122.23757232021231,191.76070361765684,197.5972272427651,225.8129198587128,45.86776859504132,8.7,6.199999999999999
LV,2020,17.7,8.2,10.6,24.9,37.8,104.41988950276242,10.4,10.4,14.2,55.90551181102362,108.62,138.51347204320876,0.0,69.53792802712259,6.0,38.2,107.60563380281691,1803.8611149328965,122.30323627987066,186.77923896972996,192.47768299940492,218.7677606696278,44.09448818897638,9.5,7.1
LV,2021,14.3,9.8,11.5,20.9,38.3,105.2197802197802,11.0,11.0,15.1,58.984375,112.14,141.90595089471495,0.0,69.53792802712259,6.0,38.5,108.14606741573033,1835.8555897853707,120.11022341994891,178.38585255803795,183.3469752213706,203.6305774536882,41.015625,4.5,2.8000000000000007
LV,2022,16.4,9.2,11.8,24.8,38.6,106.04395604395604,12.2,12.2,15.9,59.774436090225564,131.47,134.24608909510408,0.0,69.53792802712259,6.0,38.9,109.26966292134831,1872.1630639037674,121.45915886459414,177.40686985970004,182.80333545332485,203.19582552189962,40.225563909774436,7.199999999999999,4.599999999999998
LV,2023,16.7,9.2,11.2,25.0,38.4,106.37119113573407,13.2,13.2,16.8,59.57446808510638,143.38,133.1845445668852,0.0,69.53792802712259,6.0,38.6,109.34844192634561,1830.1964445864098,118.54853362872363,178.55164226355362,183.54917037636588,198.99218144821467,40.42553191489362,7.5,5.5
LV,2024,16.2,8.2,10.2,24.5,38.3,106.38888888888887,14.5,14.5,18.3,61.82432432432432,145.32,144.3481053307643,0.0,69.53792802712259,6.0,38.6,109.34844192634561,1844.0609327983952,119.17554936863036,172.08257437765633,176.86961098469018,192.76482302248408,38.17567567567568,8.0,6.0
LV,2025,14.5,8.7,10.5,21.2,,,,,,,,,,,,,,,,,,,,5.800000000000001,4.0
MT,2005,,4.3,,,,,,,,,,,,,,,,,,,,,,,
MT,2006,,4.1,,,,,,,,,,,,,,,,,,,,,,,
MT,2007,,4.6,,,,,,,,,,,,,,,,,,,,,,,
MT,2008,,5.1,,,39.3,103.69393139841688,9.3,9.3,12.7,66.14583333333334,88.33,100.0,0.0,0.0,0.0,38.7,105.16304347826089,1936.8241890268323,121.33940688319136,156.76562857083493,158.98664840807945,183.44225292576957,33.85416666666666,,
MT,2009,,5.4,,,39.0,104.27807486631016,9.5,9.5,12.6,64.28571428571428,89.95,100.31080588379446,0.0,0.0,0.0,38.5,106.06060606060606,1927.9400998336107,122.73635325897438,162.21033868092695,164.983164983165,190.92321618062684,35.71428571428572,,
MT,2010,41.6,5.9,,45.8,38.5,102.66666666666667,10.2,10.2,13.5,66.83168316831683,91.79,105.54315776896067,0.0,0.0,0.0,37.7,103.57142857142858,1887.6455325660302,119.81017360369044,153.6197530864198,154.97354497354502,179.27151902181828,33.16831683168317,35.7,
MT,2011,32.9,6.1,,36.7,38.2,101.86666666666667,10.9,10.9,14.1,68.11594202898551,94.1,110.01759738553127,0.0,0.0,0.0,37.6,103.2967032967033,1843.378640776699,116.93718579040954,149.54893617021276,151.64835164835165,171.67374084123952,31.884057971014485,26.799999999999997,
MT,2012,36.2,5.2,,40.8,38.1,102.41935483870967,11.3,11.3,14.3,67.45283018867924,97.13,110.49696172627529,0.0,0.0,0.0,37.6,103.86740331491711,1837.452567670124,117.74364288601349,151.8384840965486,153.98524127805894,174.55700903381023,32.54716981132076,31.000000000000004,
MT,2013,30.0,5.7,,35.8,37.9,102.43243243243244,11.7,11.7,14.6,67.28110599078342,98.08,113.30020259958953,0.0,0.0,0.0,37.3,103.6111111111111,1817.0421511627906,117.0681542853623,152.2454646427249,153.99733637747332,173.9985580816686,32.718894009216584,24.3,
MT,2014,27.0,5.5,,31.2,37.4,101.08108108108108,12.2,12.2,14.9,68.0365296803653,98.84,117.23367405995567,0.0,0.0,0.0,36.6,101.94986072423399,1788.676829977889,115.0982120703462,148.5688372936695,149.84576844702846,169.17119760675044,31.963470319634695,21.5,
MT,2015,16.0,5.5,8.4,20.9,37.8,102.4390243902439,12.9,12.9,15.5,69.81981981981983,100.0,122.52225806451611,0.0,0.0,0.0,36.9,102.5,1782.1458368096112,114.60095858734776,146.71911880409127,146.8064516129032,164.13814713800775,30.180180180180173,10.5,7.6
MT,2016,15.1,5.9,7.3,18.8,38.3,103.23450134770889,12.9,12.9,15.4,68.75,100.9,121.42939352281084,0.0,0.0,0.0,37.6,104.1551246537396,1844.1701680672268,118.14511496681017,150.15927468757656,151.49836313271214,171.84743995172386,31.25,9.2,7.8
MT,2017,12.5,5.7,6.8,15.1,37.8,102.4390243902439,13.5,13.5,15.8,68.69565217391305,102.18,125.48538632015605,0.0,0.0,0.0,37.2,103.33333333333334,1835.0583638094283,118.07647259041659,149.12009879592466,150.42194092827003,171.88347275820135,31.304347826086953,6.8,5.7
MT,2018,10.0,6.4,7.1,13.4,38.1,103.2520325203252,14.3,14.3,16.6,70.33898305084746,103.95,130.65824657222507,0.0,0.0,0.0,37.4,103.88888888888889,1853.8939929328621,119.30719061214403,146.79204623371533,147.6974564926372,169.61745171365052,29.66101694915254,3.5999999999999996,2.9000000000000004
MT,2019,9.5,6.5,8.2,12.1,39.2,106.52173913043481,14.4,14.4,16.6,68.59504132231406,105.54,129.58975957747253,0.0,0.0,0.0,38.6,107.52089136490251,1917.4004286479728,123.597825646539,155.29072812991097,156.74732355606267,180.18478196664114,31.40495867768594,3.0,1.3000000000000007
MT,2020,12.6,7.4,9.1,15.2,38.0,104.97237569060772,15.7,15.7,18.0,70.86614173228347,106.37,140.18636510213383,0.0,0.0,0.0,37.6,105.91549295774648,1781.8674176776428,120.81204589397598,148.12768569674643,149.4585289514867,170.47922031705497,29.133858267716533,5.199999999999999,3.5
MT,2021,12.0,7.3,9.2,15.1,37.6,103.2967032967033,16.5,16.5,18.6,72.65625,107.12,146.2980919800525,0.0,0.0,0.0,37.1,104.21348314606742,1785.1256069242136,116.79123165967864,142.17180668793574,143.4336112117917,160.7449209939663,27.34375,4.7,2.8000000000000007
MT,2022,19.0,7.1,8.9,20.8,37.3,102.47252747252746,17.6,17.6,19.5,73.30827067669172,113.69,147.03329275893606,0.0,0.0,0.0,36.8,103.37078651685391,1778.8502512562814,115.40536154641585,139.78303747534517,141.0083549409392,157.42474959664932,26.69172932330828,11.9,10.1
MT,2023,14.4,7.6,9.3,15.8,37.3,103.32409972299168,17.9,17.9,19.8,70.2127659574468,120.01,141.66444910952757,0.0,0.0,0.0,36.9,104.53257790368272,1793.127109111361,116.147416865462,147.15856627213967,148.87973216585115,165.42207856596104,29.787234042553195,6.800000000000001,5.1
MT,2024,14.3,8.5,9.7,16.2,37.5,104.16666666666667,19.4,19.4,21.0,70.94594594594594,122.94,149.87658985675324,0.0,0.0,0.0,37.2,105.38243626062325,1777.497592467097,114.87378118369543,146.82539682539687,148.53905301497375,161.9173296684469,29.054054054054063,5.800000000000001,4.600000000000001
MT,2025,12.5,9.2,10.8,14.1,,,,,,,,,,,,,,,,,,,,3.3000000000000007,1.6999999999999993
NL,2005,,5.8,,,,,,,,,,,,,,,,,,,,,,,
NL,2006,,4.4,,,,,,,,,,,,,,,,,,,,,,,
NL,2007,,4.6,,,,,,,,,,,,,,,,,,,,,,,
NL,2008,,4.8,,,33.3,87.86279683377307,29.9,29.9,27.3,142.1875,90.32,100.0,0.0,0.0,0.0,32.0,86.95652173913044,1369.6773379383635,85.80842636537676,61.79361535562063,61.15623506927855,60.3487833778474,-42.1875,,
NL,2009,,5.0,,,33.1,88.50267379679144,30.8,30.8,27.4,139.79591836734693,91.2,102.01607698175202,0.0,0.0,0.0,31.9,87.87878787878789,1360.7913591842212,86.63057995785702,63.308481986026,62.862198628622004,61.969319969853935,-39.79591836734693,,
NL,2010,9.0,5.1,,11.8,32.9,87.73333333333333,31.1,31.1,27.6,136.63366336633663,92.05,102.05853660308941,0.0,0.0,0.0,31.7,87.08791208791209,1357.268840481667,86.14679641888743,64.21062801932368,63.73825449912406,63.049466944258185,-36.633663366336634,3.9000000000000004,
NL,2011,9.1,5.4,,12.1,33.2,88.53333333333335,31.7,31.7,28.2,136.23188405797103,94.32,101.5238808468148,0.0,0.0,0.0,32.0,87.91208791208791,1358.6561785666263,86.18816908467115,64.98723404255318,64.53121346738368,63.2657836898118,-36.23188405797103,3.6999999999999993,
NL,2012,9.2,4.6,,11.9,32.9,88.44086021505376,32.5,32.5,29.1,137.26415094339623,96.99,101.22065475149836,0.0,0.0,0.0,31.8,87.8453038674033,1348.6981872294373,86.42434668096746,64.43114214979862,63.99726604773024,62.96206699781822,-37.26415094339623,4.6,
NL,2013,10.8,4.5,,15.0,32.8,88.64864864864863,33.0,33.0,29.9,137.78801843317973,99.47,100.21542267664105,0.0,0.0,0.0,31.8,88.33333333333333,1353.2220695341487,87.1852146727597,64.3369791195878,64.108138238573,63.2748882407654,-37.78801843317973,6.300000000000001,
NL,2014,9.9,5.3,,14.4,33.2,89.72972972972974,33.3,33.3,29.5,134.70319634703196,99.79,100.8021862633939,0.0,0.0,0.0,32.1,89.41504178272982,1362.9369643350842,87.70259955874342,66.61291800274851,66.37930220480621,65.10803153682987,-34.70319634703196,4.6000000000000005,
NL,2015,8.8,5.0,6.0,12.8,33.0,89.4308943089431,33.4,33.4,29.7,133.78378378378378,100.0,100.89257525083613,0.0,0.0,0.0,32.0,88.88888888888889,1356.3495065789473,87.22010871550758,66.84733514001807,66.44219977553311,65.19482873684404,-33.783783783783775,3.8000000000000007,2.8000000000000007
NL,2016,8.3,5.6,6.3,12.5,33.4,90.02695417789757,33.9,33.9,29.6,132.14285714285714,100.11,102.29042367776715,0.0,0.0,0.0,32.3,89.4736842105263,1366.3833693304537,87.53613037102285,68.12850586435492,67.70981507823612,66.24355811861189,-32.14285714285714,2.700000000000001,2.000000000000001
NL,2017,7.2,6.1,6.8,11.6,33.4,90.5149051490515,34.2,34.2,30.0,130.43478260869566,101.4,101.88280461498883,0.0,0.0,0.0,32.4,90.0,1364.6090562063973,87.80550362839695,69.39476061427281,69.0,67.31755278177098,-30.434782608695656,1.1000000000000005,0.40000000000000036
NL,2018,6.2,6.1,6.9,10.2,33.3,90.24390243902438,35.0,35.0,30.5,129.23728813559322,103.02,102.62643419565252,0.0,0.0,0.0,32.3,89.72222222222221,1364.4475435005118,87.80890588849464,69.82806877249101,69.42440801457194,67.9439402940483,-29.237288135593218,0.10000000000000053,-0.7000000000000002
NL,2019,6.1,5.5,6.4,10.0,33.4,90.7608695652174,35.9,35.9,30.5,126.03305785123968,105.78,102.51882654161379,0.0,0.0,0.0,32.4,90.25069637883009,1368.4448892781184,88.2115234276643,72.0135424091233,71.60874925795699,69.99078252293364,-26.033057851239676,0.5999999999999996,-0.3000000000000007
NL,2020,4.7,5.6,6.3,7.7,32.7,90.33149171270719,38.5,38.5,32.9,129.5275590551181,106.96,108.7306729237073,0.0,0.0,0.0,32.0,90.14084507042253,1328.4105342741937,90.06730402082522,69.73920636786514,69.59202020634444,69.535243833707,-29.527559055118104,-0.8999999999999995,-1.5999999999999996
NL,2021,3.4,5.2,6.0,5.7,32.2,88.46153846153848,38.6,38.6,33.2,129.6875,109.98,106.01964115092984,0.0,0.0,0.0,31.4,88.20224719101124,1363.4404170804369,89.20262248648059,68.21130676552364,68.01137132800868,68.78274504981636,-29.6875,-1.8000000000000003,-2.6
NL,2022,4.0,5.0,5.8,7.0,32.4,89.01098901098901,40.0,40.0,34.6,130.0751879699248,122.78,98.41133037801524,1.5886696219847636,1.5886696219847636,1.0,31.5,88.48314606741573,1362.3488009592327,88.38425596308113,68.43041351711872,68.02461518477627,67.94858984444966,-30.075187969924798,-1.0,-1.7999999999999998
NL,2023,5.0,5.2,6.5,7.4,32.2,89.19667590027701,42.6,42.6,36.4,129.07801418439718,127.81,100.68331467146966,0.0,1.5886696219847636,1.0,31.3,88.66855524079321,1354.6466839745103,87.74543216123547,69.10291924142341,68.69377081841671,67.9786040370011,-29.078014184397176,-0.20000000000000018,-1.5
NL,2024,5.0,4.7,5.8,6.9,32.1,89.16666666666667,45.0,45.0,38.6,130.4054054054054,131.92,103.04207881131973,0.0,1.5886696219847636,1.0,31.2,88.38526912181304,1368.6788475052706,88.45317996794039,68.37651122625218,67.77730481879964,67.82938152981957,-30.40540540540539,0.2999999999999998,-0.7999999999999998
NL,2025,4.3,5.3,6.4,7.0,,,,,,,,,,,,,,,,,,,,-1.0,-2.1000000000000005
PL,2005,,13.8,,,,,,,,,,,,,,,,,,,,,,,
PL,2006,,12.8,,,,,,,,,,,,,,,,,,,,,,,
PL,2007,,11.7,,,,,,,,,,,,,,,,,,,,,,,
PL,2008,,11.5,,,40.4,106.59630606860159,5.7,20.1,8.5,44.270833333333336,86.8,100.0,0.0,0.0,0.0,39.7,107.88043478260872,2044.8125318893296,128.10473000723698,240.78224429613533,243.6828644501279,289.3659783692882,55.729166666666664,,
PL,2009,,11.0,,,40.0,106.95187165775401,4.8,20.9,8.4,42.857142857142854,90.3,99.94986308766245,0.05013691233754969,0.05013691233754969,1.0,39.4,108.53994490358127,2031.6136715201217,129.33641107157624,249.55436720142606,253.25987144168965,301.78495916701127,57.142857142857146,,
PL,2010,26.8,11.4,,34.6,39.9,106.4,5.7,22.9,9.6,47.524752475247524,92.7,106.6791178948837,0.0,0.05013691233754969,1.0,39.4,108.24175824175825,2032.113519248257,128.97965710361643,223.88333333333333,227.75869963369965,271.3946951555262,52.475247524752476,15.4,
PL,2011,25.0,11.1,,32.2,39.8,106.13333333333333,5.9,24.2,10.0,48.309178743961354,96.3,108.52074001746199,0.0,0.05013691233754969,1.0,39.2,107.69230769230771,2024.0387157221971,128.39759890440206,219.69599999999997,222.92307692307696,265.78302973211225,51.690821256038646,13.9,
PL,2012,26.9,10.4,,33.8,39.7,106.72043010752688,6.0,25.1,10.3,48.58490566037736,99.8,108.60925831763028,0.0,0.05013691233754969,1.0,39.1,108.0110497237569,2014.302861883036,129.0761791661173,219.65758429898736,222.31400525666467,265.67135906035793,51.41509433962264,16.5,
PL,2013,25.4,10.7,,32.1,39.6,107.02702702702703,6.1,25.6,10.5,48.38709677419355,100.6,109.89189242653532,0.0,0.05013691233754969,1.0,38.9,108.05555555555556,2009.0104541134665,129.43626302370245,221.1891891891892,223.3148148148148,267.50161024898506,51.61290322580645,14.7,
PL,2014,22.6,10.6,,29.4,39.7,107.2972972972973,6.2,26.1,10.6,48.401826484018265,100.7,111.926959047859,0.0,0.05013691233754969,1.0,39.1,108.91364902506965,2014.9900985297327,129.66107336622116,221.6802651708312,225.01970883481368,267.88467044530597,51.598173515981735,12.000000000000002,
PL,2015,23.0,11.2,13.8,29.1,39.8,107.8590785907859,6.4,26.6,10.8,48.64864864864865,100.0,114.86965174129352,0.0,0.05013691233754969,1.0,39.2,108.8888888888889,2022.7678507526778,130.07416671966266,221.71032821439323,223.82716049382717,267.3746760348621,51.35135135135135,11.8,9.2
PL,2016,18.7,10.8,12.3,24.9,40.0,107.81671159029649,6.4,27.9,11.2,50.0,99.8,120.72503215385994,0.0,0.05013691233754969,1.0,39.3,108.86426592797783,2023.3570019415042,129.62455946449575,215.63342318059298,217.72853185595565,259.2491189289915,50.0,7.899999999999999,6.399999999999999
PL,2017,16.9,9.9,11.7,23.0,39.6,107.31707317073172,7.0,29.7,11.7,50.869565217391305,101.4,126.48591362713059,0.0,0.05013691233754969,1.0,39.0,108.33333333333333,2004.5992538174546,128.98554809820055,210.96518657494266,212.96296296296293,253.56133386825752,49.130434782608695,6.999999999999998,5.199999999999999
PL,2018,13.6,9.7,11.1,19.4,39.0,105.69105691056912,7.6,32.4,12.6,53.389830508474574,102.6,136.3707776904949,0.0,0.05013691233754969,1.0,38.5,106.94444444444444,1980.4638316728808,127.45258184479722,197.96102722931994,200.30864197530863,238.72070885215987,46.610169491525426,3.9000000000000004,2.5
PL,2019,11.0,9.7,10.7,16.4,39.0,105.97826086956522,7.9,34.1,13.1,54.13223140495868,104.8,140.51308343777293,0.0,0.05013691233754969,1.0,38.4,106.96378830083566,1985.686967843114,127.9996541010147,195.7766345834716,197.5972272427651,236.45737627821035,45.86776859504132,1.3000000000000007,0.3000000000000007
PL,2020,11.9,9.6,10.3,16.6,38.6,106.62983425414363,8.1,36.0,13.5,53.1496062992126,108.6,143.15164508946978,0.0,0.05013691233754969,1.0,38.2,107.60563380281691,1974.9383100975458,133.90240788410918,200.62205852261096,202.45800730307775,251.93490075973133,46.8503937007874,2.3000000000000007,1.5999999999999996
PL,2021,10.2,8.9,9.8,14.6,39.7,109.06593406593409,8.1,36.9,13.4,52.34375,114.3,139.41317036862927,0.0,0.05013691233754969,1.0,39.0,109.5505617977528,2013.6338916057182,131.7413079505995,208.36476955879945,209.29062552406504,251.68488683099605,47.65625,1.299999999999999,0.3999999999999986
PL,2022,11.4,9.1,10.1,15.5,39.5,108.51648351648352,8.9,41.8,14.3,53.7593984962406,129.4,139.49725868339905,0.0,0.05013691233754969,1.0,38.7,108.70786516853933,1999.3118719735276,129.70811301636917,201.8558364712211,202.2118331107095,241.27523120527414,46.2406015037594,2.3000000000000007,1.3000000000000007
PL,2023,11.9,9.0,10.1,15.7,39.3,108.86426592797783,10.6,48.0,15.6,55.319148936170215,143.5,144.44848926101199,0.0,0.05013691233754969,1.0,38.5,109.06515580736544,1991.4182652776685,128.99146203044546,196.7930961005753,197.15624319023752,233.1768736704206,44.680851063829785,2.9000000000000004,1.8000000000000007
PL,2024,8.4,9.1,9.9,11.9,38.9,108.05555555555556,12.7,54.7,17.6,59.45945945945947,148.7,158.85468421175895,0.0,0.05013691233754969,1.0,38.2,108.21529745042496,1973.2503572876005,127.52463391474359,181.72979797979798,181.9984548029874,214.47324794752328,40.54054054054053,-0.6999999999999993,-1.5
PL,2025,7.4,8.4,9.0,11.4,,,,,,,,,,,,,,,,,,,,-1.0,-1.5999999999999996
PT,2004,,12.4,,,,,,,,,,,,,,,,,,,,,,,
PT,2005,,11.9,,,,,,,,,,,,,,,,,,,,,,,
PT,2006,,11.2,,,,,,,,,,,,,,,,,,,,,,,
PT,2007,,9.7,,,,,,,,,,,,,,,,,,,,,,,
PT,2008,,11.8,,,38.5,101.58311345646439,10.6,10.6,13.0,67.70833333333334,92.78,100.0,0.0,0.0,0.0,37.9,102.98913043478262,1874.8222897244207,117.45507203772142,150.03044448954736,152.10702341137124,173.47210639417315,32.29166666666666,,
PT,2009,,10.3,,,38.6,103.20855614973263,10.9,10.9,13.1,66.83673469387755,91.95,103.75840027906881,0.0,0.0,0.0,38.1,104.95867768595042,1881.4865323938636,119.77903032974207,154.41890843776793,157.03741088890294,179.21137362312555,33.163265306122454,,
PT,2010,38.4,9.7,,44.0,38.8,103.46666666666665,11.1,11.1,13.5,66.83168316831683,93.22,104.22271518380137,0.0,0.0,0.0,38.4,105.4945054945055,1890.2478733162986,119.97534597937572,154.8167901234568,157.85103785103786,179.51866583580664,33.16831683168317,28.7,
PT,2011,36.1,10.3,,40.8,38.8,103.46666666666665,11.0,11.0,13.2,63.768115942028984,96.54,99.73185423189528,0.26814576810471635,0.26814576810471635,1.0,38.4,105.4945054945055,1867.871763143826,118.49093971674621,162.25454545454545,165.43456543456546,185.8153372830793,36.231884057971016,25.8,
PT,2012,34.8,9.9,,39.5,38.7,104.03225806451613,10.8,10.8,13.1,61.79245283018868,99.22,95.27370090479324,4.726299095206755,4.994444863311472,2.0,38.3,105.80110497237567,1855.475886066773,118.89857401308299,168.35754740211772,171.22010881025682,192.41601290666867,38.20754716981132,24.9,
PT,2013,40.3,10.5,,45.7,38.9,105.13513513513513,11.0,11.0,13.7,63.133640552995395,99.65,96.61929962415624,3.380700375843759,8.37514523915523,3.0,38.5,106.94444444444444,1870.8033608729204,120.53187447968229,166.52791477608994,169.39375506893754,190.91545081818288,36.866359447004605,29.799999999999997,
PT,2014,36.6,10.7,,43.1,39.0,105.4054054054054,10.8,10.8,13.4,61.18721461187215,99.5,95.00559400777475,4.9944059922252535,13.369551231380484,4.0,38.7,107.79944289693594,1880.1150650016789,120.98210187633,172.26704316256553,176.17968652558932,197.72447993221095,38.81278538812785,25.900000000000002,
PT,2015,33.5,10.9,14.7,39.9,39.0,105.69105691056912,10.8,10.8,13.3,59.90990990990991,100.0,94.53056603773587,5.469433962264134,18.838985193644618,5.0,38.7,107.50000000000001,1878.5987672666658,120.80336809875193,176.41665138455897,179.43609022556393,201.64171216483402,40.09009009009009,22.6,18.8
PT,2016,31.2,10.9,14.2,36.4,38.5,103.77358490566037,10.9,10.9,13.3,59.37500000000001,100.64,94.79913459519453,5.200865404805469,24.039850598450087,6.0,38.1,105.54016620498615,1883.4801734272098,120.66347535622508,174.7765640516385,177.75185887155558,203.22269533680011,40.62499999999999,20.299999999999997,17.0
PT,2017,28.3,10.8,13.4,33.7,38.6,104.60704607046071,11.2,11.2,13.4,58.26086956521739,102.2,95.921426725252,4.0785732747479955,28.118423873198083,7.0,38.0,105.55555555555556,1875.457266053477,120.67593207768863,179.54940743437285,181.17744610281926,207.13033117812228,41.73913043478261,17.5,14.9
PT,2018,23.8,9.7,12.0,29.2,38.6,104.60704607046071,11.6,11.6,13.8,58.474576271186436,103.4,98.19422648808438,1.8057735119156177,29.9241973851137,8.0,38.1,105.83333333333333,1886.7919066847837,121.42433306025839,178.89320922194733,180.9903381642512,207.6532072624709,41.525423728813564,14.100000000000001,11.8
PT,2019,21.2,10.8,12.6,25.8,38.4,104.34782608695653,12.2,12.2,14.4,59.50413223140496,103.71,102.96454372952157,0.0,29.9241973851137,8.0,37.9,105.57103064066852,1892.2749004362747,121.97820534772825,175.36231884057975,177.41798204890128,204.99115065382108,40.49586776859504,10.399999999999999,8.6
PT,2020,16.9,9.5,11.4,20.5,37.6,103.86740331491711,13.1,13.1,15.5,61.023622047244096,103.58,110.699049499612,0.0,29.9241973851137,8.0,37.2,104.7887323943662,1786.2814791857845,121.11132281896484,170.20851898057384,171.7183098591549,198.4662967484972,38.976377952755904,7.399999999999999,5.499999999999998
PT,2021,16.8,11.2,13.4,21.2,38.1,104.67032967032968,13.4,13.4,15.8,61.71875,104.55,112.18357200220173,0.0,29.9241973851137,8.0,37.6,105.61797752808988,1853.5960543957096,121.27088724327862,169.59243288357214,171.12786232399375,196.4895388245527,38.28125,5.600000000000001,3.4000000000000004
PT,2022,19.9,10.3,12.2,23.3,37.9,104.12087912087912,13.8,13.8,16.5,62.03007518796992,113.03,106.8645993132563,0.0,29.9241973851137,8.0,37.4,105.0561797752809,1894.089265844526,122.88165143277179,167.8554778554779,169.36329588014982,198.10011685525637,37.96992481203008,9.599999999999998,7.699999999999999
PT,2023,19.6,10.0,11.3,22.9,37.7,104.43213296398893,14.8,14.8,18.0,63.829787234042556,118.98,108.87702705702878,0.0,29.9241973851137,8.0,37.2,105.38243626062325,1940.2222011505153,125.67530526061431,163.61034164358264,165.0991501416431,196.89131157496243,36.170212765957444,9.600000000000001,8.3
PT,2024,18.5,9.2,10.5,21.5,37.5,104.16666666666667,15.8,15.8,19.3,65.2027027027027,122.15,113.2171240123881,0.0,29.9241973851137,8.0,37.1,105.09915014164307,1947.1617555671794,125.83861400781326,159.7582037996546,161.18833389599143,192.9960090482525,34.797297297297305,9.3,8.0
PT,2025,16.7,8.6,10.0,20.2,,,,,,,,,,,,,,,,,,,,8.1,6.699999999999999
RO,2007,,17.4,,,,,,,,,,,,,,,,,,,,,,,
RO,2008,,17.7,,,40.1,105.8047493403694,4.3,16.0,7.9,41.145833333333336,78.33,100.0,0.0,0.0,0.0,41.5,112.7717391304348,1910.8974058263357,119.71512910219253,257.1457199158345,274.0781507980187,290.95322515975903,58.854166666666664,,
RO,2009,,17.4,,,39.9,106.68449197860963,3.7,15.6,7.5,38.265306122448976,82.7,92.34794437726723,7.6520556227327745,7.6520556227327745,1.0,41.2,113.49862258953169,1885.7515065867485,120.05054674211583,278.80213903743316,296.60973370064283,313.7320954860627,61.734693877551024,,
RO,2010,43.1,17.9,,47.4,39.6,105.6,3.9,16.3,8.0,39.603960396039604,87.73,90.95940670238231,9.04059329761769,16.692648920350464,2.0,41.2,113.1868131868132,1917.4093737610535,121.69930528607831,266.64,285.7967032967033,307.29074584734775,60.396039603960396,25.200000000000003,
RO,2011,43.0,19.1,,47.5,39.5,105.33333333333333,3.9,16.4,7.9,38.16425120772947,92.84,86.48023481258078,13.519765187419225,30.21241410776969,3.0,41.1,112.91208791208791,1935.8447418082003,122.80289639182973,275.99999999999994,295.85825566838224,321.7746778874525,61.83574879227053,23.9,
RO,2012,44.2,19.0,,48.2,39.5,106.18279569892472,3.9,17.2,8.1,38.20754716981132,95.98,87.73155865805376,12.268441341946243,42.48085544971593,4.0,41.1,113.53591160220994,1898.5997257351821,121.66194220398499,277.91052701446966,297.1557192551668,318.42384873141754,61.79245283018868,25.200000000000003,
RO,2013,45.3,18.4,,49.6,39.4,106.48648648648648,4.1,18.1,8.1,37.327188940092164,99.04,89.46972182956381,10.53027817043619,53.01113362015212,5.0,41.0,113.88888888888889,1891.7572150439178,121.88188665820745,285.2786119452786,305.10973936899865,326.52307907198787,62.672811059907836,26.9,
RO,2014,41.5,19.8,,47.1,39.3,106.21621621621621,4.4,19.5,8.6,39.269406392694066,100.41,95.07488048999103,4.925119510008969,57.93625313016109,6.0,40.9,113.92757660167132,1870.4589835600434,120.36074999715815,270.48082966687616,290.11789855541883,306.5000494113678,60.730593607305934,21.7,
RO,2015,38.8,18.8,34.6,44.3,38.9,105.42005420054201,4.5,19.8,8.6,38.73873873873874,100.0,96.933375,3.066625000000002,61.00287813016109,7.0,40.7,113.05555555555557,1867.3546389078056,120.08031397950465,272.1308375874457,291.84108527131787,309.974763993605,61.26126126126126,19.999999999999996,4.199999999999996
RO,2016,36.7,18.9,35.3,42.4,39.2,105.66037735849058,5.1,22.8,9.9,44.19642857142858,98.93,112.82750429596685,0.0,61.00287813016109,7.0,40.7,112.74238227146816,1877.323300615644,120.26904079766108,239.0699447303221,255.09387503847339,272.12389028965737,55.80357142857142,17.800000000000004,1.4000000000000057
RO,2017,30.6,17.4,31.7,36.7,39.3,106.5040650406504,5.8,26.5,11.3,49.130434782608695,100.0,129.7340625,0.0,61.00287813016109,7.0,40.5,112.5,1856.9194950651279,119.48312281823308,216.77818548096985,228.98230088495575,243.19573670967796,50.869565217391305,13.200000000000003,-1.0999999999999979
RO,2018,29.2,15.3,27.1,35.3,39.2,106.23306233062333,6.4,29.8,12.1,51.271186440677965,104.08,140.17066199077632,0.0,61.00287813016109,7.0,40.5,112.5,1863.5885714285714,119.93108438864965,207.19836950435624,219.4214876033058,233.915172857201,48.728813559322035,13.899999999999999,2.099999999999998
RO,2019,25.8,15.7,25.3,31.5,39.4,107.06521739130436,6.9,32.9,13.1,54.13223140495868,108.15,148.9283980582524,0.0,61.00287813016109,7.0,40.6,113.09192200557104,1873.798664766334,120.7872060547178,197.78460006637903,208.91790172021518,223.13361729192144,45.86776859504132,10.100000000000001,0.5
RO,2020,29.1,14.9,23.9,34.8,38.9,107.4585635359116,7.3,35.3,13.9,54.7244094488189,110.67,156.15393738140415,0.0,61.00287813016109,7.0,40.1,112.95774647887323,1817.9493312208647,123.25842868973275,196.36313049008305,206.41199716283307,225.234826526562,45.2755905511811,14.200000000000001,5.200000000000003
RO,2021,22.7,15.5,24.1,28.2,39.8,109.34065934065933,7.4,36.2,14.0,54.6875,115.21,153.82486329311695,0.0,61.00287813016109,7.0,40.1,112.64044943820224,1882.9801183791167,123.19332956917295,199.93720565149135,205.97110754414123,225.2678026407734,45.3125,7.199999999999999,-1.4000000000000021
RO,2022,19.2,14.5,23.7,25.0,39.7,109.06593406593409,8.5,41.8,14.9,56.01503759398496,129.06,158.55968154346814,0.0,61.00287813016109,7.0,40.0,112.35955056179775,1854.8435420933815,120.33553101850254,194.70831182240585,200.58819093582687,214.82718960350118,43.98496240601504,4.699999999999999,-4.5
RO,2023,22.3,15.3,22.8,27.3,39.5,109.41828254847645,10.2,50.6,17.4,61.70212765957446,141.64,174.89312694154196,0.0,61.00287813016109,7.0,39.8,112.74787535410765,1843.8528994475805,119.43311227772462,177.3330786130481,182.72931522907106,193.56400955355372,38.29787234042554,7.0,-0.5
RO,2024,17.7,10.9,17.3,23.3,38.8,107.77777777777777,11.7,58.0,19.3,65.2027027027027,149.91,189.41114668801282,0.0,61.00287813016109,7.0,39.0,110.4815864022663,1886.5420658059143,121.92096427001877,165.29648819804262,169.4432620469991,186.98759287008065,34.797297297297305,6.799999999999999,0.3999999999999986
RO,2025,17.7,10.8,16.0,22.6,,,,,,,,,,,,,,,,,,,,6.899999999999999,1.6999999999999993
SE,2004,,6.1,,,,,,,,,,,,,,,,,,,,,,,
SE,2005,,5.5,,,,,,,,,,,,,,,,,,,,,,,
SE,2006,,7.4,,,,,,,,,,,,,,,,,,,,,,,
SE,2007,,6.4,,,,,,,,,,,,,,,,,,,,,,,
SE,2008,,7.4,,,36.1,95.25065963060686,23.7,227.8,20.1,104.68750000000001,92.83,100.0,0.0,0.0,0.0,35.3,95.92391304347825,1617.2384859220588,101.31779630914887,90.9857047217737,91.62881245944189,96.78117856396308,-4.687500000000014,,
SE,2009,,7.5,,,35.7,95.45454545454547,22.1,235.1,19.9,101.53061224489794,94.63,101.24146472416899,0.0,0.0,0.0,35.0,96.41873278236915,1602.1225852611494,101.99418727053009,94.01553220648701,94.96518404695657,100.45658645740654,-1.530612244897938,,
SE,2010,5.1,7.7,,7.6,36.4,97.06666666666666,24.8,236.8,19.9,98.51485148514851,96.43,100.07006041948664,0.0,0.0,0.0,35.7,98.0769230769231,1632.7173087872463,103.62970210070813,98.52998324958124,99.55546965597217,105.1919589162967,1.4851485148514882,-2.6000000000000005,
SE,2011,5.4,7.5,,8.4,36.3,96.79999999999998,27.0,244.0,20.6,99.5169082125604,97.75,101.720313731478,0.0,0.0,0.0,35.6,97.80219780219781,1634.2034744039918,103.66787977167492,97.26990291262133,98.2769657526939,104.17112190648888,0.483091787439605,-2.0999999999999996,
SE,2012,5.1,7.2,,7.5,36.1,97.04301075268816,29.2,253.9,21.7,102.35849056603774,98.66,104.87119588615631,0.0,0.0,0.0,35.5,98.06629834254143,1620.660684034614,103.85165646062659,94.80699668004557,95.8067062148331,101.45876115047389,-2.3584905660377444,-2.1000000000000005,
SE,2013,4.3,7.6,,6.9,36.1,97.56756756756756,30.0,259.9,21.8,100.46082949308756,99.1,106.8728167201034,0.0,0.0,0.0,35.4,98.33333333333333,1613.5064758626938,103.9547843927822,97.12000991817506,97.88226299694189,103.477927583641,-0.4608294930875587,-3.3,
SE,2014,4.4,7.7,,6.8,35.9,97.02702702702703,29.2,265.8,21.8,99.5433789954338,99.3,109.078801832317,0.0,0.0,0.0,35.3,98.32869080779943,1612.843934499276,103.78367410934929,97.47210513265559,98.77973984820217,104.25974600893345,0.4566210045662018,-3.3,
SE,2015,3.9,8.0,8.3,6.4,35.9,97.289972899729,29.1,272.3,22.1,99.54954954954955,100.0,110.96404302019315,0.0,0.0,0.0,35.3,98.05555555555554,1615.6368415288578,103.89359105408732,97.73019902144723,98.49924585218702,104.36369780093838,0.45045045045044674,-4.1,-4.4
SE,2016,4.2,6.7,6.9,6.8,36.2,97.57412398921834,29.2,276.3,21.8,97.32142857142858,101.14,111.32496476081364,0.0,0.0,0.0,35.7,98.89196675900278,1629.4750117566587,104.39086150129988,100.25965033754544,101.61376400925056,107.26400447839985,2.6785714285714164,-2.5,-2.7
SE,2017,4.4,6.9,7.3,6.6,36.1,97.8319783197832,29.5,284.6,22.1,96.08695652173913,103.02,112.57656184458502,0.0,0.0,0.0,35.6,98.88888888888889,1614.8083406168062,103.90452779594408,101.81608603416353,102.91603821015586,108.13593390528116,3.9130434782608745,-2.5,-2.8999999999999995
SE,2018,4.6,7.0,7.4,7.2,36.1,97.8319783197832,28.8,295.7,22.6,95.76271186440677,105.12,114.63060987701834,0.0,0.0,0.0,35.6,98.88888888888889,1614.7056418642683,103.91424457427499,102.16082691800372,103.2645034414946,108.51221999791548,4.237288135593232,-2.4000000000000004,-2.8000000000000007
SE,2019,4.8,7.8,8.1,6.5,35.9,97.55434782608697,29.0,307.3,23.3,96.2809917355372,106.93,117.11098240485701,0.0,0.0,0.0,35.3,98.32869080779943,1599.8477559222945,103.12801699795295,101.3225415189401,102.12679474458137,107.11150263306699,3.7190082644628006,-3.0,-3.3
SE,2020,4.9,7.8,8.4,6.5,35.0,96.68508287292816,30.6,320.7,24.3,95.66929133858268,107.63,121.42280193329717,0.0,0.0,0.0,34.6,97.46478873239437,1570.5704345677996,106.48594027720938,101.06177386717593,101.87677505361387,111.30629148317358,4.330708661417319,-2.8999999999999995,-3.5
SE,2021,4.6,6.7,6.9,6.6,35.7,98.0769230769231,32.6,330.5,25.2,98.4375,110.49,121.89422232880571,0.0,0.0,0.0,35.5,99.71910112359551,1598.2435121634244,104.56453459276464,99.63369963369965,101.30194399857321,106.22428911011012,1.5625,-2.1000000000000005,-2.3000000000000007
SE,2022,4.4,7.5,8.4,6.3,35.9,98.62637362637363,31.9,338.6,25.1,94.36090225563909,119.39,115.57226701344949,0.0,0.0,0.0,35.5,99.71910112359551,1592.0255245850296,103.28484993388446,104.52038001838801,105.6784099556829,109.45725132435564,5.63909774436091,-3.0999999999999996,-4.0
SE,2023,7.1,7.1,8.4,8.2,35.7,98.89196675900278,31.1,356.7,26.2,92.90780141843972,126.44,114.9617200022553,0.0,0.0,0.0,35.4,100.28328611898017,1590.9234930448222,103.04994732878035,106.44097185510986,107.93849879981836,110.91635552181701,7.092198581560282,0.0,-1.3000000000000007
SE,2024,7.6,7.7,8.9,8.6,35.7,99.16666666666669,32.6,373.3,27.6,93.24324324324324,128.98,117.94247796345229,0.0,0.0,0.0,35.5,100.56657223796034,1588.3397608947166,102.64913714180473,106.35265700483093,107.85400500882703,110.08748041295,6.756756756756758,-0.10000000000000053,-1.3000000000000007
SE,2025,7.1,7.1,9.0,8.9,,,,,,,,,,,,,,,,,,,,0.0,-1.9000000000000004
SI,2005,,4.6,,,,,,,,,,,,,,,,,,,,,,,
SI,2006,,4.8,,,,,,,,,,,,,,,,,,,,,,,
SI,2007,,4.7,,,,,,,,,,,,,,,,,,,,,,,
SI,2008,,5.1,,,39.9,105.27704485488127,14.0,14.0,17.1,89.06250000000001,91.19,100.0,0.0,0.0,0.0,39.1,106.25000000000001,1605.9003564698683,100.60747788650211,118.20580474934034,119.2982456140351,112.96278218835323,10.937499999999986,,
SI,2009,,4.8,,,39.3,105.08021390374331,14.1,14.1,16.6,84.6938775510204,91.97,99.8601251961043,0.13987480389569384,0.13987480389569384,1.0,38.7,106.61157024793391,1619.892221180881,103.12543627132412,124.07061400682946,125.87872149756052,121.76256330831042,15.306122448979593,,
SI,2010,25.0,5.3,,28.9,39.1,104.26666666666667,14.6,14.6,17.3,85.64356435643565,93.86,101.31913792578611,0.0,0.13987480389569384,1.0,38.6,106.04395604395604,1636.464214283906,103.86752079616053,121.74489402697495,123.82011052531283,121.27883931112386,14.356435643564353,19.7,
SI,2011,25.6,6.0,,29.8,38.9,103.73333333333333,14.9,14.9,17.8,85.99033816425121,95.81,101.2965392816139,0.0,0.13987480389569384,1.0,38.3,105.2197802197802,1621.7735683274757,102.87937208037691,120.63370786516855,122.36232868255338,119.64061809347201,14.009661835748787,19.6,
SI,2012,24.8,6.5,,28.5,38.7,104.03225806451613,15.0,15.0,18.2,85.84905660377359,98.5,99.19144307469182,0.8085569253081815,0.9484317292038753,2.0,38.1,105.24861878453038,1600.1113221138105,102.53485690122,121.18043247075505,122.59729221055186,119.43620693988262,14.15094339622641,18.3,
SI,2013,29.4,7.1,,33.0,39.0,105.4054054054054,14.9,14.9,18.2,83.87096774193549,100.4,96.66555207740466,3.334447922595345,4.28287965179922,3.0,38.5,106.94444444444444,1618.6699872114154,104.28745842725053,125.67567567567566,127.51068376068375,124.34273889402948,16.129032258064512,22.299999999999997,
SI,2014,25.6,6.4,,30.9,38.9,105.13513513513513,14.9,14.9,18.1,82.64840182648403,100.77,96.31062249252189,3.689377507478113,7.9722571592773335,4.0,38.4,106.96378830083566,1633.4738335139764,105.11117187305274,127.20770494251154,129.42027424244753,127.17871071932898,17.351598173515967,19.200000000000003,
SI,2015,24.2,6.7,8.9,28.8,39.0,105.69105691056912,15.0,15.0,18.2,81.98198198198199,100.0,97.70357142857144,2.2964285714285637,10.268685730705897,5.0,38.6,107.22222222222223,1644.1749303474046,105.7287339853253,128.9198606271777,130.78754578754578,128.9658183777045,18.01801801801801,17.5,15.299999999999999
SI,2016,20.7,6.1,7.8,26.2,38.8,104.58221024258758,15.9,15.9,19.1,85.26785714285715,99.85,103.72136776593462,0.0,10.268685730705897,5.0,38.3,106.09418282548475,1603.097350847961,102.7010002105277,122.65138792847965,124.42459137648471,120.4451520793623,14.732142857142847,14.6,12.899999999999999
SI,2017,18.0,6.6,8.5,23.1,38.0,102.98102981029811,16.7,16.7,20.1,87.3913043478261,101.4,107.27479571710339,0.0,10.268685730705897,5.0,37.7,104.72222222222223,1575.6319653779285,101.38373157043199,117.83898933516699,119.83139856274184,116.01123513034506,12.608695652173907,11.4,9.5
SI,2018,16.0,6.0,7.0,20.8,38.4,104.0650406504065,17.5,17.5,20.9,88.5593220338983,103.36,110.28202399380805,0.0,10.268685730705897,5.0,37.9,105.27777777777777,1558.6254461854921,100.30520833977631,117.50884972964563,118.87825624667731,113.2632974554412,11.440677966101703,10.0,9.0
SI,2019,13.0,4.5,5.3,17.8,38.5,104.61956521739131,18.5,18.5,22.1,91.32231404958678,105.11,114.64282316484771,0.0,10.268685730705897,5.0,37.9,105.57103064066852,1557.213601848795,100.3797706415673,114.56079087153257,115.60266703638815,109.91811988805107,8.67768595041322,8.5,7.7
SI,2020,12.1,5.0,5.9,17.4,38.9,107.4585635359116,19.9,19.9,23.9,94.09448818897638,104.82,123.65967508926867,0.0,10.268685730705897,5.0,38.7,109.01408450704227,1496.7023300047551,101.47762330029161,114.20282484569684,115.8559726560198,107.84651179194171,5.905511811023615,7.1,6.199999999999999
SI,2021,8.4,5.0,5.7,11.8,38.6,106.04395604395604,20.6,20.6,24.5,95.703125,106.97,125.4366377756113,0.0,10.268685730705897,5.0,38.4,107.86516853932584,1562.5547968549838,102.22961261245305,110.80511325409284,112.70809447374455,106.81951358688973,4.296875,3.4000000000000004,2.7
SI,2022,11.1,4.8,5.2,14.3,38.5,105.76923076923077,21.6,21.6,25.9,97.36842105263158,116.94,120.31224803928755,0.0,10.268685730705897,5.0,38.1,107.02247191011236,1566.6074763143122,101.63581902281437,108.62785862785864,109.91497115092622,104.38273305045801,2.631578947368425,6.3,5.8999999999999995
SI,2023,10.8,5.7,6.2,14.6,38.1,105.54016620498615,23.8,23.8,27.7,98.22695035460993,125.38,123.64252671877493,0.0,10.268685730705897,5.0,37.8,107.08215297450424,1556.2896184158303,100.80658429346646,107.4452233567007,109.01504382241949,102.62619772836658,1.7730496453900741,5.1000000000000005,4.6000000000000005
SI,2024,10.1,5.4,5.9,13.6,38.0,105.55555555555556,24.9,24.9,28.4,95.94594594594594,127.87,126.83813918153479,0.0,10.268685730705897,5.0,37.5,106.23229461756375,1581.3007945773777,102.1942320663075,110.01564945226919,110.72098312253124,106.51229820995431,4.054054054054063,4.699999999999999,4.199999999999999
SI,2025,11.4,5.6,6.1,15.2,,,,,,,,,,,,,,,,,,,,5.800000000000001,5.300000000000001
SK,2005,,8.9,,,,,,,,,,,,,,,,,,,,,,,
SK,2006,,6.3,,,,,,,,,,,,,,,,,,,,,,,
SK,2007,,4.9,,,,,,,,,,,,,,,,,,,,,,,
SK,2008,,5.8,,,39.9,105.27704485488127,7.2,7.5,10.8,56.25,90.22,100.0,0.0,0.0,0.0,39.1,106.25000000000001,1702.0940258673784,106.63388072509758,187.15919085312225,188.8888888888889,189.5713435112846,43.75,,
SK,2009,,5.2,,,39.3,105.08021390374331,7.8,7.8,11.4,58.16326530612245,91.05,103.05194947830861,0.0,0.0,0.0,38.4,105.78512396694215,1683.5446620011103,107.17767236672037,180.66422741345343,181.87617804842688,184.2703840690982,41.83673469387755,,
SK,2010,24.0,5.7,,31.4,39.5,105.33333333333333,8.1,8.1,12.2,60.396039603960396,91.69,106.26851346929872,0.0,0.0,0.0,38.6,106.04395604395604,1714.3257588323104,108.80944713161753,174.40437158469942,175.58097640064852,180.15990426710442,39.603960396039604,18.3,
SK,2011,23.0,6.3,,29.8,39.5,105.33333333333333,8.3,8.3,12.2,58.93719806763285,95.43,104.62482098571378,0.0,0.0,0.0,38.6,106.04395604395604,1704.5761221881253,108.132062661973,178.7213114754098,179.92704017294182,183.46997517236403,41.06280193236715,16.7,
SK,2012,25.9,6.2,,32.9,39.5,106.18279569892472,8.5,8.5,12.4,58.49056603773585,99.0,103.28215488215487,0.0,0.0,0.0,38.7,106.9060773480663,1701.2010707177992,109.01267051583616,181.53832813041967,182.77490643379076,186.37650120449408,41.50943396226415,19.7,
SK,2013,29.7,5.7,,36.2,39.5,106.75675675675676,8.8,8.8,12.9,59.44700460829493,100.45,105.38390575742491,0.0,0.0,0.0,38.7,107.50000000000001,1686.1038169749975,108.63207639979674,179.58307144353654,180.83333333333337,182.73767890508446,40.55299539170507,24.0,
SK,2014,26.3,5.7,,33.5,38.9,105.13513513513513,9.0,9.0,13.3,60.73059360730594,100.35,107.88639760837071,0.0,0.0,0.0,38.1,106.12813370473538,1676.2988520300498,107.86688658935533,173.11725259093677,174.75234046118078,177.6153997223219,39.26940639269406,20.6,
SK,2015,25.4,6.0,8.7,32.5,38.9,105.42005420054201,9.4,9.4,13.7,61.711711711711715,100.0,113.07573333333333,0.0,0.0,0.0,38.1,105.83333333333333,1672.0535098465118,107.52146714366816,170.8266571716812,171.49635036496346,174.23186646638197,38.288288288288285,19.4,16.7
SK,2016,22.7,6.5,8.9,29.1,38.8,104.58221024258758,9.7,9.7,13.3,59.37500000000001,99.52,117.247320471597,0.0,0.0,0.0,37.9,104.98614958448753,1657.8045850435478,106.2057703155163,176.13845935593693,176.81877824755793,178.87287632086955,40.62499999999999,16.2,13.799999999999999
SK,2017,19.6,6.3,8.0,25.9,38.5,104.3360433604336,10.3,10.3,13.8,60.0,100.9,122.79696068714898,0.0,0.0,0.0,37.6,104.44444444444444,1630.440149090625,104.91035346405302,173.8934056007227,174.07407407407405,174.85058910675505,40.0,13.3,11.600000000000001
SK,2018,19.1,6.0,7.4,24.9,38.8,105.14905149051489,11.0,11.0,14.2,60.16949152542372,103.46,127.89741607062311,0.0,0.0,0.0,37.9,105.27777777777777,1620.7867686322375,104.30559497144355,174.75476163212335,174.96870109546168,173.35296065676536,39.83050847457628,13.100000000000001,11.700000000000001
SK,2019,21.6,4.4,5.7,28.1,38.9,105.70652173913044,11.9,11.9,15.1,62.396694214876035,106.33,134.6271669958306,0.0,0.0,0.0,38.1,106.12813370473538,1606.3570341090697,103.54761251821742,169.41045205873885,170.08614805659576,165.95047834045442,37.603305785123965,17.200000000000003,15.900000000000002
SK,2020,22.9,5.2,6.3,28.4,38.4,106.07734806629833,13.2,13.2,17.2,67.71653543307087,108.47,146.38812574905504,0.0,0.0,0.0,37.8,106.47887323943661,1500.9048509260508,101.76255760313425,156.64910702813822,157.2420569931215,150.27726529765172,32.283464566929126,17.7,16.599999999999998
SK,2021,20.1,6.7,8.4,26.0,38.0,104.3956043956044,14.0,14.0,18.3,71.484375,111.53,151.00032876057264,0.0,0.0,0.0,37.4,105.0561797752809,1514.3638071780094,99.076733611983,146.03975259712962,146.9638361883711,138.5991464735937,28.515625,13.400000000000002,11.700000000000001
SK,2022,22.3,7.1,9.0,27.0,37.8,103.84615384615384,14.6,14.6,18.4,69.17293233082705,125.05,140.44643475942956,0.0,0.0,0.0,37.2,104.49438202247192,1538.8098994423053,99.83241291442349,150.1254180602007,151.06253053248662,144.32294475672094,30.827067669172948,15.200000000000001,13.3
SK,2023,23.5,9.1,10.9,29.3,37.6,104.1551246537396,16.0,16.0,20.1,71.27659574468086,138.79,138.6766577803396,0.0,0.0,0.0,37.0,104.8158640226629,1546.0972151704716,100.14638496761596,146.12808533509732,147.0550928079151,140.5038833874015,28.72340425531914,14.4,12.6
SK,2024,23.2,10.2,12.1,29.0,37.9,105.27777777777777,17.2,17.2,21.4,72.29729729729729,143.17,144.51668180019092,0.0,0.0,0.0,37.3,105.6657223796034,1552.2215866209674,100.31493918516023,145.61786085150572,146.15445712318976,138.75337382620293,27.70270270270271,13.0,11.1
SK,2025,17.5,6.5,9.9,22.9,,,,,,,,,,,,,,,,,,,,11.0,7.6
