freq,unit,tenure,geo,time,value,geo_label
A,PC,OWN_L,AL,2017,33.5,Albania
A,PC,OWN_L,AL,2018,33.0,Albania
A,PC,OWN_L,AL,2019,32.6,Albania
A,PC,OWN_L,AL,2020,10.2,Albania
A,PC,OWN_L,AL,2021,3.5,Albania
A,PC,OWN_L,AL,2022,0.3,Albania
A,PC,OWN_L,AL,2023,1.1,Albania
A,PC,OWN_L,AT,2007,2.2,Austria
A,PC,OWN_L,AT,2008,2.5,Austria
A,PC,OWN_L,AT,2009,1.7,Austria
A,PC,OWN_L,AT,2010,2.6,Austria
A,PC,OWN_L,AT,2011,2.0,Austria
A,PC,OWN_L,AT,2012,2.6,Austria
A,PC,OWN_L,AT,2013,2.9,Austria
A,PC,OWN_L,AT,2014,1.8,Austria
A,PC,OWN_L,AT,2015,1.4,Austria
A,PC,OWN_L,AT,2016,2.1,Austria
A,PC,OWN_L,AT,2017,1.6,Austria
A,PC,OWN_L,AT,2018,2.6,Austria
A,PC,OWN_L,AT,2019,2.0,Austria
A,PC,OWN_L,AT,2020,2.1,Austria
A,PC,OWN_L,AT,2021,1.6,Austria
A,PC,OWN_L,AT,2022,1.4,Austria
A,PC,OWN_L,AT,2023,2.3,Austria
A,PC,OWN_L,AT,2024,2.1,Austria
A,PC,OWN_L,BE,2004,5.8,Belgium
A,PC,OWN_L,BE,2005,3.2,Belgium
A,PC,OWN_L,BE,2006,4.4,Belgium
A,PC,OWN_L,BE,2007,4.5,Belgium
A,PC,OWN_L,BE,2008,6.5,Belgium
A,PC,OWN_L,BE,2009,2.5,Belgium
A,PC,OWN_L,BE,2010,3.1,Belgium
A,PC,OWN_L,BE,2011,3.3,Belgium
A,PC,OWN_L,BE,2012,3.6,Belgium
A,PC,OWN_L,BE,2013,3.8,Belgium
A,PC,OWN_L,BE,2014,3.1,Belgium
A,PC,OWN_L,BE,2015,2.4,Belgium
A,PC,OWN_L,BE,2016,2.5,Belgium
A,PC,OWN_L,BE,2017,2.8,Belgium
A,PC,OWN_L,BE,2018,1.2,Belgium
A,PC,OWN_L,BE,2019,0.9,Belgium
A,PC,OWN_L,BE,2020,1.1,Belgium
A,PC,OWN_L,BE,2021,0.8,Belgium
A,PC,OWN_L,BE,2022,0.6,Belgium
A,PC,OWN_L,BE,2023,0.8,Belgium
A,PC,OWN_L,BE,2024,1.0,Belgium
A,PC,OWN_L,BG,2006,62.0,Bulgaria
A,PC,OWN_L,BG,2007,26.6,Bulgaria
A,PC,OWN_L,BG,2008,18.9,Bulgaria
A,PC,OWN_L,BG,2009,3.6,Bulgaria
A,PC,OWN_L,BG,2010,3.0,Bulgaria
A,PC,OWN_L,BG,2011,23.1,Bulgaria
A,PC,OWN_L,BG,2012,8.0,Bulgaria
A,PC,OWN_L,BG,2013,11.6,Bulgaria
A,PC,OWN_L,BG,2014,9.3,Bulgaria
A,PC,OWN_L,BG,2015,10.4,Bulgaria
A,PC,OWN_L,BG,2016,23.2,Bulgaria
A,PC,OWN_L,BG,2017,11.9,Bulgaria
A,PC,OWN_L,BG,2018,6.3,Bulgaria
A,PC,OWN_L,BG,2019,7.8,Bulgaria
A,PC,OWN_L,BG,2020,6.2,Bulgaria
A,PC,OWN_L,BG,2021,5.3,Bulgaria
A,PC,OWN_L,BG,2022,4.6,Bulgaria
A,PC,OWN_L,BG,2023,5.5,Bulgaria
A,PC,OWN_L,BG,2024,13.7,Bulgaria
A,PC,OWN_L,CH,2010,7.2,Switzerland
A,PC,OWN_L,CH,2011,7.1,Switzerland
A,PC,OWN_L,CH,2012,6.7,Switzerland
A,PC,OWN_L,CH,2013,5.6,Switzerland
A,PC,OWN_L,CH,2014,5.3,Switzerland
A,PC,OWN_L,CH,2015,5.5,Switzerland
A,PC,OWN_L,CH,2016,4.4,Switzerland
A,PC,OWN_L,CH,2017,4.2,Switzerland
A,PC,OWN_L,CH,2018,4.7,Switzerland
A,PC,OWN_L,CH,2019,4.9,Switzerland
A,PC,OWN_L,CH,2020,4.8,Switzerland
A,PC,OWN_L,CH,2021,5.0,Switzerland
A,PC,OWN_L,CH,2022,4.4,Switzerland
A,PC,OWN_L,CH,2023,4.7,Switzerland
A,PC,OWN_L,CH,2024,4.9,Switzerland
A,PC,OWN_L,CY,2007,1.5,Cyprus
A,PC,OWN_L,CY,2008,1.3,Cyprus
A,PC,OWN_L,CY,2009,3.1,Cyprus
A,PC,OWN_L,CY,2010,2.9,Cyprus
A,PC,OWN_L,CY,2011,5.1,Cyprus
A,PC,OWN_L,CY,2012,4.0,Cyprus
A,PC,OWN_L,CY,2013,5.2,Cyprus
A,PC,OWN_L,CY,2014,6.0,Cyprus
A,PC,OWN_L,CY,2015,4.7,Cyprus
A,PC,OWN_L,CY,2016,2.5,Cyprus
A,PC,OWN_L,CY,2017,1.6,Cyprus
A,PC,OWN_L,CY,2018,0.6,Cyprus
A,PC,OWN_L,CY,2019,0.6,Cyprus
A,PC,OWN_L,CY,2020,0.3,Cyprus
A,PC,OWN_L,CY,2021,0.4,Cyprus
A,PC,OWN_L,CY,2022,0.2,Cyprus
A,PC,OWN_L,CY,2023,0.9,Cyprus
A,PC,OWN_L,CY,2024,0.3,Cyprus
A,PC,OWN_L,CZ,2005,12.2,Czechia
A,PC,OWN_L,CZ,2006,14.6,Czechia
A,PC,OWN_L,CZ,2007,13.1,Czechia
A,PC,OWN_L,CZ,2008,28.7,Czechia
A,PC,OWN_L,CZ,2009,10.1,Czechia
A,PC,OWN_L,CZ,2010,9.2,Czechia
A,PC,OWN_L,CZ,2011,5.3,Czechia
A,PC,OWN_L,CZ,2012,4.0,Czechia
A,PC,OWN_L,CZ,2013,10.8,Czechia
A,PC,OWN_L,CZ,2014,8.3,Czechia
A,PC,OWN_L,CZ,2015,6.0,Czechia
A,PC,OWN_L,CZ,2016,6.0,Czechia
A,PC,OWN_L,CZ,2017,4.3,Czechia
A,PC,OWN_L,CZ,2018,2.5,Czechia
A,PC,OWN_L,CZ,2019,3.0,Czechia
A,PC,OWN_L,CZ,2020,2.2,Czechia
A,PC,OWN_L,CZ,2021,1.8,Czechia
A,PC,OWN_L,CZ,2022,1.7,Czechia
A,PC,OWN_L,CZ,2023,4.1,Czechia
A,PC,OWN_L,CZ,2024,4.0,Czechia
A,PC,OWN_L,DE,2010,13.8,Germany
A,PC,OWN_L,DE,2011,13.6,Germany
A,PC,OWN_L,DE,2012,11.9,Germany
A,PC,OWN_L,DE,2013,12.2,Germany
A,PC,OWN_L,DE,2014,11.3,Germany
A,PC,OWN_L,DE,2015,10.7,Germany
A,PC,OWN_L,DE,2016,10.3,Germany
A,PC,OWN_L,DE,2017,8.8,Germany
A,PC,OWN_L,DE,2018,8.6,Germany
A,PC,OWN_L,DE,2019,9.0,Germany
A,PC,OWN_L,DE,2020,7.7,Germany
A,PC,OWN_L,DE,2021,11.4,Germany
A,PC,OWN_L,DE,2022,12.9,Germany
A,PC,OWN_L,DE,2023,15.6,Germany
A,PC,OWN_L,DE,2024,14.5,Germany
A,PC,OWN_L,DK,2005,7.1,Denmark
A,PC,OWN_L,DK,2006,7.6,Denmark
A,PC,OWN_L,DK,2007,8.1,Denmark
A,PC,OWN_L,DK,2008,13.6,Denmark
A,PC,OWN_L,DK,2009,23.0,Denmark
A,PC,OWN_L,DK,2010,18.1,Denmark
A,PC,OWN_L,DK,2011,11.6,Denmark
A,PC,OWN_L,DK,2012,9.8,Denmark
A,PC,OWN_L,DK,2013,7.5,Denmark
A,PC,OWN_L,DK,2014,5.2,Denmark
A,PC,OWN_L,DK,2015,5.3,Denmark
A,PC,OWN_L,DK,2016,5.2,Denmark
A,PC,OWN_L,DK,2017,5.5,Denmark
A,PC,OWN_L,DK,2018,5.2,Denmark
A,PC,OWN_L,DK,2019,5.3,Denmark
A,PC,OWN_L,DK,2020,6.1,Denmark
A,PC,OWN_L,DK,2021,4.6,Denmark
A,PC,OWN_L,DK,2022,3.9,Denmark
A,PC,OWN_L,DK,2023,3.4,Denmark
A,PC,OWN_L,DK,2024,5.5,Denmark
A,PC,OWN_L,EA,2005,6.9,"Euro area (EA11-1999, EA12-2001, EA13-2007, EA15-2008, EA16-2009, EA17-2011, EA18-2014, EA19-2015, EA20-2023, EA21-2026)"
A,PC,OWN_L,EA,2007,6.7,"Euro area (EA11-1999, EA12-2001, EA13-2007, EA15-2008, EA16-2009, EA17-2011, EA18-2014, EA19-2015, EA20-2023, EA21-2026)"
A,PC,OWN_L,EA,2008,6.9,"Euro area (EA11-1999, EA12-2001, EA13-2007, EA15-2008, EA16-2009, EA17-2011, EA18-2014, EA19-2015, EA20-2023, EA21-2026)"
A,PC,OWN_L,EA,2009,7.2,"Euro area (EA11-1999, EA12-2001, EA13-2007, EA15-2008, EA16-2009, EA17-2011, EA18-2014, EA19-2015, EA20-2023, EA21-2026)"
A,PC,OWN_L,EA,2010,8.0,"Euro area (EA11-1999, EA12-2001, EA13-2007, EA15-2008, EA16-2009, EA17-2011, EA18-2014, EA19-2015, EA20-2023, EA21-2026)"
A,PC,OWN_L,EA,2011,8.4,"Euro area (EA11-1999, EA12-2001, EA13-2007, EA15-2008, EA16-2009, EA17-2011, EA18-2014, EA19-2015, EA20-2023, EA21-2026)"
A,PC,OWN_L,EA,2012,8.0,"Euro area (EA11-1999, EA12-2001, EA13-2007, EA15-2008, EA16-2009, EA17-2011, EA18-2014, EA19-2015, EA20-2023, EA21-2026)"
A,PC,OWN_L,EA,2013,7.9,"Euro area (EA11-1999, EA12-2001, EA13-2007, EA15-2008, EA16-2009, EA17-2011, EA18-2014, EA19-2015, EA20-2023, EA21-2026)"
A,PC,OWN_L,EA,2014,7.4,"Euro area (EA11-1999, EA12-2001, EA13-2007, EA15-2008, EA16-2009, EA17-2011, EA18-2014, EA19-2015, EA20-2023, EA21-2026)"
A,PC,OWN_L,EA,2015,7.2,"Euro area (EA11-1999, EA12-2001, EA13-2007, EA15-2008, EA16-2009, EA17-2011, EA18-2014, EA19-2015, EA20-2023, EA21-2026)"
A,PC,OWN_L,EA,2016,5.5,"Euro area (EA11-1999, EA12-2001, EA13-2007, EA15-2008, EA16-2009, EA17-2011, EA18-2014, EA19-2015, EA20-2023, EA21-2026)"
A,PC,OWN_L,EA,2017,4.5,"Euro area (EA11-1999, EA12-2001, EA13-2007, EA15-2008, EA16-2009, EA17-2011, EA18-2014, EA19-2015, EA20-2023, EA21-2026)"
A,PC,OWN_L,EA,2018,4.0,"Euro area (EA11-1999, EA12-2001, EA13-2007, EA15-2008, EA16-2009, EA17-2011, EA18-2014, EA19-2015, EA20-2023, EA21-2026)"
A,PC,OWN_L,EA,2019,4.1,"Euro area (EA11-1999, EA12-2001, EA13-2007, EA15-2008, EA16-2009, EA17-2011, EA18-2014, EA19-2015, EA20-2023, EA21-2026)"
A,PC,OWN_L,EA,2020,3.6,"Euro area (EA11-1999, EA12-2001, EA13-2007, EA15-2008, EA16-2009, EA17-2011, EA18-2014, EA19-2015, EA20-2023, EA21-2026)"
A,PC,OWN_L,EA,2021,4.6,"Euro area (EA11-1999, EA12-2001, EA13-2007, EA15-2008, EA16-2009, EA17-2011, EA18-2014, EA19-2015, EA20-2023, EA21-2026)"
A,PC,OWN_L,EA18,2007,6.7,Euro area - 18 countries (2014)
A,PC,OWN_L,EA18,2008,6.9,Euro area - 18 countries (2014)
A,PC,OWN_L,EA18,2009,7.3,Euro area - 18 countries (2014)
A,PC,OWN_L,EA18,2010,8.0,Euro area - 18 countries (2014)
A,PC,OWN_L,EA18,2011,8.4,Euro area - 18 countries (2014)
A,PC,OWN_L,EA18,2012,8.0,Euro area - 18 countries (2014)
A,PC,OWN_L,EA18,2013,7.9,Euro area - 18 countries (2014)
A,PC,OWN_L,EA18,2014,7.4,Euro area - 18 countries (2014)
A,PC,OWN_L,EA18,2015,7.2,Euro area - 18 countries (2014)
A,PC,OWN_L,EA18,2016,5.5,Euro area - 18 countries (2014)
A,PC,OWN_L,EA18,2017,4.5,Euro area - 18 countries (2014)
A,PC,OWN_L,EA18,2018,4.0,Euro area - 18 countries (2014)
A,PC,OWN_L,EA18,2019,4.1,Euro area - 18 countries (2014)
A,PC,OWN_L,EA18,2020,3.6,Euro area - 18 countries (2014)
A,PC,OWN_L,EA19,2007,6.7,Euro area - 19 countries  (2015-2022)
A,PC,OWN_L,EA19,2008,6.9,Euro area - 19 countries  (2015-2022)
A,PC,OWN_L,EA19,2009,7.3,Euro area - 19 countries  (2015-2022)
A,PC,OWN_L,EA19,2010,8.1,Euro area - 19 countries  (2015-2022)
A,PC,OWN_L,EA19,2011,8.5,Euro area - 19 countries  (2015-2022)
A,PC,OWN_L,EA19,2012,8.0,Euro area - 19 countries  (2015-2022)
A,PC,OWN_L,EA19,2013,7.9,Euro area - 19 countries  (2015-2022)
A,PC,OWN_L,EA19,2014,7.4,Euro area - 19 countries  (2015-2022)
A,PC,OWN_L,EA19,2015,7.2,Euro area - 19 countries  (2015-2022)
A,PC,OWN_L,EA19,2016,5.5,Euro area - 19 countries  (2015-2022)
A,PC,OWN_L,EA19,2017,4.5,Euro area - 19 countries  (2015-2022)
A,PC,OWN_L,EA19,2018,4.0,Euro area - 19 countries  (2015-2022)
A,PC,OWN_L,EA19,2019,4.1,Euro area - 19 countries  (2015-2022)
A,PC,OWN_L,EA19,2020,3.6,Euro area - 19 countries  (2015-2022)
A,PC,OWN_L,EA19,2021,4.6,Euro area - 19 countries  (2015-2022)
A,PC,OWN_L,EA20,2014,7.4,Euro area – 20 countries (2023-2025)
A,PC,OWN_L,EA20,2015,7.2,Euro area – 20 countries (2023-2025)
A,PC,OWN_L,EA20,2016,5.5,Euro area – 20 countries (2023-2025)
A,PC,OWN_L,EA20,2017,4.5,Euro area – 20 countries (2023-2025)
A,PC,OWN_L,EA20,2018,4.0,Euro area – 20 countries (2023-2025)
A,PC,OWN_L,EA20,2019,4.1,Euro area – 20 countries (2023-2025)
A,PC,OWN_L,EA20,2020,3.6,Euro area – 20 countries (2023-2025)
A,PC,OWN_L,EA20,2021,5.4,Euro area – 20 countries (2023-2025)
A,PC,OWN_L,EA20,2022,4.2,Euro area – 20 countries (2023-2025)
A,PC,OWN_L,EA20,2023,5.3,Euro area – 20 countries (2023-2025)
A,PC,OWN_L,EA20,2024,5.0,Euro area – 20 countries (2023-2025)
A,PC,OWN_L,EE,2006,4.5,Estonia
A,PC,OWN_L,EE,2007,2.7,Estonia
A,PC,OWN_L,EE,2008,6.0,Estonia
A,PC,OWN_L,EE,2009,11.4,Estonia
A,PC,OWN_L,EE,2010,9.8,Estonia
A,PC,OWN_L,EE,2011,12.7,Estonia
A,PC,OWN_L,EE,2012,8.4,Estonia
A,PC,OWN_L,EE,2013,9.2,Estonia
A,PC,OWN_L,EE,2014,7.2,Estonia
A,PC,OWN_L,EE,2015,4.3,Estonia
A,PC,OWN_L,EE,2016,3.0,Estonia
A,PC,OWN_L,EE,2017,3.4,Estonia
A,PC,OWN_L,EE,2018,2.0,Estonia
A,PC,OWN_L,EE,2019,3.3,Estonia
A,PC,OWN_L,EE,2020,0.5,Estonia
A,PC,OWN_L,EE,2021,2.0,Estonia
A,PC,OWN_L,EE,2022,1.7,Estonia
A,PC,OWN_L,EE,2023,2.6,Estonia
A,PC,OWN_L,EE,2024,6.6,Estonia
A,PC,OWN_L,EL,2007,10.4,Greece
A,PC,OWN_L,EL,2008,11.3,Greece
A,PC,OWN_L,EL,2009,10.2,Greece
A,PC,OWN_L,EL,2010,11.2,Greece
A,PC,OWN_L,EL,2011,11.9,Greece
A,PC,OWN_L,EL,2012,21.6,Greece
A,PC,OWN_L,EL,2013,28.6,Greece
A,PC,OWN_L,EL,2014,29.2,Greece
A,PC,OWN_L,EL,2015,31.5,Greece
A,PC,OWN_L,EL,2016,28.5,Greece
A,PC,OWN_L,EL,2017,27.6,Greece
A,PC,OWN_L,EL,2018,29.2,Greece
A,PC,OWN_L,EL,2019,23.8,Greece
A,PC,OWN_L,EL,2020,19.9,Greece
A,PC,OWN_L,EL,2021,18.5,Greece
A,PC,OWN_L,EL,2022,19.0,Greece
A,PC,OWN_L,EL,2023,20.9,Greece
A,PC,OWN_L,EL,2024,20.9,Greece
A,PC,OWN_L,ES,2007,8.4,Spain
A,PC,OWN_L,ES,2008,9.9,Spain
A,PC,OWN_L,ES,2009,12.3,Spain
A,PC,OWN_L,ES,2010,8.4,Spain
A,PC,OWN_L,ES,2011,9.6,Spain
A,PC,OWN_L,ES,2012,9.7,Spain
A,PC,OWN_L,ES,2013,8.2,Spain
A,PC,OWN_L,ES,2014,9.0,Spain
A,PC,OWN_L,ES,2015,8.7,Spain
A,PC,OWN_L,ES,2016,6.7,Spain
A,PC,OWN_L,ES,2017,4.5,Spain
A,PC,OWN_L,ES,2018,3.5,Spain
A,PC,OWN_L,ES,2019,3.7,Spain
A,PC,OWN_L,ES,2020,3.0,Spain
A,PC,OWN_L,ES,2021,3.7,Spain
A,PC,OWN_L,ES,2022,3.2,Spain
A,PC,OWN_L,ES,2023,4.4,Spain
A,PC,OWN_L,ES,2024,4.3,Spain
A,PC,OWN_L,EU,2007,9.1,"European Union (EU6-1958, EU9-1973, EU10-1981, EU12-1986, EU15-1995, EU25-2004, EU27-2007, EU28-2013, EU27-2020)"
A,PC,OWN_L,EU,2008,8.9,"European Union (EU6-1958, EU9-1973, EU10-1981, EU12-1986, EU15-1995, EU25-2004, EU27-2007, EU28-2013, EU27-2020)"
A,PC,OWN_L,EU,2009,8.4,"European Union (EU6-1958, EU9-1973, EU10-1981, EU12-1986, EU15-1995, EU25-2004, EU27-2007, EU28-2013, EU27-2020)"
A,PC,OWN_L,EU,2010,8.8,"European Union (EU6-1958, EU9-1973, EU10-1981, EU12-1986, EU15-1995, EU25-2004, EU27-2007, EU28-2013, EU27-2020)"
A,PC,OWN_L,EU,2011,8.6,"European Union (EU6-1958, EU9-1973, EU10-1981, EU12-1986, EU15-1995, EU25-2004, EU27-2007, EU28-2013, EU27-2020)"
A,PC,OWN_L,EU,2012,7.7,"European Union (EU6-1958, EU9-1973, EU10-1981, EU12-1986, EU15-1995, EU25-2004, EU27-2007, EU28-2013, EU27-2020)"
A,PC,OWN_L,EU,2013,7.7,"European Union (EU6-1958, EU9-1973, EU10-1981, EU12-1986, EU15-1995, EU25-2004, EU27-2007, EU28-2013, EU27-2020)"
A,PC,OWN_L,EU,2014,7.5,"European Union (EU6-1958, EU9-1973, EU10-1981, EU12-1986, EU15-1995, EU25-2004, EU27-2007, EU28-2013, EU27-2020)"
A,PC,OWN_L,EU,2015,6.7,"European Union (EU6-1958, EU9-1973, EU10-1981, EU12-1986, EU15-1995, EU25-2004, EU27-2007, EU28-2013, EU27-2020)"
A,PC,OWN_L,EU,2016,5.4,"European Union (EU6-1958, EU9-1973, EU10-1981, EU12-1986, EU15-1995, EU25-2004, EU27-2007, EU28-2013, EU27-2020)"
A,PC,OWN_L,EU,2017,4.7,"European Union (EU6-1958, EU9-1973, EU10-1981, EU12-1986, EU15-1995, EU25-2004, EU27-2007, EU28-2013, EU27-2020)"
A,PC,OWN_L,EU,2018,4.2,"European Union (EU6-1958, EU9-1973, EU10-1981, EU12-1986, EU15-1995, EU25-2004, EU27-2007, EU28-2013, EU27-2020)"
A,PC,OWN_L,EU,2019,4.2,"European Union (EU6-1958, EU9-1973, EU10-1981, EU12-1986, EU15-1995, EU25-2004, EU27-2007, EU28-2013, EU27-2020)"
A,PC,OWN_L,EU27_2007,2005,7.8,European Union - 27 countries (2007-2013)
A,PC,OWN_L,EU27_2007,2007,9.1,European Union - 27 countries (2007-2013)
A,PC,OWN_L,EU27_2007,2008,8.9,European Union - 27 countries (2007-2013)
A,PC,OWN_L,EU27_2007,2009,8.4,European Union - 27 countries (2007-2013)
A,PC,OWN_L,EU27_2007,2010,8.8,European Union - 27 countries (2007-2013)
A,PC,OWN_L,EU27_2007,2011,8.6,European Union - 27 countries (2007-2013)
A,PC,OWN_L,EU27_2007,2012,7.7,European Union - 27 countries (2007-2013)
A,PC,OWN_L,EU27_2007,2013,7.6,European Union - 27 countries (2007-2013)
A,PC,OWN_L,EU27_2007,2014,7.5,European Union - 27 countries (2007-2013)
A,PC,OWN_L,EU27_2007,2015,6.7,European Union - 27 countries (2007-2013)
A,PC,OWN_L,EU27_2007,2016,5.4,European Union - 27 countries (2007-2013)
A,PC,OWN_L,EU27_2007,2017,4.7,European Union - 27 countries (2007-2013)
A,PC,OWN_L,EU27_2007,2018,4.2,European Union - 27 countries (2007-2013)
A,PC,OWN_L,EU27_2007,2019,4.2,European Union - 27 countries (2007-2013)
A,PC,OWN_L,EU27_2020,2010,8.4,European Union - 27 countries (from 2020)
A,PC,OWN_L,EU27_2020,2011,8.6,European Union - 27 countries (from 2020)
A,PC,OWN_L,EU27_2020,2012,8.4,European Union - 27 countries (from 2020)
A,PC,OWN_L,EU27_2020,2013,8.4,European Union - 27 countries (from 2020)
A,PC,OWN_L,EU27_2020,2014,7.7,European Union - 27 countries (from 2020)
A,PC,OWN_L,EU27_2020,2015,7.1,European Union - 27 countries (from 2020)
A,PC,OWN_L,EU27_2020,2016,5.6,European Union - 27 countries (from 2020)
A,PC,OWN_L,EU27_2020,2017,4.6,European Union - 27 countries (from 2020)
A,PC,OWN_L,EU27_2020,2018,4.0,European Union - 27 countries (from 2020)
A,PC,OWN_L,EU27_2020,2019,4.0,European Union - 27 countries (from 2020)
A,PC,OWN_L,EU27_2020,2020,3.5,European Union - 27 countries (from 2020)
A,PC,OWN_L,EU27_2020,2021,5.0,European Union - 27 countries (from 2020)
A,PC,OWN_L,EU27_2020,2022,4.2,European Union - 27 countries (from 2020)
A,PC,OWN_L,EU27_2020,2023,5.2,European Union - 27 countries (from 2020)
A,PC,OWN_L,EU27_2020,2024,5.0,European Union - 27 countries (from 2020)
A,PC,OWN_L,EU28,2010,8.8,European Union - 28 countries (2013-2020)
A,PC,OWN_L,EU28,2011,8.6,European Union - 28 countries (2013-2020)
A,PC,OWN_L,EU28,2012,7.7,European Union - 28 countries (2013-2020)
A,PC,OWN_L,EU28,2013,7.7,European Union - 28 countries (2013-2020)
A,PC,OWN_L,EU28,2014,7.5,European Union - 28 countries (2013-2020)
A,PC,OWN_L,EU28,2015,6.7,European Union - 28 countries (2013-2020)
A,PC,OWN_L,EU28,2016,5.4,European Union - 28 countries (2013-2020)
A,PC,OWN_L,EU28,2017,4.7,European Union - 28 countries (2013-2020)
A,PC,OWN_L,EU28,2018,4.2,European Union - 28 countries (2013-2020)
A,PC,OWN_L,EU28,2019,4.2,European Union - 28 countries (2013-2020)
A,PC,OWN_L,FI,2004,2.1,Finland
A,PC,OWN_L,FI,2005,1.7,Finland
A,PC,OWN_L,FI,2006,2.6,Finland
A,PC,OWN_L,FI,2007,3.7,Finland
A,PC,OWN_L,FI,2008,3.1,Finland
A,PC,OWN_L,FI,2009,3.2,Finland
A,PC,OWN_L,FI,2010,2.8,Finland
A,PC,OWN_L,FI,2011,2.3,Finland
A,PC,OWN_L,FI,2012,2.5,Finland
A,PC,OWN_L,FI,2013,2.6,Finland
A,PC,OWN_L,FI,2014,2.3,Finland
A,PC,OWN_L,FI,2015,1.6,Finland
A,PC,OWN_L,FI,2016,1.4,Finland
A,PC,OWN_L,FI,2017,1.8,Finland
A,PC,OWN_L,FI,2018,1.4,Finland
A,PC,OWN_L,FI,2019,1.2,Finland
A,PC,OWN_L,FI,2020,0.6,Finland
A,PC,OWN_L,FI,2021,1.4,Finland
A,PC,OWN_L,FI,2022,1.4,Finland
A,PC,OWN_L,FI,2023,1.4,Finland
A,PC,OWN_L,FI,2024,1.8,Finland
A,PC,OWN_L,FR,2005,2.1,France
A,PC,OWN_L,FR,2006,2.5,France
A,PC,OWN_L,FR,2007,1.6,France
A,PC,OWN_L,FR,2008,0.9,France
A,PC,OWN_L,FR,2009,1.3,France
A,PC,OWN_L,FR,2010,1.5,France
A,PC,OWN_L,FR,2011,1.4,France
A,PC,OWN_L,FR,2012,1.4,France
A,PC,OWN_L,FR,2013,1.4,France
A,PC,OWN_L,FR,2014,1.1,France
A,PC,OWN_L,FR,2015,1.9,France
A,PC,OWN_L,FR,2016,1.1,France
A,PC,OWN_L,FR,2017,0.7,France
A,PC,OWN_L,FR,2018,0.7,France
A,PC,OWN_L,FR,2019,0.5,France
A,PC,OWN_L,FR,2020,1.1,France
A,PC,OWN_L,FR,2022,0.6,France
A,PC,OWN_L,FR,2023,0.9,France
A,PC,OWN_L,FR,2024,1.1,France
A,PC,OWN_L,HR,2010,12.5,Croatia
A,PC,OWN_L,HR,2011,13.8,Croatia
A,PC,OWN_L,HR,2012,13.1,Croatia
A,PC,OWN_L,HR,2013,26.4,Croatia
A,PC,OWN_L,HR,2014,21.0,Croatia
A,PC,OWN_L,HR,2015,3.4,Croatia
A,PC,OWN_L,HR,2016,1.8,Croatia
A,PC,OWN_L,HR,2017,2.8,Croatia
A,PC,OWN_L,HR,2018,1.1,Croatia
A,PC,OWN_L,HR,2019,2.9,Croatia
A,PC,OWN_L,HR,2020,2.8,Croatia
A,PC,OWN_L,HR,2021,2.7,Croatia
A,PC,OWN_L,HR,2022,2.0,Croatia
A,PC,OWN_L,HR,2023,1.2,Croatia
A,PC,OWN_L,HR,2024,2.4,Croatia
A,PC,OWN_L,HU,2005,41.5,Hungary
A,PC,OWN_L,HU,2006,27.4,Hungary
A,PC,OWN_L,HU,2007,22.4,Hungary
A,PC,OWN_L,HU,2008,18.9,Hungary
A,PC,OWN_L,HU,2009,16.4,Hungary
A,PC,OWN_L,HU,2010,17.4,Hungary
A,PC,OWN_L,HU,2011,21.6,Hungary
A,PC,OWN_L,HU,2012,29.3,Hungary
A,PC,OWN_L,HU,2013,31.3,Hungary
A,PC,OWN_L,HU,2014,27.4,Hungary
A,PC,OWN_L,HU,2015,11.9,Hungary
A,PC,OWN_L,HU,2016,11.2,Hungary
A,PC,OWN_L,HU,2017,14.3,Hungary
A,PC,OWN_L,HU,2018,8.3,Hungary
A,PC,OWN_L,HU,2019,3.2,Hungary
A,PC,OWN_L,HU,2020,1.0,Hungary
A,PC,OWN_L,HU,2021,0.7,Hungary
A,PC,OWN_L,HU,2022,11.3,Hungary
A,PC,OWN_L,HU,2023,12.0,Hungary
A,PC,OWN_L,HU,2024,10.1,Hungary
A,PC,OWN_L,IE,2003,2.1,Ireland
A,PC,OWN_L,IE,2004,0.8,Ireland
A,PC,OWN_L,IE,2005,1.1,Ireland
A,PC,OWN_L,IE,2006,1.1,Ireland
A,PC,OWN_L,IE,2007,1.5,Ireland
A,PC,OWN_L,IE,2008,2.7,Ireland
A,PC,OWN_L,IE,2009,2.3,Ireland
A,PC,OWN_L,IE,2010,4.2,Ireland
A,PC,OWN_L,IE,2011,3.3,Ireland
A,PC,OWN_L,IE,2012,3.7,Ireland
A,PC,OWN_L,IE,2013,1.4,Ireland
A,PC,OWN_L,IE,2014,4.2,Ireland
A,PC,OWN_L,IE,2015,2.7,Ireland
A,PC,OWN_L,IE,2016,2.2,Ireland
A,PC,OWN_L,IE,2017,1.4,Ireland
A,PC,OWN_L,IE,2018,1.2,Ireland
A,PC,OWN_L,IE,2019,1.4,Ireland
A,PC,OWN_L,IE,2020,0.8,Ireland
A,PC,OWN_L,IE,2021,0.6,Ireland
A,PC,OWN_L,IE,2022,0.6,Ireland
A,PC,OWN_L,IE,2023,0.9,Ireland
A,PC,OWN_L,IE,2024,1.3,Ireland
A,PC,OWN_L,IS,2004,10.9,Iceland
A,PC,OWN_L,IS,2005,13.5,Iceland
A,PC,OWN_L,IS,2006,16.8,Iceland
A,PC,OWN_L,IS,2007,11.5,Iceland
A,PC,OWN_L,IS,2008,12.4,Iceland
A,PC,OWN_L,IS,2009,9.7,Iceland
A,PC,OWN_L,IS,2010,10.1,Iceland
A,PC,OWN_L,IS,2011,10.8,Iceland
A,PC,OWN_L,IS,2012,7.7,Iceland
A,PC,OWN_L,IS,2013,6.8,Iceland
A,PC,OWN_L,IS,2014,6.1,Iceland
A,PC,OWN_L,IS,2015,6.3,Iceland
A,PC,OWN_L,IS,2016,4.6,Iceland
A,PC,OWN_L,IS,2017,6.5,Iceland
A,PC,OWN_L,IS,2018,7.3,Iceland
A,PC,OWN_L,IS,2019,11.5,Iceland
A,PC,OWN_L,IS,2020,12.3,Iceland
A,PC,OWN_L,IT,2004,4.9,Italy
A,PC,OWN_L,IT,2005,4.1,Italy
A,PC,OWN_L,IT,2006,5.2,Italy
A,PC,OWN_L,IT,2007,6.6,Italy
A,PC,OWN_L,IT,2008,9.0,Italy
A,PC,OWN_L,IT,2009,8.2,Italy
A,PC,OWN_L,IT,2010,5.5,Italy
A,PC,OWN_L,IT,2011,6.6,Italy
A,PC,OWN_L,IT,2012,6.3,Italy
A,PC,OWN_L,IT,2013,6.7,Italy
A,PC,OWN_L,IT,2014,5.5,Italy
A,PC,OWN_L,IT,2015,4.8,Italy
A,PC,OWN_L,IT,2016,4.6,Italy
A,PC,OWN_L,IT,2017,3.6,Italy
A,PC,OWN_L,IT,2018,3.3,Italy
A,PC,OWN_L,IT,2019,3.2,Italy
A,PC,OWN_L,IT,2020,1.9,Italy
A,PC,OWN_L,IT,2021,2.2,Italy
A,PC,OWN_L,IT,2022,2.1,Italy
A,PC,OWN_L,IT,2023,1.6,Italy
A,PC,OWN_L,IT,2024,1.7,Italy
A,PC,OWN_L,LT,2005,7.9,Lithuania
A,PC,OWN_L,LT,2006,6.2,Lithuania
A,PC,OWN_L,LT,2007,5.1,Lithuania
A,PC,OWN_L,LT,2008,6.1,Lithuania
A,PC,OWN_L,LT,2009,12.4,Lithuania
A,PC,OWN_L,LT,2010,24.6,Lithuania
A,PC,OWN_L,LT,2011,19.8,Lithuania
A,PC,OWN_L,LT,2012,6.8,Lithuania
A,PC,OWN_L,LT,2013,15.1,Lithuania
A,PC,OWN_L,LT,2014,6.8,Lithuania
A,PC,OWN_L,LT,2015,7.7,Lithuania
A,PC,OWN_L,LT,2016,3.3,Lithuania
A,PC,OWN_L,LT,2017,2.5,Lithuania
A,PC,OWN_L,LT,2018,2.0,Lithuania
A,PC,OWN_L,LT,2019,4.8,Lithuania
A,PC,OWN_L,LT,2020,1.4,Lithuania
A,PC,OWN_L,LT,2021,1.9,Lithuania
A,PC,OWN_L,LT,2022,2.0,Lithuania
A,PC,OWN_L,LT,2023,3.2,Lithuania
A,PC,OWN_L,LT,2024,4.9,Lithuania
A,PC,OWN_L,LU,2007,0.8,Luxembourg
A,PC,OWN_L,LU,2008,1.6,Luxembourg
A,PC,OWN_L,LU,2009,0.8,Luxembourg
A,PC,OWN_L,LU,2010,0.9,Luxembourg
A,PC,OWN_L,LU,2011,0.6,Luxembourg
A,PC,OWN_L,LU,2012,1.1,Luxembourg
A,PC,OWN_L,LU,2013,1.2,Luxembourg
A,PC,OWN_L,LU,2014,0.7,Luxembourg
A,PC,OWN_L,LU,2015,1.4,Luxembourg
A,PC,OWN_L,LU,2016,1.8,Luxembourg
A,PC,OWN_L,LU,2017,1.3,Luxembourg
A,PC,OWN_L,LU,2018,2.0,Luxembourg
A,PC,OWN_L,LU,2019,2.4,Luxembourg
A,PC,OWN_L,LU,2020,1.2,Luxembourg
A,PC,OWN_L,LU,2021,2.2,Luxembourg
A,PC,OWN_L,LU,2022,7.0,Luxembourg
A,PC,OWN_L,LU,2023,6.6,Luxembourg
A,PC,OWN_L,LU,2024,4.5,Luxembourg
A,PC,OWN_L,LV,2007,37.5,Latvia
A,PC,OWN_L,LV,2008,12.8,Latvia
A,PC,OWN_L,LV,2009,15.4,Latvia
A,PC,OWN_L,LV,2010,19.2,Latvia
A,PC,OWN_L,LV,2011,28.8,Latvia
A,PC,OWN_L,LV,2012,21.0,Latvia
A,PC,OWN_L,LV,2013,16.2,Latvia
A,PC,OWN_L,LV,2014,15.2,Latvia
A,PC,OWN_L,LV,2015,15.5,Latvia
A,PC,OWN_L,LV,2016,9.3,Latvia
A,PC,OWN_L,LV,2017,10.1,Latvia
A,PC,OWN_L,LV,2018,9.6,Latvia
A,PC,OWN_L,LV,2019,6.1,Latvia
A,PC,OWN_L,LV,2020,6.0,Latvia
A,PC,OWN_L,LV,2021,5.1,Latvia
A,PC,OWN_L,LV,2022,5.2,Latvia
A,PC,OWN_L,LV,2023,5.0,Latvia
A,PC,OWN_L,LV,2024,3.1,Latvia
A,PC,OWN_L,ME,2013,42.9,Montenegro
A,PC,OWN_L,ME,2014,40.3,Montenegro
A,PC,OWN_L,ME,2015,30.9,Montenegro
A,PC,OWN_L,ME,2016,33.8,Montenegro
A,PC,OWN_L,ME,2017,31.2,Montenegro
A,PC,OWN_L,ME,2018,17.0,Montenegro
A,PC,OWN_L,ME,2019,18.0,Montenegro
A,PC,OWN_L,ME,2020,19.5,Montenegro
A,PC,OWN_L,ME,2021,27.3,Montenegro
A,PC,OWN_L,ME,2022,14.3,Montenegro
A,PC,OWN_L,ME,2023,10.8,Montenegro
A,PC,OWN_L,MK,2011,10.2,North Macedonia
A,PC,OWN_L,MK,2012,21.5,North Macedonia
A,PC,OWN_L,MK,2013,10.3,North Macedonia
A,PC,OWN_L,MK,2014,12.0,North Macedonia
A,PC,OWN_L,MK,2015,13.2,North Macedonia
A,PC,OWN_L,MK,2016,3.8,North Macedonia
A,PC,OWN_L,MK,2019,11.5,North Macedonia
A,PC,OWN_L,MK,2020,3.4,North Macedonia
A,PC,OWN_L,MK,2021,3.4,North Macedonia
A,PC,OWN_L,MK,2022,1.4,North Macedonia
A,PC,OWN_L,MK,2023,1.6,North Macedonia
A,PC,OWN_L,MK,2024,0.7,North Macedonia
A,PC,OWN_L,MT,2005,1.2,Malta
A,PC,OWN_L,MT,2006,4.6,Malta
A,PC,OWN_L,MT,2007,4.8,Malta
A,PC,OWN_L,MT,2008,5.1,Malta
A,PC,OWN_L,MT,2009,3.7,Malta
A,PC,OWN_L,MT,2010,6.3,Malta
A,PC,OWN_L,MT,2011,4.1,Malta
A,PC,OWN_L,MT,2012,4.1,Malta
A,PC,OWN_L,MT,2013,4.3,Malta
A,PC,OWN_L,MT,2014,2.9,Malta
A,PC,OWN_L,MT,2015,0.9,Malta
A,PC,OWN_L,MT,2016,1.2,Malta
A,PC,OWN_L,MT,2017,1.4,Malta
A,PC,OWN_L,MT,2018,2.1,Malta
A,PC,OWN_L,MT,2019,2.8,Malta
A,PC,OWN_L,MT,2020,4.4,Malta
A,PC,OWN_L,MT,2021,2.9,Malta
A,PC,OWN_L,MT,2022,2.8,Malta
A,PC,OWN_L,MT,2023,3.0,Malta
A,PC,OWN_L,MT,2024,1.7,Malta
A,PC,OWN_L,NL,2005,20.6,Netherlands
A,PC,OWN_L,NL,2006,18.3,Netherlands
A,PC,OWN_L,NL,2007,15.0,Netherlands
A,PC,OWN_L,NL,2008,11.1,Netherlands
A,PC,OWN_L,NL,2009,12.2,Netherlands
A,PC,OWN_L,NL,2010,14.1,Netherlands
A,PC,OWN_L,NL,2011,14.0,Netherlands
A,PC,OWN_L,NL,2012,13.0,Netherlands
A,PC,OWN_L,NL,2013,13.2,Netherlands
A,PC,OWN_L,NL,2014,11.8,Netherlands
A,PC,OWN_L,NL,2015,11.3,Netherlands
A,PC,OWN_L,NL,2016,3.1,Netherlands
A,PC,OWN_L,NL,2017,2.1,Netherlands
A,PC,OWN_L,NL,2018,2.2,Netherlands
A,PC,OWN_L,NL,2019,2.1,Netherlands
A,PC,OWN_L,NL,2020,1.9,Netherlands
A,PC,OWN_L,NL,2021,1.5,Netherlands
A,PC,OWN_L,NL,2022,2.0,Netherlands
A,PC,OWN_L,NL,2023,1.7,Netherlands
A,PC,OWN_L,NL,2024,1.0,Netherlands
A,PC,OWN_L,NO,2004,5.7,Norway
A,PC,OWN_L,NO,2005,4.8,Norway
A,PC,OWN_L,NO,2006,7.6,Norway
A,PC,OWN_L,NO,2007,11.9,Norway
A,PC,OWN_L,NO,2008,12.2,Norway
A,PC,OWN_L,NO,2009,9.7,Norway
A,PC,OWN_L,NO,2010,6.7,Norway
A,PC,OWN_L,NO,2011,8.2,Norway
A,PC,OWN_L,NO,2012,8.5,Norway
A,PC,OWN_L,NO,2013,7.7,Norway
A,PC,OWN_L,NO,2014,5.1,Norway
A,PC,OWN_L,NO,2015,6.3,Norway
A,PC,OWN_L,NO,2016,6.7,Norway
A,PC,OWN_L,NO,2017,6.0,Norway
A,PC,OWN_L,NO,2018,6.5,Norway
A,PC,OWN_L,NO,2019,6.7,Norway
A,PC,OWN_L,NO,2020,5.3,Norway
A,PC,OWN_L,NO,2021,8.2,Norway
A,PC,OWN_L,NO,2022,8.8,Norway
A,PC,OWN_L,NO,2023,11.7,Norway
A,PC,OWN_L,NO,2024,14.5,Norway
A,PC,OWN_L,PL,2007,11.2,Poland
A,PC,OWN_L,PL,2008,7.3,Poland
A,PC,OWN_L,PL,2009,6.0,Poland
A,PC,OWN_L,PL,2010,9.7,Poland
A,PC,OWN_L,PL,2011,10.0,Poland
A,PC,OWN_L,PL,2012,12.7,Poland
A,PC,OWN_L,PL,2013,13.8,Poland
A,PC,OWN_L,PL,2014,18.0,Poland
A,PC,OWN_L,PL,2015,12.6,Poland
A,PC,OWN_L,PL,2016,11.9,Poland
A,PC,OWN_L,PL,2017,6.8,Poland
A,PC,OWN_L,PL,2018,6.2,Poland
A,PC,OWN_L,PL,2019,4.7,Poland
A,PC,OWN_L,PL,2020,2.7,Poland
A,PC,OWN_L,PL,2021,2.8,Poland
A,PC,OWN_L,PL,2022,4.3,Poland
A,PC,OWN_L,PL,2023,5.0,Poland
A,PC,OWN_L,PL,2024,5.0,Poland
A,PC,OWN_L,PT,2005,1.1,Portugal
A,PC,OWN_L,PT,2007,9.0,Portugal
A,PC,OWN_L,PT,2008,12.0,Portugal
A,PC,OWN_L,PT,2009,8.0,Portugal
A,PC,OWN_L,PT,2010,3.3,Portugal
A,PC,OWN_L,PT,2011,8.5,Portugal
A,PC,OWN_L,PT,2012,7.1,Portugal
A,PC,OWN_L,PT,2013,6.8,Portugal
A,PC,OWN_L,PT,2014,7.4,Portugal
A,PC,OWN_L,PT,2015,6.6,Portugal
A,PC,OWN_L,PT,2016,4.4,Portugal
A,PC,OWN_L,PT,2017,3.9,Portugal
A,PC,OWN_L,PT,2018,3.0,Portugal
A,PC,OWN_L,PT,2019,2.7,Portugal
A,PC,OWN_L,PT,2020,2.2,Portugal
A,PC,OWN_L,PT,2021,3.9,Portugal
A,PC,OWN_L,PT,2022,1.4,Portugal
A,PC,OWN_L,PT,2023,1.6,Portugal
A,PC,OWN_L,PT,2024,3.8,Portugal
A,PC,OWN_L,RO,2007,8.4,Romania
A,PC,OWN_L,RO,2008,14.5,Romania
A,PC,OWN_L,RO,2009,7.6,Romania
A,PC,OWN_L,RO,2010,15.3,Romania
A,PC,OWN_L,RO,2011,15.3,Romania
A,PC,OWN_L,RO,2012,40.2,Romania
A,PC,OWN_L,RO,2013,29.5,Romania
A,PC,OWN_L,RO,2014,40.9,Romania
A,PC,OWN_L,RO,2015,21.7,Romania
A,PC,OWN_L,RO,2016,32.5,Romania
A,PC,OWN_L,RO,2017,17.0,Romania
A,PC,OWN_L,RO,2018,0.8,Romania
A,PC,OWN_L,RO,2019,0.0,Romania
A,PC,OWN_L,RO,2020,4.3,Romania
A,PC,OWN_L,RO,2021,20.9,Romania
A,PC,OWN_L,RO,2022,19.2,Romania
A,PC,OWN_L,RO,2023,18.8,Romania
A,PC,OWN_L,RO,2024,0.2,Romania
A,PC,OWN_L,RS,2013,33.4,Serbia
A,PC,OWN_L,RS,2014,36.6,Serbia
A,PC,OWN_L,RS,2015,20.7,Serbia
A,PC,OWN_L,RS,2016,20.6,Serbia
A,PC,OWN_L,RS,2017,42.0,Serbia
A,PC,OWN_L,RS,2018,34.0,Serbia
A,PC,OWN_L,RS,2019,36.0,Serbia
A,PC,OWN_L,RS,2020,12.4,Serbia
A,PC,OWN_L,RS,2021,9.8,Serbia
A,PC,OWN_L,RS,2022,3.0,Serbia
A,PC,OWN_L,RS,2023,7.0,Serbia
A,PC,OWN_L,RS,2024,7.2,Serbia
A,PC,OWN_L,SE,2004,3.1,Sweden
A,PC,OWN_L,SE,2005,3.0,Sweden
A,PC,OWN_L,SE,2006,2.2,Sweden
A,PC,OWN_L,SE,2007,2.2,Sweden
A,PC,OWN_L,SE,2008,3.8,Sweden
A,PC,OWN_L,SE,2009,4.7,Sweden
A,PC,OWN_L,SE,2010,3.6,Sweden
A,PC,OWN_L,SE,2011,4.0,Sweden
A,PC,OWN_L,SE,2012,3.7,Sweden
A,PC,OWN_L,SE,2013,3.4,Sweden
A,PC,OWN_L,SE,2014,3.3,Sweden
A,PC,OWN_L,SE,2015,3.0,Sweden
A,PC,OWN_L,SE,2016,2.8,Sweden
A,PC,OWN_L,SE,2017,2.2,Sweden
A,PC,OWN_L,SE,2018,1.7,Sweden
A,PC,OWN_L,SE,2019,2.7,Sweden
A,PC,OWN_L,SE,2020,2.4,Sweden
A,PC,OWN_L,SE,2021,2.0,Sweden
A,PC,OWN_L,SE,2022,2.8,Sweden
A,PC,OWN_L,SE,2023,4.2,Sweden
A,PC,OWN_L,SE,2024,4.7,Sweden
A,PC,OWN_L,SI,2005,11.1,Slovenia
A,PC,OWN_L,SI,2006,13.6,Slovenia
A,PC,OWN_L,SI,2007,16.5,Slovenia
A,PC,OWN_L,SI,2008,17.4,Slovenia
A,PC,OWN_L,SI,2009,9.2,Slovenia
A,PC,OWN_L,SI,2010,10.8,Slovenia
A,PC,OWN_L,SI,2011,10.5,Slovenia
A,PC,OWN_L,SI,2012,8.7,Slovenia
A,PC,OWN_L,SI,2013,11.6,Slovenia
A,PC,OWN_L,SI,2014,9.7,Slovenia
A,PC,OWN_L,SI,2015,11.5,Slovenia
A,PC,OWN_L,SI,2016,7.7,Slovenia
A,PC,OWN_L,SI,2017,6.0,Slovenia
A,PC,OWN_L,SI,2018,5.1,Slovenia
A,PC,OWN_L,SI,2019,3.1,Slovenia
A,PC,OWN_L,SI,2020,4.4,Slovenia
A,PC,OWN_L,SI,2021,4.3,Slovenia
A,PC,OWN_L,SI,2022,2.8,Slovenia
A,PC,OWN_L,SI,2023,4.0,Slovenia
A,PC,OWN_L,SI,2024,3.5,Slovenia
A,PC,OWN_L,SK,2005,14.4,Slovakia
A,PC,OWN_L,SK,2006,12.3,Slovakia
A,PC,OWN_L,SK,2007,27.3,Slovakia
A,PC,OWN_L,SK,2008,3.7,Slovakia
A,PC,OWN_L,SK,2009,32.3,Slovakia
A,PC,OWN_L,SK,2010,21.1,Slovakia
A,PC,OWN_L,SK,2011,23.6,Slovakia
A,PC,OWN_L,SK,2012,24.8,Slovakia
A,PC,OWN_L,SK,2013,26.5,Slovakia
A,PC,OWN_L,SK,2014,26.2,Slovakia
A,PC,OWN_L,SK,2015,30.9,Slovakia
A,PC,OWN_L,SK,2016,15.1,Slovakia
A,PC,OWN_L,SK,2017,8.6,Slovakia
A,PC,OWN_L,SK,2018,1.9,Slovakia
A,PC,OWN_L,SK,2019,12.8,Slovakia
A,PC,OWN_L,SK,2020,1.8,Slovakia
A,PC,OWN_L,SK,2021,13.3,Slovakia
A,PC,OWN_L,SK,2022,0.9,Slovakia
A,PC,OWN_L,SK,2023,5.7,Slovakia
A,PC,OWN_L,SK,2024,3.8,Slovakia
A,PC,OWN_L,TR,2006,11.8,Türkiye
A,PC,OWN_L,TR,2007,6.4,Türkiye
A,PC,OWN_L,TR,2008,5.9,Türkiye
A,PC,OWN_L,TR,2009,8.9,Türkiye
A,PC,OWN_L,TR,2010,2.6,Türkiye
A,PC,OWN_L,TR,2011,5.7,Türkiye
A,PC,OWN_L,TR,2012,17.3,Türkiye
A,PC,OWN_L,TR,2013,17.3,Türkiye
A,PC,OWN_L,TR,2014,12.7,Türkiye
A,PC,OWN_L,TR,2015,14.1,Türkiye
A,PC,OWN_L,TR,2016,13.1,Türkiye
A,PC,OWN_L,TR,2017,10.9,Türkiye
A,PC,OWN_L,TR,2018,12.2,Türkiye
A,PC,OWN_L,TR,2019,12.4,Türkiye
A,PC,OWN_L,TR,2020,11.7,Türkiye
A,PC,OWN_L,TR,2021,13.1,Türkiye
A,PC,OWN_L,TR,2022,11.4,Türkiye
A,PC,OWN_L,TR,2023,8.8,Türkiye
A,PC,OWN_L,TR,2024,3.7,Türkiye
A,PC,OWN_L,UK,2005,9.9,United Kingdom
A,PC,OWN_L,UK,2006,13.5,United Kingdom
A,PC,OWN_L,UK,2007,14.6,United Kingdom
A,PC,OWN_L,UK,2008,12.4,United Kingdom
A,PC,OWN_L,UK,2009,10.2,United Kingdom
A,PC,OWN_L,UK,2010,10.6,United Kingdom
A,PC,OWN_L,UK,2011,8.8,United Kingdom
A,PC,OWN_L,UK,2012,4.7,United Kingdom
A,PC,OWN_L,UK,2013,4.3,United Kingdom
A,PC,OWN_L,UK,2014,6.7,United Kingdom
A,PC,OWN_L,UK,2015,4.9,United Kingdom
A,PC,OWN_L,UK,2016,4.8,United Kingdom
A,PC,OWN_L,UK,2017,5.2,United Kingdom
A,PC,OWN_L,UK,2018,5.1,United Kingdom
A,PC,OWN_L,XK,2018,5.7,Kosovo*
A,PC,OWN_NL,AL,2017,8.2,Albania
A,PC,OWN_NL,AL,2018,5.2,Albania
A,PC,OWN_NL,AL,2019,4.3,Albania
A,PC,OWN_NL,AL,2020,3.0,Albania
A,PC,OWN_NL,AL,2021,2.6,Albania
A,PC,OWN_NL,AL,2022,1.9,Albania
A,PC,OWN_NL,AL,2023,1.4,Albania
A,PC,OWN_NL,AT,2007,1.4,Austria
A,PC,OWN_NL,AT,2008,2.2,Austria
A,PC,OWN_NL,AT,2009,2.2,Austria
A,PC,OWN_NL,AT,2010,2.1,Austria
A,PC,OWN_NL,AT,2011,1.9,Austria
A,PC,OWN_NL,AT,2012,2.0,Austria
A,PC,OWN_NL,AT,2013,2.8,Austria
A,PC,OWN_NL,AT,2014,2.6,Austria
A,PC,OWN_NL,AT,2015,1.6,Austria
A,PC,OWN_NL,AT,2016,1.7,Austria
A,PC,OWN_NL,AT,2017,2.3,Austria
A,PC,OWN_NL,AT,2018,2.4,Austria
A,PC,OWN_NL,AT,2019,2.5,Austria
A,PC,OWN_NL,AT,2020,2.7,Austria
A,PC,OWN_NL,AT,2021,2.2,Austria
A,PC,OWN_NL,AT,2022,2.5,Austria
A,PC,OWN_NL,AT,2023,1.9,Austria
A,PC,OWN_NL,AT,2024,1.9,Austria
A,PC,OWN_NL,BE,2004,5.5,Belgium
A,PC,OWN_NL,BE,2005,2.7,Belgium
A,PC,OWN_NL,BE,2006,4.2,Belgium
A,PC,OWN_NL,BE,2007,3.2,Belgium
A,PC,OWN_NL,BE,2008,9.5,Belgium
A,PC,OWN_NL,BE,2009,2.9,Belgium
A,PC,OWN_NL,BE,2010,3.1,Belgium
A,PC,OWN_NL,BE,2011,2.4,Belgium
A,PC,OWN_NL,BE,2012,4.1,Belgium
A,PC,OWN_NL,BE,2013,1.6,Belgium
A,PC,OWN_NL,BE,2014,1.8,Belgium
A,PC,OWN_NL,BE,2015,1.8,Belgium
A,PC,OWN_NL,BE,2016,1.3,Belgium
A,PC,OWN_NL,BE,2017,2.0,Belgium
A,PC,OWN_NL,BE,2018,1.6,Belgium
A,PC,OWN_NL,BE,2019,1.9,Belgium
A,PC,OWN_NL,BE,2020,1.9,Belgium
A,PC,OWN_NL,BE,2021,2.0,Belgium
A,PC,OWN_NL,BE,2022,2.3,Belgium
A,PC,OWN_NL,BE,2023,2.7,Belgium
A,PC,OWN_NL,BE,2024,2.3,Belgium
A,PC,OWN_NL,BG,2006,12.6,Bulgaria
A,PC,OWN_NL,BG,2007,19.8,Bulgaria
A,PC,OWN_NL,BG,2008,11.2,Bulgaria
A,PC,OWN_NL,BG,2009,6.1,Bulgaria
A,PC,OWN_NL,BG,2010,4.9,Bulgaria
A,PC,OWN_NL,BG,2011,7.2,Bulgaria
A,PC,OWN_NL,BG,2012,13.5,Bulgaria
A,PC,OWN_NL,BG,2013,13.4,Bulgaria
A,PC,OWN_NL,BG,2014,11.3,Bulgaria
A,PC,OWN_NL,BG,2015,14.1,Bulgaria
A,PC,OWN_NL,BG,2016,19.6,Bulgaria
A,PC,OWN_NL,BG,2017,17.7,Bulgaria
A,PC,OWN_NL,BG,2018,16.7,Bulgaria
A,PC,OWN_NL,BG,2019,15.0,Bulgaria
A,PC,OWN_NL,BG,2020,13.1,Bulgaria
A,PC,OWN_NL,BG,2021,10.3,Bulgaria
A,PC,OWN_NL,BG,2022,13.7,Bulgaria
A,PC,OWN_NL,BG,2023,9.9,Bulgaria
A,PC,OWN_NL,BG,2024,7.0,Bulgaria
A,PC,OWN_NL,CH,2010,8.8,Switzerland
A,PC,OWN_NL,CH,2011,11.8,Switzerland
A,PC,OWN_NL,CH,2012,8.8,Switzerland
A,PC,OWN_NL,CH,2013,5.1,Switzerland
A,PC,OWN_NL,CH,2014,7.2,Switzerland
A,PC,OWN_NL,CH,2015,4.2,Switzerland
A,PC,OWN_NL,CH,2016,7.9,Switzerland
A,PC,OWN_NL,CH,2017,6.0,Switzerland
A,PC,OWN_NL,CH,2018,6.6,Switzerland
A,PC,OWN_NL,CH,2019,10.8,Switzerland
A,PC,OWN_NL,CH,2020,5.2,Switzerland
A,PC,OWN_NL,CH,2021,7.4,Switzerland
A,PC,OWN_NL,CH,2022,5.8,Switzerland
A,PC,OWN_NL,CH,2023,10.7,Switzerland
A,PC,OWN_NL,CH,2024,8.9,Switzerland
A,PC,OWN_NL,CY,2007,0.2,Cyprus
A,PC,OWN_NL,CY,2008,0.2,Cyprus
A,PC,OWN_NL,CY,2009,0.3,Cyprus
A,PC,OWN_NL,CY,2010,0.7,Cyprus
A,PC,OWN_NL,CY,2011,0.6,Cyprus
A,PC,OWN_NL,CY,2012,0.2,Cyprus
A,PC,OWN_NL,CY,2013,0.5,Cyprus
A,PC,OWN_NL,CY,2014,0.7,Cyprus
A,PC,OWN_NL,CY,2015,0.4,Cyprus
A,PC,OWN_NL,CY,2016,0.2,Cyprus
A,PC,OWN_NL,CY,2017,0.7,Cyprus
A,PC,OWN_NL,CY,2018,0.2,Cyprus
A,PC,OWN_NL,CY,2019,0.1,Cyprus
A,PC,OWN_NL,CY,2020,0.4,Cyprus
A,PC,OWN_NL,CY,2021,0.2,Cyprus
A,PC,OWN_NL,CY,2022,0.2,Cyprus
A,PC,OWN_NL,CY,2023,0.4,Cyprus
A,PC,OWN_NL,CY,2024,0.1,Cyprus
A,PC,OWN_NL,CZ,2005,8.6,Czechia
A,PC,OWN_NL,CZ,2006,9.0,Czechia
A,PC,OWN_NL,CZ,2007,8.8,Czechia
A,PC,OWN_NL,CZ,2008,9.4,Czechia
A,PC,OWN_NL,CZ,2009,6.0,Czechia
A,PC,OWN_NL,CZ,2010,6.1,Czechia
A,PC,OWN_NL,CZ,2011,6.4,Czechia
A,PC,OWN_NL,CZ,2012,6.8,Czechia
A,PC,OWN_NL,CZ,2013,6.7,Czechia
A,PC,OWN_NL,CZ,2014,6.2,Czechia
A,PC,OWN_NL,CZ,2015,6.0,Czechia
A,PC,OWN_NL,CZ,2016,5.2,Czechia
A,PC,OWN_NL,CZ,2017,5.0,Czechia
A,PC,OWN_NL,CZ,2018,4.1,Czechia
A,PC,OWN_NL,CZ,2019,3.5,Czechia
A,PC,OWN_NL,CZ,2020,2.9,Czechia
A,PC,OWN_NL,CZ,2021,2.4,Czechia
A,PC,OWN_NL,CZ,2022,3.3,Czechia
A,PC,OWN_NL,CZ,2023,4.9,Czechia
A,PC,OWN_NL,CZ,2024,3.9,Czechia
A,PC,OWN_NL,DE,2010,11.9,Germany
A,PC,OWN_NL,DE,2011,10.5,Germany
A,PC,OWN_NL,DE,2012,10.2,Germany
A,PC,OWN_NL,DE,2013,12.1,Germany
A,PC,OWN_NL,DE,2014,9.6,Germany
A,PC,OWN_NL,DE,2015,9.2,Germany
A,PC,OWN_NL,DE,2016,9.2,Germany
A,PC,OWN_NL,DE,2017,9.3,Germany
A,PC,OWN_NL,DE,2018,8.6,Germany
A,PC,OWN_NL,DE,2019,10.7,Germany
A,PC,OWN_NL,DE,2020,4.3,Germany
A,PC,OWN_NL,DE,2021,6.1,Germany
A,PC,OWN_NL,DE,2022,9.1,Germany
A,PC,OWN_NL,DE,2023,7.5,Germany
A,PC,OWN_NL,DE,2024,6.8,Germany
A,PC,OWN_NL,DK,2005,8.3,Denmark
A,PC,OWN_NL,DK,2006,6.7,Denmark
A,PC,OWN_NL,DK,2007,5.0,Denmark
A,PC,OWN_NL,DK,2008,9.4,Denmark
A,PC,OWN_NL,DK,2009,16.7,Denmark
A,PC,OWN_NL,DK,2010,15.4,Denmark
A,PC,OWN_NL,DK,2011,9.1,Denmark
A,PC,OWN_NL,DK,2012,6.1,Denmark
A,PC,OWN_NL,DK,2013,6.7,Denmark
A,PC,OWN_NL,DK,2014,7.1,Denmark
A,PC,OWN_NL,DK,2015,4.3,Denmark
A,PC,OWN_NL,DK,2016,4.3,Denmark
A,PC,OWN_NL,DK,2017,8.5,Denmark
A,PC,OWN_NL,DK,2018,7.1,Denmark
A,PC,OWN_NL,DK,2019,8.6,Denmark
A,PC,OWN_NL,DK,2020,8.0,Denmark
A,PC,OWN_NL,DK,2021,7.6,Denmark
A,PC,OWN_NL,DK,2022,7.6,Denmark
A,PC,OWN_NL,DK,2023,5.0,Denmark
A,PC,OWN_NL,DK,2024,6.0,Denmark
A,PC,OWN_NL,EA,2005,4.0,"Euro area (EA11-1999, EA12-2001, EA13-2007, EA15-2008, EA16-2009, EA17-2011, EA18-2014, EA19-2015, EA20-2023, EA21-2026)"
A,PC,OWN_NL,EA,2007,3.5,"Euro area (EA11-1999, EA12-2001, EA13-2007, EA15-2008, EA16-2009, EA17-2011, EA18-2014, EA19-2015, EA20-2023, EA21-2026)"
A,PC,OWN_NL,EA,2008,3.1,"Euro area (EA11-1999, EA12-2001, EA13-2007, EA15-2008, EA16-2009, EA17-2011, EA18-2014, EA19-2015, EA20-2023, EA21-2026)"
A,PC,OWN_NL,EA,2009,2.8,"Euro area (EA11-1999, EA12-2001, EA13-2007, EA15-2008, EA16-2009, EA17-2011, EA18-2014, EA19-2015, EA20-2023, EA21-2026)"
A,PC,OWN_NL,EA,2010,4.3,"Euro area (EA11-1999, EA12-2001, EA13-2007, EA15-2008, EA16-2009, EA17-2011, EA18-2014, EA19-2015, EA20-2023, EA21-2026)"
A,PC,OWN_NL,EA,2011,4.7,"Euro area (EA11-1999, EA12-2001, EA13-2007, EA15-2008, EA16-2009, EA17-2011, EA18-2014, EA19-2015, EA20-2023, EA21-2026)"
A,PC,OWN_NL,EA,2012,5.0,"Euro area (EA11-1999, EA12-2001, EA13-2007, EA15-2008, EA16-2009, EA17-2011, EA18-2014, EA19-2015, EA20-2023, EA21-2026)"
A,PC,OWN_NL,EA,2013,5.6,"Euro area (EA11-1999, EA12-2001, EA13-2007, EA15-2008, EA16-2009, EA17-2011, EA18-2014, EA19-2015, EA20-2023, EA21-2026)"
A,PC,OWN_NL,EA,2014,5.6,"Euro area (EA11-1999, EA12-2001, EA13-2007, EA15-2008, EA16-2009, EA17-2011, EA18-2014, EA19-2015, EA20-2023, EA21-2026)"
A,PC,OWN_NL,EA,2015,5.6,"Euro area (EA11-1999, EA12-2001, EA13-2007, EA15-2008, EA16-2009, EA17-2011, EA18-2014, EA19-2015, EA20-2023, EA21-2026)"
A,PC,OWN_NL,EA,2016,5.2,"Euro area (EA11-1999, EA12-2001, EA13-2007, EA15-2008, EA16-2009, EA17-2011, EA18-2014, EA19-2015, EA20-2023, EA21-2026)"
A,PC,OWN_NL,EA,2017,4.9,"Euro area (EA11-1999, EA12-2001, EA13-2007, EA15-2008, EA16-2009, EA17-2011, EA18-2014, EA19-2015, EA20-2023, EA21-2026)"
A,PC,OWN_NL,EA,2018,4.5,"Euro area (EA11-1999, EA12-2001, EA13-2007, EA15-2008, EA16-2009, EA17-2011, EA18-2014, EA19-2015, EA20-2023, EA21-2026)"
A,PC,OWN_NL,EA,2019,4.8,"Euro area (EA11-1999, EA12-2001, EA13-2007, EA15-2008, EA16-2009, EA17-2011, EA18-2014, EA19-2015, EA20-2023, EA21-2026)"
A,PC,OWN_NL,EA,2020,3.5,"Euro area (EA11-1999, EA12-2001, EA13-2007, EA15-2008, EA16-2009, EA17-2011, EA18-2014, EA19-2015, EA20-2023, EA21-2026)"
A,PC,OWN_NL,EA,2021,3.7,"Euro area (EA11-1999, EA12-2001, EA13-2007, EA15-2008, EA16-2009, EA17-2011, EA18-2014, EA19-2015, EA20-2023, EA21-2026)"
A,PC,OWN_NL,EA18,2007,4.0,Euro area - 18 countries (2014)
A,PC,OWN_NL,EA18,2008,3.2,Euro area - 18 countries (2014)
A,PC,OWN_NL,EA18,2009,2.9,Euro area - 18 countries (2014)
A,PC,OWN_NL,EA18,2010,4.4,Euro area - 18 countries (2014)
A,PC,OWN_NL,EA18,2011,4.7,Euro area - 18 countries (2014)
A,PC,OWN_NL,EA18,2012,5.0,Euro area - 18 countries (2014)
A,PC,OWN_NL,EA18,2013,5.6,Euro area - 18 countries (2014)
A,PC,OWN_NL,EA18,2014,5.6,Euro area - 18 countries (2014)
A,PC,OWN_NL,EA18,2015,5.5,Euro area - 18 countries (2014)
A,PC,OWN_NL,EA18,2016,5.2,Euro area - 18 countries (2014)
A,PC,OWN_NL,EA18,2017,4.8,Euro area - 18 countries (2014)
A,PC,OWN_NL,EA18,2018,4.5,Euro area - 18 countries (2014)
A,PC,OWN_NL,EA18,2019,4.8,Euro area - 18 countries (2014)
A,PC,OWN_NL,EA18,2020,3.5,Euro area - 18 countries (2014)
A,PC,OWN_NL,EA19,2007,4.0,Euro area - 19 countries  (2015-2022)
A,PC,OWN_NL,EA19,2008,3.3,Euro area - 19 countries  (2015-2022)
A,PC,OWN_NL,EA19,2009,2.9,Euro area - 19 countries  (2015-2022)
A,PC,OWN_NL,EA19,2010,4.5,Euro area - 19 countries  (2015-2022)
A,PC,OWN_NL,EA19,2011,4.8,Euro area - 19 countries  (2015-2022)
A,PC,OWN_NL,EA19,2012,5.1,Euro area - 19 countries  (2015-2022)
A,PC,OWN_NL,EA19,2013,5.7,Euro area - 19 countries  (2015-2022)
A,PC,OWN_NL,EA19,2014,5.6,Euro area - 19 countries  (2015-2022)
A,PC,OWN_NL,EA19,2015,5.6,Euro area - 19 countries  (2015-2022)
A,PC,OWN_NL,EA19,2016,5.2,Euro area - 19 countries  (2015-2022)
A,PC,OWN_NL,EA19,2017,4.9,Euro area - 19 countries  (2015-2022)
A,PC,OWN_NL,EA19,2018,4.5,Euro area - 19 countries  (2015-2022)
A,PC,OWN_NL,EA19,2019,4.8,Euro area - 19 countries  (2015-2022)
A,PC,OWN_NL,EA19,2020,3.5,Euro area - 19 countries  (2015-2022)
A,PC,OWN_NL,EA19,2021,3.7,Euro area - 19 countries  (2015-2022)
A,PC,OWN_NL,EA20,2014,5.6,Euro area – 20 countries (2023-2025)
A,PC,OWN_NL,EA20,2015,5.6,Euro area – 20 countries (2023-2025)
A,PC,OWN_NL,EA20,2016,5.3,Euro area – 20 countries (2023-2025)
A,PC,OWN_NL,EA20,2017,4.9,Euro area – 20 countries (2023-2025)
A,PC,OWN_NL,EA20,2018,4.5,Euro area – 20 countries (2023-2025)
A,PC,OWN_NL,EA20,2019,4.8,Euro area – 20 countries (2023-2025)
A,PC,OWN_NL,EA20,2020,3.5,Euro area – 20 countries (2023-2025)
A,PC,OWN_NL,EA20,2021,4.2,Euro area – 20 countries (2023-2025)
A,PC,OWN_NL,EA20,2022,4.4,Euro area – 20 countries (2023-2025)
A,PC,OWN_NL,EA20,2023,4.1,Euro area – 20 countries (2023-2025)
A,PC,OWN_NL,EA20,2024,4.1,Euro area – 20 countries (2023-2025)
A,PC,OWN_NL,EE,2006,6.5,Estonia
A,PC,OWN_NL,EE,2007,4.3,Estonia
A,PC,OWN_NL,EE,2008,2.0,Estonia
A,PC,OWN_NL,EE,2009,1.9,Estonia
A,PC,OWN_NL,EE,2010,3.5,Estonia
A,PC,OWN_NL,EE,2011,4.9,Estonia
A,PC,OWN_NL,EE,2012,6.4,Estonia
A,PC,OWN_NL,EE,2013,4.8,Estonia
A,PC,OWN_NL,EE,2014,5.5,Estonia
A,PC,OWN_NL,EE,2015,4.5,Estonia
A,PC,OWN_NL,EE,2016,3.6,Estonia
A,PC,OWN_NL,EE,2017,3.2,Estonia
A,PC,OWN_NL,EE,2018,2.7,Estonia
A,PC,OWN_NL,EE,2019,2.6,Estonia
A,PC,OWN_NL,EE,2020,2.6,Estonia
A,PC,OWN_NL,EE,2021,2.5,Estonia
A,PC,OWN_NL,EE,2022,3.5,Estonia
A,PC,OWN_NL,EE,2023,5.4,Estonia
A,PC,OWN_NL,EE,2024,5.6,Estonia
A,PC,OWN_NL,EL,2007,15.7,Greece
A,PC,OWN_NL,EL,2008,12.9,Greece
A,PC,OWN_NL,EL,2009,13.2,Greece
A,PC,OWN_NL,EL,2010,14.8,Greece
A,PC,OWN_NL,EL,2011,21.4,Greece
A,PC,OWN_NL,EL,2012,29.1,Greece
A,PC,OWN_NL,EL,2013,32.2,Greece
A,PC,OWN_NL,EL,2014,37.6,Greece
A,PC,OWN_NL,EL,2015,37.9,Greece
A,PC,OWN_NL,EL,2016,30.6,Greece
A,PC,OWN_NL,EL,2017,29.8,Greece
A,PC,OWN_NL,EL,2018,29.0,Greece
A,PC,OWN_NL,EL,2019,25.9,Greece
A,PC,OWN_NL,EL,2020,22.7,Greece
A,PC,OWN_NL,EL,2021,17.9,Greece
A,PC,OWN_NL,EL,2022,22.7,Greece
A,PC,OWN_NL,EL,2023,23.7,Greece
A,PC,OWN_NL,EL,2024,25.7,Greece
A,PC,OWN_NL,ES,2007,2.2,Spain
A,PC,OWN_NL,ES,2008,1.5,Spain
A,PC,OWN_NL,ES,2009,1.6,Spain
A,PC,OWN_NL,ES,2010,2.1,Spain
A,PC,OWN_NL,ES,2011,2.2,Spain
A,PC,OWN_NL,ES,2012,2.7,Spain
A,PC,OWN_NL,ES,2013,2.8,Spain
A,PC,OWN_NL,ES,2014,2.8,Spain
A,PC,OWN_NL,ES,2015,2.7,Spain
A,PC,OWN_NL,ES,2016,2.8,Spain
A,PC,OWN_NL,ES,2017,2.9,Spain
A,PC,OWN_NL,ES,2018,2.6,Spain
A,PC,OWN_NL,ES,2019,1.8,Spain
A,PC,OWN_NL,ES,2020,2.2,Spain
A,PC,OWN_NL,ES,2021,3.1,Spain
A,PC,OWN_NL,ES,2022,2.8,Spain
A,PC,OWN_NL,ES,2023,2.6,Spain
A,PC,OWN_NL,ES,2024,2.2,Spain
A,PC,OWN_NL,EU,2007,7.2,"European Union (EU6-1958, EU9-1973, EU10-1981, EU12-1986, EU15-1995, EU25-2004, EU27-2007, EU28-2013, EU27-2020)"
A,PC,OWN_NL,EU,2008,6.6,"European Union (EU6-1958, EU9-1973, EU10-1981, EU12-1986, EU15-1995, EU25-2004, EU27-2007, EU28-2013, EU27-2020)"
A,PC,OWN_NL,EU,2009,5.5,"European Union (EU6-1958, EU9-1973, EU10-1981, EU12-1986, EU15-1995, EU25-2004, EU27-2007, EU28-2013, EU27-2020)"
A,PC,OWN_NL,EU,2010,6.5,"European Union (EU6-1958, EU9-1973, EU10-1981, EU12-1986, EU15-1995, EU25-2004, EU27-2007, EU28-2013, EU27-2020)"
A,PC,OWN_NL,EU,2011,6.3,"European Union (EU6-1958, EU9-1973, EU10-1981, EU12-1986, EU15-1995, EU25-2004, EU27-2007, EU28-2013, EU27-2020)"
A,PC,OWN_NL,EU,2012,6.7,"European Union (EU6-1958, EU9-1973, EU10-1981, EU12-1986, EU15-1995, EU25-2004, EU27-2007, EU28-2013, EU27-2020)"
A,PC,OWN_NL,EU,2013,7.0,"European Union (EU6-1958, EU9-1973, EU10-1981, EU12-1986, EU15-1995, EU25-2004, EU27-2007, EU28-2013, EU27-2020)"
A,PC,OWN_NL,EU,2014,6.9,"European Union (EU6-1958, EU9-1973, EU10-1981, EU12-1986, EU15-1995, EU25-2004, EU27-2007, EU28-2013, EU27-2020)"
A,PC,OWN_NL,EU,2015,6.8,"European Union (EU6-1958, EU9-1973, EU10-1981, EU12-1986, EU15-1995, EU25-2004, EU27-2007, EU28-2013, EU27-2020)"
A,PC,OWN_NL,EU,2016,6.4,"European Union (EU6-1958, EU9-1973, EU10-1981, EU12-1986, EU15-1995, EU25-2004, EU27-2007, EU28-2013, EU27-2020)"
A,PC,OWN_NL,EU,2017,5.9,"European Union (EU6-1958, EU9-1973, EU10-1981, EU12-1986, EU15-1995, EU25-2004, EU27-2007, EU28-2013, EU27-2020)"
A,PC,OWN_NL,EU,2018,5.6,"European Union (EU6-1958, EU9-1973, EU10-1981, EU12-1986, EU15-1995, EU25-2004, EU27-2007, EU28-2013, EU27-2020)"
A,PC,OWN_NL,EU,2019,5.4,"European Union (EU6-1958, EU9-1973, EU10-1981, EU12-1986, EU15-1995, EU25-2004, EU27-2007, EU28-2013, EU27-2020)"
A,PC,OWN_NL,EU27_2007,2005,5.1,European Union - 27 countries (2007-2013)
A,PC,OWN_NL,EU27_2007,2007,7.2,European Union - 27 countries (2007-2013)
A,PC,OWN_NL,EU27_2007,2008,6.6,European Union - 27 countries (2007-2013)
A,PC,OWN_NL,EU27_2007,2009,5.5,European Union - 27 countries (2007-2013)
A,PC,OWN_NL,EU27_2007,2010,6.4,European Union - 27 countries (2007-2013)
A,PC,OWN_NL,EU27_2007,2011,6.3,European Union - 27 countries (2007-2013)
A,PC,OWN_NL,EU27_2007,2012,6.8,European Union - 27 countries (2007-2013)
A,PC,OWN_NL,EU27_2007,2013,7.0,European Union - 27 countries (2007-2013)
A,PC,OWN_NL,EU27_2007,2014,6.9,European Union - 27 countries (2007-2013)
A,PC,OWN_NL,EU27_2007,2015,6.8,European Union - 27 countries (2007-2013)
A,PC,OWN_NL,EU27_2007,2016,6.4,European Union - 27 countries (2007-2013)
A,PC,OWN_NL,EU27_2007,2017,5.9,European Union - 27 countries (2007-2013)
A,PC,OWN_NL,EU27_2007,2018,5.6,European Union - 27 countries (2007-2013)
A,PC,OWN_NL,EU27_2007,2019,5.5,European Union - 27 countries (2007-2013)
A,PC,OWN_NL,EU27_2020,2010,6.3,European Union - 27 countries (from 2020)
A,PC,OWN_NL,EU27_2020,2011,6.1,European Union - 27 countries (from 2020)
A,PC,OWN_NL,EU27_2020,2012,7.2,European Union - 27 countries (from 2020)
A,PC,OWN_NL,EU27_2020,2013,7.4,European Union - 27 countries (from 2020)
A,PC,OWN_NL,EU27_2020,2014,7.1,European Union - 27 countries (from 2020)
A,PC,OWN_NL,EU27_2020,2015,7.0,European Union - 27 countries (from 2020)
A,PC,OWN_NL,EU27_2020,2016,6.6,European Union - 27 countries (from 2020)
A,PC,OWN_NL,EU27_2020,2017,6.0,European Union - 27 countries (from 2020)
A,PC,OWN_NL,EU27_2020,2018,5.5,European Union - 27 countries (from 2020)
A,PC,OWN_NL,EU27_2020,2019,5.3,European Union - 27 countries (from 2020)
A,PC,OWN_NL,EU27_2020,2020,4.2,European Union - 27 countries (from 2020)
A,PC,OWN_NL,EU27_2020,2021,4.7,European Union - 27 countries (from 2020)
A,PC,OWN_NL,EU27_2020,2022,5.1,European Union - 27 countries (from 2020)
A,PC,OWN_NL,EU27_2020,2023,4.8,European Union - 27 countries (from 2020)
A,PC,OWN_NL,EU27_2020,2024,4.4,European Union - 27 countries (from 2020)
A,PC,OWN_NL,EU28,2010,6.5,European Union - 28 countries (2013-2020)
A,PC,OWN_NL,EU28,2011,6.3,European Union - 28 countries (2013-2020)
A,PC,OWN_NL,EU28,2012,6.7,European Union - 28 countries (2013-2020)
A,PC,OWN_NL,EU28,2013,7.0,European Union - 28 countries (2013-2020)
A,PC,OWN_NL,EU28,2014,6.9,European Union - 28 countries (2013-2020)
A,PC,OWN_NL,EU28,2015,6.8,European Union - 28 countries (2013-2020)
A,PC,OWN_NL,EU28,2016,6.4,European Union - 28 countries (2013-2020)
A,PC,OWN_NL,EU28,2017,5.9,European Union - 28 countries (2013-2020)
A,PC,OWN_NL,EU28,2018,5.6,European Union - 28 countries (2013-2020)
A,PC,OWN_NL,EU28,2019,5.4,European Union - 28 countries (2013-2020)
A,PC,OWN_NL,FI,2004,1.4,Finland
A,PC,OWN_NL,FI,2005,1.5,Finland
A,PC,OWN_NL,FI,2006,1.4,Finland
A,PC,OWN_NL,FI,2007,2.2,Finland
A,PC,OWN_NL,FI,2008,2.1,Finland
A,PC,OWN_NL,FI,2009,2.2,Finland
A,PC,OWN_NL,FI,2010,1.8,Finland
A,PC,OWN_NL,FI,2011,2.8,Finland
A,PC,OWN_NL,FI,2012,2.6,Finland
A,PC,OWN_NL,FI,2013,2.6,Finland
A,PC,OWN_NL,FI,2014,2.6,Finland
A,PC,OWN_NL,FI,2015,2.0,Finland
A,PC,OWN_NL,FI,2016,2.1,Finland
A,PC,OWN_NL,FI,2017,2.0,Finland
A,PC,OWN_NL,FI,2018,1.8,Finland
A,PC,OWN_NL,FI,2019,1.8,Finland
A,PC,OWN_NL,FI,2020,1.7,Finland
A,PC,OWN_NL,FI,2021,1.5,Finland
A,PC,OWN_NL,FI,2022,2.3,Finland
A,PC,OWN_NL,FI,2023,2.4,Finland
A,PC,OWN_NL,FI,2024,2.5,Finland
A,PC,OWN_NL,FR,2005,1.1,France
A,PC,OWN_NL,FR,2006,1.4,France
A,PC,OWN_NL,FR,2007,1.3,France
A,PC,OWN_NL,FR,2008,0.6,France
A,PC,OWN_NL,FR,2009,0.6,France
A,PC,OWN_NL,FR,2010,0.5,France
A,PC,OWN_NL,FR,2011,0.6,France
A,PC,OWN_NL,FR,2012,0.5,France
A,PC,OWN_NL,FR,2013,0.7,France
A,PC,OWN_NL,FR,2014,0.7,France
A,PC,OWN_NL,FR,2015,1.7,France
A,PC,OWN_NL,FR,2016,0.9,France
A,PC,OWN_NL,FR,2017,0.6,France
A,PC,OWN_NL,FR,2018,0.6,France
A,PC,OWN_NL,FR,2019,0.5,France
A,PC,OWN_NL,FR,2020,1.3,France
A,PC,OWN_NL,FR,2022,1.3,France
A,PC,OWN_NL,FR,2023,1.7,France
A,PC,OWN_NL,FR,2024,1.4,France
A,PC,OWN_NL,HR,2010,13.0,Croatia
A,PC,OWN_NL,HR,2011,6.7,Croatia
A,PC,OWN_NL,HR,2012,5.9,Croatia
A,PC,OWN_NL,HR,2013,6.7,Croatia
A,PC,OWN_NL,HR,2014,6.2,Croatia
A,PC,OWN_NL,HR,2015,6.3,Croatia
A,PC,OWN_NL,HR,2016,5.9,Croatia
A,PC,OWN_NL,HR,2017,4.9,Croatia
A,PC,OWN_NL,HR,2018,4.9,Croatia
A,PC,OWN_NL,HR,2019,4.3,Croatia
A,PC,OWN_NL,HR,2020,4.0,Croatia
A,PC,OWN_NL,HR,2021,4.4,Croatia
A,PC,OWN_NL,HR,2022,3.4,Croatia
A,PC,OWN_NL,HR,2023,3.6,Croatia
A,PC,OWN_NL,HR,2024,3.1,Croatia
A,PC,OWN_NL,HU,2005,14.4,Hungary
A,PC,OWN_NL,HU,2006,9.3,Hungary
A,PC,OWN_NL,HU,2007,7.3,Hungary
A,PC,OWN_NL,HU,2008,7.8,Hungary
A,PC,OWN_NL,HU,2009,5.2,Hungary
A,PC,OWN_NL,HU,2010,7.0,Hungary
A,PC,OWN_NL,HU,2011,8.0,Hungary
A,PC,OWN_NL,HU,2012,8.7,Hungary
A,PC,OWN_NL,HU,2013,8.4,Hungary
A,PC,OWN_NL,HU,2014,7.0,Hungary
A,PC,OWN_NL,HU,2015,5.4,Hungary
A,PC,OWN_NL,HU,2016,5.1,Hungary
A,PC,OWN_NL,HU,2017,7.2,Hungary
A,PC,OWN_NL,HU,2018,5.9,Hungary
A,PC,OWN_NL,HU,2019,2.8,Hungary
A,PC,OWN_NL,HU,2020,1.4,Hungary
A,PC,OWN_NL,HU,2021,2.2,Hungary
A,PC,OWN_NL,HU,2022,6.7,Hungary
A,PC,OWN_NL,HU,2023,4.3,Hungary
A,PC,OWN_NL,HU,2024,6.7,Hungary
A,PC,OWN_NL,IE,2003,1.2,Ireland
A,PC,OWN_NL,IE,2004,0.6,Ireland
A,PC,OWN_NL,IE,2005,1.1,Ireland
A,PC,OWN_NL,IE,2006,0.6,Ireland
A,PC,OWN_NL,IE,2007,0.6,Ireland
A,PC,OWN_NL,IE,2008,0.9,Ireland
A,PC,OWN_NL,IE,2009,1.2,Ireland
A,PC,OWN_NL,IE,2010,1.7,Ireland
A,PC,OWN_NL,IE,2011,2.0,Ireland
A,PC,OWN_NL,IE,2012,2.7,Ireland
A,PC,OWN_NL,IE,2013,1.6,Ireland
A,PC,OWN_NL,IE,2014,2.6,Ireland
A,PC,OWN_NL,IE,2015,1.5,Ireland
A,PC,OWN_NL,IE,2016,1.5,Ireland
A,PC,OWN_NL,IE,2017,1.2,Ireland
A,PC,OWN_NL,IE,2018,1.2,Ireland
A,PC,OWN_NL,IE,2019,0.8,Ireland
A,PC,OWN_NL,IE,2020,1.0,Ireland
A,PC,OWN_NL,IE,2021,0.7,Ireland
A,PC,OWN_NL,IE,2022,1.1,Ireland
A,PC,OWN_NL,IE,2023,1.3,Ireland
A,PC,OWN_NL,IE,2024,1.0,Ireland
A,PC,OWN_NL,IS,2004,6.9,Iceland
A,PC,OWN_NL,IS,2005,8.6,Iceland
A,PC,OWN_NL,IS,2006,6.4,Iceland
A,PC,OWN_NL,IS,2007,8.3,Iceland
A,PC,OWN_NL,IS,2008,5.9,Iceland
A,PC,OWN_NL,IS,2009,4.9,Iceland
A,PC,OWN_NL,IS,2010,3.8,Iceland
A,PC,OWN_NL,IS,2011,6.5,Iceland
A,PC,OWN_NL,IS,2012,4.0,Iceland
A,PC,OWN_NL,IS,2013,7.0,Iceland
A,PC,OWN_NL,IS,2014,5.4,Iceland
A,PC,OWN_NL,IS,2015,3.5,Iceland
A,PC,OWN_NL,IS,2016,2.1,Iceland
A,PC,OWN_NL,IS,2017,3.1,Iceland
A,PC,OWN_NL,IS,2018,4.0,Iceland
A,PC,OWN_NL,IS,2019,3.3,Iceland
A,PC,OWN_NL,IS,2020,5.4,Iceland
A,PC,OWN_NL,IT,2004,5.1,Italy
A,PC,OWN_NL,IT,2005,5.5,Italy
A,PC,OWN_NL,IT,2006,5.1,Italy
A,PC,OWN_NL,IT,2007,3.3,Italy
A,PC,OWN_NL,IT,2008,3.2,Italy
A,PC,OWN_NL,IT,2009,2.7,Italy
A,PC,OWN_NL,IT,2010,2.3,Italy
A,PC,OWN_NL,IT,2011,2.9,Italy
A,PC,OWN_NL,IT,2012,2.3,Italy
A,PC,OWN_NL,IT,2013,2.8,Italy
A,PC,OWN_NL,IT,2014,2.9,Italy
A,PC,OWN_NL,IT,2015,2.8,Italy
A,PC,OWN_NL,IT,2016,3.6,Italy
A,PC,OWN_NL,IT,2017,2.7,Italy
A,PC,OWN_NL,IT,2018,2.6,Italy
A,PC,OWN_NL,IT,2019,3.2,Italy
A,PC,OWN_NL,IT,2020,2.7,Italy
A,PC,OWN_NL,IT,2021,2.8,Italy
A,PC,OWN_NL,IT,2022,2.6,Italy
A,PC,OWN_NL,IT,2023,2.2,Italy
A,PC,OWN_NL,IT,2024,2.2,Italy
A,PC,OWN_NL,LT,2005,8.3,Lithuania
A,PC,OWN_NL,LT,2006,6.2,Lithuania
A,PC,OWN_NL,LT,2007,4.0,Lithuania
A,PC,OWN_NL,LT,2008,4.6,Lithuania
A,PC,OWN_NL,LT,2009,4.0,Lithuania
A,PC,OWN_NL,LT,2010,8.8,Lithuania
A,PC,OWN_NL,LT,2011,9.6,Lithuania
A,PC,OWN_NL,LT,2012,7.6,Lithuania
A,PC,OWN_NL,LT,2013,7.1,Lithuania
A,PC,OWN_NL,LT,2014,6.4,Lithuania
A,PC,OWN_NL,LT,2015,8.3,Lithuania
A,PC,OWN_NL,LT,2016,7.3,Lithuania
A,PC,OWN_NL,LT,2017,6.3,Lithuania
A,PC,OWN_NL,LT,2018,4.9,Lithuania
A,PC,OWN_NL,LT,2019,3.9,Lithuania
A,PC,OWN_NL,LT,2020,2.3,Lithuania
A,PC,OWN_NL,LT,2021,2.4,Lithuania
A,PC,OWN_NL,LT,2022,3.0,Lithuania
A,PC,OWN_NL,LT,2023,4.5,Lithuania
A,PC,OWN_NL,LT,2024,5.2,Lithuania
A,PC,OWN_NL,LU,2007,0.3,Luxembourg
A,PC,OWN_NL,LU,2008,0.3,Luxembourg
A,PC,OWN_NL,LU,2009,0.2,Luxembourg
A,PC,OWN_NL,LU,2010,0.3,Luxembourg
A,PC,OWN_NL,LU,2011,0.5,Luxembourg
A,PC,OWN_NL,LU,2012,0.6,Luxembourg
A,PC,OWN_NL,LU,2013,0.5,Luxembourg
A,PC,OWN_NL,LU,2014,0.9,Luxembourg
A,PC,OWN_NL,LU,2015,0.7,Luxembourg
A,PC,OWN_NL,LU,2016,1.8,Luxembourg
A,PC,OWN_NL,LU,2017,2.2,Luxembourg
A,PC,OWN_NL,LU,2018,2.3,Luxembourg
A,PC,OWN_NL,LU,2019,2.6,Luxembourg
A,PC,OWN_NL,LU,2020,1.8,Luxembourg
A,PC,OWN_NL,LU,2021,2.1,Luxembourg
A,PC,OWN_NL,LU,2022,1.7,Luxembourg
A,PC,OWN_NL,LU,2023,1.4,Luxembourg
A,PC,OWN_NL,LU,2024,1.2,Luxembourg
A,PC,OWN_NL,LV,2007,8.9,Latvia
A,PC,OWN_NL,LV,2008,7.8,Latvia
A,PC,OWN_NL,LV,2009,7.8,Latvia
A,PC,OWN_NL,LV,2010,8.1,Latvia
A,PC,OWN_NL,LV,2011,10.3,Latvia
A,PC,OWN_NL,LV,2012,9.1,Latvia
A,PC,OWN_NL,LV,2013,9.9,Latvia
A,PC,OWN_NL,LV,2014,8.2,Latvia
A,PC,OWN_NL,LV,2015,6.2,Latvia
A,PC,OWN_NL,LV,2016,5.8,Latvia
A,PC,OWN_NL,LV,2017,5.8,Latvia
A,PC,OWN_NL,LV,2018,5.8,Latvia
A,PC,OWN_NL,LV,2019,4.9,Latvia
A,PC,OWN_NL,LV,2020,3.8,Latvia
A,PC,OWN_NL,LV,2021,4.1,Latvia
A,PC,OWN_NL,LV,2022,4.8,Latvia
A,PC,OWN_NL,LV,2023,6.3,Latvia
A,PC,OWN_NL,LV,2024,6.2,Latvia
A,PC,OWN_NL,ME,2013,15.3,Montenegro
A,PC,OWN_NL,ME,2014,12.7,Montenegro
A,PC,OWN_NL,ME,2015,12.9,Montenegro
A,PC,OWN_NL,ME,2016,12.5,Montenegro
A,PC,OWN_NL,ME,2017,12.1,Montenegro
A,PC,OWN_NL,ME,2018,12.4,Montenegro
A,PC,OWN_NL,ME,2019,10.1,Montenegro
A,PC,OWN_NL,ME,2020,7.7,Montenegro
A,PC,OWN_NL,ME,2021,6.1,Montenegro
A,PC,OWN_NL,ME,2022,4.2,Montenegro
A,PC,OWN_NL,ME,2023,4.3,Montenegro
A,PC,OWN_NL,MK,2011,19.0,North Macedonia
A,PC,OWN_NL,MK,2012,19.3,North Macedonia
A,PC,OWN_NL,MK,2013,17.1,North Macedonia
A,PC,OWN_NL,MK,2014,15.2,North Macedonia
A,PC,OWN_NL,MK,2015,11.8,North Macedonia
A,PC,OWN_NL,MK,2016,11.9,North Macedonia
A,PC,OWN_NL,MK,2017,11.1,North Macedonia
A,PC,OWN_NL,MK,2018,9.8,North Macedonia
A,PC,OWN_NL,MK,2019,9.7,North Macedonia
A,PC,OWN_NL,MK,2020,8.2,North Macedonia
A,PC,OWN_NL,MK,2021,7.6,North Macedonia
A,PC,OWN_NL,MK,2022,8.3,North Macedonia
A,PC,OWN_NL,MK,2023,8.1,North Macedonia
A,PC,OWN_NL,MK,2024,5.1,North Macedonia
A,PC,OWN_NL,MT,2005,1.6,Malta
A,PC,OWN_NL,MT,2006,1.0,Malta
A,PC,OWN_NL,MT,2007,1.5,Malta
A,PC,OWN_NL,MT,2008,2.1,Malta
A,PC,OWN_NL,MT,2009,2.0,Malta
A,PC,OWN_NL,MT,2010,2.4,Malta
A,PC,OWN_NL,MT,2011,2.3,Malta
A,PC,OWN_NL,MT,2012,1.4,Malta
A,PC,OWN_NL,MT,2013,1.4,Malta
A,PC,OWN_NL,MT,2014,0.6,Malta
A,PC,OWN_NL,MT,2015,0.5,Malta
A,PC,OWN_NL,MT,2016,0.6,Malta
A,PC,OWN_NL,MT,2017,0.5,Malta
A,PC,OWN_NL,MT,2018,0.3,Malta
A,PC,OWN_NL,MT,2019,0.5,Malta
A,PC,OWN_NL,MT,2020,0.6,Malta
A,PC,OWN_NL,MT,2021,0.9,Malta
A,PC,OWN_NL,MT,2022,0.7,Malta
A,PC,OWN_NL,MT,2023,1.0,Malta
A,PC,OWN_NL,MT,2024,1.3,Malta
A,PC,OWN_NL,NL,2005,8.6,Netherlands
A,PC,OWN_NL,NL,2006,8.6,Netherlands
A,PC,OWN_NL,NL,2007,3.8,Netherlands
A,PC,OWN_NL,NL,2008,5.7,Netherlands
A,PC,OWN_NL,NL,2009,4.5,Netherlands
A,PC,OWN_NL,NL,2010,4.8,Netherlands
A,PC,OWN_NL,NL,2011,3.4,Netherlands
A,PC,OWN_NL,NL,2012,3.8,Netherlands
A,PC,OWN_NL,NL,2013,3.7,Netherlands
A,PC,OWN_NL,NL,2014,3.9,Netherlands
A,PC,OWN_NL,NL,2015,2.2,Netherlands
A,PC,OWN_NL,NL,2016,3.2,Netherlands
A,PC,OWN_NL,NL,2017,3.2,Netherlands
A,PC,OWN_NL,NL,2018,4.0,Netherlands
A,PC,OWN_NL,NL,2019,4.6,Netherlands
A,PC,OWN_NL,NL,2020,2.2,Netherlands
A,PC,OWN_NL,NL,2021,2.8,Netherlands
A,PC,OWN_NL,NL,2022,4.2,Netherlands
A,PC,OWN_NL,NL,2023,3.0,Netherlands
A,PC,OWN_NL,NL,2024,2.5,Netherlands
A,PC,OWN_NL,NO,2004,3.5,Norway
A,PC,OWN_NL,NO,2005,5.2,Norway
A,PC,OWN_NL,NO,2006,8.2,Norway
A,PC,OWN_NL,NO,2007,4.9,Norway
A,PC,OWN_NL,NO,2008,5.7,Norway
A,PC,OWN_NL,NO,2009,5.8,Norway
A,PC,OWN_NL,NO,2010,5.6,Norway
A,PC,OWN_NL,NO,2011,7.1,Norway
A,PC,OWN_NL,NO,2012,3.9,Norway
A,PC,OWN_NL,NO,2013,4.3,Norway
A,PC,OWN_NL,NO,2014,4.0,Norway
A,PC,OWN_NL,NO,2015,3.7,Norway
A,PC,OWN_NL,NO,2016,4.3,Norway
A,PC,OWN_NL,NO,2017,5.1,Norway
A,PC,OWN_NL,NO,2018,3.6,Norway
A,PC,OWN_NL,NO,2019,3.6,Norway
A,PC,OWN_NL,NO,2020,3.8,Norway
A,PC,OWN_NL,NO,2021,4.4,Norway
A,PC,OWN_NL,NO,2022,5.9,Norway
A,PC,OWN_NL,NO,2023,6.0,Norway
A,PC,OWN_NL,NO,2024,7.0,Norway
A,PC,OWN_NL,PL,2007,9.0,Poland
A,PC,OWN_NL,PL,2008,8.8,Poland
A,PC,OWN_NL,PL,2009,7.3,Poland
A,PC,OWN_NL,PL,2010,7.5,Poland
A,PC,OWN_NL,PL,2011,8.6,Poland
A,PC,OWN_NL,PL,2012,8.5,Poland
A,PC,OWN_NL,PL,2013,8.4,Poland
A,PC,OWN_NL,PL,2014,8.0,Poland
A,PC,OWN_NL,PL,2015,7.1,Poland
A,PC,OWN_NL,PL,2016,5.9,Poland
A,PC,OWN_NL,PL,2017,5.5,Poland
A,PC,OWN_NL,PL,2018,5.1,Poland
A,PC,OWN_NL,PL,2019,4.8,Poland
A,PC,OWN_NL,PL,2020,4.5,Poland
A,PC,OWN_NL,PL,2021,5.3,Poland
A,PC,OWN_NL,PL,2022,4.8,Poland
A,PC,OWN_NL,PL,2023,5.2,Poland
A,PC,OWN_NL,PL,2024,4.4,Poland
A,PC,OWN_NL,PT,2005,2.6,Portugal
A,PC,OWN_NL,PT,2007,4.8,Portugal
A,PC,OWN_NL,PT,2008,3.3,Portugal
A,PC,OWN_NL,PT,2009,2.2,Portugal
A,PC,OWN_NL,PT,2010,1.0,Portugal
A,PC,OWN_NL,PT,2011,2.0,Portugal
A,PC,OWN_NL,PT,2012,2.8,Portugal
A,PC,OWN_NL,PT,2013,2.5,Portugal
A,PC,OWN_NL,PT,2014,3.8,Portugal
A,PC,OWN_NL,PT,2015,3.2,Portugal
A,PC,OWN_NL,PT,2016,2.9,Portugal
A,PC,OWN_NL,PT,2017,2.5,Portugal
A,PC,OWN_NL,PT,2018,2.0,Portugal
A,PC,OWN_NL,PT,2019,2.0,Portugal
A,PC,OWN_NL,PT,2020,1.5,Portugal
A,PC,OWN_NL,PT,2021,2.6,Portugal
A,PC,OWN_NL,PT,2022,1.7,Portugal
A,PC,OWN_NL,PT,2023,1.4,Portugal
A,PC,OWN_NL,PT,2024,2.0,Portugal
A,PC,OWN_NL,RO,2007,19.2,Romania
A,PC,OWN_NL,RO,2008,18.3,Romania
A,PC,OWN_NL,RO,2009,14.9,Romania
A,PC,OWN_NL,RO,2010,15.2,Romania
A,PC,OWN_NL,RO,2011,9.8,Romania
A,PC,OWN_NL,RO,2012,17.5,Romania
A,PC,OWN_NL,RO,2013,16.0,Romania
A,PC,OWN_NL,RO,2014,15.7,Romania
A,PC,OWN_NL,RO,2015,15.5,Romania
A,PC,OWN_NL,RO,2016,13.7,Romania
A,PC,OWN_NL,RO,2017,11.5,Romania
A,PC,OWN_NL,RO,2018,9.7,Romania
A,PC,OWN_NL,RO,2019,8.2,Romania
A,PC,OWN_NL,RO,2020,6.5,Romania
A,PC,OWN_NL,RO,2021,6.8,Romania
A,PC,OWN_NL,RO,2022,7.4,Romania
A,PC,OWN_NL,RO,2023,7.4,Romania
A,PC,OWN_NL,RO,2024,4.0,Romania
A,PC,OWN_NL,RS,2013,25.2,Serbia
A,PC,OWN_NL,RS,2014,29.5,Serbia
A,PC,OWN_NL,RS,2015,31.8,Serbia
A,PC,OWN_NL,RS,2016,28.7,Serbia
A,PC,OWN_NL,RS,2017,31.0,Serbia
A,PC,OWN_NL,RS,2018,28.9,Serbia
A,PC,OWN_NL,RS,2019,20.5,Serbia
A,PC,OWN_NL,RS,2020,18.1,Serbia
A,PC,OWN_NL,RS,2021,15.4,Serbia
A,PC,OWN_NL,RS,2022,13.6,Serbia
A,PC,OWN_NL,RS,2023,14.3,Serbia
A,PC,OWN_NL,RS,2024,10.3,Serbia
A,PC,OWN_NL,SE,2004,8.9,Sweden
A,PC,OWN_NL,SE,2005,7.7,Sweden
A,PC,OWN_NL,SE,2006,7.4,Sweden
A,PC,OWN_NL,SE,2007,2.7,Sweden
A,PC,OWN_NL,SE,2008,8.9,Sweden
A,PC,OWN_NL,SE,2009,10.4,Sweden
A,PC,OWN_NL,SE,2010,7.2,Sweden
A,PC,OWN_NL,SE,2011,11.0,Sweden
A,PC,OWN_NL,SE,2012,8.5,Sweden
A,PC,OWN_NL,SE,2013,9.3,Sweden
A,PC,OWN_NL,SE,2014,6.1,Sweden
A,PC,OWN_NL,SE,2015,6.2,Sweden
A,PC,OWN_NL,SE,2016,7.5,Sweden
A,PC,OWN_NL,SE,2017,5.3,Sweden
A,PC,OWN_NL,SE,2018,6.4,Sweden
A,PC,OWN_NL,SE,2019,7.9,Sweden
A,PC,OWN_NL,SE,2020,6.3,Sweden
A,PC,OWN_NL,SE,2021,7.7,Sweden
A,PC,OWN_NL,SE,2022,10.2,Sweden
A,PC,OWN_NL,SE,2023,14.1,Sweden
A,PC,OWN_NL,SE,2024,14.0,Sweden
A,PC,OWN_NL,SI,2005,4.8,Slovenia
A,PC,OWN_NL,SI,2006,2.4,Slovenia
A,PC,OWN_NL,SI,2007,2.9,Slovenia
A,PC,OWN_NL,SI,2008,2.9,Slovenia
A,PC,OWN_NL,SI,2009,2.6,Slovenia
A,PC,OWN_NL,SI,2010,2.6,Slovenia
A,PC,OWN_NL,SI,2011,2.8,Slovenia
A,PC,OWN_NL,SI,2012,2.8,Slovenia
A,PC,OWN_NL,SI,2013,3.4,Slovenia
A,PC,OWN_NL,SI,2014,3.6,Slovenia
A,PC,OWN_NL,SI,2015,3.2,Slovenia
A,PC,OWN_NL,SI,2016,2.8,Slovenia
A,PC,OWN_NL,SI,2017,2.7,Slovenia
A,PC,OWN_NL,SI,2018,2.8,Slovenia
A,PC,OWN_NL,SI,2019,2.4,Slovenia
A,PC,OWN_NL,SI,2020,2.9,Slovenia
A,PC,OWN_NL,SI,2021,2.6,Slovenia
A,PC,OWN_NL,SI,2022,2.6,Slovenia
A,PC,OWN_NL,SI,2023,2.1,Slovenia
A,PC,OWN_NL,SI,2024,2.6,Slovenia
A,PC,OWN_NL,SK,2005,13.3,Slovakia
A,PC,OWN_NL,SK,2006,16.2,Slovakia
A,PC,OWN_NL,SK,2007,15.3,Slovakia
A,PC,OWN_NL,SK,2008,4.8,Slovakia
A,PC,OWN_NL,SK,2009,6.9,Slovakia
A,PC,OWN_NL,SK,2010,5.7,Slovakia
A,PC,OWN_NL,SK,2011,6.4,Slovakia
A,PC,OWN_NL,SK,2012,5.7,Slovakia
A,PC,OWN_NL,SK,2013,5.7,Slovakia
A,PC,OWN_NL,SK,2014,6.1,Slovakia
A,PC,OWN_NL,SK,2015,6.0,Slovakia
A,PC,OWN_NL,SK,2016,5.7,Slovakia
A,PC,OWN_NL,SK,2017,6.7,Slovakia
A,PC,OWN_NL,SK,2018,3.1,Slovakia
A,PC,OWN_NL,SK,2019,2.5,Slovakia
A,PC,OWN_NL,SK,2020,2.6,Slovakia
A,PC,OWN_NL,SK,2021,2.6,Slovakia
A,PC,OWN_NL,SK,2022,2.3,Slovakia
A,PC,OWN_NL,SK,2023,5.0,Slovakia
A,PC,OWN_NL,SK,2024,5.9,Slovakia
A,PC,OWN_NL,TR,2006,3.7,Türkiye
A,PC,OWN_NL,TR,2007,1.0,Türkiye
A,PC,OWN_NL,TR,2008,1.1,Türkiye
A,PC,OWN_NL,TR,2009,2.1,Türkiye
A,PC,OWN_NL,TR,2010,2.4,Türkiye
A,PC,OWN_NL,TR,2011,1.7,Türkiye
A,PC,OWN_NL,TR,2012,1.3,Türkiye
A,PC,OWN_NL,TR,2013,1.5,Türkiye
A,PC,OWN_NL,TR,2014,1.0,Türkiye
A,PC,OWN_NL,TR,2015,1.5,Türkiye
A,PC,OWN_NL,TR,2016,0.9,Türkiye
A,PC,OWN_NL,TR,2017,0.9,Türkiye
A,PC,OWN_NL,TR,2018,0.9,Türkiye
A,PC,OWN_NL,TR,2019,1.3,Türkiye
A,PC,OWN_NL,TR,2020,2.5,Türkiye
A,PC,OWN_NL,TR,2021,1.8,Türkiye
A,PC,OWN_NL,TR,2022,1.8,Türkiye
A,PC,OWN_NL,TR,2023,1.9,Türkiye
A,PC,OWN_NL,TR,2024,1.7,Türkiye
A,PC,OWN_NL,UK,2005,5.3,United Kingdom
A,PC,OWN_NL,UK,2006,8.9,United Kingdom
A,PC,OWN_NL,UK,2007,6.6,United Kingdom
A,PC,OWN_NL,UK,2008,8.6,United Kingdom
A,PC,OWN_NL,UK,2009,8.2,United Kingdom
A,PC,OWN_NL,UK,2010,8.8,United Kingdom
A,PC,OWN_NL,UK,2011,9.1,United Kingdom
A,PC,OWN_NL,UK,2012,1.7,United Kingdom
A,PC,OWN_NL,UK,2013,1.5,United Kingdom
A,PC,OWN_NL,UK,2014,4.1,United Kingdom
A,PC,OWN_NL,UK,2015,3.9,United Kingdom
A,PC,OWN_NL,UK,2016,4.3,United Kingdom
A,PC,OWN_NL,UK,2017,4.2,United Kingdom
A,PC,OWN_NL,UK,2018,7.0,United Kingdom
A,PC,OWN_NL,XK,2018,10.9,Kosovo*
A,PC,RENT_FR,AL,2017,19.0,Albania
A,PC,RENT_FR,AL,2018,4.7,Albania
A,PC,RENT_FR,AL,2019,24.2,Albania
A,PC,RENT_FR,AL,2020,12.4,Albania
A,PC,RENT_FR,AL,2021,4.7,Albania
A,PC,RENT_FR,AL,2022,6.1,Albania
A,PC,RENT_FR,AL,2023,1.5,Albania
A,PC,RENT_FR,AT,2007,7.6,Austria
A,PC,RENT_FR,AT,2008,9.5,Austria
A,PC,RENT_FR,AT,2009,6.7,Austria
A,PC,RENT_FR,AT,2010,8.0,Austria
A,PC,RENT_FR,AT,2011,5.5,Austria
A,PC,RENT_FR,AT,2012,7.1,Austria
A,PC,RENT_FR,AT,2013,8.7,Austria
A,PC,RENT_FR,AT,2014,6.8,Austria
A,PC,RENT_FR,AT,2015,6.8,Austria
A,PC,RENT_FR,AT,2016,10.2,Austria
A,PC,RENT_FR,AT,2017,8.8,Austria
A,PC,RENT_FR,AT,2018,7.8,Austria
A,PC,RENT_FR,AT,2019,9.0,Austria
A,PC,RENT_FR,AT,2020,7.7,Austria
A,PC,RENT_FR,AT,2021,7.0,Austria
A,PC,RENT_FR,AT,2022,7.5,Austria
A,PC,RENT_FR,AT,2023,5.2,Austria
A,PC,RENT_FR,AT,2024,4.9,Austria
A,PC,RENT_FR,BE,2004,21.4,Belgium
A,PC,RENT_FR,BE,2005,11.7,Belgium
A,PC,RENT_FR,BE,2006,11.4,Belgium
A,PC,RENT_FR,BE,2007,11.4,Belgium
A,PC,RENT_FR,BE,2008,13.8,Belgium
A,PC,RENT_FR,BE,2009,12.7,Belgium
A,PC,RENT_FR,BE,2010,12.3,Belgium
A,PC,RENT_FR,BE,2011,14.9,Belgium
A,PC,RENT_FR,BE,2012,15.3,Belgium
A,PC,RENT_FR,BE,2013,12.8,Belgium
A,PC,RENT_FR,BE,2014,13.3,Belgium
A,PC,RENT_FR,BE,2015,14.2,Belgium
A,PC,RENT_FR,BE,2016,12.2,Belgium
A,PC,RENT_FR,BE,2017,12.1,Belgium
A,PC,RENT_FR,BE,2018,14.4,Belgium
A,PC,RENT_FR,BE,2019,14.9,Belgium
A,PC,RENT_FR,BE,2020,11.0,Belgium
A,PC,RENT_FR,BE,2021,7.1,Belgium
A,PC,RENT_FR,BE,2022,7.6,Belgium
A,PC,RENT_FR,BE,2023,9.6,Belgium
A,PC,RENT_FR,BE,2024,7.7,Belgium
A,PC,RENT_FR,BG,2006,19.1,Bulgaria
A,PC,RENT_FR,BG,2007,28.6,Bulgaria
A,PC,RENT_FR,BG,2008,19.5,Bulgaria
A,PC,RENT_FR,BG,2009,10.7,Bulgaria
A,PC,RENT_FR,BG,2010,9.2,Bulgaria
A,PC,RENT_FR,BG,2011,14.6,Bulgaria
A,PC,RENT_FR,BG,2012,19.7,Bulgaria
A,PC,RENT_FR,BG,2013,17.7,Bulgaria
A,PC,RENT_FR,BG,2014,17.9,Bulgaria
A,PC,RENT_FR,BG,2015,16.6,Bulgaria
A,PC,RENT_FR,BG,2016,20.3,Bulgaria
A,PC,RENT_FR,BG,2017,20.4,Bulgaria
A,PC,RENT_FR,BG,2018,20.3,Bulgaria
A,PC,RENT_FR,BG,2019,18.4,Bulgaria
A,PC,RENT_FR,BG,2020,18.2,Bulgaria
A,PC,RENT_FR,BG,2021,15.6,Bulgaria
A,PC,RENT_FR,BG,2022,21.8,Bulgaria
A,PC,RENT_FR,BG,2023,16.6,Bulgaria
A,PC,RENT_FR,BG,2024,10.3,Bulgaria
A,PC,RENT_FR,CH,2010,9.1,Switzerland
A,PC,RENT_FR,CH,2011,15.7,Switzerland
A,PC,RENT_FR,CH,2012,10.1,Switzerland
A,PC,RENT_FR,CH,2013,9.2,Switzerland
A,PC,RENT_FR,CH,2014,12.8,Switzerland
A,PC,RENT_FR,CH,2015,12.7,Switzerland
A,PC,RENT_FR,CH,2016,12.2,Switzerland
A,PC,RENT_FR,CH,2017,13.4,Switzerland
A,PC,RENT_FR,CH,2018,14.7,Switzerland
A,PC,RENT_FR,CH,2019,19.8,Switzerland
A,PC,RENT_FR,CH,2020,22.4,Switzerland
A,PC,RENT_FR,CH,2021,14.6,Switzerland
A,PC,RENT_FR,CH,2022,13.7,Switzerland
A,PC,RENT_FR,CH,2023,13.8,Switzerland
A,PC,RENT_FR,CH,2024,20.0,Switzerland
A,PC,RENT_FR,CY,2007,1.4,Cyprus
A,PC,RENT_FR,CY,2008,0.5,Cyprus
A,PC,RENT_FR,CY,2009,0.4,Cyprus
A,PC,RENT_FR,CY,2010,1.3,Cyprus
A,PC,RENT_FR,CY,2011,1.6,Cyprus
A,PC,RENT_FR,CY,2012,1.1,Cyprus
A,PC,RENT_FR,CY,2013,0.9,Cyprus
A,PC,RENT_FR,CY,2014,1.3,Cyprus
A,PC,RENT_FR,CY,2015,1.1,Cyprus
A,PC,RENT_FR,CY,2016,0.6,Cyprus
A,PC,RENT_FR,CY,2017,0.8,Cyprus
A,PC,RENT_FR,CY,2018,0.7,Cyprus
A,PC,RENT_FR,CY,2019,1.0,Cyprus
A,PC,RENT_FR,CY,2020,0.9,Cyprus
A,PC,RENT_FR,CY,2021,1.2,Cyprus
A,PC,RENT_FR,CY,2022,1.2,Cyprus
A,PC,RENT_FR,CY,2023,0.3,Cyprus
A,PC,RENT_FR,CY,2024,1.1,Cyprus
A,PC,RENT_FR,CZ,2005,8.9,Czechia
A,PC,RENT_FR,CZ,2006,9.9,Czechia
A,PC,RENT_FR,CZ,2007,9.7,Czechia
A,PC,RENT_FR,CZ,2008,11.1,Czechia
A,PC,RENT_FR,CZ,2009,14.0,Czechia
A,PC,RENT_FR,CZ,2010,17.0,Czechia
A,PC,RENT_FR,CZ,2011,18.7,Czechia
A,PC,RENT_FR,CZ,2012,20.9,Czechia
A,PC,RENT_FR,CZ,2013,7.6,Czechia
A,PC,RENT_FR,CZ,2014,7.0,Czechia
A,PC,RENT_FR,CZ,2015,10.7,Czechia
A,PC,RENT_FR,CZ,2016,10.6,Czechia
A,PC,RENT_FR,CZ,2017,9.0,Czechia
A,PC,RENT_FR,CZ,2018,10.2,Czechia
A,PC,RENT_FR,CZ,2019,6.1,Czechia
A,PC,RENT_FR,CZ,2020,6.4,Czechia
A,PC,RENT_FR,CZ,2021,4.6,Czechia
A,PC,RENT_FR,CZ,2022,7.0,Czechia
A,PC,RENT_FR,CZ,2023,9.3,Czechia
A,PC,RENT_FR,CZ,2024,7.5,Czechia
A,PC,RENT_FR,DE,2010,13.3,Germany
A,PC,RENT_FR,DE,2011,16.5,Germany
A,PC,RENT_FR,DE,2012,19.4,Germany
A,PC,RENT_FR,DE,2013,15.8,Germany
A,PC,RENT_FR,DE,2014,16.6,Germany
A,PC,RENT_FR,DE,2015,16.1,Germany
A,PC,RENT_FR,DE,2016,19.1,Germany
A,PC,RENT_FR,DE,2017,19.3,Germany
A,PC,RENT_FR,DE,2018,16.1,Germany
A,PC,RENT_FR,DE,2019,17.6,Germany
A,PC,RENT_FR,DE,2020,7.5,Germany
A,PC,RENT_FR,DE,2021,6.1,Germany
A,PC,RENT_FR,DE,2022,6.4,Germany
A,PC,RENT_FR,DE,2023,9.2,Germany
A,PC,RENT_FR,DE,2024,8.8,Germany
A,PC,RENT_FR,DK,2011,33.8,Denmark
A,PC,RENT_FR,DK,2012,26.1,Denmark
A,PC,RENT_FR,EA,2005,17.1,"Euro area (EA11-1999, EA12-2001, EA13-2007, EA15-2008, EA16-2009, EA17-2011, EA18-2014, EA19-2015, EA20-2023, EA21-2026)"
A,PC,RENT_FR,EA,2007,8.0,"Euro area (EA11-1999, EA12-2001, EA13-2007, EA15-2008, EA16-2009, EA17-2011, EA18-2014, EA19-2015, EA20-2023, EA21-2026)"
A,PC,RENT_FR,EA,2008,6.7,"Euro area (EA11-1999, EA12-2001, EA13-2007, EA15-2008, EA16-2009, EA17-2011, EA18-2014, EA19-2015, EA20-2023, EA21-2026)"
A,PC,RENT_FR,EA,2009,6.6,"Euro area (EA11-1999, EA12-2001, EA13-2007, EA15-2008, EA16-2009, EA17-2011, EA18-2014, EA19-2015, EA20-2023, EA21-2026)"
A,PC,RENT_FR,EA,2010,8.4,"Euro area (EA11-1999, EA12-2001, EA13-2007, EA15-2008, EA16-2009, EA17-2011, EA18-2014, EA19-2015, EA20-2023, EA21-2026)"
A,PC,RENT_FR,EA,2011,9.9,"Euro area (EA11-1999, EA12-2001, EA13-2007, EA15-2008, EA16-2009, EA17-2011, EA18-2014, EA19-2015, EA20-2023, EA21-2026)"
A,PC,RENT_FR,EA,2012,11.3,"Euro area (EA11-1999, EA12-2001, EA13-2007, EA15-2008, EA16-2009, EA17-2011, EA18-2014, EA19-2015, EA20-2023, EA21-2026)"
A,PC,RENT_FR,EA,2013,11.0,"Euro area (EA11-1999, EA12-2001, EA13-2007, EA15-2008, EA16-2009, EA17-2011, EA18-2014, EA19-2015, EA20-2023, EA21-2026)"
A,PC,RENT_FR,EA,2014,10.9,"Euro area (EA11-1999, EA12-2001, EA13-2007, EA15-2008, EA16-2009, EA17-2011, EA18-2014, EA19-2015, EA20-2023, EA21-2026)"
A,PC,RENT_FR,EA,2015,10.9,"Euro area (EA11-1999, EA12-2001, EA13-2007, EA15-2008, EA16-2009, EA17-2011, EA18-2014, EA19-2015, EA20-2023, EA21-2026)"
A,PC,RENT_FR,EA,2016,11.8,"Euro area (EA11-1999, EA12-2001, EA13-2007, EA15-2008, EA16-2009, EA17-2011, EA18-2014, EA19-2015, EA20-2023, EA21-2026)"
A,PC,RENT_FR,EA,2017,12.2,"Euro area (EA11-1999, EA12-2001, EA13-2007, EA15-2008, EA16-2009, EA17-2011, EA18-2014, EA19-2015, EA20-2023, EA21-2026)"
A,PC,RENT_FR,EA,2018,10.1,"Euro area (EA11-1999, EA12-2001, EA13-2007, EA15-2008, EA16-2009, EA17-2011, EA18-2014, EA19-2015, EA20-2023, EA21-2026)"
A,PC,RENT_FR,EA,2019,11.0,"Euro area (EA11-1999, EA12-2001, EA13-2007, EA15-2008, EA16-2009, EA17-2011, EA18-2014, EA19-2015, EA20-2023, EA21-2026)"
A,PC,RENT_FR,EA,2020,8.5,"Euro area (EA11-1999, EA12-2001, EA13-2007, EA15-2008, EA16-2009, EA17-2011, EA18-2014, EA19-2015, EA20-2023, EA21-2026)"
A,PC,RENT_FR,EA,2021,11.7,"Euro area (EA11-1999, EA12-2001, EA13-2007, EA15-2008, EA16-2009, EA17-2011, EA18-2014, EA19-2015, EA20-2023, EA21-2026)"
A,PC,RENT_FR,EA18,2007,8.0,Euro area - 18 countries (2014)
A,PC,RENT_FR,EA18,2008,6.8,Euro area - 18 countries (2014)
A,PC,RENT_FR,EA18,2009,6.6,Euro area - 18 countries (2014)
A,PC,RENT_FR,EA18,2010,8.4,Euro area - 18 countries (2014)
A,PC,RENT_FR,EA18,2011,9.9,Euro area - 18 countries (2014)
A,PC,RENT_FR,EA18,2012,11.3,Euro area - 18 countries (2014)
A,PC,RENT_FR,EA18,2013,11.0,Euro area - 18 countries (2014)
A,PC,RENT_FR,EA18,2014,10.9,Euro area - 18 countries (2014)
A,PC,RENT_FR,EA18,2015,10.8,Euro area - 18 countries (2014)
A,PC,RENT_FR,EA18,2016,11.8,Euro area - 18 countries (2014)
A,PC,RENT_FR,EA18,2017,12.2,Euro area - 18 countries (2014)
A,PC,RENT_FR,EA18,2018,10.0,Euro area - 18 countries (2014)
A,PC,RENT_FR,EA18,2019,11.0,Euro area - 18 countries (2014)
A,PC,RENT_FR,EA18,2020,8.5,Euro area - 18 countries (2014)
A,PC,RENT_FR,EA19,2007,8.0,Euro area - 19 countries  (2015-2022)
A,PC,RENT_FR,EA19,2008,6.8,Euro area - 19 countries  (2015-2022)
A,PC,RENT_FR,EA19,2009,6.6,Euro area - 19 countries  (2015-2022)
A,PC,RENT_FR,EA19,2010,8.4,Euro area - 19 countries  (2015-2022)
A,PC,RENT_FR,EA19,2011,9.9,Euro area - 19 countries  (2015-2022)
A,PC,RENT_FR,EA19,2012,11.4,Euro area - 19 countries  (2015-2022)
A,PC,RENT_FR,EA19,2013,11.0,Euro area - 19 countries  (2015-2022)
A,PC,RENT_FR,EA19,2014,10.9,Euro area - 19 countries  (2015-2022)
A,PC,RENT_FR,EA19,2015,10.9,Euro area - 19 countries  (2015-2022)
A,PC,RENT_FR,EA19,2016,11.8,Euro area - 19 countries  (2015-2022)
A,PC,RENT_FR,EA19,2017,12.2,Euro area - 19 countries  (2015-2022)
A,PC,RENT_FR,EA19,2018,10.1,Euro area - 19 countries  (2015-2022)
A,PC,RENT_FR,EA19,2019,11.0,Euro area - 19 countries  (2015-2022)
A,PC,RENT_FR,EA19,2020,8.5,Euro area - 19 countries  (2015-2022)
A,PC,RENT_FR,EA19,2021,11.7,Euro area - 19 countries  (2015-2022)
A,PC,RENT_FR,EA20,2014,10.9,Euro area – 20 countries (2023-2025)
A,PC,RENT_FR,EA20,2015,10.9,Euro area – 20 countries (2023-2025)
A,PC,RENT_FR,EA20,2016,11.7,Euro area – 20 countries (2023-2025)
A,PC,RENT_FR,EA20,2017,12.2,Euro area – 20 countries (2023-2025)
A,PC,RENT_FR,EA20,2018,10.0,Euro area – 20 countries (2023-2025)
A,PC,RENT_FR,EA20,2019,10.9,Euro area – 20 countries (2023-2025)
A,PC,RENT_FR,EA20,2020,8.5,Euro area – 20 countries (2023-2025)
A,PC,RENT_FR,EA20,2021,10.1,Euro area – 20 countries (2023-2025)
A,PC,RENT_FR,EA20,2022,11.3,Euro area – 20 countries (2023-2025)
A,PC,RENT_FR,EA20,2023,11.5,Euro area – 20 countries (2023-2025)
A,PC,RENT_FR,EA20,2024,10.2,Euro area – 20 countries (2023-2025)
A,PC,RENT_FR,EE,2006,9.5,Estonia
A,PC,RENT_FR,EE,2007,7.8,Estonia
A,PC,RENT_FR,EE,2008,7.2,Estonia
A,PC,RENT_FR,EE,2009,6.3,Estonia
A,PC,RENT_FR,EE,2010,10.3,Estonia
A,PC,RENT_FR,EE,2011,9.3,Estonia
A,PC,RENT_FR,EE,2012,9.4,Estonia
A,PC,RENT_FR,EE,2013,10.4,Estonia
A,PC,RENT_FR,EE,2014,14.8,Estonia
A,PC,RENT_FR,EE,2015,11.0,Estonia
A,PC,RENT_FR,EE,2016,6.4,Estonia
A,PC,RENT_FR,EE,2017,7.3,Estonia
A,PC,RENT_FR,EE,2018,6.6,Estonia
A,PC,RENT_FR,EE,2019,6.3,Estonia
A,PC,RENT_FR,EE,2020,8.1,Estonia
A,PC,RENT_FR,EE,2021,9.1,Estonia
A,PC,RENT_FR,EE,2022,8.9,Estonia
A,PC,RENT_FR,EE,2023,13.9,Estonia
A,PC,RENT_FR,EE,2024,11.6,Estonia
A,PC,RENT_FR,EL,2007,4.4,Greece
A,PC,RENT_FR,EL,2008,5.2,Greece
A,PC,RENT_FR,EL,2009,3.6,Greece
A,PC,RENT_FR,EL,2010,16.0,Greece
A,PC,RENT_FR,EL,2011,30.6,Greece
A,PC,RENT_FR,EL,2012,42.1,Greece
A,PC,RENT_FR,EL,2013,38.0,Greece
A,PC,RENT_FR,EL,2014,11.5,Greece
A,PC,RENT_FR,EL,2015,14.3,Greece
A,PC,RENT_FR,EL,2016,10.4,Greece
A,PC,RENT_FR,EL,2017,7.9,Greece
A,PC,RENT_FR,EL,2018,8.6,Greece
A,PC,RENT_FR,EL,2019,5.2,Greece
A,PC,RENT_FR,EL,2020,10.3,Greece
A,PC,RENT_FR,EL,2021,7.0,Greece
A,PC,RENT_FR,EL,2022,42.5,Greece
A,PC,RENT_FR,EL,2023,40.8,Greece
A,PC,RENT_FR,EL,2024,37.6,Greece
A,PC,RENT_FR,ES,2007,8.7,Spain
A,PC,RENT_FR,ES,2008,6.9,Spain
A,PC,RENT_FR,ES,2009,7.5,Spain
A,PC,RENT_FR,ES,2010,8.8,Spain
A,PC,RENT_FR,ES,2011,7.7,Spain
A,PC,RENT_FR,ES,2012,8.0,Spain
A,PC,RENT_FR,ES,2013,9.5,Spain
A,PC,RENT_FR,ES,2014,10.8,Spain
A,PC,RENT_FR,ES,2015,9.9,Spain
A,PC,RENT_FR,ES,2016,10.6,Spain
A,PC,RENT_FR,ES,2017,13.1,Spain
A,PC,RENT_FR,ES,2018,10.1,Spain
A,PC,RENT_FR,ES,2019,9.3,Spain
A,PC,RENT_FR,ES,2020,8.2,Spain
A,PC,RENT_FR,ES,2021,11.5,Spain
A,PC,RENT_FR,ES,2022,11.5,Spain
A,PC,RENT_FR,ES,2023,10.8,Spain
A,PC,RENT_FR,ES,2024,8.2,Spain
A,PC,RENT_FR,EU,2007,12.1,"European Union (EU6-1958, EU9-1973, EU10-1981, EU12-1986, EU15-1995, EU25-2004, EU27-2007, EU28-2013, EU27-2020)"
A,PC,RENT_FR,EU,2008,11.7,"European Union (EU6-1958, EU9-1973, EU10-1981, EU12-1986, EU15-1995, EU25-2004, EU27-2007, EU28-2013, EU27-2020)"
A,PC,RENT_FR,EU,2009,11.1,"European Union (EU6-1958, EU9-1973, EU10-1981, EU12-1986, EU15-1995, EU25-2004, EU27-2007, EU28-2013, EU27-2020)"
A,PC,RENT_FR,EU,2010,12.0,"European Union (EU6-1958, EU9-1973, EU10-1981, EU12-1986, EU15-1995, EU25-2004, EU27-2007, EU28-2013, EU27-2020)"
A,PC,RENT_FR,EU,2011,13.7,"European Union (EU6-1958, EU9-1973, EU10-1981, EU12-1986, EU15-1995, EU25-2004, EU27-2007, EU28-2013, EU27-2020)"
A,PC,RENT_FR,EU,2012,11.6,"European Union (EU6-1958, EU9-1973, EU10-1981, EU12-1986, EU15-1995, EU25-2004, EU27-2007, EU28-2013, EU27-2020)"
A,PC,RENT_FR,EU,2013,10.9,"European Union (EU6-1958, EU9-1973, EU10-1981, EU12-1986, EU15-1995, EU25-2004, EU27-2007, EU28-2013, EU27-2020)"
A,PC,RENT_FR,EU,2014,12.2,"European Union (EU6-1958, EU9-1973, EU10-1981, EU12-1986, EU15-1995, EU25-2004, EU27-2007, EU28-2013, EU27-2020)"
A,PC,RENT_FR,EU,2015,12.0,"European Union (EU6-1958, EU9-1973, EU10-1981, EU12-1986, EU15-1995, EU25-2004, EU27-2007, EU28-2013, EU27-2020)"
A,PC,RENT_FR,EU,2016,13.0,"European Union (EU6-1958, EU9-1973, EU10-1981, EU12-1986, EU15-1995, EU25-2004, EU27-2007, EU28-2013, EU27-2020)"
A,PC,RENT_FR,EU,2017,13.9,"European Union (EU6-1958, EU9-1973, EU10-1981, EU12-1986, EU15-1995, EU25-2004, EU27-2007, EU28-2013, EU27-2020)"
A,PC,RENT_FR,EU,2018,11.0,"European Union (EU6-1958, EU9-1973, EU10-1981, EU12-1986, EU15-1995, EU25-2004, EU27-2007, EU28-2013, EU27-2020)"
A,PC,RENT_FR,EU,2019,11.4,"European Union (EU6-1958, EU9-1973, EU10-1981, EU12-1986, EU15-1995, EU25-2004, EU27-2007, EU28-2013, EU27-2020)"
A,PC,RENT_FR,EU27_2007,2005,18.0,European Union - 27 countries (2007-2013)
A,PC,RENT_FR,EU27_2007,2007,12.1,European Union - 27 countries (2007-2013)
A,PC,RENT_FR,EU27_2007,2008,11.7,European Union - 27 countries (2007-2013)
A,PC,RENT_FR,EU27_2007,2009,11.1,European Union - 27 countries (2007-2013)
A,PC,RENT_FR,EU27_2007,2010,11.9,European Union - 27 countries (2007-2013)
A,PC,RENT_FR,EU27_2007,2011,13.7,European Union - 27 countries (2007-2013)
A,PC,RENT_FR,EU27_2007,2012,11.6,European Union - 27 countries (2007-2013)
A,PC,RENT_FR,EU27_2007,2013,10.9,European Union - 27 countries (2007-2013)
A,PC,RENT_FR,EU27_2007,2014,12.3,European Union - 27 countries (2007-2013)
A,PC,RENT_FR,EU27_2007,2015,12.0,European Union - 27 countries (2007-2013)
A,PC,RENT_FR,EU27_2007,2016,13.1,European Union - 27 countries (2007-2013)
A,PC,RENT_FR,EU27_2007,2017,13.9,European Union - 27 countries (2007-2013)
A,PC,RENT_FR,EU27_2007,2018,11.0,European Union - 27 countries (2007-2013)
A,PC,RENT_FR,EU27_2007,2019,11.4,European Union - 27 countries (2007-2013)
A,PC,RENT_FR,EU27_2020,2010,9.5,European Union - 27 countries (from 2020)
A,PC,RENT_FR,EU27_2020,2011,11.2,European Union - 27 countries (from 2020)
A,PC,RENT_FR,EU27_2020,2012,12.6,European Union - 27 countries (from 2020)
A,PC,RENT_FR,EU27_2020,2013,11.6,European Union - 27 countries (from 2020)
A,PC,RENT_FR,EU27_2020,2014,11.3,European Union - 27 countries (from 2020)
A,PC,RENT_FR,EU27_2020,2015,11.1,European Union - 27 countries (from 2020)
A,PC,RENT_FR,EU27_2020,2016,12.1,European Union - 27 countries (from 2020)
A,PC,RENT_FR,EU27_2020,2017,12.2,European Union - 27 countries (from 2020)
A,PC,RENT_FR,EU27_2020,2018,10.2,European Union - 27 countries (from 2020)
A,PC,RENT_FR,EU27_2020,2019,10.7,European Union - 27 countries (from 2020)
A,PC,RENT_FR,EU27_2020,2020,8.5,European Union - 27 countries (from 2020)
A,PC,RENT_FR,EU27_2020,2021,9.9,European Union - 27 countries (from 2020)
A,PC,RENT_FR,EU27_2020,2022,11.3,European Union - 27 countries (from 2020)
A,PC,RENT_FR,EU27_2020,2023,11.8,European Union - 27 countries (from 2020)
A,PC,RENT_FR,EU27_2020,2024,10.0,European Union - 27 countries (from 2020)
A,PC,RENT_FR,EU28,2010,12.0,European Union - 28 countries (2013-2020)
A,PC,RENT_FR,EU28,2011,13.7,European Union - 28 countries (2013-2020)
A,PC,RENT_FR,EU28,2012,11.6,European Union - 28 countries (2013-2020)
A,PC,RENT_FR,EU28,2013,10.9,European Union - 28 countries (2013-2020)
A,PC,RENT_FR,EU28,2014,12.2,European Union - 28 countries (2013-2020)
A,PC,RENT_FR,EU28,2015,12.0,European Union - 28 countries (2013-2020)
A,PC,RENT_FR,EU28,2016,13.0,European Union - 28 countries (2013-2020)
A,PC,RENT_FR,EU28,2017,13.9,European Union - 28 countries (2013-2020)
A,PC,RENT_FR,EU28,2018,11.0,European Union - 28 countries (2013-2020)
A,PC,RENT_FR,EU28,2019,11.4,European Union - 28 countries (2013-2020)
A,PC,RENT_FR,FI,2004,6.2,Finland
A,PC,RENT_FR,FI,2005,5.4,Finland
A,PC,RENT_FR,FI,2006,6.6,Finland
A,PC,RENT_FR,FI,2007,7.5,Finland
A,PC,RENT_FR,FI,2008,8.4,Finland
A,PC,RENT_FR,FI,2009,7.4,Finland
A,PC,RENT_FR,FI,2010,7.9,Finland
A,PC,RENT_FR,FI,2011,8.3,Finland
A,PC,RENT_FR,FI,2012,9.1,Finland
A,PC,RENT_FR,FI,2013,8.5,Finland
A,PC,RENT_FR,FI,2014,9.6,Finland
A,PC,RENT_FR,FI,2015,10.6,Finland
A,PC,RENT_FR,FI,2016,8.2,Finland
A,PC,RENT_FR,FI,2017,7.8,Finland
A,PC,RENT_FR,FI,2018,7.5,Finland
A,PC,RENT_FR,FI,2019,7.3,Finland
A,PC,RENT_FR,FI,2020,9.1,Finland
A,PC,RENT_FR,FI,2021,8.9,Finland
A,PC,RENT_FR,FI,2022,11.9,Finland
A,PC,RENT_FR,FI,2023,11.7,Finland
A,PC,RENT_FR,FI,2024,9.8,Finland
A,PC,RENT_FR,FR,2005,7.8,France
A,PC,RENT_FR,FR,2006,9.8,France
A,PC,RENT_FR,FR,2007,8.8,France
A,PC,RENT_FR,FR,2008,5.6,France
A,PC,RENT_FR,FR,2009,5.1,France
A,PC,RENT_FR,FR,2010,7.1,France
A,PC,RENT_FR,FR,2011,7.9,France
A,PC,RENT_FR,FR,2012,8.6,France
A,PC,RENT_FR,FR,2013,8.6,France
A,PC,RENT_FR,FR,2014,9.3,France
A,PC,RENT_FR,FR,2015,9.7,France
A,PC,RENT_FR,FR,2016,8.9,France
A,PC,RENT_FR,FR,2017,10.9,France
A,PC,RENT_FR,FR,2018,8.9,France
A,PC,RENT_FR,FR,2019,10.4,France
A,PC,RENT_FR,FR,2020,10.1,France
A,PC,RENT_FR,FR,2022,11.3,France
A,PC,RENT_FR,FR,2023,11.7,France
A,PC,RENT_FR,FR,2024,12.2,France
A,PC,RENT_FR,HR,2010,13.3,Croatia
A,PC,RENT_FR,HR,2011,11.6,Croatia
A,PC,RENT_FR,HR,2012,8.5,Croatia
A,PC,RENT_FR,HR,2013,9.8,Croatia
A,PC,RENT_FR,HR,2014,7.7,Croatia
A,PC,RENT_FR,HR,2015,11.6,Croatia
A,PC,RENT_FR,HR,2016,7.7,Croatia
A,PC,RENT_FR,HR,2017,9.4,Croatia
A,PC,RENT_FR,HR,2018,6.5,Croatia
A,PC,RENT_FR,HR,2019,5.7,Croatia
A,PC,RENT_FR,HR,2020,4.8,Croatia
A,PC,RENT_FR,HR,2021,4.7,Croatia
A,PC,RENT_FR,HR,2022,6.7,Croatia
A,PC,RENT_FR,HR,2023,5.4,Croatia
A,PC,RENT_FR,HR,2024,6.3,Croatia
A,PC,RENT_FR,HU,2005,12.1,Hungary
A,PC,RENT_FR,HU,2006,12.5,Hungary
A,PC,RENT_FR,HU,2007,12.7,Hungary
A,PC,RENT_FR,HU,2008,16.9,Hungary
A,PC,RENT_FR,HU,2009,14.5,Hungary
A,PC,RENT_FR,HU,2010,16.8,Hungary
A,PC,RENT_FR,HU,2011,17.9,Hungary
A,PC,RENT_FR,HU,2012,19.3,Hungary
A,PC,RENT_FR,HU,2013,13.5,Hungary
A,PC,RENT_FR,HU,2014,16.8,Hungary
A,PC,RENT_FR,HU,2015,12.7,Hungary
A,PC,RENT_FR,HU,2016,19.6,Hungary
A,PC,RENT_FR,HU,2017,18.8,Hungary
A,PC,RENT_FR,HU,2018,19.9,Hungary
A,PC,RENT_FR,HU,2019,10.9,Hungary
A,PC,RENT_FR,HU,2020,11.7,Hungary
A,PC,RENT_FR,HU,2021,8.0,Hungary
A,PC,RENT_FR,HU,2022,8.0,Hungary
A,PC,RENT_FR,HU,2023,14.0,Hungary
A,PC,RENT_FR,HU,2024,14.8,Hungary
A,PC,RENT_FR,IE,2003,30.2,Ireland
A,PC,RENT_FR,IE,2004,1.4,Ireland
A,PC,RENT_FR,IE,2005,1.9,Ireland
A,PC,RENT_FR,IE,2006,2.4,Ireland
A,PC,RENT_FR,IE,2007,2.9,Ireland
A,PC,RENT_FR,IE,2008,2.6,Ireland
A,PC,RENT_FR,IE,2009,1.8,Ireland
A,PC,RENT_FR,IE,2010,4.2,Ireland
A,PC,RENT_FR,IE,2011,8.4,Ireland
A,PC,RENT_FR,IE,2012,6.3,Ireland
A,PC,RENT_FR,IE,2013,6.4,Ireland
A,PC,RENT_FR,IE,2014,6.3,Ireland
A,PC,RENT_FR,IE,2015,3.6,Ireland
A,PC,RENT_FR,IE,2016,4.3,Ireland
A,PC,RENT_FR,IE,2017,5.3,Ireland
A,PC,RENT_FR,IE,2018,5.2,Ireland
A,PC,RENT_FR,IE,2019,9.8,Ireland
A,PC,RENT_FR,IE,2020,8.4,Ireland
A,PC,RENT_FR,IE,2021,4.6,Ireland
A,PC,RENT_FR,IE,2022,8.7,Ireland
A,PC,RENT_FR,IE,2023,7.4,Ireland
A,PC,RENT_FR,IE,2024,7.4,Ireland
A,PC,RENT_FR,IS,2004,9.0,Iceland
A,PC,RENT_FR,IS,2005,5.6,Iceland
A,PC,RENT_FR,IS,2006,3.6,Iceland
A,PC,RENT_FR,IS,2007,6.3,Iceland
A,PC,RENT_FR,IS,2008,5.1,Iceland
A,PC,RENT_FR,IS,2009,9.0,Iceland
A,PC,RENT_FR,IS,2010,6.7,Iceland
A,PC,RENT_FR,IS,2011,13.7,Iceland
A,PC,RENT_FR,IS,2012,14.0,Iceland
A,PC,RENT_FR,IS,2013,14.4,Iceland
A,PC,RENT_FR,IS,2014,13.0,Iceland
A,PC,RENT_FR,IS,2015,15.9,Iceland
A,PC,RENT_FR,IS,2016,12.8,Iceland
A,PC,RENT_FR,IS,2017,10.0,Iceland
A,PC,RENT_FR,IS,2018,13.0,Iceland
A,PC,RENT_FR,IS,2019,22.4,Iceland
A,PC,RENT_FR,IS,2020,17.3,Iceland
A,PC,RENT_FR,IT,2004,35.5,Italy
A,PC,RENT_FR,IT,2005,37.4,Italy
A,PC,RENT_FR,IT,2006,34.6,Italy
A,PC,RENT_FR,IT,2007,8.2,Italy
A,PC,RENT_FR,IT,2008,8.5,Italy
A,PC,RENT_FR,IT,2009,8.8,Italy
A,PC,RENT_FR,IT,2010,7.8,Italy
A,PC,RENT_FR,IT,2011,10.1,Italy
A,PC,RENT_FR,IT,2012,10.0,Italy
A,PC,RENT_FR,IT,2013,10.9,Italy
A,PC,RENT_FR,IT,2014,10.5,Italy
A,PC,RENT_FR,IT,2015,9.9,Italy
A,PC,RENT_FR,IT,2016,12.7,Italy
A,PC,RENT_FR,IT,2017,10.7,Italy
A,PC,RENT_FR,IT,2018,8.3,Italy
A,PC,RENT_FR,IT,2019,9.6,Italy
A,PC,RENT_FR,IT,2020,7.3,Italy
A,PC,RENT_FR,IT,2021,7.5,Italy
A,PC,RENT_FR,IT,2022,5.1,Italy
A,PC,RENT_FR,IT,2023,5.5,Italy
A,PC,RENT_FR,IT,2024,4.8,Italy
A,PC,RENT_FR,LT,2005,12.6,Lithuania
A,PC,RENT_FR,LT,2006,13.4,Lithuania
A,PC,RENT_FR,LT,2007,8.8,Lithuania
A,PC,RENT_FR,LT,2008,8.4,Lithuania
A,PC,RENT_FR,LT,2009,10.8,Lithuania
A,PC,RENT_FR,LT,2010,12.3,Lithuania
A,PC,RENT_FR,LT,2011,14.1,Lithuania
A,PC,RENT_FR,LT,2012,17.4,Lithuania
A,PC,RENT_FR,LT,2013,11.1,Lithuania
A,PC,RENT_FR,LT,2014,9.2,Lithuania
A,PC,RENT_FR,LT,2015,13.4,Lithuania
A,PC,RENT_FR,LT,2016,12.2,Lithuania
A,PC,RENT_FR,LT,2017,14.4,Lithuania
A,PC,RENT_FR,LT,2018,13.6,Lithuania
A,PC,RENT_FR,LT,2019,10.5,Lithuania
A,PC,RENT_FR,LT,2020,4.9,Lithuania
A,PC,RENT_FR,LT,2021,5.5,Lithuania
A,PC,RENT_FR,LT,2022,5.5,Lithuania
A,PC,RENT_FR,LT,2023,9.1,Lithuania
A,PC,RENT_FR,LT,2024,11.2,Lithuania
A,PC,RENT_FR,LU,2007,13.4,Luxembourg
A,PC,RENT_FR,LU,2008,2.6,Luxembourg
A,PC,RENT_FR,LU,2009,4.6,Luxembourg
A,PC,RENT_FR,LU,2010,2.0,Luxembourg
A,PC,RENT_FR,LU,2011,1.6,Luxembourg
A,PC,RENT_FR,LU,2012,1.7,Luxembourg
A,PC,RENT_FR,LU,2013,4.6,Luxembourg
A,PC,RENT_FR,LU,2014,8.2,Luxembourg
A,PC,RENT_FR,LU,2015,4.0,Luxembourg
A,PC,RENT_FR,LU,2016,9.9,Luxembourg
A,PC,RENT_FR,LU,2017,13.2,Luxembourg
A,PC,RENT_FR,LU,2018,16.6,Luxembourg
A,PC,RENT_FR,LU,2019,20.7,Luxembourg
A,PC,RENT_FR,LU,2020,14.8,Luxembourg
A,PC,RENT_FR,LU,2021,5.0,Luxembourg
A,PC,RENT_FR,LU,2022,7.7,Luxembourg
A,PC,RENT_FR,LU,2023,15.0,Luxembourg
A,PC,RENT_FR,LU,2024,10.5,Luxembourg
A,PC,RENT_FR,LV,2007,8.0,Latvia
A,PC,RENT_FR,LV,2008,10.4,Latvia
A,PC,RENT_FR,LV,2009,13.5,Latvia
A,PC,RENT_FR,LV,2010,11.7,Latvia
A,PC,RENT_FR,LV,2011,13.2,Latvia
A,PC,RENT_FR,LV,2012,12.1,Latvia
A,PC,RENT_FR,LV,2013,12.7,Latvia
A,PC,RENT_FR,LV,2014,9.7,Latvia
A,PC,RENT_FR,LV,2015,9.4,Latvia
A,PC,RENT_FR,LV,2016,8.0,Latvia
A,PC,RENT_FR,LV,2017,7.6,Latvia
A,PC,RENT_FR,LV,2018,6.0,Latvia
A,PC,RENT_FR,LV,2019,5.5,Latvia
A,PC,RENT_FR,LV,2020,4.3,Latvia
A,PC,RENT_FR,LV,2021,6.6,Latvia
A,PC,RENT_FR,LV,2022,6.3,Latvia
A,PC,RENT_FR,LV,2023,8.9,Latvia
A,PC,RENT_FR,LV,2024,10.3,Latvia
A,PC,RENT_FR,ME,2013,23.5,Montenegro
A,PC,RENT_FR,ME,2014,18.7,Montenegro
A,PC,RENT_FR,ME,2015,18.6,Montenegro
A,PC,RENT_FR,ME,2016,23.0,Montenegro
A,PC,RENT_FR,ME,2017,18.3,Montenegro
A,PC,RENT_FR,ME,2018,20.1,Montenegro
A,PC,RENT_FR,ME,2019,15.2,Montenegro
A,PC,RENT_FR,ME,2020,8.7,Montenegro
A,PC,RENT_FR,ME,2021,9.0,Montenegro
A,PC,RENT_FR,ME,2022,6.7,Montenegro
A,PC,RENT_FR,ME,2023,6.8,Montenegro
A,PC,RENT_FR,MK,2011,25.0,North Macedonia
A,PC,RENT_FR,MK,2012,25.0,North Macedonia
A,PC,RENT_FR,MK,2013,20.2,North Macedonia
A,PC,RENT_FR,MK,2014,16.8,North Macedonia
A,PC,RENT_FR,MK,2015,15.0,North Macedonia
A,PC,RENT_FR,MK,2016,18.6,North Macedonia
A,PC,RENT_FR,MK,2017,14.4,North Macedonia
A,PC,RENT_FR,MK,2018,12.4,North Macedonia
A,PC,RENT_FR,MK,2019,8.4,North Macedonia
A,PC,RENT_FR,MK,2020,8.9,North Macedonia
A,PC,RENT_FR,MK,2021,7.4,North Macedonia
A,PC,RENT_FR,MK,2022,8.5,North Macedonia
A,PC,RENT_FR,MK,2023,8.1,North Macedonia
A,PC,RENT_FR,MK,2024,8.8,North Macedonia
A,PC,RENT_FR,MT,2005,2.1,Malta
A,PC,RENT_FR,MT,2006,1.6,Malta
A,PC,RENT_FR,MT,2007,2.2,Malta
A,PC,RENT_FR,MT,2008,3.8,Malta
A,PC,RENT_FR,MT,2009,2.6,Malta
A,PC,RENT_FR,MT,2010,3.7,Malta
A,PC,RENT_FR,MT,2011,1.3,Malta
A,PC,RENT_FR,MT,2012,3.1,Malta
A,PC,RENT_FR,MT,2013,2.1,Malta
A,PC,RENT_FR,MT,2014,0.7,Malta
A,PC,RENT_FR,MT,2015,1.6,Malta
A,PC,RENT_FR,MT,2016,0.8,Malta
A,PC,RENT_FR,MT,2017,1.0,Malta
A,PC,RENT_FR,MT,2018,1.7,Malta
A,PC,RENT_FR,MT,2019,1.2,Malta
A,PC,RENT_FR,MT,2020,2.5,Malta
A,PC,RENT_FR,MT,2021,2.9,Malta
A,PC,RENT_FR,MT,2022,3.7,Malta
A,PC,RENT_FR,MT,2023,5.3,Malta
A,PC,RENT_FR,MT,2024,7.6,Malta
A,PC,RENT_FR,NL,2005,14.2,Netherlands
A,PC,RENT_FR,NL,2006,3.8,Netherlands
A,PC,RENT_FR,NL,2007,1.4,Netherlands
A,PC,RENT_FR,NL,2008,9.3,Netherlands
A,PC,RENT_FR,NL,2009,5.9,Netherlands
A,PC,RENT_FR,NL,2010,6.4,Netherlands
A,PC,RENT_FR,NL,2011,6.6,Netherlands
A,PC,RENT_FR,NL,2012,0.0,Netherlands
A,PC,RENT_FR,NL,2013,0.0,Netherlands
A,PC,RENT_FR,NL,2014,14.0,Netherlands
A,PC,RENT_FR,NL,2015,13.0,Netherlands
A,PC,RENT_FR,NL,2016,16.4,Netherlands
A,PC,RENT_FR,NL,2017,5.2,Netherlands
A,PC,RENT_FR,NL,2018,7.8,Netherlands
A,PC,RENT_FR,NL,2019,7.9,Netherlands
A,PC,RENT_FR,NL,2020,6.5,Netherlands
A,PC,RENT_FR,NL,2021,21.2,Netherlands
A,PC,RENT_FR,NL,2022,26.1,Netherlands
A,PC,RENT_FR,NL,2023,21.9,Netherlands
A,PC,RENT_FR,NL,2024,14.3,Netherlands
A,PC,RENT_FR,NO,2004,10.4,Norway
A,PC,RENT_FR,NO,2005,1.7,Norway
A,PC,RENT_FR,NO,2006,17.5,Norway
A,PC,RENT_FR,NO,2007,15.1,Norway
A,PC,RENT_FR,NO,2008,18.9,Norway
A,PC,RENT_FR,NO,2009,14.6,Norway
A,PC,RENT_FR,NO,2010,12.5,Norway
A,PC,RENT_FR,NO,2011,18.2,Norway
A,PC,RENT_FR,NO,2012,13.9,Norway
A,PC,RENT_FR,NO,2013,14.4,Norway
A,PC,RENT_FR,NO,2014,16.8,Norway
A,PC,RENT_FR,NO,2015,14.9,Norway
A,PC,RENT_FR,NO,2016,18.0,Norway
A,PC,RENT_FR,NO,2017,13.3,Norway
A,PC,RENT_FR,NO,2018,6.5,Norway
A,PC,RENT_FR,NO,2019,4.0,Norway
A,PC,RENT_FR,NO,2020,11.6,Norway
A,PC,RENT_FR,NO,2021,2.8,Norway
A,PC,RENT_FR,NO,2022,11.2,Norway
A,PC,RENT_FR,NO,2023,6.3,Norway
A,PC,RENT_FR,NO,2024,9.5,Norway
A,PC,RENT_FR,PL,2007,11.3,Poland
A,PC,RENT_FR,PL,2008,10.6,Poland
A,PC,RENT_FR,PL,2009,8.7,Poland
A,PC,RENT_FR,PL,2010,11.9,Poland
A,PC,RENT_FR,PL,2011,14.4,Poland
A,PC,RENT_FR,PL,2012,14.5,Poland
A,PC,RENT_FR,PL,2013,13.0,Poland
A,PC,RENT_FR,PL,2014,10.9,Poland
A,PC,RENT_FR,PL,2015,10.9,Poland
A,PC,RENT_FR,PL,2016,11.5,Poland
A,PC,RENT_FR,PL,2017,8.4,Poland
A,PC,RENT_FR,PL,2018,6.6,Poland
A,PC,RENT_FR,PL,2019,7.1,Poland
A,PC,RENT_FR,PL,2020,6.0,Poland
A,PC,RENT_FR,PL,2021,8.2,Poland
A,PC,RENT_FR,PL,2022,8.8,Poland
A,PC,RENT_FR,PL,2023,8.3,Poland
A,PC,RENT_FR,PL,2024,7.0,Poland
A,PC,RENT_FR,PT,2005,2.9,Portugal
A,PC,RENT_FR,PT,2007,3.0,Portugal
A,PC,RENT_FR,PT,2008,2.9,Portugal
A,PC,RENT_FR,PT,2009,4.1,Portugal
A,PC,RENT_FR,PT,2010,3.3,Portugal
A,PC,RENT_FR,PT,2011,3.1,Portugal
A,PC,RENT_FR,PT,2012,5.6,Portugal
A,PC,RENT_FR,PT,2013,6.3,Portugal
A,PC,RENT_FR,PT,2014,6.7,Portugal
A,PC,RENT_FR,PT,2015,7.6,Portugal
A,PC,RENT_FR,PT,2016,5.4,Portugal
A,PC,RENT_FR,PT,2017,5.7,Portugal
A,PC,RENT_FR,PT,2018,4.9,Portugal
A,PC,RENT_FR,PT,2019,4.0,Portugal
A,PC,RENT_FR,PT,2020,3.5,Portugal
A,PC,RENT_FR,PT,2021,3.9,Portugal
A,PC,RENT_FR,PT,2022,4.2,Portugal
A,PC,RENT_FR,PT,2023,4.4,Portugal
A,PC,RENT_FR,PT,2024,3.6,Portugal
A,PC,RENT_FR,RO,2007,24.4,Romania
A,PC,RENT_FR,RO,2008,28.7,Romania
A,PC,RENT_FR,RO,2009,25.1,Romania
A,PC,RENT_FR,RO,2010,23.5,Romania
A,PC,RENT_FR,RO,2011,14.5,Romania
A,PC,RENT_FR,RO,2012,27.2,Romania
A,PC,RENT_FR,RO,2013,23.4,Romania
A,PC,RENT_FR,RO,2014,18.3,Romania
A,PC,RENT_FR,RO,2016,19.2,Romania
A,PC,RENT_FR,RO,2017,22.2,Romania
A,PC,RENT_FR,RO,2018,20.5,Romania
A,PC,RENT_FR,RO,2019,14.1,Romania
A,PC,RENT_FR,RO,2020,14.7,Romania
A,PC,RENT_FR,RO,2021,10.3,Romania
A,PC,RENT_FR,RO,2022,20.9,Romania
A,PC,RENT_FR,RO,2023,42.6,Romania
A,PC,RENT_FR,RO,2024,11.1,Romania
A,PC,RENT_FR,RS,2013,33.1,Serbia
A,PC,RENT_FR,RS,2014,35.5,Serbia
A,PC,RENT_FR,RS,2015,38.2,Serbia
A,PC,RENT_FR,RS,2016,36.5,Serbia
A,PC,RENT_FR,RS,2017,41.1,Serbia
A,PC,RENT_FR,RS,2018,38.1,Serbia
A,PC,RENT_FR,RS,2019,26.0,Serbia
A,PC,RENT_FR,RS,2020,19.3,Serbia
A,PC,RENT_FR,RS,2021,18.7,Serbia
A,PC,RENT_FR,RS,2022,17.5,Serbia
A,PC,RENT_FR,RS,2023,18.6,Serbia
A,PC,RENT_FR,RS,2024,16.5,Serbia
A,PC,RENT_FR,SE,2006,34.4,Sweden
A,PC,RENT_FR,SE,2007,17.9,Sweden
A,PC,RENT_FR,SE,2008,30.1,Sweden
A,PC,RENT_FR,SE,2009,30.5,Sweden
A,PC,RENT_FR,SE,2010,31.2,Sweden
A,PC,RENT_FR,SE,2011,48.5,Sweden
A,PC,RENT_FR,SE,2012,26.3,Sweden
A,PC,RENT_FR,SE,2013,66.5,Sweden
A,PC,RENT_FR,SE,2014,48.4,Sweden
A,PC,RENT_FR,SE,2015,55.8,Sweden
A,PC,RENT_FR,SE,2016,5.6,Sweden
A,PC,RENT_FR,SE,2017,0.0,Sweden
A,PC,RENT_FR,SE,2018,0.0,Sweden
A,PC,RENT_FR,SE,2019,0.0,Sweden
A,PC,RENT_FR,SE,2020,0.0,Sweden
A,PC,RENT_FR,SE,2021,0.0,Sweden
A,PC,RENT_FR,SE,2022,0.0,Sweden
A,PC,RENT_FR,SE,2023,0.0,Sweden
A,PC,RENT_FR,SE,2024,0.0,Sweden
A,PC,RENT_FR,SI,2005,3.8,Slovenia
A,PC,RENT_FR,SI,2006,2.7,Slovenia
A,PC,RENT_FR,SI,2007,5.5,Slovenia
A,PC,RENT_FR,SI,2008,4.2,Slovenia
A,PC,RENT_FR,SI,2009,5.3,Slovenia
A,PC,RENT_FR,SI,2010,5.6,Slovenia
A,PC,RENT_FR,SI,2011,5.6,Slovenia
A,PC,RENT_FR,SI,2012,6.1,Slovenia
A,PC,RENT_FR,SI,2013,6.8,Slovenia
A,PC,RENT_FR,SI,2014,8.2,Slovenia
A,PC,RENT_FR,SI,2015,8.2,Slovenia
A,PC,RENT_FR,SI,2016,7.7,Slovenia
A,PC,RENT_FR,SI,2017,7.6,Slovenia
A,PC,RENT_FR,SI,2018,6.4,Slovenia
A,PC,RENT_FR,SI,2019,5.9,Slovenia
A,PC,RENT_FR,SI,2020,5.2,Slovenia
A,PC,RENT_FR,SI,2021,5.2,Slovenia
A,PC,RENT_FR,SI,2022,5.7,Slovenia
A,PC,RENT_FR,SI,2023,4.1,Slovenia
A,PC,RENT_FR,SI,2024,3.5,Slovenia
A,PC,RENT_FR,SK,2005,11.9,Slovakia
A,PC,RENT_FR,SK,2006,15.4,Slovakia
A,PC,RENT_FR,SK,2007,16.3,Slovakia
A,PC,RENT_FR,SK,2008,19.2,Slovakia
A,PC,RENT_FR,SK,2009,9.6,Slovakia
A,PC,RENT_FR,SK,2010,11.2,Slovakia
A,PC,RENT_FR,SK,2011,8.9,Slovakia
A,PC,RENT_FR,SK,2012,8.7,Slovakia
A,PC,RENT_FR,SK,2013,11.9,Slovakia
A,PC,RENT_FR,SK,2014,6.5,Slovakia
A,PC,RENT_FR,SK,2015,9.1,Slovakia
A,PC,RENT_FR,SK,2016,17.6,Slovakia
A,PC,RENT_FR,SK,2017,21.3,Slovakia
A,PC,RENT_FR,SK,2018,7.3,Slovakia
A,PC,RENT_FR,SK,2019,4.0,Slovakia
A,PC,RENT_FR,SK,2020,2.3,Slovakia
A,PC,RENT_FR,SK,2021,10.9,Slovakia
A,PC,RENT_FR,SK,2022,6.2,Slovakia
A,PC,RENT_FR,SK,2023,6.4,Slovakia
A,PC,RENT_FR,SK,2024,12.3,Slovakia
A,PC,RENT_FR,TR,2006,5.7,Türkiye
A,PC,RENT_FR,TR,2007,1.2,Türkiye
A,PC,RENT_FR,TR,2008,1.9,Türkiye
A,PC,RENT_FR,TR,2009,2.2,Türkiye
A,PC,RENT_FR,TR,2010,2.1,Türkiye
A,PC,RENT_FR,TR,2011,2.0,Türkiye
A,PC,RENT_FR,TR,2012,1.9,Türkiye
A,PC,RENT_FR,TR,2013,2.2,Türkiye
A,PC,RENT_FR,TR,2014,1.4,Türkiye
A,PC,RENT_FR,TR,2015,1.9,Türkiye
A,PC,RENT_FR,TR,2016,1.6,Türkiye
A,PC,RENT_FR,TR,2017,1.2,Türkiye
A,PC,RENT_FR,TR,2018,1.1,Türkiye
A,PC,RENT_FR,TR,2019,1.9,Türkiye
A,PC,RENT_FR,TR,2020,2.6,Türkiye
A,PC,RENT_FR,TR,2021,2.2,Türkiye
A,PC,RENT_FR,TR,2022,2.3,Türkiye
A,PC,RENT_FR,TR,2023,3.4,Türkiye
A,PC,RENT_FR,TR,2024,3.1,Türkiye
A,PC,RENT_FR,UK,2005,27.2,United Kingdom
A,PC,RENT_FR,UK,2006,23.4,United Kingdom
A,PC,RENT_FR,UK,2007,23.1,United Kingdom
A,PC,RENT_FR,UK,2008,25.9,United Kingdom
A,PC,RENT_FR,UK,2009,26.2,United Kingdom
A,PC,RENT_FR,UK,2010,23.3,United Kingdom
A,PC,RENT_FR,UK,2011,23.9,United Kingdom
A,PC,RENT_FR,UK,2012,7.6,United Kingdom
A,PC,RENT_FR,UK,2013,8.4,United Kingdom
A,PC,RENT_FR,UK,2014,16.0,United Kingdom
A,PC,RENT_FR,UK,2015,15.2,United Kingdom
A,PC,RENT_FR,UK,2016,16.2,United Kingdom
A,PC,RENT_FR,UK,2017,20.5,United Kingdom
A,PC,RENT_FR,UK,2018,20.3,United Kingdom
A,PC,RENT_FR,XK,2018,27.6,Kosovo*
A,PC,RENT_MKT,AL,2017,41.5,Albania
A,PC,RENT_MKT,AL,2018,32.7,Albania
A,PC,RENT_MKT,AL,2019,35.0,Albania
A,PC,RENT_MKT,AL,2020,27.1,Albania
A,PC,RENT_MKT,AL,2021,24.9,Albania
A,PC,RENT_MKT,AL,2022,29.6,Albania
A,PC,RENT_MKT,AL,2023,21.8,Albania
A,PC,RENT_MKT,AT,2007,12.0,Austria
A,PC,RENT_MKT,AT,2008,12.5,Austria
A,PC,RENT_MKT,AT,2009,12.9,Austria
A,PC,RENT_MKT,AT,2010,14.7,Austria
A,PC,RENT_MKT,AT,2011,12.0,Austria
A,PC,RENT_MKT,AT,2012,17.3,Austria
A,PC,RENT_MKT,AT,2013,15.5,Austria
A,PC,RENT_MKT,AT,2014,15.6,Austria
A,PC,RENT_MKT,AT,2015,15.3,Austria
A,PC,RENT_MKT,AT,2016,15.6,Austria
A,PC,RENT_MKT,AT,2017,15.5,Austria
A,PC,RENT_MKT,AT,2018,14.5,Austria
A,PC,RENT_MKT,AT,2019,14.8,Austria
A,PC,RENT_MKT,AT,2020,12.7,Austria
A,PC,RENT_MKT,AT,2021,13.1,Austria
A,PC,RENT_MKT,AT,2022,16.2,Austria
A,PC,RENT_MKT,AT,2023,13.0,Austria
A,PC,RENT_MKT,AT,2024,14.6,Austria
A,PC,RENT_MKT,BE,2004,34.3,Belgium
A,PC,RENT_MKT,BE,2005,30.1,Belgium
A,PC,RENT_MKT,BE,2006,32.4,Belgium
A,PC,RENT_MKT,BE,2007,33.0,Belgium
A,PC,RENT_MKT,BE,2008,30.5,Belgium
A,PC,RENT_MKT,BE,2009,30.5,Belgium
A,PC,RENT_MKT,BE,2010,28.7,Belgium
A,PC,RENT_MKT,BE,2011,38.1,Belgium
A,PC,RENT_MKT,BE,2012,37.2,Belgium
A,PC,RENT_MKT,BE,2013,34.0,Belgium
A,PC,RENT_MKT,BE,2014,38.1,Belgium
A,PC,RENT_MKT,BE,2015,33.7,Belgium
A,PC,RENT_MKT,BE,2016,36.0,Belgium
A,PC,RENT_MKT,BE,2017,34.9,Belgium
A,PC,RENT_MKT,BE,2018,34.8,Belgium
A,PC,RENT_MKT,BE,2019,30.7,Belgium
A,PC,RENT_MKT,BE,2020,29.3,Belgium
A,PC,RENT_MKT,BE,2021,30.2,Belgium
A,PC,RENT_MKT,BE,2022,31.2,Belgium
A,PC,RENT_MKT,BE,2023,29.8,Belgium
A,PC,RENT_MKT,BE,2024,24.3,Belgium
A,PC,RENT_MKT,BG,2006,42.2,Bulgaria
A,PC,RENT_MKT,BG,2007,42.1,Bulgaria
A,PC,RENT_MKT,BG,2008,36.6,Bulgaria
A,PC,RENT_MKT,BG,2009,38.1,Bulgaria
A,PC,RENT_MKT,BG,2010,30.8,Bulgaria
A,PC,RENT_MKT,BG,2011,32.8,Bulgaria
A,PC,RENT_MKT,BG,2012,48.2,Bulgaria
A,PC,RENT_MKT,BG,2013,36.3,Bulgaria
A,PC,RENT_MKT,BG,2014,40.8,Bulgaria
A,PC,RENT_MKT,BG,2015,30.8,Bulgaria
A,PC,RENT_MKT,BG,2016,50.4,Bulgaria
A,PC,RENT_MKT,BG,2017,51.0,Bulgaria
A,PC,RENT_MKT,BG,2018,50.1,Bulgaria
A,PC,RENT_MKT,BG,2019,41.0,Bulgaria
A,PC,RENT_MKT,BG,2020,44.8,Bulgaria
A,PC,RENT_MKT,BG,2021,45.4,Bulgaria
A,PC,RENT_MKT,BG,2022,38.5,Bulgaria
A,PC,RENT_MKT,BG,2023,33.3,Bulgaria
A,PC,RENT_MKT,BG,2024,27.8,Bulgaria
A,PC,RENT_MKT,CH,2010,20.7,Switzerland
A,PC,RENT_MKT,CH,2011,17.7,Switzerland
A,PC,RENT_MKT,CH,2012,16.6,Switzerland
A,PC,RENT_MKT,CH,2013,15.2,Switzerland
A,PC,RENT_MKT,CH,2014,17.3,Switzerland
A,PC,RENT_MKT,CH,2015,17.2,Switzerland
A,PC,RENT_MKT,CH,2016,18.2,Switzerland
A,PC,RENT_MKT,CH,2017,19.6,Switzerland
A,PC,RENT_MKT,CH,2018,19.4,Switzerland
A,PC,RENT_MKT,CH,2019,20.6,Switzerland
A,PC,RENT_MKT,CH,2020,20.0,Switzerland
A,PC,RENT_MKT,CH,2021,22.7,Switzerland
A,PC,RENT_MKT,CH,2022,20.8,Switzerland
A,PC,RENT_MKT,CH,2023,21.6,Switzerland
A,PC,RENT_MKT,CH,2024,22.8,Switzerland
A,PC,RENT_MKT,CY,2007,11.3,Cyprus
A,PC,RENT_MKT,CY,2008,12.5,Cyprus
A,PC,RENT_MKT,CY,2009,17.6,Cyprus
A,PC,RENT_MKT,CY,2010,19.1,Cyprus
A,PC,RENT_MKT,CY,2011,16.3,Cyprus
A,PC,RENT_MKT,CY,2012,19.9,Cyprus
A,PC,RENT_MKT,CY,2013,17.7,Cyprus
A,PC,RENT_MKT,CY,2014,19.3,Cyprus
A,PC,RENT_MKT,CY,2015,19.7,Cyprus
A,PC,RENT_MKT,CY,2016,18.1,Cyprus
A,PC,RENT_MKT,CY,2017,14.2,Cyprus
A,PC,RENT_MKT,CY,2018,11.3,Cyprus
A,PC,RENT_MKT,CY,2019,12.4,Cyprus
A,PC,RENT_MKT,CY,2020,11.2,Cyprus
A,PC,RENT_MKT,CY,2021,16.0,Cyprus
A,PC,RENT_MKT,CY,2022,16.8,Cyprus
A,PC,RENT_MKT,CY,2023,16.1,Cyprus
A,PC,RENT_MKT,CY,2024,14.4,Cyprus
A,PC,RENT_MKT,CZ,2005,28.7,Czechia
A,PC,RENT_MKT,CZ,2006,29.7,Czechia
A,PC,RENT_MKT,CZ,2007,26.0,Czechia
A,PC,RENT_MKT,CZ,2008,25.4,Czechia
A,PC,RENT_MKT,CZ,2009,23.2,Czechia
A,PC,RENT_MKT,CZ,2010,31.1,Czechia
A,PC,RENT_MKT,CZ,2011,25.0,Czechia
A,PC,RENT_MKT,CZ,2012,28.2,Czechia
A,PC,RENT_MKT,CZ,2013,32.7,Czechia
A,PC,RENT_MKT,CZ,2014,29.9,Czechia
A,PC,RENT_MKT,CZ,2015,31.0,Czechia
A,PC,RENT_MKT,CZ,2016,29.3,Czechia
A,PC,RENT_MKT,CZ,2017,28.3,Czechia
A,PC,RENT_MKT,CZ,2018,27.9,Czechia
A,PC,RENT_MKT,CZ,2019,24.1,Czechia
A,PC,RENT_MKT,CZ,2020,25.8,Czechia
A,PC,RENT_MKT,CZ,2021,26.1,Czechia
A,PC,RENT_MKT,CZ,2022,26.1,Czechia
A,PC,RENT_MKT,CZ,2023,27.4,Czechia
A,PC,RENT_MKT,CZ,2024,30.6,Czechia
A,PC,RENT_MKT,DE,2010,16.7,Germany
A,PC,RENT_MKT,DE,2011,21.4,Germany
A,PC,RENT_MKT,DE,2012,23.7,Germany
A,PC,RENT_MKT,DE,2013,22.3,Germany
A,PC,RENT_MKT,DE,2014,23.1,Germany
A,PC,RENT_MKT,DE,2015,22.8,Germany
A,PC,RENT_MKT,DE,2016,23.0,Germany
A,PC,RENT_MKT,DE,2017,20.5,Germany
A,PC,RENT_MKT,DE,2018,20.9,Germany
A,PC,RENT_MKT,DE,2019,18.3,Germany
A,PC,RENT_MKT,DE,2020,12.3,Germany
A,PC,RENT_MKT,DE,2021,13.4,Germany
A,PC,RENT_MKT,DE,2022,13.8,Germany
A,PC,RENT_MKT,DE,2023,14.9,Germany
A,PC,RENT_MKT,DE,2024,13.8,Germany
A,PC,RENT_MKT,DK,2005,26.2,Denmark
A,PC,RENT_MKT,DK,2006,34.1,Denmark
A,PC,RENT_MKT,DK,2007,25.4,Denmark
A,PC,RENT_MKT,DK,2008,25.8,Denmark
A,PC,RENT_MKT,DK,2009,29.2,Denmark
A,PC,RENT_MKT,DK,2010,30.6,Denmark
A,PC,RENT_MKT,DK,2011,35.4,Denmark
A,PC,RENT_MKT,DK,2012,34.7,Denmark
A,PC,RENT_MKT,DK,2013,37.1,Denmark
A,PC,RENT_MKT,DK,2014,32.9,Denmark
A,PC,RENT_MKT,DK,2015,31.9,Denmark
A,PC,RENT_MKT,DK,2016,31.6,Denmark
A,PC,RENT_MKT,DK,2017,31.7,Denmark
A,PC,RENT_MKT,DK,2018,28.9,Denmark
A,PC,RENT_MKT,DK,2019,30.7,Denmark
A,PC,RENT_MKT,DK,2020,25.2,Denmark
A,PC,RENT_MKT,DK,2021,30.3,Denmark
A,PC,RENT_MKT,DK,2022,29.5,Denmark
A,PC,RENT_MKT,DK,2023,33.0,Denmark
A,PC,RENT_MKT,DK,2024,28.7,Denmark
A,PC,RENT_MKT,EA,2005,21.2,"Euro area (EA11-1999, EA12-2001, EA13-2007, EA15-2008, EA16-2009, EA17-2011, EA18-2014, EA19-2015, EA20-2023, EA21-2026)"
A,PC,RENT_MKT,EA,2007,23.7,"Euro area (EA11-1999, EA12-2001, EA13-2007, EA15-2008, EA16-2009, EA17-2011, EA18-2014, EA19-2015, EA20-2023, EA21-2026)"
A,PC,RENT_MKT,EA,2008,27.2,"Euro area (EA11-1999, EA12-2001, EA13-2007, EA15-2008, EA16-2009, EA17-2011, EA18-2014, EA19-2015, EA20-2023, EA21-2026)"
A,PC,RENT_MKT,EA,2009,26.0,"Euro area (EA11-1999, EA12-2001, EA13-2007, EA15-2008, EA16-2009, EA17-2011, EA18-2014, EA19-2015, EA20-2023, EA21-2026)"
A,PC,RENT_MKT,EA,2010,21.7,"Euro area (EA11-1999, EA12-2001, EA13-2007, EA15-2008, EA16-2009, EA17-2011, EA18-2014, EA19-2015, EA20-2023, EA21-2026)"
A,PC,RENT_MKT,EA,2011,24.8,"Euro area (EA11-1999, EA12-2001, EA13-2007, EA15-2008, EA16-2009, EA17-2011, EA18-2014, EA19-2015, EA20-2023, EA21-2026)"
A,PC,RENT_MKT,EA,2012,26.1,"Euro area (EA11-1999, EA12-2001, EA13-2007, EA15-2008, EA16-2009, EA17-2011, EA18-2014, EA19-2015, EA20-2023, EA21-2026)"
A,PC,RENT_MKT,EA,2013,25.6,"Euro area (EA11-1999, EA12-2001, EA13-2007, EA15-2008, EA16-2009, EA17-2011, EA18-2014, EA19-2015, EA20-2023, EA21-2026)"
A,PC,RENT_MKT,EA,2014,27.1,"Euro area (EA11-1999, EA12-2001, EA13-2007, EA15-2008, EA16-2009, EA17-2011, EA18-2014, EA19-2015, EA20-2023, EA21-2026)"
A,PC,RENT_MKT,EA,2015,26.4,"Euro area (EA11-1999, EA12-2001, EA13-2007, EA15-2008, EA16-2009, EA17-2011, EA18-2014, EA19-2015, EA20-2023, EA21-2026)"
A,PC,RENT_MKT,EA,2016,27.1,"Euro area (EA11-1999, EA12-2001, EA13-2007, EA15-2008, EA16-2009, EA17-2011, EA18-2014, EA19-2015, EA20-2023, EA21-2026)"
A,PC,RENT_MKT,EA,2017,25.0,"Euro area (EA11-1999, EA12-2001, EA13-2007, EA15-2008, EA16-2009, EA17-2011, EA18-2014, EA19-2015, EA20-2023, EA21-2026)"
A,PC,RENT_MKT,EA,2018,24.9,"Euro area (EA11-1999, EA12-2001, EA13-2007, EA15-2008, EA16-2009, EA17-2011, EA18-2014, EA19-2015, EA20-2023, EA21-2026)"
A,PC,RENT_MKT,EA,2019,24.0,"Euro area (EA11-1999, EA12-2001, EA13-2007, EA15-2008, EA16-2009, EA17-2011, EA18-2014, EA19-2015, EA20-2023, EA21-2026)"
A,PC,RENT_MKT,EA,2020,20.6,"Euro area (EA11-1999, EA12-2001, EA13-2007, EA15-2008, EA16-2009, EA17-2011, EA18-2014, EA19-2015, EA20-2023, EA21-2026)"
A,PC,RENT_MKT,EA,2021,20.9,"Euro area (EA11-1999, EA12-2001, EA13-2007, EA15-2008, EA16-2009, EA17-2011, EA18-2014, EA19-2015, EA20-2023, EA21-2026)"
A,PC,RENT_MKT,EA18,2007,23.8,Euro area - 18 countries (2014)
A,PC,RENT_MKT,EA18,2008,27.0,Euro area - 18 countries (2014)
A,PC,RENT_MKT,EA18,2009,25.9,Euro area - 18 countries (2014)
A,PC,RENT_MKT,EA18,2010,21.7,Euro area - 18 countries (2014)
A,PC,RENT_MKT,EA18,2011,24.8,Euro area - 18 countries (2014)
A,PC,RENT_MKT,EA18,2012,26.0,Euro area - 18 countries (2014)
A,PC,RENT_MKT,EA18,2013,25.6,Euro area - 18 countries (2014)
A,PC,RENT_MKT,EA18,2014,27.1,Euro area - 18 countries (2014)
A,PC,RENT_MKT,EA18,2015,26.4,Euro area - 18 countries (2014)
A,PC,RENT_MKT,EA18,2016,27.1,Euro area - 18 countries (2014)
A,PC,RENT_MKT,EA18,2017,25.0,Euro area - 18 countries (2014)
A,PC,RENT_MKT,EA18,2018,24.9,Euro area - 18 countries (2014)
A,PC,RENT_MKT,EA18,2019,24.0,Euro area - 18 countries (2014)
A,PC,RENT_MKT,EA18,2020,20.6,Euro area - 18 countries (2014)
A,PC,RENT_MKT,EA19,2007,23.8,Euro area - 19 countries  (2015-2022)
A,PC,RENT_MKT,EA19,2008,26.9,Euro area - 19 countries  (2015-2022)
A,PC,RENT_MKT,EA19,2009,25.9,Euro area - 19 countries  (2015-2022)
A,PC,RENT_MKT,EA19,2010,21.7,Euro area - 19 countries  (2015-2022)
A,PC,RENT_MKT,EA19,2011,24.8,Euro area - 19 countries  (2015-2022)
A,PC,RENT_MKT,EA19,2012,26.1,Euro area - 19 countries  (2015-2022)
A,PC,RENT_MKT,EA19,2013,25.6,Euro area - 19 countries  (2015-2022)
A,PC,RENT_MKT,EA19,2014,27.1,Euro area - 19 countries  (2015-2022)
A,PC,RENT_MKT,EA19,2015,26.4,Euro area - 19 countries  (2015-2022)
A,PC,RENT_MKT,EA19,2016,27.1,Euro area - 19 countries  (2015-2022)
A,PC,RENT_MKT,EA19,2017,25.0,Euro area - 19 countries  (2015-2022)
A,PC,RENT_MKT,EA19,2018,24.9,Euro area - 19 countries  (2015-2022)
A,PC,RENT_MKT,EA19,2019,24.0,Euro area - 19 countries  (2015-2022)
A,PC,RENT_MKT,EA19,2020,20.6,Euro area - 19 countries  (2015-2022)
A,PC,RENT_MKT,EA19,2021,20.9,Euro area - 19 countries  (2015-2022)
A,PC,RENT_MKT,EA20,2014,27.2,Euro area – 20 countries (2023-2025)
A,PC,RENT_MKT,EA20,2015,26.4,Euro area – 20 countries (2023-2025)
A,PC,RENT_MKT,EA20,2016,27.1,Euro area – 20 countries (2023-2025)
A,PC,RENT_MKT,EA20,2017,25.0,Euro area – 20 countries (2023-2025)
A,PC,RENT_MKT,EA20,2018,24.9,Euro area – 20 countries (2023-2025)
A,PC,RENT_MKT,EA20,2019,24.1,Euro area – 20 countries (2023-2025)
A,PC,RENT_MKT,EA20,2020,20.6,Euro area – 20 countries (2023-2025)
A,PC,RENT_MKT,EA20,2021,21.5,Euro area – 20 countries (2023-2025)
A,PC,RENT_MKT,EA20,2022,20.5,Euro area – 20 countries (2023-2025)
A,PC,RENT_MKT,EA20,2023,19.6,Euro area – 20 countries (2023-2025)
A,PC,RENT_MKT,EA20,2024,18.6,Euro area – 20 countries (2023-2025)
A,PC,RENT_MKT,EE,2006,13.9,Estonia
A,PC,RENT_MKT,EE,2007,24.6,Estonia
A,PC,RENT_MKT,EE,2008,25.1,Estonia
A,PC,RENT_MKT,EE,2009,20.9,Estonia
A,PC,RENT_MKT,EE,2010,26.6,Estonia
A,PC,RENT_MKT,EE,2011,28.1,Estonia
A,PC,RENT_MKT,EE,2012,27.9,Estonia
A,PC,RENT_MKT,EE,2013,25.6,Estonia
A,PC,RENT_MKT,EE,2014,32.3,Estonia
A,PC,RENT_MKT,EE,2015,42.3,Estonia
A,PC,RENT_MKT,EE,2016,28.5,Estonia
A,PC,RENT_MKT,EE,2017,26.6,Estonia
A,PC,RENT_MKT,EE,2018,25.5,Estonia
A,PC,RENT_MKT,EE,2019,28.1,Estonia
A,PC,RENT_MKT,EE,2020,36.5,Estonia
A,PC,RENT_MKT,EE,2021,26.1,Estonia
A,PC,RENT_MKT,EE,2022,25.9,Estonia
A,PC,RENT_MKT,EE,2023,35.8,Estonia
A,PC,RENT_MKT,EE,2024,30.8,Estonia
A,PC,RENT_MKT,EL,2007,23.6,Greece
A,PC,RENT_MKT,EL,2008,68.4,Greece
A,PC,RENT_MKT,EL,2009,66.5,Greece
A,PC,RENT_MKT,EL,2010,36.0,Greece
A,PC,RENT_MKT,EL,2011,42.7,Greece
A,PC,RENT_MKT,EL,2012,53.0,Greece
A,PC,RENT_MKT,EL,2013,58.3,Greece
A,PC,RENT_MKT,EL,2014,87.5,Greece
A,PC,RENT_MKT,EL,2015,86.8,Greece
A,PC,RENT_MKT,EL,2016,84.6,Greece
A,PC,RENT_MKT,EL,2017,83.9,Greece
A,PC,RENT_MKT,EL,2018,83.1,Greece
A,PC,RENT_MKT,EL,2019,83.2,Greece
A,PC,RENT_MKT,EL,2020,79.2,Greece
A,PC,RENT_MKT,EL,2021,74.6,Greece
A,PC,RENT_MKT,EL,2022,37.9,Greece
A,PC,RENT_MKT,EL,2023,40.5,Greece
A,PC,RENT_MKT,EL,2024,37.4,Greece
A,PC,RENT_MKT,ES,2007,35.9,Spain
A,PC,RENT_MKT,ES,2008,43.4,Spain
A,PC,RENT_MKT,ES,2009,41.4,Spain
A,PC,RENT_MKT,ES,2010,43.4,Spain
A,PC,RENT_MKT,ES,2011,42.7,Spain
A,PC,RENT_MKT,ES,2012,44.7,Spain
A,PC,RENT_MKT,ES,2013,42.3,Spain
A,PC,RENT_MKT,ES,2014,47.5,Spain
A,PC,RENT_MKT,ES,2015,43.3,Spain
A,PC,RENT_MKT,ES,2016,43.0,Spain
A,PC,RENT_MKT,ES,2017,42.1,Spain
A,PC,RENT_MKT,ES,2018,38.1,Spain
A,PC,RENT_MKT,ES,2019,37.4,Spain
A,PC,RENT_MKT,ES,2020,35.9,Spain
A,PC,RENT_MKT,ES,2021,40.9,Spain
A,PC,RENT_MKT,ES,2022,39.4,Spain
A,PC,RENT_MKT,ES,2023,30.6,Spain
A,PC,RENT_MKT,ES,2024,28.1,Spain
A,PC,RENT_MKT,EU,2007,25.9,"European Union (EU6-1958, EU9-1973, EU10-1981, EU12-1986, EU15-1995, EU25-2004, EU27-2007, EU28-2013, EU27-2020)"
A,PC,RENT_MKT,EU,2008,28.1,"European Union (EU6-1958, EU9-1973, EU10-1981, EU12-1986, EU15-1995, EU25-2004, EU27-2007, EU28-2013, EU27-2020)"
A,PC,RENT_MKT,EU,2009,28.1,"European Union (EU6-1958, EU9-1973, EU10-1981, EU12-1986, EU15-1995, EU25-2004, EU27-2007, EU28-2013, EU27-2020)"
A,PC,RENT_MKT,EU,2010,24.1,"European Union (EU6-1958, EU9-1973, EU10-1981, EU12-1986, EU15-1995, EU25-2004, EU27-2007, EU28-2013, EU27-2020)"
A,PC,RENT_MKT,EU,2011,26.8,"European Union (EU6-1958, EU9-1973, EU10-1981, EU12-1986, EU15-1995, EU25-2004, EU27-2007, EU28-2013, EU27-2020)"
A,PC,RENT_MKT,EU,2012,25.8,"European Union (EU6-1958, EU9-1973, EU10-1981, EU12-1986, EU15-1995, EU25-2004, EU27-2007, EU28-2013, EU27-2020)"
A,PC,RENT_MKT,EU,2013,25.9,"European Union (EU6-1958, EU9-1973, EU10-1981, EU12-1986, EU15-1995, EU25-2004, EU27-2007, EU28-2013, EU27-2020)"
A,PC,RENT_MKT,EU,2014,28.0,"European Union (EU6-1958, EU9-1973, EU10-1981, EU12-1986, EU15-1995, EU25-2004, EU27-2007, EU28-2013, EU27-2020)"
A,PC,RENT_MKT,EU,2015,27.7,"European Union (EU6-1958, EU9-1973, EU10-1981, EU12-1986, EU15-1995, EU25-2004, EU27-2007, EU28-2013, EU27-2020)"
A,PC,RENT_MKT,EU,2016,28.0,"European Union (EU6-1958, EU9-1973, EU10-1981, EU12-1986, EU15-1995, EU25-2004, EU27-2007, EU28-2013, EU27-2020)"
A,PC,RENT_MKT,EU,2017,26.4,"European Union (EU6-1958, EU9-1973, EU10-1981, EU12-1986, EU15-1995, EU25-2004, EU27-2007, EU28-2013, EU27-2020)"
A,PC,RENT_MKT,EU,2018,27.0,"European Union (EU6-1958, EU9-1973, EU10-1981, EU12-1986, EU15-1995, EU25-2004, EU27-2007, EU28-2013, EU27-2020)"
A,PC,RENT_MKT,EU,2019,26.3,"European Union (EU6-1958, EU9-1973, EU10-1981, EU12-1986, EU15-1995, EU25-2004, EU27-2007, EU28-2013, EU27-2020)"
A,PC,RENT_MKT,EU27_2007,2005,22.5,European Union - 27 countries (2007-2013)
A,PC,RENT_MKT,EU27_2007,2007,25.9,European Union - 27 countries (2007-2013)
A,PC,RENT_MKT,EU27_2007,2008,28.1,European Union - 27 countries (2007-2013)
A,PC,RENT_MKT,EU27_2007,2009,28.1,European Union - 27 countries (2007-2013)
A,PC,RENT_MKT,EU27_2007,2010,24.1,European Union - 27 countries (2007-2013)
A,PC,RENT_MKT,EU27_2007,2011,26.8,European Union - 27 countries (2007-2013)
A,PC,RENT_MKT,EU27_2007,2012,25.8,European Union - 27 countries (2007-2013)
A,PC,RENT_MKT,EU27_2007,2013,25.8,European Union - 27 countries (2007-2013)
A,PC,RENT_MKT,EU27_2007,2014,28.0,European Union - 27 countries (2007-2013)
A,PC,RENT_MKT,EU27_2007,2015,27.7,European Union - 27 countries (2007-2013)
A,PC,RENT_MKT,EU27_2007,2016,28.0,European Union - 27 countries (2007-2013)
A,PC,RENT_MKT,EU27_2007,2017,26.4,European Union - 27 countries (2007-2013)
A,PC,RENT_MKT,EU27_2007,2018,27.0,European Union - 27 countries (2007-2013)
A,PC,RENT_MKT,EU27_2007,2019,26.3,European Union - 27 countries (2007-2013)
A,PC,RENT_MKT,EU27_2020,2010,22.2,European Union - 27 countries (from 2020)
A,PC,RENT_MKT,EU27_2020,2011,24.9,European Union - 27 countries (from 2020)
A,PC,RENT_MKT,EU27_2020,2012,26.1,European Union - 27 countries (from 2020)
A,PC,RENT_MKT,EU27_2020,2013,25.9,European Union - 27 countries (from 2020)
A,PC,RENT_MKT,EU27_2020,2014,27.1,European Union - 27 countries (from 2020)
A,PC,RENT_MKT,EU27_2020,2015,26.4,European Union - 27 countries (from 2020)
A,PC,RENT_MKT,EU27_2020,2016,27.0,European Union - 27 countries (from 2020)
A,PC,RENT_MKT,EU27_2020,2017,25.1,European Union - 27 countries (from 2020)
A,PC,RENT_MKT,EU27_2020,2018,25.1,European Union - 27 countries (from 2020)
A,PC,RENT_MKT,EU27_2020,2019,24.2,European Union - 27 countries (from 2020)
A,PC,RENT_MKT,EU27_2020,2020,20.9,European Union - 27 countries (from 2020)
A,PC,RENT_MKT,EU27_2020,2021,21.8,European Union - 27 countries (from 2020)
A,PC,RENT_MKT,EU27_2020,2022,20.8,European Union - 27 countries (from 2020)
A,PC,RENT_MKT,EU27_2020,2023,20.3,European Union - 27 countries (from 2020)
A,PC,RENT_MKT,EU27_2020,2024,19.2,European Union - 27 countries (from 2020)
A,PC,RENT_MKT,EU28,2010,24.1,European Union - 28 countries (2013-2020)
A,PC,RENT_MKT,EU28,2011,26.8,European Union - 28 countries (2013-2020)
A,PC,RENT_MKT,EU28,2012,25.8,European Union - 28 countries (2013-2020)
A,PC,RENT_MKT,EU28,2013,25.9,European Union - 28 countries (2013-2020)
A,PC,RENT_MKT,EU28,2014,28.0,European Union - 28 countries (2013-2020)
A,PC,RENT_MKT,EU28,2015,27.7,European Union - 28 countries (2013-2020)
A,PC,RENT_MKT,EU28,2016,28.0,European Union - 28 countries (2013-2020)
A,PC,RENT_MKT,EU28,2017,26.4,European Union - 28 countries (2013-2020)
A,PC,RENT_MKT,EU28,2018,27.0,European Union - 28 countries (2013-2020)
A,PC,RENT_MKT,EU28,2019,26.3,European Union - 28 countries (2013-2020)
A,PC,RENT_MKT,FI,2004,12.8,Finland
A,PC,RENT_MKT,FI,2005,13.2,Finland
A,PC,RENT_MKT,FI,2006,11.3,Finland
A,PC,RENT_MKT,FI,2007,12.7,Finland
A,PC,RENT_MKT,FI,2008,13.1,Finland
A,PC,RENT_MKT,FI,2009,11.4,Finland
A,PC,RENT_MKT,FI,2010,12.5,Finland
A,PC,RENT_MKT,FI,2011,12.5,Finland
A,PC,RENT_MKT,FI,2012,11.8,Finland
A,PC,RENT_MKT,FI,2013,15.0,Finland
A,PC,RENT_MKT,FI,2014,16.8,Finland
A,PC,RENT_MKT,FI,2015,16.7,Finland
A,PC,RENT_MKT,FI,2016,14.6,Finland
A,PC,RENT_MKT,FI,2017,13.0,Finland
A,PC,RENT_MKT,FI,2018,15.2,Finland
A,PC,RENT_MKT,FI,2019,13.1,Finland
A,PC,RENT_MKT,FI,2020,14.2,Finland
A,PC,RENT_MKT,FI,2021,12.8,Finland
A,PC,RENT_MKT,FI,2022,15.4,Finland
A,PC,RENT_MKT,FI,2023,15.3,Finland
A,PC,RENT_MKT,FI,2024,14.1,Finland
A,PC,RENT_MKT,FR,2005,14.5,France
A,PC,RENT_MKT,FR,2006,15.6,France
A,PC,RENT_MKT,FR,2007,15.6,France
A,PC,RENT_MKT,FR,2008,16.5,France
A,PC,RENT_MKT,FR,2009,15.1,France
A,PC,RENT_MKT,FR,2010,19.0,France
A,PC,RENT_MKT,FR,2011,19.4,France
A,PC,RENT_MKT,FR,2012,16.2,France
A,PC,RENT_MKT,FR,2013,16.2,France
A,PC,RENT_MKT,FR,2014,15.8,France
A,PC,RENT_MKT,FR,2015,14.9,France
A,PC,RENT_MKT,FR,2016,16.5,France
A,PC,RENT_MKT,FR,2017,14.7,France
A,PC,RENT_MKT,FR,2018,14.9,France
A,PC,RENT_MKT,FR,2019,17.7,France
A,PC,RENT_MKT,FR,2020,18.2,France
A,PC,RENT_MKT,FR,2022,21.9,France
A,PC,RENT_MKT,FR,2023,19.3,France
A,PC,RENT_MKT,FR,2024,20.2,France
A,PC,RENT_MKT,HR,2010,51.8,Croatia
A,PC,RENT_MKT,HR,2011,40.4,Croatia
A,PC,RENT_MKT,HR,2012,40.5,Croatia
A,PC,RENT_MKT,HR,2013,49.8,Croatia
A,PC,RENT_MKT,HR,2014,41.3,Croatia
A,PC,RENT_MKT,HR,2015,36.4,Croatia
A,PC,RENT_MKT,HR,2016,45.2,Croatia
A,PC,RENT_MKT,HR,2017,48.6,Croatia
A,PC,RENT_MKT,HR,2018,32.1,Croatia
A,PC,RENT_MKT,HR,2019,35.7,Croatia
A,PC,RENT_MKT,HR,2020,20.9,Croatia
A,PC,RENT_MKT,HR,2021,19.5,Croatia
A,PC,RENT_MKT,HR,2022,21.5,Croatia
A,PC,RENT_MKT,HR,2023,38.3,Croatia
A,PC,RENT_MKT,HR,2024,29.2,Croatia
A,PC,RENT_MKT,HU,2005,42.6,Hungary
A,PC,RENT_MKT,HU,2006,37.8,Hungary
A,PC,RENT_MKT,HU,2007,42.0,Hungary
A,PC,RENT_MKT,HU,2008,48.7,Hungary
A,PC,RENT_MKT,HU,2009,44.0,Hungary
A,PC,RENT_MKT,HU,2010,49.9,Hungary
A,PC,RENT_MKT,HU,2011,45.0,Hungary
A,PC,RENT_MKT,HU,2012,38.5,Hungary
A,PC,RENT_MKT,HU,2013,37.3,Hungary
A,PC,RENT_MKT,HU,2014,41.4,Hungary
A,PC,RENT_MKT,HU,2015,32.4,Hungary
A,PC,RENT_MKT,HU,2016,36.6,Hungary
A,PC,RENT_MKT,HU,2017,30.6,Hungary
A,PC,RENT_MKT,HU,2018,46.9,Hungary
A,PC,RENT_MKT,HU,2019,21.0,Hungary
A,PC,RENT_MKT,HU,2020,40.8,Hungary
A,PC,RENT_MKT,HU,2021,13.3,Hungary
A,PC,RENT_MKT,HU,2022,20.0,Hungary
A,PC,RENT_MKT,HU,2023,38.7,Hungary
A,PC,RENT_MKT,HU,2024,43.8,Hungary
A,PC,RENT_MKT,IE,2003,26.0,Ireland
A,PC,RENT_MKT,IE,2004,21.8,Ireland
A,PC,RENT_MKT,IE,2005,18.7,Ireland
A,PC,RENT_MKT,IE,2006,17.4,Ireland
A,PC,RENT_MKT,IE,2007,23.0,Ireland
A,PC,RENT_MKT,IE,2008,17.1,Ireland
A,PC,RENT_MKT,IE,2009,21.9,Ireland
A,PC,RENT_MKT,IE,2010,18.6,Ireland
A,PC,RENT_MKT,IE,2011,19.9,Ireland
A,PC,RENT_MKT,IE,2012,21.3,Ireland
A,PC,RENT_MKT,IE,2013,16.6,Ireland
A,PC,RENT_MKT,IE,2014,19.1,Ireland
A,PC,RENT_MKT,IE,2015,17.7,Ireland
A,PC,RENT_MKT,IE,2016,19.3,Ireland
A,PC,RENT_MKT,IE,2017,21.5,Ireland
A,PC,RENT_MKT,IE,2018,14.3,Ireland
A,PC,RENT_MKT,IE,2019,25.5,Ireland
A,PC,RENT_MKT,IE,2020,15.3,Ireland
A,PC,RENT_MKT,IE,2021,10.4,Ireland
A,PC,RENT_MKT,IE,2022,12.9,Ireland
A,PC,RENT_MKT,IE,2023,19.1,Ireland
A,PC,RENT_MKT,IE,2024,18.3,Ireland
A,PC,RENT_MKT,IS,2004,12.2,Iceland
A,PC,RENT_MKT,IS,2005,16.0,Iceland
A,PC,RENT_MKT,IS,2006,13.2,Iceland
A,PC,RENT_MKT,IS,2007,9.4,Iceland
A,PC,RENT_MKT,IS,2008,17.3,Iceland
A,PC,RENT_MKT,IS,2009,15.7,Iceland
A,PC,RENT_MKT,IS,2010,16.5,Iceland
A,PC,RENT_MKT,IS,2011,18.6,Iceland
A,PC,RENT_MKT,IS,2012,18.1,Iceland
A,PC,RENT_MKT,IS,2013,17.9,Iceland
A,PC,RENT_MKT,IS,2014,18.6,Iceland
A,PC,RENT_MKT,IS,2015,19.5,Iceland
A,PC,RENT_MKT,IS,2016,16.9,Iceland
A,PC,RENT_MKT,IS,2017,21.1,Iceland
A,PC,RENT_MKT,IS,2018,17.4,Iceland
A,PC,RENT_MKT,IS,2019,26.2,Iceland
A,PC,RENT_MKT,IS,2020,25.1,Iceland
A,PC,RENT_MKT,IT,2004,26.4,Italy
A,PC,RENT_MKT,IT,2005,26.3,Italy
A,PC,RENT_MKT,IT,2006,27.6,Italy
A,PC,RENT_MKT,IT,2007,28.3,Italy
A,PC,RENT_MKT,IT,2008,30.3,Italy
A,PC,RENT_MKT,IT,2009,29.1,Italy
A,PC,RENT_MKT,IT,2010,32.6,Italy
A,PC,RENT_MKT,IT,2011,34.6,Italy
A,PC,RENT_MKT,IT,2012,34.2,Italy
A,PC,RENT_MKT,IT,2013,34.2,Italy
A,PC,RENT_MKT,IT,2014,32.4,Italy
A,PC,RENT_MKT,IT,2015,32.7,Italy
A,PC,RENT_MKT,IT,2016,32.2,Italy
A,PC,RENT_MKT,IT,2017,28.2,Italy
A,PC,RENT_MKT,IT,2018,29.1,Italy
A,PC,RENT_MKT,IT,2019,29.2,Italy
A,PC,RENT_MKT,IT,2020,28.1,Italy
A,PC,RENT_MKT,IT,2021,26.2,Italy
A,PC,RENT_MKT,IT,2022,25.9,Italy
A,PC,RENT_MKT,IT,2023,21.9,Italy
A,PC,RENT_MKT,IT,2024,19.4,Italy
A,PC,RENT_MKT,LT,2005,25.1,Lithuania
A,PC,RENT_MKT,LT,2006,22.6,Lithuania
A,PC,RENT_MKT,LT,2007,32.6,Lithuania
A,PC,RENT_MKT,LT,2008,7.8,Lithuania
A,PC,RENT_MKT,LT,2009,27.1,Lithuania
A,PC,RENT_MKT,LT,2010,55.5,Lithuania
A,PC,RENT_MKT,LT,2011,56.4,Lithuania
A,PC,RENT_MKT,LT,2012,55.7,Lithuania
A,PC,RENT_MKT,LT,2013,23.5,Lithuania
A,PC,RENT_MKT,LT,2014,37.3,Lithuania
A,PC,RENT_MKT,LT,2015,30.3,Lithuania
A,PC,RENT_MKT,LT,2016,48.3,Lithuania
A,PC,RENT_MKT,LT,2017,42.5,Lithuania
A,PC,RENT_MKT,LT,2018,30.9,Lithuania
A,PC,RENT_MKT,LT,2019,21.9,Lithuania
A,PC,RENT_MKT,LT,2020,19.5,Lithuania
A,PC,RENT_MKT,LT,2021,12.4,Lithuania
A,PC,RENT_MKT,LT,2022,26.0,Lithuania
A,PC,RENT_MKT,LT,2023,27.4,Lithuania
A,PC,RENT_MKT,LT,2024,21.8,Lithuania
A,PC,RENT_MKT,LU,2007,13.7,Luxembourg
A,PC,RENT_MKT,LU,2008,14.3,Luxembourg
A,PC,RENT_MKT,LU,2009,13.3,Luxembourg
A,PC,RENT_MKT,LU,2010,15.1,Luxembourg
A,PC,RENT_MKT,LU,2011,13.7,Luxembourg
A,PC,RENT_MKT,LU,2012,17.1,Luxembourg
A,PC,RENT_MKT,LU,2013,21.4,Luxembourg
A,PC,RENT_MKT,LU,2014,26.3,Luxembourg
A,PC,RENT_MKT,LU,2015,23.2,Luxembourg
A,PC,RENT_MKT,LU,2016,25.0,Luxembourg
A,PC,RENT_MKT,LU,2017,26.0,Luxembourg
A,PC,RENT_MKT,LU,2018,30.2,Luxembourg
A,PC,RENT_MKT,LU,2019,30.6,Luxembourg
A,PC,RENT_MKT,LU,2020,26.3,Luxembourg
A,PC,RENT_MKT,LU,2021,15.0,Luxembourg
A,PC,RENT_MKT,LU,2022,22.9,Luxembourg
A,PC,RENT_MKT,LU,2023,33.0,Luxembourg
A,PC,RENT_MKT,LU,2024,20.0,Luxembourg
A,PC,RENT_MKT,LV,2007,10.9,Latvia
A,PC,RENT_MKT,LV,2008,12.9,Latvia
A,PC,RENT_MKT,LV,2009,14.8,Latvia
A,PC,RENT_MKT,LV,2010,16.9,Latvia
A,PC,RENT_MKT,LV,2011,16.1,Latvia
A,PC,RENT_MKT,LV,2012,18.1,Latvia
A,PC,RENT_MKT,LV,2013,17.1,Latvia
A,PC,RENT_MKT,LV,2014,15.1,Latvia
A,PC,RENT_MKT,LV,2015,13.6,Latvia
A,PC,RENT_MKT,LV,2016,13.0,Latvia
A,PC,RENT_MKT,LV,2017,11.2,Latvia
A,PC,RENT_MKT,LV,2018,11.5,Latvia
A,PC,RENT_MKT,LV,2019,8.3,Latvia
A,PC,RENT_MKT,LV,2020,13.5,Latvia
A,PC,RENT_MKT,LV,2021,10.7,Latvia
A,PC,RENT_MKT,LV,2022,11.3,Latvia
A,PC,RENT_MKT,LV,2023,19.4,Latvia
A,PC,RENT_MKT,LV,2024,16.0,Latvia
A,PC,RENT_MKT,ME,2013,55.1,Montenegro
A,PC,RENT_MKT,ME,2014,56.4,Montenegro
A,PC,RENT_MKT,ME,2015,59.1,Montenegro
A,PC,RENT_MKT,ME,2016,60.0,Montenegro
A,PC,RENT_MKT,ME,2017,52.0,Montenegro
A,PC,RENT_MKT,ME,2018,51.7,Montenegro
A,PC,RENT_MKT,ME,2019,40.8,Montenegro
A,PC,RENT_MKT,ME,2020,46.7,Montenegro
A,PC,RENT_MKT,ME,2021,52.3,Montenegro
A,PC,RENT_MKT,ME,2022,41.4,Montenegro
A,PC,RENT_MKT,ME,2023,39.6,Montenegro
A,PC,RENT_MKT,MK,2011,49.9,North Macedonia
A,PC,RENT_MKT,MK,2012,58.8,North Macedonia
A,PC,RENT_MKT,MK,2013,62.4,North Macedonia
A,PC,RENT_MKT,MK,2014,64.0,North Macedonia
A,PC,RENT_MKT,MK,2015,43.8,North Macedonia
A,PC,RENT_MKT,MK,2016,29.0,North Macedonia
A,PC,RENT_MKT,MK,2017,56.2,North Macedonia
A,PC,RENT_MKT,MK,2018,38.1,North Macedonia
A,PC,RENT_MKT,MK,2019,61.9,North Macedonia
A,PC,RENT_MKT,MK,2020,36.0,North Macedonia
A,PC,RENT_MKT,MK,2021,37.9,North Macedonia
A,PC,RENT_MKT,MK,2022,49.5,North Macedonia
A,PC,RENT_MKT,MK,2023,48.7,North Macedonia
A,PC,RENT_MKT,MK,2024,26.7,North Macedonia
A,PC,RENT_MKT,MT,2005,4.7,Malta
A,PC,RENT_MKT,MT,2006,4.4,Malta
A,PC,RENT_MKT,MT,2007,27.0,Malta
A,PC,RENT_MKT,MT,2008,32.1,Malta
A,PC,RENT_MKT,MT,2009,31.0,Malta
A,PC,RENT_MKT,MT,2010,28.3,Malta
A,PC,RENT_MKT,MT,2011,30.3,Malta
A,PC,RENT_MKT,MT,2012,21.1,Malta
A,PC,RENT_MKT,MT,2013,25.9,Malta
A,PC,RENT_MKT,MT,2014,22.6,Malta
A,PC,RENT_MKT,MT,2015,14.6,Malta
A,PC,RENT_MKT,MT,2016,22.3,Malta
A,PC,RENT_MKT,MT,2017,13.9,Malta
A,PC,RENT_MKT,MT,2018,12.1,Malta
A,PC,RENT_MKT,MT,2019,17.6,Malta
A,PC,RENT_MKT,MT,2020,13.3,Malta
A,PC,RENT_MKT,MT,2021,13.6,Malta
A,PC,RENT_MKT,MT,2022,18.8,Malta
A,PC,RENT_MKT,MT,2023,25.5,Malta
A,PC,RENT_MKT,MT,2024,20.5,Malta
A,PC,RENT_MKT,NL,2005,23.1,Netherlands
A,PC,RENT_MKT,NL,2006,25.2,Netherlands
A,PC,RENT_MKT,NL,2007,28.3,Netherlands
A,PC,RENT_MKT,NL,2008,20.5,Netherlands
A,PC,RENT_MKT,NL,2009,17.6,Netherlands
A,PC,RENT_MKT,NL,2010,16.0,Netherlands
A,PC,RENT_MKT,NL,2011,18.2,Netherlands
A,PC,RENT_MKT,NL,2012,19.7,Netherlands
A,PC,RENT_MKT,NL,2013,23.2,Netherlands
A,PC,RENT_MKT,NL,2014,24.8,Netherlands
A,PC,RENT_MKT,NL,2015,25.0,Netherlands
A,PC,RENT_MKT,NL,2016,28.0,Netherlands
A,PC,RENT_MKT,NL,2017,26.2,Netherlands
A,PC,RENT_MKT,NL,2018,25.6,Netherlands
A,PC,RENT_MKT,NL,2019,27.0,Netherlands
A,PC,RENT_MKT,NL,2020,22.8,Netherlands
A,PC,RENT_MKT,NL,2021,40.7,Netherlands
A,PC,RENT_MKT,NL,2022,41.4,Netherlands
A,PC,RENT_MKT,NL,2023,47.9,Netherlands
A,PC,RENT_MKT,NL,2024,43.9,Netherlands
A,PC,RENT_MKT,NO,2004,25.3,Norway
A,PC,RENT_MKT,NO,2005,2.0,Norway
A,PC,RENT_MKT,NO,2006,30.8,Norway
A,PC,RENT_MKT,NO,2007,33.0,Norway
A,PC,RENT_MKT,NO,2008,30.7,Norway
A,PC,RENT_MKT,NO,2009,28.2,Norway
A,PC,RENT_MKT,NO,2010,27.4,Norway
A,PC,RENT_MKT,NO,2011,27.7,Norway
A,PC,RENT_MKT,NO,2012,29.8,Norway
A,PC,RENT_MKT,NO,2013,28.7,Norway
A,PC,RENT_MKT,NO,2014,34.2,Norway
A,PC,RENT_MKT,NO,2015,36.2,Norway
A,PC,RENT_MKT,NO,2016,33.6,Norway
A,PC,RENT_MKT,NO,2017,32.3,Norway
A,PC,RENT_MKT,NO,2018,35.4,Norway
A,PC,RENT_MKT,NO,2019,32.9,Norway
A,PC,RENT_MKT,NO,2020,30.9,Norway
A,PC,RENT_MKT,NO,2021,25.9,Norway
A,PC,RENT_MKT,NO,2022,30.6,Norway
A,PC,RENT_MKT,NO,2023,29.6,Norway
A,PC,RENT_MKT,NO,2024,26.2,Norway
A,PC,RENT_MKT,PL,2007,32.3,Poland
A,PC,RENT_MKT,PL,2008,26.6,Poland
A,PC,RENT_MKT,PL,2009,32.8,Poland
A,PC,RENT_MKT,PL,2010,37.3,Poland
A,PC,RENT_MKT,PL,2011,27.2,Poland
A,PC,RENT_MKT,PL,2012,27.1,Poland
A,PC,RENT_MKT,PL,2013,28.5,Poland
A,PC,RENT_MKT,PL,2014,25.5,Poland
A,PC,RENT_MKT,PL,2015,26.3,Poland
A,PC,RENT_MKT,PL,2016,24.5,Poland
A,PC,RENT_MKT,PL,2017,23.6,Poland
A,PC,RENT_MKT,PL,2018,26.4,Poland
A,PC,RENT_MKT,PL,2019,26.9,Poland
A,PC,RENT_MKT,PL,2020,19.7,Poland
A,PC,RENT_MKT,PL,2021,20.7,Poland
A,PC,RENT_MKT,PL,2022,18.7,Poland
A,PC,RENT_MKT,PL,2023,17.1,Poland
A,PC,RENT_MKT,PL,2024,15.1,Poland
A,PC,RENT_MKT,PT,2005,22.5,Portugal
A,PC,RENT_MKT,PT,2007,23.7,Portugal
A,PC,RENT_MKT,PT,2008,18.6,Portugal
A,PC,RENT_MKT,PT,2009,19.3,Portugal
A,PC,RENT_MKT,PT,2010,17.6,Portugal
A,PC,RENT_MKT,PT,2011,25.5,Portugal
A,PC,RENT_MKT,PT,2012,35.8,Portugal
A,PC,RENT_MKT,PT,2013,35.2,Portugal
A,PC,RENT_MKT,PT,2014,33.8,Portugal
A,PC,RENT_MKT,PT,2015,35.4,Portugal
A,PC,RENT_MKT,PT,2016,31.9,Portugal
A,PC,RENT_MKT,PT,2017,28.2,Portugal
A,PC,RENT_MKT,PT,2018,25.8,Portugal
A,PC,RENT_MKT,PT,2019,26.3,Portugal
A,PC,RENT_MKT,PT,2020,19.7,Portugal
A,PC,RENT_MKT,PT,2021,26.9,Portugal
A,PC,RENT_MKT,PT,2022,29.4,Portugal
A,PC,RENT_MKT,PT,2023,27.0,Portugal
A,PC,RENT_MKT,PT,2024,30.3,Portugal
A,PC,RENT_MKT,RO,2007,52.3,Romania
A,PC,RENT_MKT,RO,2008,74.0,Romania
A,PC,RENT_MKT,RO,2009,55.8,Romania
A,PC,RENT_MKT,RO,2010,65.0,Romania
A,PC,RENT_MKT,RO,2011,65.5,Romania
A,PC,RENT_MKT,RO,2012,72.7,Romania
A,PC,RENT_MKT,RO,2013,54.4,Romania
A,PC,RENT_MKT,RO,2014,42.0,Romania
A,PC,RENT_MKT,RO,2015,45.7,Romania
A,PC,RENT_MKT,RO,2016,36.3,Romania
A,PC,RENT_MKT,RO,2017,60.4,Romania
A,PC,RENT_MKT,RO,2018,46.3,Romania
A,PC,RENT_MKT,RO,2019,39.8,Romania
A,PC,RENT_MKT,RO,2020,41.9,Romania
A,PC,RENT_MKT,RO,2021,39.3,Romania
A,PC,RENT_MKT,RO,2022,42.6,Romania
A,PC,RENT_MKT,RO,2023,44.2,Romania
A,PC,RENT_MKT,RO,2024,28.3,Romania
A,PC,RENT_MKT,RS,2013,62.4,Serbia
A,PC,RENT_MKT,RS,2014,67.5,Serbia
A,PC,RENT_MKT,RS,2015,65.5,Serbia
A,PC,RENT_MKT,RS,2016,70.3,Serbia
A,PC,RENT_MKT,RS,2017,63.5,Serbia
A,PC,RENT_MKT,RS,2018,71.0,Serbia
A,PC,RENT_MKT,RS,2019,57.1,Serbia
A,PC,RENT_MKT,RS,2020,63.7,Serbia
A,PC,RENT_MKT,RS,2021,47.5,Serbia
A,PC,RENT_MKT,RS,2022,49.4,Serbia
A,PC,RENT_MKT,RS,2023,49.0,Serbia
A,PC,RENT_MKT,RS,2024,36.5,Serbia
A,PC,RENT_MKT,SE,2004,18.9,Sweden
A,PC,RENT_MKT,SE,2005,20.5,Sweden
A,PC,RENT_MKT,SE,2006,23.0,Sweden
A,PC,RENT_MKT,SE,2007,20.9,Sweden
A,PC,RENT_MKT,SE,2008,19.7,Sweden
A,PC,RENT_MKT,SE,2009,20.1,Sweden
A,PC,RENT_MKT,SE,2010,15.9,Sweden
A,PC,RENT_MKT,SE,2011,18.6,Sweden
A,PC,RENT_MKT,SE,2012,17.3,Sweden
A,PC,RENT_MKT,SE,2013,18.1,Sweden
A,PC,RENT_MKT,SE,2014,17.7,Sweden
A,PC,RENT_MKT,SE,2015,18.7,Sweden
A,PC,RENT_MKT,SE,2016,18.0,Sweden
A,PC,RENT_MKT,SE,2017,19.3,Sweden
A,PC,RENT_MKT,SE,2018,18.8,Sweden
A,PC,RENT_MKT,SE,2019,19.8,Sweden
A,PC,RENT_MKT,SE,2020,18.0,Sweden
A,PC,RENT_MKT,SE,2021,18.8,Sweden
A,PC,RENT_MKT,SE,2022,17.7,Sweden
A,PC,RENT_MKT,SE,2023,19.4,Sweden
A,PC,RENT_MKT,SE,2024,17.9,Sweden
A,PC,RENT_MKT,SI,2005,1.7,Slovenia
A,PC,RENT_MKT,SI,2006,11.0,Slovenia
A,PC,RENT_MKT,SI,2007,25.1,Slovenia
A,PC,RENT_MKT,SI,2008,15.2,Slovenia
A,PC,RENT_MKT,SI,2009,13.1,Slovenia
A,PC,RENT_MKT,SI,2010,14.5,Slovenia
A,PC,RENT_MKT,SI,2011,18.3,Slovenia
A,PC,RENT_MKT,SI,2012,26.6,Slovenia
A,PC,RENT_MKT,SI,2013,25.8,Slovenia
A,PC,RENT_MKT,SI,2014,27.4,Slovenia
A,PC,RENT_MKT,SI,2015,25.9,Slovenia
A,PC,RENT_MKT,SI,2016,29.0,Slovenia
A,PC,RENT_MKT,SI,2017,24.3,Slovenia
A,PC,RENT_MKT,SI,2018,21.7,Slovenia
A,PC,RENT_MKT,SI,2019,19.4,Slovenia
A,PC,RENT_MKT,SI,2020,18.6,Slovenia
A,PC,RENT_MKT,SI,2021,17.6,Slovenia
A,PC,RENT_MKT,SI,2022,17.9,Slovenia
A,PC,RENT_MKT,SI,2023,17.9,Slovenia
A,PC,RENT_MKT,SI,2024,16.5,Slovenia
A,PC,RENT_MKT,SK,2005,23.9,Slovakia
A,PC,RENT_MKT,SK,2006,20.6,Slovakia
A,PC,RENT_MKT,SK,2007,35.8,Slovakia
A,PC,RENT_MKT,SK,2008,11.5,Slovakia
A,PC,RENT_MKT,SK,2009,13.4,Slovakia
A,PC,RENT_MKT,SK,2010,12.6,Slovakia
A,PC,RENT_MKT,SK,2011,12.9,Slovakia
A,PC,RENT_MKT,SK,2012,15.1,Slovakia
A,PC,RENT_MKT,SK,2013,12.9,Slovakia
A,PC,RENT_MKT,SK,2014,14.9,Slovakia
A,PC,RENT_MKT,SK,2015,8.4,Slovakia
A,PC,RENT_MKT,SK,2016,13.9,Slovakia
A,PC,RENT_MKT,SK,2017,20.9,Slovakia
A,PC,RENT_MKT,SK,2018,19.2,Slovakia
A,PC,RENT_MKT,SK,2019,16.4,Slovakia
A,PC,RENT_MKT,SK,2020,15.9,Slovakia
A,PC,RENT_MKT,SK,2021,33.4,Slovakia
A,PC,RENT_MKT,SK,2022,12.8,Slovakia
A,PC,RENT_MKT,SK,2023,24.2,Slovakia
A,PC,RENT_MKT,SK,2024,29.1,Slovakia
A,PC,RENT_MKT,TR,2006,44.2,Türkiye
A,PC,RENT_MKT,TR,2007,37.0,Türkiye
A,PC,RENT_MKT,TR,2008,41.5,Türkiye
A,PC,RENT_MKT,TR,2009,42.2,Türkiye
A,PC,RENT_MKT,TR,2010,41.5,Türkiye
A,PC,RENT_MKT,TR,2011,40.8,Türkiye
A,PC,RENT_MKT,TR,2012,37.4,Türkiye
A,PC,RENT_MKT,TR,2013,44.4,Türkiye
A,PC,RENT_MKT,TR,2014,39.4,Türkiye
A,PC,RENT_MKT,TR,2015,36.1,Türkiye
A,PC,RENT_MKT,TR,2016,34.4,Türkiye
A,PC,RENT_MKT,TR,2017,32.4,Türkiye
A,PC,RENT_MKT,TR,2018,32.1,Türkiye
A,PC,RENT_MKT,TR,2019,33.0,Türkiye
A,PC,RENT_MKT,TR,2020,29.2,Türkiye
A,PC,RENT_MKT,TR,2021,34.5,Türkiye
A,PC,RENT_MKT,TR,2022,33.8,Türkiye
A,PC,RENT_MKT,TR,2023,44.6,Türkiye
A,PC,RENT_MKT,TR,2024,47.5,Türkiye
A,PC,RENT_MKT,UK,2005,32.9,United Kingdom
A,PC,RENT_MKT,UK,2006,38.1,United Kingdom
A,PC,RENT_MKT,UK,2007,42.3,United Kingdom
A,PC,RENT_MKT,UK,2008,39.4,United Kingdom
A,PC,RENT_MKT,UK,2009,40.6,United Kingdom
A,PC,RENT_MKT,UK,2010,46.1,United Kingdom
A,PC,RENT_MKT,UK,2011,45.0,United Kingdom
A,PC,RENT_MKT,UK,2012,23.8,United Kingdom
A,PC,RENT_MKT,UK,2013,25.3,United Kingdom
A,PC,RENT_MKT,UK,2014,34.6,United Kingdom
A,PC,RENT_MKT,UK,2015,37.1,United Kingdom
A,PC,RENT_MKT,UK,2016,35.4,United Kingdom
A,PC,RENT_MKT,UK,2017,38.6,United Kingdom
A,PC,RENT_MKT,UK,2018,37.7,United Kingdom
A,PC,RENT_MKT,XK,2018,80.1,Kosovo*
A,PC,TOTAL,AL,2017,9.2,Albania
A,PC,TOTAL,AL,2018,6.0,Albania
A,PC,TOTAL,AL,2019,5.5,Albania
A,PC,TOTAL,AL,2020,3.8,Albania
A,PC,TOTAL,AL,2021,3.3,Albania
A,PC,TOTAL,AL,2022,2.8,Albania
A,PC,TOTAL,AL,2023,2.1,Albania
A,PC,TOTAL,AT,2007,5.4,Austria
A,PC,TOTAL,AT,2008,6.1,Austria
A,PC,TOTAL,AT,2009,5.6,Austria
A,PC,TOTAL,AT,2010,6.5,Austria
A,PC,TOTAL,AT,2011,5.5,Austria
A,PC,TOTAL,AT,2012,7.0,Austria
A,PC,TOTAL,AT,2013,7.2,Austria
A,PC,TOTAL,AT,2014,6.6,Austria
A,PC,TOTAL,AT,2015,6.4,Austria
A,PC,TOTAL,AT,2016,7.2,Austria
A,PC,TOTAL,AT,2017,7.1,Austria
A,PC,TOTAL,AT,2018,6.8,Austria
A,PC,TOTAL,AT,2019,7.0,Austria
A,PC,TOTAL,AT,2020,6.3,Austria
A,PC,TOTAL,AT,2021,6.1,Austria
A,PC,TOTAL,AT,2022,7.4,Austria
A,PC,TOTAL,AT,2023,6.0,Austria
A,PC,TOTAL,AT,2024,6.3,Austria
A,PC,TOTAL,BE,2004,12.6,Belgium
A,PC,TOTAL,BE,2005,8.6,Belgium
A,PC,TOTAL,BE,2006,9.8,Belgium
A,PC,TOTAL,BE,2007,10.1,Belgium
A,PC,TOTAL,BE,2008,12.5,Belgium
A,PC,TOTAL,BE,2009,8.7,Belgium
A,PC,TOTAL,BE,2010,8.9,Belgium
A,PC,TOTAL,BE,2011,10.6,Belgium
A,PC,TOTAL,BE,2012,11.0,Belgium
A,PC,TOTAL,BE,2013,9.6,Belgium
A,PC,TOTAL,BE,2014,10.4,Belgium
A,PC,TOTAL,BE,2015,9.4,Belgium
A,PC,TOTAL,BE,2016,9.8,Belgium
A,PC,TOTAL,BE,2017,9.4,Belgium
A,PC,TOTAL,BE,2018,8.9,Belgium
A,PC,TOTAL,BE,2019,8.4,Belgium
A,PC,TOTAL,BE,2020,7.7,Belgium
A,PC,TOTAL,BE,2021,7.6,Belgium
A,PC,TOTAL,BE,2022,7.5,Belgium
A,PC,TOTAL,BE,2023,7.8,Belgium
A,PC,TOTAL,BE,2024,6.7,Belgium
A,PC,TOTAL,BG,2006,15.4,Bulgaria
A,PC,TOTAL,BG,2007,21.3,Bulgaria
A,PC,TOTAL,BG,2008,13.3,Bulgaria
A,PC,TOTAL,BG,2009,7.0,Bulgaria
A,PC,TOTAL,BG,2010,5.9,Bulgaria
A,PC,TOTAL,BG,2011,8.7,Bulgaria
A,PC,TOTAL,BG,2012,14.5,Bulgaria
A,PC,TOTAL,BG,2013,14.3,Bulgaria
A,PC,TOTAL,BG,2014,12.9,Bulgaria
A,PC,TOTAL,BG,2015,14.8,Bulgaria
A,PC,TOTAL,BG,2016,20.7,Bulgaria
A,PC,TOTAL,BG,2017,18.9,Bulgaria
A,PC,TOTAL,BG,2018,17.9,Bulgaria
A,PC,TOTAL,BG,2019,16.0,Bulgaria
A,PC,TOTAL,BG,2020,14.4,Bulgaria
A,PC,TOTAL,BG,2021,11.6,Bulgaria
A,PC,TOTAL,BG,2022,15.1,Bulgaria
A,PC,TOTAL,BG,2023,11.1,Bulgaria
A,PC,TOTAL,BG,2024,8.0,Bulgaria
A,PC,TOTAL,CH,2010,14.1,Switzerland
A,PC,TOTAL,CH,2011,13.1,Switzerland
A,PC,TOTAL,CH,2012,12.1,Switzerland
A,PC,TOTAL,CH,2013,10.7,Switzerland
A,PC,TOTAL,CH,2014,11.7,Switzerland
A,PC,TOTAL,CH,2015,11.7,Switzerland
A,PC,TOTAL,CH,2016,12.0,Switzerland
A,PC,TOTAL,CH,2017,12.7,Switzerland
A,PC,TOTAL,CH,2018,12.8,Switzerland
A,PC,TOTAL,CH,2019,14.2,Switzerland
A,PC,TOTAL,CH,2020,13.6,Switzerland
A,PC,TOTAL,CH,2021,14.8,Switzerland
A,PC,TOTAL,CH,2022,13.4,Switzerland
A,PC,TOTAL,CH,2023,14.2,Switzerland
A,PC,TOTAL,CH,2024,15.3,Switzerland
A,PC,TOTAL,CY,2007,1.7,Cyprus
A,PC,TOTAL,CY,2008,1.8,Cyprus
A,PC,TOTAL,CY,2009,2.4,Cyprus
A,PC,TOTAL,CY,2010,3.1,Cyprus
A,PC,TOTAL,CY,2011,3.1,Cyprus
A,PC,TOTAL,CY,2012,3.3,Cyprus
A,PC,TOTAL,CY,2013,3.3,Cyprus
A,PC,TOTAL,CY,2014,4.0,Cyprus
A,PC,TOTAL,CY,2015,3.9,Cyprus
A,PC,TOTAL,CY,2016,3.1,Cyprus
A,PC,TOTAL,CY,2017,2.8,Cyprus
A,PC,TOTAL,CY,2018,2.0,Cyprus
A,PC,TOTAL,CY,2019,2.2,Cyprus
A,PC,TOTAL,CY,2020,1.9,Cyprus
A,PC,TOTAL,CY,2021,2.4,Cyprus
A,PC,TOTAL,CY,2022,2.6,Cyprus
A,PC,TOTAL,CY,2023,2.6,Cyprus
A,PC,TOTAL,CY,2024,2.4,Cyprus
A,PC,TOTAL,CZ,2005,10.0,Czechia
A,PC,TOTAL,CZ,2006,10.8,Czechia
A,PC,TOTAL,CZ,2007,10.3,Czechia
A,PC,TOTAL,CZ,2008,12.8,Czechia
A,PC,TOTAL,CZ,2009,8.9,Czechia
A,PC,TOTAL,CZ,2010,9.7,Czechia
A,PC,TOTAL,CZ,2011,9.5,Czechia
A,PC,TOTAL,CZ,2012,10.0,Czechia
A,PC,TOTAL,CZ,2013,11.7,Czechia
A,PC,TOTAL,CZ,2014,10.5,Czechia
A,PC,TOTAL,CZ,2015,10.4,Czechia
A,PC,TOTAL,CZ,2016,9.5,Czechia
A,PC,TOTAL,CZ,2017,8.7,Czechia
A,PC,TOTAL,CZ,2018,7.8,Czechia
A,PC,TOTAL,CZ,2019,6.9,Czechia
A,PC,TOTAL,CZ,2020,6.5,Czechia
A,PC,TOTAL,CZ,2021,6.2,Czechia
A,PC,TOTAL,CZ,2022,6.9,Czechia
A,PC,TOTAL,CZ,2023,9.1,Czechia
A,PC,TOTAL,CZ,2024,9.2,Czechia
A,PC,TOTAL,DE,2010,14.5,Germany
A,PC,TOTAL,DE,2011,16.1,Germany
A,PC,TOTAL,DE,2012,16.6,Germany
A,PC,TOTAL,DE,2013,16.4,Germany
A,PC,TOTAL,DE,2014,15.9,Germany
A,PC,TOTAL,DE,2015,15.6,Germany
A,PC,TOTAL,DE,2016,15.8,Germany
A,PC,TOTAL,DE,2017,14.5,Germany
A,PC,TOTAL,DE,2018,14.2,Germany
A,PC,TOTAL,DE,2019,13.9,Germany
A,PC,TOTAL,DE,2020,9.0,Germany
A,PC,TOTAL,DE,2021,11.0,Germany
A,PC,TOTAL,DE,2022,11.9,Germany
A,PC,TOTAL,DE,2023,13.0,Germany
A,PC,TOTAL,DE,2024,12.0,Germany
A,PC,TOTAL,DK,2005,13.6,Denmark
A,PC,TOTAL,DK,2006,16.1,Denmark
A,PC,TOTAL,DK,2007,13.4,Denmark
A,PC,TOTAL,DK,2008,17.1,Denmark
A,PC,TOTAL,DK,2009,24.2,Denmark
A,PC,TOTAL,DK,2010,21.9,Denmark
A,PC,TOTAL,DK,2011,18.5,Denmark
A,PC,TOTAL,DK,2012,16.7,Denmark
A,PC,TOTAL,DK,2013,17.9,Denmark
A,PC,TOTAL,DK,2014,15.6,Denmark
A,PC,TOTAL,DK,2015,15.1,Denmark
A,PC,TOTAL,DK,2016,15.1,Denmark
A,PC,TOTAL,DK,2017,15.7,Denmark
A,PC,TOTAL,DK,2018,14.7,Denmark
A,PC,TOTAL,DK,2019,15.6,Denmark
A,PC,TOTAL,DK,2020,14.1,Denmark
A,PC,TOTAL,DK,2021,15.5,Denmark
A,PC,TOTAL,DK,2022,14.7,Denmark
A,PC,TOTAL,DK,2023,15.4,Denmark
A,PC,TOTAL,DK,2024,14.6,Denmark
A,PC,TOTAL,EA,2007,8.2,"Euro area (EA11-1999, EA12-2001, EA13-2007, EA15-2008, EA16-2009, EA17-2011, EA18-2014, EA19-2015, EA20-2023, EA21-2026)"
A,PC,TOTAL,EA,2008,8.3,"Euro area (EA11-1999, EA12-2001, EA13-2007, EA15-2008, EA16-2009, EA17-2011, EA18-2014, EA19-2015, EA20-2023, EA21-2026)"
A,PC,TOTAL,EA,2009,8.0,"Euro area (EA11-1999, EA12-2001, EA13-2007, EA15-2008, EA16-2009, EA17-2011, EA18-2014, EA19-2015, EA20-2023, EA21-2026)"
A,PC,TOTAL,EA,2010,9.6,"Euro area (EA11-1999, EA12-2001, EA13-2007, EA15-2008, EA16-2009, EA17-2011, EA18-2014, EA19-2015, EA20-2023, EA21-2026)"
A,PC,TOTAL,EA,2011,10.6,"Euro area (EA11-1999, EA12-2001, EA13-2007, EA15-2008, EA16-2009, EA17-2011, EA18-2014, EA19-2015, EA20-2023, EA21-2026)"
A,PC,TOTAL,EA,2012,11.1,"Euro area (EA11-1999, EA12-2001, EA13-2007, EA15-2008, EA16-2009, EA17-2011, EA18-2014, EA19-2015, EA20-2023, EA21-2026)"
A,PC,TOTAL,EA,2013,11.3,"Euro area (EA11-1999, EA12-2001, EA13-2007, EA15-2008, EA16-2009, EA17-2011, EA18-2014, EA19-2015, EA20-2023, EA21-2026)"
A,PC,TOTAL,EA,2014,11.5,"Euro area (EA11-1999, EA12-2001, EA13-2007, EA15-2008, EA16-2009, EA17-2011, EA18-2014, EA19-2015, EA20-2023, EA21-2026)"
A,PC,TOTAL,EA,2015,11.3,"Euro area (EA11-1999, EA12-2001, EA13-2007, EA15-2008, EA16-2009, EA17-2011, EA18-2014, EA19-2015, EA20-2023, EA21-2026)"
A,PC,TOTAL,EA,2016,11.0,"Euro area (EA11-1999, EA12-2001, EA13-2007, EA15-2008, EA16-2009, EA17-2011, EA18-2014, EA19-2015, EA20-2023, EA21-2026)"
A,PC,TOTAL,EA,2017,10.2,"Euro area (EA11-1999, EA12-2001, EA13-2007, EA15-2008, EA16-2009, EA17-2011, EA18-2014, EA19-2015, EA20-2023, EA21-2026)"
A,PC,TOTAL,EA,2018,9.8,"Euro area (EA11-1999, EA12-2001, EA13-2007, EA15-2008, EA16-2009, EA17-2011, EA18-2014, EA19-2015, EA20-2023, EA21-2026)"
A,PC,TOTAL,EA,2019,9.8,"Euro area (EA11-1999, EA12-2001, EA13-2007, EA15-2008, EA16-2009, EA17-2011, EA18-2014, EA19-2015, EA20-2023, EA21-2026)"
A,PC,TOTAL,EA,2020,8.0,"Euro area (EA11-1999, EA12-2001, EA13-2007, EA15-2008, EA16-2009, EA17-2011, EA18-2014, EA19-2015, EA20-2023, EA21-2026)"
A,PC,TOTAL,EA,2021,8.7,"Euro area (EA11-1999, EA12-2001, EA13-2007, EA15-2008, EA16-2009, EA17-2011, EA18-2014, EA19-2015, EA20-2023, EA21-2026)"
A,PC,TOTAL,EA18,2007,8.4,Euro area - 18 countries (2014)
A,PC,TOTAL,EA18,2008,8.2,Euro area - 18 countries (2014)
A,PC,TOTAL,EA18,2009,8.0,Euro area - 18 countries (2014)
A,PC,TOTAL,EA18,2010,9.6,Euro area - 18 countries (2014)
A,PC,TOTAL,EA18,2011,10.7,Euro area - 18 countries (2014)
A,PC,TOTAL,EA18,2012,11.1,Euro area - 18 countries (2014)
A,PC,TOTAL,EA18,2013,11.3,Euro area - 18 countries (2014)
A,PC,TOTAL,EA18,2014,11.5,Euro area - 18 countries (2014)
A,PC,TOTAL,EA18,2015,11.3,Euro area - 18 countries (2014)
A,PC,TOTAL,EA18,2016,11.0,Euro area - 18 countries (2014)
A,PC,TOTAL,EA18,2017,10.2,Euro area - 18 countries (2014)
A,PC,TOTAL,EA18,2018,9.8,Euro area - 18 countries (2014)
A,PC,TOTAL,EA18,2019,9.9,Euro area - 18 countries (2014)
A,PC,TOTAL,EA18,2020,8.1,Euro area - 18 countries (2014)
A,PC,TOTAL,EA19,2007,8.3,Euro area - 19 countries  (2015-2022)
A,PC,TOTAL,EA19,2008,8.2,Euro area - 19 countries  (2015-2022)
A,PC,TOTAL,EA19,2009,8.0,Euro area - 19 countries  (2015-2022)
A,PC,TOTAL,EA19,2010,9.6,Euro area - 19 countries  (2015-2022)
A,PC,TOTAL,EA19,2011,10.7,Euro area - 19 countries  (2015-2022)
A,PC,TOTAL,EA19,2012,11.1,Euro area - 19 countries  (2015-2022)
A,PC,TOTAL,EA19,2013,11.3,Euro area - 19 countries  (2015-2022)
A,PC,TOTAL,EA19,2014,11.4,Euro area - 19 countries  (2015-2022)
A,PC,TOTAL,EA19,2015,11.3,Euro area - 19 countries  (2015-2022)
A,PC,TOTAL,EA19,2016,11.0,Euro area - 19 countries  (2015-2022)
A,PC,TOTAL,EA19,2017,10.2,Euro area - 19 countries  (2015-2022)
A,PC,TOTAL,EA19,2018,9.8,Euro area - 19 countries  (2015-2022)
A,PC,TOTAL,EA19,2019,9.8,Euro area - 19 countries  (2015-2022)
A,PC,TOTAL,EA19,2020,8.0,Euro area - 19 countries  (2015-2022)
A,PC,TOTAL,EA19,2021,8.7,Euro area - 19 countries  (2015-2022)
A,PC,TOTAL,EA20,2014,11.4,Euro area – 20 countries (2023-2025)
A,PC,TOTAL,EA20,2015,11.3,Euro area – 20 countries (2023-2025)
A,PC,TOTAL,EA20,2016,10.9,Euro area – 20 countries (2023-2025)
A,PC,TOTAL,EA20,2017,10.1,Euro area – 20 countries (2023-2025)
A,PC,TOTAL,EA20,2018,9.7,Euro area – 20 countries (2023-2025)
A,PC,TOTAL,EA20,2019,9.8,Euro area – 20 countries (2023-2025)
A,PC,TOTAL,EA20,2020,8.0,Euro area – 20 countries (2023-2025)
A,PC,TOTAL,EA20,2021,9.3,Euro area – 20 countries (2023-2025)
A,PC,TOTAL,EA20,2022,8.8,Euro area – 20 countries (2023-2025)
A,PC,TOTAL,EA20,2023,8.9,Euro area – 20 countries (2023-2025)
A,PC,TOTAL,EA20,2024,8.5,Euro area – 20 countries (2023-2025)
A,PC,TOTAL,EE,2006,6.8,Estonia
A,PC,TOTAL,EE,2007,5.2,Estonia
A,PC,TOTAL,EE,2008,3.6,Estonia
A,PC,TOTAL,EE,2009,4.4,Estonia
A,PC,TOTAL,EE,2010,6.0,Estonia
A,PC,TOTAL,EE,2011,7.4,Estonia
A,PC,TOTAL,EE,2012,7.9,Estonia
A,PC,TOTAL,EE,2013,7.2,Estonia
A,PC,TOTAL,EE,2014,8.3,Estonia
A,PC,TOTAL,EE,2015,6.8,Estonia
A,PC,TOTAL,EE,2016,4.9,Estonia
A,PC,TOTAL,EE,2017,4.8,Estonia
A,PC,TOTAL,EE,2018,4.0,Estonia
A,PC,TOTAL,EE,2019,4.4,Estonia
A,PC,TOTAL,EE,2020,4.4,Estonia
A,PC,TOTAL,EE,2021,4.4,Estonia
A,PC,TOTAL,EE,2022,4.9,Estonia
A,PC,TOTAL,EE,2023,7.6,Estonia
A,PC,TOTAL,EE,2024,8.6,Estonia
A,PC,TOTAL,EL,2007,15.8,Greece
A,PC,TOTAL,EL,2008,22.2,Greece
A,PC,TOTAL,EL,2009,21.8,Greece
A,PC,TOTAL,EL,2010,18.1,Greece
A,PC,TOTAL,EL,2011,24.2,Greece
A,PC,TOTAL,EL,2012,33.1,Greece
A,PC,TOTAL,EL,2013,36.9,Greece
A,PC,TOTAL,EL,2014,44.9,Greece
A,PC,TOTAL,EL,2015,45.5,Greece
A,PC,TOTAL,EL,2016,40.5,Greece
A,PC,TOTAL,EL,2017,39.6,Greece
A,PC,TOTAL,EL,2018,39.5,Greece
A,PC,TOTAL,EL,2019,36.2,Greece
A,PC,TOTAL,EL,2020,33.3,Greece
A,PC,TOTAL,EL,2021,28.8,Greece
A,PC,TOTAL,EL,2022,26.7,Greece
A,PC,TOTAL,EL,2023,28.5,Greece
A,PC,TOTAL,EL,2024,28.9,Greece
A,PC,TOTAL,ES,2007,8.3,Spain
A,PC,TOTAL,ES,2008,9.4,Spain
A,PC,TOTAL,ES,2009,10.4,Spain
A,PC,TOTAL,ES,2010,9.7,Spain
A,PC,TOTAL,ES,2011,10.0,Spain
A,PC,TOTAL,ES,2012,10.7,Spain
A,PC,TOTAL,ES,2013,10.3,Spain
A,PC,TOTAL,ES,2014,10.9,Spain
A,PC,TOTAL,ES,2015,10.3,Spain
A,PC,TOTAL,ES,2016,10.2,Spain
A,PC,TOTAL,ES,2017,9.8,Spain
A,PC,TOTAL,ES,2018,8.9,Spain
A,PC,TOTAL,ES,2019,8.5,Spain
A,PC,TOTAL,ES,2020,8.2,Spain
A,PC,TOTAL,ES,2021,9.9,Spain
A,PC,TOTAL,ES,2022,9.2,Spain
A,PC,TOTAL,ES,2023,8.2,Spain
A,PC,TOTAL,ES,2024,7.8,Spain
A,PC,TOTAL,EU,2007,10.7,"European Union (EU6-1958, EU9-1973, EU10-1981, EU12-1986, EU15-1995, EU25-2004, EU27-2007, EU28-2013, EU27-2020)"
A,PC,TOTAL,EU,2008,10.5,"European Union (EU6-1958, EU9-1973, EU10-1981, EU12-1986, EU15-1995, EU25-2004, EU27-2007, EU28-2013, EU27-2020)"
A,PC,TOTAL,EU,2009,9.9,"European Union (EU6-1958, EU9-1973, EU10-1981, EU12-1986, EU15-1995, EU25-2004, EU27-2007, EU28-2013, EU27-2020)"
A,PC,TOTAL,EU,2010,10.8,"European Union (EU6-1958, EU9-1973, EU10-1981, EU12-1986, EU15-1995, EU25-2004, EU27-2007, EU28-2013, EU27-2020)"
A,PC,TOTAL,EU,2011,11.4,"European Union (EU6-1958, EU9-1973, EU10-1981, EU12-1986, EU15-1995, EU25-2004, EU27-2007, EU28-2013, EU27-2020)"
A,PC,TOTAL,EU,2012,11.0,"European Union (EU6-1958, EU9-1973, EU10-1981, EU12-1986, EU15-1995, EU25-2004, EU27-2007, EU28-2013, EU27-2020)"
A,PC,TOTAL,EU,2013,11.1,"European Union (EU6-1958, EU9-1973, EU10-1981, EU12-1986, EU15-1995, EU25-2004, EU27-2007, EU28-2013, EU27-2020)"
A,PC,TOTAL,EU,2014,11.6,"European Union (EU6-1958, EU9-1973, EU10-1981, EU12-1986, EU15-1995, EU25-2004, EU27-2007, EU28-2013, EU27-2020)"
A,PC,TOTAL,EU,2015,11.4,"European Union (EU6-1958, EU9-1973, EU10-1981, EU12-1986, EU15-1995, EU25-2004, EU27-2007, EU28-2013, EU27-2020)"
A,PC,TOTAL,EU,2016,11.1,"European Union (EU6-1958, EU9-1973, EU10-1981, EU12-1986, EU15-1995, EU25-2004, EU27-2007, EU28-2013, EU27-2020)"
A,PC,TOTAL,EU,2017,10.4,"European Union (EU6-1958, EU9-1973, EU10-1981, EU12-1986, EU15-1995, EU25-2004, EU27-2007, EU28-2013, EU27-2020)"
A,PC,TOTAL,EU,2018,10.3,"European Union (EU6-1958, EU9-1973, EU10-1981, EU12-1986, EU15-1995, EU25-2004, EU27-2007, EU28-2013, EU27-2020)"
A,PC,TOTAL,EU,2019,10.1,"European Union (EU6-1958, EU9-1973, EU10-1981, EU12-1986, EU15-1995, EU25-2004, EU27-2007, EU28-2013, EU27-2020)"
A,PC,TOTAL,EU27_2007,2007,10.7,European Union - 27 countries (2007-2013)
A,PC,TOTAL,EU27_2007,2008,10.5,European Union - 27 countries (2007-2013)
A,PC,TOTAL,EU27_2007,2009,9.9,European Union - 27 countries (2007-2013)
A,PC,TOTAL,EU27_2007,2010,10.7,European Union - 27 countries (2007-2013)
A,PC,TOTAL,EU27_2007,2011,11.4,European Union - 27 countries (2007-2013)
A,PC,TOTAL,EU27_2007,2012,11.0,European Union - 27 countries (2007-2013)
A,PC,TOTAL,EU27_2007,2013,11.1,European Union - 27 countries (2007-2013)
A,PC,TOTAL,EU27_2007,2014,11.7,European Union - 27 countries (2007-2013)
A,PC,TOTAL,EU27_2007,2015,11.4,European Union - 27 countries (2007-2013)
A,PC,TOTAL,EU27_2007,2016,11.1,European Union - 27 countries (2007-2013)
A,PC,TOTAL,EU27_2007,2017,10.5,European Union - 27 countries (2007-2013)
A,PC,TOTAL,EU27_2007,2018,10.3,European Union - 27 countries (2007-2013)
A,PC,TOTAL,EU27_2007,2019,10.2,European Union - 27 countries (2007-2013)
A,PC,TOTAL,EU27_2020,2010,10.0,European Union - 27 countries (from 2020)
A,PC,TOTAL,EU27_2020,2011,10.6,European Union - 27 countries (from 2020)
A,PC,TOTAL,EU27_2020,2012,11.5,European Union - 27 countries (from 2020)
A,PC,TOTAL,EU27_2020,2013,11.6,European Union - 27 countries (from 2020)
A,PC,TOTAL,EU27_2020,2014,11.5,European Union - 27 countries (from 2020)
A,PC,TOTAL,EU27_2020,2015,11.2,European Union - 27 countries (from 2020)
A,PC,TOTAL,EU27_2020,2016,10.9,European Union - 27 countries (from 2020)
A,PC,TOTAL,EU27_2020,2017,10.1,European Union - 27 countries (from 2020)
A,PC,TOTAL,EU27_2020,2018,9.6,European Union - 27 countries (from 2020)
A,PC,TOTAL,EU27_2020,2019,9.4,European Union - 27 countries (from 2020)
A,PC,TOTAL,EU27_2020,2020,7.8,European Union - 27 countries (from 2020)
A,PC,TOTAL,EU27_2020,2021,8.7,European Union - 27 countries (from 2020)
A,PC,TOTAL,EU27_2020,2022,8.7,European Union - 27 countries (from 2020)
A,PC,TOTAL,EU27_2020,2023,8.8,European Union - 27 countries (from 2020)
A,PC,TOTAL,EU27_2020,2024,8.2,European Union - 27 countries (from 2020)
A,PC,TOTAL,EU28,2010,10.8,European Union - 28 countries (2013-2020)
A,PC,TOTAL,EU28,2011,11.4,European Union - 28 countries (2013-2020)
A,PC,TOTAL,EU28,2012,11.0,European Union - 28 countries (2013-2020)
A,PC,TOTAL,EU28,2013,11.1,European Union - 28 countries (2013-2020)
A,PC,TOTAL,EU28,2014,11.6,European Union - 28 countries (2013-2020)
A,PC,TOTAL,EU28,2015,11.4,European Union - 28 countries (2013-2020)
A,PC,TOTAL,EU28,2016,11.1,European Union - 28 countries (2013-2020)
A,PC,TOTAL,EU28,2017,10.4,European Union - 28 countries (2013-2020)
A,PC,TOTAL,EU28,2018,10.3,European Union - 28 countries (2013-2020)
A,PC,TOTAL,EU28,2019,10.1,European Union - 28 countries (2013-2020)
A,PC,TOTAL,FI,2004,3.8,Finland
A,PC,TOTAL,FI,2005,3.5,Finland
A,PC,TOTAL,FI,2006,3.7,Finland
A,PC,TOTAL,FI,2007,4.7,Finland
A,PC,TOTAL,FI,2008,4.7,Finland
A,PC,TOTAL,FI,2009,4.4,Finland
A,PC,TOTAL,FI,2010,4.2,Finland
A,PC,TOTAL,FI,2011,4.4,Finland
A,PC,TOTAL,FI,2012,4.5,Finland
A,PC,TOTAL,FI,2013,4.9,Finland
A,PC,TOTAL,FI,2014,5.1,Finland
A,PC,TOTAL,FI,2015,4.9,Finland
A,PC,TOTAL,FI,2016,4.4,Finland
A,PC,TOTAL,FI,2017,4.3,Finland
A,PC,TOTAL,FI,2018,4.3,Finland
A,PC,TOTAL,FI,2019,4.0,Finland
A,PC,TOTAL,FI,2020,4.1,Finland
A,PC,TOTAL,FI,2021,4.3,Finland
A,PC,TOTAL,FI,2022,5.4,Finland
A,PC,TOTAL,FI,2023,5.5,Finland
A,PC,TOTAL,FI,2024,5.4,Finland
A,PC,TOTAL,FR,2005,5.3,France
A,PC,TOTAL,FR,2006,6.0,France
A,PC,TOTAL,FR,2007,5.7,France
A,PC,TOTAL,FR,2008,4.2,France
A,PC,TOTAL,FR,2009,4.0,France
A,PC,TOTAL,FR,2010,5.1,France
A,PC,TOTAL,FR,2011,5.2,France
A,PC,TOTAL,FR,2012,5.2,France
A,PC,TOTAL,FR,2013,5.2,France
A,PC,TOTAL,FR,2014,5.1,France
A,PC,TOTAL,FR,2015,5.7,France
A,PC,TOTAL,FR,2016,5.2,France
A,PC,TOTAL,FR,2017,5.0,France
A,PC,TOTAL,FR,2018,4.7,France
A,PC,TOTAL,FR,2019,5.5,France
A,PC,TOTAL,FR,2020,5.6,France
A,PC,TOTAL,FR,2022,6.5,France
A,PC,TOTAL,FR,2023,6.5,France
A,PC,TOTAL,FR,2024,7.0,France
A,PC,TOTAL,HR,2010,14.1,Croatia
A,PC,TOTAL,HR,2011,8.0,Croatia
A,PC,TOTAL,HR,2012,6.8,Croatia
A,PC,TOTAL,HR,2013,8.4,Croatia
A,PC,TOTAL,HR,2014,7.5,Croatia
A,PC,TOTAL,HR,2015,7.2,Croatia
A,PC,TOTAL,HR,2016,6.4,Croatia
A,PC,TOTAL,HR,2017,5.8,Croatia
A,PC,TOTAL,HR,2018,5.1,Croatia
A,PC,TOTAL,HR,2019,4.7,Croatia
A,PC,TOTAL,HR,2020,4.2,Croatia
A,PC,TOTAL,HR,2021,4.5,Croatia
A,PC,TOTAL,HR,2022,3.8,Croatia
A,PC,TOTAL,HR,2023,4.0,Croatia
A,PC,TOTAL,HR,2024,3.7,Croatia
A,PC,TOTAL,HU,2005,18.1,Hungary
A,PC,TOTAL,HU,2006,12.3,Hungary
A,PC,TOTAL,HU,2007,10.9,Hungary
A,PC,TOTAL,HU,2008,11.6,Hungary
A,PC,TOTAL,HU,2009,8.9,Hungary
A,PC,TOTAL,HU,2010,11.3,Hungary
A,PC,TOTAL,HU,2011,13.0,Hungary
A,PC,TOTAL,HU,2012,14.7,Hungary
A,PC,TOTAL,HU,2013,14.3,Hungary
A,PC,TOTAL,HU,2014,12.8,Hungary
A,PC,TOTAL,HU,2015,8.6,Hungary
A,PC,TOTAL,HU,2016,8.8,Hungary
A,PC,TOTAL,HU,2017,10.7,Hungary
A,PC,TOTAL,HU,2018,9.6,Hungary
A,PC,TOTAL,HU,2019,3.9,Hungary
A,PC,TOTAL,HU,2020,3.7,Hungary
A,PC,TOTAL,HU,2021,2.7,Hungary
A,PC,TOTAL,HU,2022,8.1,Hungary
A,PC,TOTAL,HU,2023,7.3,Hungary
A,PC,TOTAL,HU,2024,9.0,Hungary
A,PC,TOTAL,IE,2003,7.3,Ireland
A,PC,TOTAL,IE,2004,2.2,Ireland
A,PC,TOTAL,IE,2005,2.7,Ireland
A,PC,TOTAL,IE,2006,2.5,Ireland
A,PC,TOTAL,IE,2007,3.1,Ireland
A,PC,TOTAL,IE,2008,3.3,Ireland
A,PC,TOTAL,IE,2009,4.0,Ireland
A,PC,TOTAL,IE,2010,4.9,Ireland
A,PC,TOTAL,IE,2011,6.1,Ireland
A,PC,TOTAL,IE,2012,6.5,Ireland
A,PC,TOTAL,IE,2013,4.6,Ireland
A,PC,TOTAL,IE,2014,6.4,Ireland
A,PC,TOTAL,IE,2015,4.7,Ireland
A,PC,TOTAL,IE,2016,4.6,Ireland
A,PC,TOTAL,IE,2017,4.5,Ireland
A,PC,TOTAL,IE,2018,3.4,Ireland
A,PC,TOTAL,IE,2019,5.2,Ireland
A,PC,TOTAL,IE,2020,4.2,Ireland
A,PC,TOTAL,IE,2021,2.6,Ireland
A,PC,TOTAL,IE,2022,3.7,Ireland
A,PC,TOTAL,IE,2023,4.7,Ireland
A,PC,TOTAL,IE,2024,4.5,Ireland
A,PC,TOTAL,IS,2004,10.3,Iceland
A,PC,TOTAL,IS,2005,12.5,Iceland
A,PC,TOTAL,IS,2006,14.3,Iceland
A,PC,TOTAL,IS,2007,10.5,Iceland
A,PC,TOTAL,IS,2008,11.4,Iceland
A,PC,TOTAL,IS,2009,9.5,Iceland
A,PC,TOTAL,IS,2010,9.6,Iceland
A,PC,TOTAL,IS,2011,11.3,Iceland
A,PC,TOTAL,IS,2012,9.0,Iceland
A,PC,TOTAL,IS,2013,8.8,Iceland
A,PC,TOTAL,IS,2014,8.1,Iceland
A,PC,TOTAL,IS,2015,8.2,Iceland
A,PC,TOTAL,IS,2016,6.3,Iceland
A,PC,TOTAL,IS,2017,8.4,Iceland
A,PC,TOTAL,IS,2018,8.9,Iceland
A,PC,TOTAL,IS,2019,12.6,Iceland
A,PC,TOTAL,IS,2020,13.1,Iceland
A,PC,TOTAL,IT,2004,12.2,Italy
A,PC,TOTAL,IT,2005,12.6,Italy
A,PC,TOTAL,IT,2006,12.2,Italy
A,PC,TOTAL,IT,2007,7.5,Italy
A,PC,TOTAL,IT,2008,8.3,Italy
A,PC,TOTAL,IT,2009,7.8,Italy
A,PC,TOTAL,IT,2010,7.7,Italy
A,PC,TOTAL,IT,2011,8.7,Italy
A,PC,TOTAL,IT,2012,8.1,Italy
A,PC,TOTAL,IT,2013,8.9,Italy
A,PC,TOTAL,IT,2014,8.5,Italy
A,PC,TOTAL,IT,2015,8.6,Italy
A,PC,TOTAL,IT,2016,9.6,Italy
A,PC,TOTAL,IT,2017,8.2,Italy
A,PC,TOTAL,IT,2018,8.2,Italy
A,PC,TOTAL,IT,2019,8.7,Italy
A,PC,TOTAL,IT,2020,7.2,Italy
A,PC,TOTAL,IT,2021,7.2,Italy
A,PC,TOTAL,IT,2022,6.6,Italy
A,PC,TOTAL,IT,2023,5.7,Italy
A,PC,TOTAL,IT,2024,5.1,Italy
A,PC,TOTAL,LT,2005,9.0,Lithuania
A,PC,TOTAL,LT,2006,6.9,Lithuania
A,PC,TOTAL,LT,2007,4.8,Lithuania
A,PC,TOTAL,LT,2008,5.0,Lithuania
A,PC,TOTAL,LT,2009,5.6,Lithuania
A,PC,TOTAL,LT,2010,10.6,Lithuania
A,PC,TOTAL,LT,2011,11.1,Lithuania
A,PC,TOTAL,LT,2012,8.9,Lithuania
A,PC,TOTAL,LT,2013,8.2,Lithuania
A,PC,TOTAL,LT,2014,7.1,Lithuania
A,PC,TOTAL,LT,2015,9.1,Lithuania
A,PC,TOTAL,LT,2016,7.8,Lithuania
A,PC,TOTAL,LT,2017,7.2,Lithuania
A,PC,TOTAL,LT,2018,5.6,Lithuania
A,PC,TOTAL,LT,2019,4.8,Lithuania
A,PC,TOTAL,LT,2020,2.7,Lithuania
A,PC,TOTAL,LT,2021,2.7,Lithuania
A,PC,TOTAL,LT,2022,3.5,Lithuania
A,PC,TOTAL,LT,2023,5.2,Lithuania
A,PC,TOTAL,LT,2024,6.2,Lithuania
A,PC,TOTAL,LU,2007,3.9,Luxembourg
A,PC,TOTAL,LU,2008,3.7,Luxembourg
A,PC,TOTAL,LU,2009,3.7,Luxembourg
A,PC,TOTAL,LU,2010,4.7,Luxembourg
A,PC,TOTAL,LU,2011,4.2,Luxembourg
A,PC,TOTAL,LU,2012,4.9,Luxembourg
A,PC,TOTAL,LU,2013,5.6,Luxembourg
A,PC,TOTAL,LU,2014,6.8,Luxembourg
A,PC,TOTAL,LU,2015,6.0,Luxembourg
A,PC,TOTAL,LU,2016,7.0,Luxembourg
A,PC,TOTAL,LU,2017,7.1,Luxembourg
A,PC,TOTAL,LU,2018,9.3,Luxembourg
A,PC,TOTAL,LU,2019,10.1,Luxembourg
A,PC,TOTAL,LU,2020,8.5,Luxembourg
A,PC,TOTAL,LU,2021,5.1,Luxembourg
A,PC,TOTAL,LU,2022,9.0,Luxembourg
A,PC,TOTAL,LU,2023,11.5,Luxembourg
A,PC,TOTAL,LU,2024,8.0,Luxembourg
A,PC,TOTAL,LV,2007,9.9,Latvia
A,PC,TOTAL,LV,2008,8.7,Latvia
A,PC,TOTAL,LV,2009,9.3,Latvia
A,PC,TOTAL,LV,2010,9.8,Latvia
A,PC,TOTAL,LV,2011,12.5,Latvia
A,PC,TOTAL,LV,2012,11.2,Latvia
A,PC,TOTAL,LV,2013,11.4,Latvia
A,PC,TOTAL,LV,2014,9.6,Latvia
A,PC,TOTAL,LV,2015,8.1,Latvia
A,PC,TOTAL,LV,2016,7.0,Latvia
A,PC,TOTAL,LV,2017,6.9,Latvia
A,PC,TOTAL,LV,2018,6.7,Latvia
A,PC,TOTAL,LV,2019,5.4,Latvia
A,PC,TOTAL,LV,2020,4.8,Latvia
A,PC,TOTAL,LV,2021,4.9,Latvia
A,PC,TOTAL,LV,2022,5.4,Latvia
A,PC,TOTAL,LV,2023,7.2,Latvia
A,PC,TOTAL,LV,2024,6.7,Latvia
A,PC,TOTAL,ME,2013,19.8,Montenegro
A,PC,TOTAL,ME,2014,16.9,Montenegro
A,PC,TOTAL,ME,2015,16.8,Montenegro
A,PC,TOTAL,ME,2016,16.5,Montenegro
A,PC,TOTAL,ME,2017,15.1,Montenegro
A,PC,TOTAL,ME,2018,14.7,Montenegro
A,PC,TOTAL,ME,2019,11.7,Montenegro
A,PC,TOTAL,ME,2020,9.4,Montenegro
A,PC,TOTAL,ME,2021,8.0,Montenegro
A,PC,TOTAL,ME,2022,5.8,Montenegro
A,PC,TOTAL,ME,2023,6.1,Montenegro
A,PC,TOTAL,MK,2012,20.1,North Macedonia
A,PC,TOTAL,MK,2013,17.6,North Macedonia
A,PC,TOTAL,MK,2014,15.6,North Macedonia
A,PC,TOTAL,MK,2015,12.3,North Macedonia
A,PC,TOTAL,MK,2016,12.5,North Macedonia
A,PC,TOTAL,MK,2017,11.7,North Macedonia
A,PC,TOTAL,MK,2018,10.2,North Macedonia
A,PC,TOTAL,MK,2019,9.9,North Macedonia
A,PC,TOTAL,MK,2020,8.5,North Macedonia
A,PC,TOTAL,MK,2021,7.8,North Macedonia
A,PC,TOTAL,MK,2022,8.9,North Macedonia
A,PC,TOTAL,MK,2023,8.5,North Macedonia
A,PC,TOTAL,MK,2024,5.6,North Macedonia
A,PC,TOTAL,MT,2005,1.7,Malta
A,PC,TOTAL,MT,2006,1.8,Malta
A,PC,TOTAL,MT,2007,2.5,Malta
A,PC,TOTAL,MT,2008,3.3,Malta
A,PC,TOTAL,MT,2009,2.8,Malta
A,PC,TOTAL,MT,2010,3.7,Malta
A,PC,TOTAL,MT,2011,3.0,Malta
A,PC,TOTAL,MT,2012,2.6,Malta
A,PC,TOTAL,MT,2013,2.5,Malta
A,PC,TOTAL,MT,2014,1.6,Malta
A,PC,TOTAL,MT,2015,1.1,Malta
A,PC,TOTAL,MT,2016,1.4,Malta
A,PC,TOTAL,MT,2017,1.4,Malta
A,PC,TOTAL,MT,2018,1.7,Malta
A,PC,TOTAL,MT,2019,2.6,Malta
A,PC,TOTAL,MT,2020,2.8,Malta
A,PC,TOTAL,MT,2021,2.7,Malta
A,PC,TOTAL,MT,2022,2.9,Malta
A,PC,TOTAL,MT,2023,6.0,Malta
A,PC,TOTAL,MT,2024,5.9,Malta
A,PC,TOTAL,NL,2005,20.2,Netherlands
A,PC,TOTAL,NL,2006,19.7,Netherlands
A,PC,TOTAL,NL,2007,18.3,Netherlands
A,PC,TOTAL,NL,2008,13.7,Netherlands
A,PC,TOTAL,NL,2009,13.1,Netherlands
A,PC,TOTAL,NL,2010,14.0,Netherlands
A,PC,TOTAL,NL,2011,14.5,Netherlands
A,PC,TOTAL,NL,2012,14.4,Netherlands
A,PC,TOTAL,NL,2013,15.7,Netherlands
A,PC,TOTAL,NL,2014,15.4,Netherlands
A,PC,TOTAL,NL,2015,14.9,Netherlands
A,PC,TOTAL,NL,2016,10.7,Netherlands
A,PC,TOTAL,NL,2017,9.4,Netherlands
A,PC,TOTAL,NL,2018,9.4,Netherlands
A,PC,TOTAL,NL,2019,9.9,Netherlands
A,PC,TOTAL,NL,2020,8.3,Netherlands
A,PC,TOTAL,NL,2021,8.3,Netherlands
A,PC,TOTAL,NL,2022,10.0,Netherlands
A,PC,TOTAL,NL,2023,9.3,Netherlands
A,PC,TOTAL,NL,2024,6.9,Netherlands
A,PC,TOTAL,NO,2004,8.2,Norway
A,PC,TOTAL,NO,2005,4.3,Norway
A,PC,TOTAL,NO,2006,10.8,Norway
A,PC,TOTAL,NO,2007,12.8,Norway
A,PC,TOTAL,NO,2008,12.7,Norway
A,PC,TOTAL,NO,2009,10.9,Norway
A,PC,TOTAL,NO,2010,9.1,Norway
A,PC,TOTAL,NO,2011,10.6,Norway
A,PC,TOTAL,NO,2012,9.8,Norway
A,PC,TOTAL,NO,2013,9.6,Norway
A,PC,TOTAL,NO,2014,8.3,Norway
A,PC,TOTAL,NO,2015,9.5,Norway
A,PC,TOTAL,NO,2016,9.8,Norway
A,PC,TOTAL,NO,2017,9.5,Norway
A,PC,TOTAL,NO,2018,10.7,Norway
A,PC,TOTAL,NO,2019,10.6,Norway
A,PC,TOTAL,NO,2020,9.5,Norway
A,PC,TOTAL,NO,2021,10.9,Norway
A,PC,TOTAL,NO,2022,12.4,Norway
A,PC,TOTAL,NO,2023,13.9,Norway
A,PC,TOTAL,NO,2024,15.4,Norway
A,PC,TOTAL,PL,2007,10.5,Poland
A,PC,TOTAL,PL,2008,9.7,Poland
A,PC,TOTAL,PL,2009,8.2,Poland
A,PC,TOTAL,PL,2010,9.1,Poland
A,PC,TOTAL,PL,2011,10.2,Poland
A,PC,TOTAL,PL,2012,10.5,Poland
A,PC,TOTAL,PL,2013,10.3,Poland
A,PC,TOTAL,PL,2014,9.6,Poland
A,PC,TOTAL,PL,2015,8.7,Poland
A,PC,TOTAL,PL,2016,7.7,Poland
A,PC,TOTAL,PL,2017,6.7,Poland
A,PC,TOTAL,PL,2018,6.2,Poland
A,PC,TOTAL,PL,2019,6.0,Poland
A,PC,TOTAL,PL,2020,4.9,Poland
A,PC,TOTAL,PL,2021,5.7,Poland
A,PC,TOTAL,PL,2022,5.6,Poland
A,PC,TOTAL,PL,2023,5.9,Poland
A,PC,TOTAL,PL,2024,5.2,Poland
A,PC,TOTAL,PT,2005,4.3,Portugal
A,PC,TOTAL,PT,2007,7.4,Portugal
A,PC,TOTAL,PT,2008,7.6,Portugal
A,PC,TOTAL,PT,2009,6.1,Portugal
A,PC,TOTAL,PT,2010,4.2,Portugal
A,PC,TOTAL,PT,2011,7.2,Portugal
A,PC,TOTAL,PT,2012,8.3,Portugal
A,PC,TOTAL,PT,2013,8.3,Portugal
A,PC,TOTAL,PT,2014,9.2,Portugal
A,PC,TOTAL,PT,2015,9.1,Portugal
A,PC,TOTAL,PT,2016,7.5,Portugal
A,PC,TOTAL,PT,2017,6.7,Portugal
A,PC,TOTAL,PT,2018,5.7,Portugal
A,PC,TOTAL,PT,2019,5.7,Portugal
A,PC,TOTAL,PT,2020,4.1,Portugal
A,PC,TOTAL,PT,2021,5.9,Portugal
A,PC,TOTAL,PT,2022,5.0,Portugal
A,PC,TOTAL,PT,2023,4.9,Portugal
A,PC,TOTAL,PT,2024,6.9,Portugal
A,PC,TOTAL,RO,2007,19.7,Romania
A,PC,TOTAL,RO,2008,19.1,Romania
A,PC,TOTAL,RO,2009,15.4,Romania
A,PC,TOTAL,RO,2010,15.8,Romania
A,PC,TOTAL,RO,2011,10.5,Romania
A,PC,TOTAL,RO,2012,18.4,Romania
A,PC,TOTAL,RO,2013,16.9,Romania
A,PC,TOTAL,RO,2014,16.2,Romania
A,PC,TOTAL,RO,2015,15.9,Romania
A,PC,TOTAL,RO,2016,14.4,Romania
A,PC,TOTAL,RO,2017,12.3,Romania
A,PC,TOTAL,RO,2018,10.3,Romania
A,PC,TOTAL,RO,2019,8.6,Romania
A,PC,TOTAL,RO,2020,7.1,Romania
A,PC,TOTAL,RO,2021,7.5,Romania
A,PC,TOTAL,RO,2022,8.5,Romania
A,PC,TOTAL,RO,2023,9.1,Romania
A,PC,TOTAL,RO,2024,4.7,Romania
A,PC,TOTAL,RS,2013,28.0,Serbia
A,PC,TOTAL,RS,2014,31.7,Serbia
A,PC,TOTAL,RS,2015,33.7,Serbia
A,PC,TOTAL,RS,2016,31.0,Serbia
A,PC,TOTAL,RS,2017,33.6,Serbia
A,PC,TOTAL,RS,2018,31.3,Serbia
A,PC,TOTAL,RS,2019,22.7,Serbia
A,PC,TOTAL,RS,2020,19.5,Serbia
A,PC,TOTAL,RS,2021,16.6,Serbia
A,PC,TOTAL,RS,2022,14.8,Serbia
A,PC,TOTAL,RS,2023,15.4,Serbia
A,PC,TOTAL,RS,2024,11.4,Serbia
A,PC,TOTAL,SE,2004,9.2,Sweden
A,PC,TOTAL,SE,2005,9.2,Sweden
A,PC,TOTAL,SE,2006,9.6,Sweden
A,PC,TOTAL,SE,2007,7.9,Sweden
A,PC,TOTAL,SE,2008,10.0,Sweden
A,PC,TOTAL,SE,2009,10.6,Sweden
A,PC,TOTAL,SE,2010,7.8,Sweden
A,PC,TOTAL,SE,2011,9.3,Sweden
A,PC,TOTAL,SE,2012,8.7,Sweden
A,PC,TOTAL,SE,2013,9.0,Sweden
A,PC,TOTAL,SE,2014,8.6,Sweden
A,PC,TOTAL,SE,2015,8.7,Sweden
A,PC,TOTAL,SE,2016,8.5,Sweden
A,PC,TOTAL,SE,2017,8.4,Sweden
A,PC,TOTAL,SE,2018,8.3,Sweden
A,PC,TOTAL,SE,2019,9.4,Sweden
A,PC,TOTAL,SE,2020,8.3,Sweden
A,PC,TOTAL,SE,2021,8.5,Sweden
A,PC,TOTAL,SE,2022,9.1,Sweden
A,PC,TOTAL,SE,2023,10.9,Sweden
A,PC,TOTAL,SE,2024,10.6,Sweden
A,PC,TOTAL,SI,2005,4.7,Slovenia
A,PC,TOTAL,SI,2006,3.0,Slovenia
A,PC,TOTAL,SI,2007,5.0,Slovenia
A,PC,TOTAL,SI,2008,4.4,Slovenia
A,PC,TOTAL,SI,2009,3.9,Slovenia
A,PC,TOTAL,SI,2010,4.3,Slovenia
A,PC,TOTAL,SI,2011,4.7,Slovenia
A,PC,TOTAL,SI,2012,5.2,Slovenia
A,PC,TOTAL,SI,2013,6.0,Slovenia
A,PC,TOTAL,SI,2014,6.4,Slovenia
A,PC,TOTAL,SI,2015,6.1,Slovenia
A,PC,TOTAL,SI,2016,5.7,Slovenia
A,PC,TOTAL,SI,2017,5.2,Slovenia
A,PC,TOTAL,SI,2018,4.9,Slovenia
A,PC,TOTAL,SI,2019,4.1,Slovenia
A,PC,TOTAL,SI,2020,4.4,Slovenia
A,PC,TOTAL,SI,2021,4.1,Slovenia
A,PC,TOTAL,SI,2022,4.1,Slovenia
A,PC,TOTAL,SI,2023,3.7,Slovenia
A,PC,TOTAL,SI,2024,3.8,Slovenia
A,PC,TOTAL,SK,2005,14.6,Slovakia
A,PC,TOTAL,SK,2006,16.4,Slovakia
A,PC,TOTAL,SK,2007,17.8,Slovakia
A,PC,TOTAL,SK,2008,5.6,Slovakia
A,PC,TOTAL,SK,2009,9.4,Slovakia
A,PC,TOTAL,SK,2010,7.6,Slovakia
A,PC,TOTAL,SK,2011,8.4,Slovakia
A,PC,TOTAL,SK,2012,8.4,Slovakia
A,PC,TOTAL,SK,2013,8.3,Slovakia
A,PC,TOTAL,SK,2014,9.0,Slovakia
A,PC,TOTAL,SK,2015,9.1,Slovakia
A,PC,TOTAL,SK,2016,7.7,Slovakia
A,PC,TOTAL,SK,2017,8.4,Slovakia
A,PC,TOTAL,SK,2018,4.1,Slovakia
A,PC,TOTAL,SK,2019,5.7,Slovakia
A,PC,TOTAL,SK,2020,3.2,Slovakia
A,PC,TOTAL,SK,2021,7.1,Slovakia
A,PC,TOTAL,SK,2022,2.5,Slovakia
A,PC,TOTAL,SK,2023,5.9,Slovakia
A,PC,TOTAL,SK,2024,6.4,Slovakia
A,PC,TOTAL,TR,2006,13.7,Türkiye
A,PC,TOTAL,TR,2014,10.3,Türkiye
A,PC,TOTAL,TR,2015,10.5,Türkiye
A,PC,TOTAL,TR,2016,10.1,Türkiye
A,PC,TOTAL,TR,2017,9.5,Türkiye
A,PC,TOTAL,TR,2018,9.7,Türkiye
A,PC,TOTAL,TR,2019,10.5,Türkiye
A,PC,TOTAL,TR,2020,10.2,Türkiye
A,PC,TOTAL,TR,2021,11.5,Türkiye
A,PC,TOTAL,TR,2022,11.2,Türkiye
A,PC,TOTAL,TR,2023,14.4,Türkiye
A,PC,TOTAL,TR,2024,14.9,Türkiye
A,PC,TOTAL,UK,2005,14.7,United Kingdom
A,PC,TOTAL,UK,2006,16.4,United Kingdom
A,PC,TOTAL,UK,2007,16.3,United Kingdom
A,PC,TOTAL,UK,2008,16.3,United Kingdom
A,PC,TOTAL,UK,2009,16.3,United Kingdom
A,PC,TOTAL,UK,2010,16.5,United Kingdom
A,PC,TOTAL,UK,2011,16.4,United Kingdom
A,PC,TOTAL,UK,2012,7.3,United Kingdom
A,PC,TOTAL,UK,2013,7.9,United Kingdom
A,PC,TOTAL,UK,2014,12.5,United Kingdom
A,PC,TOTAL,UK,2015,12.4,United Kingdom
A,PC,TOTAL,UK,2016,12.3,United Kingdom
A,PC,TOTAL,UK,2017,12.4,United Kingdom
A,PC,TOTAL,UK,2018,15.1,United Kingdom
A,PC,TOTAL,XK,2018,11.3,Kosovo*
