freq,rskpovth,hhcomp,tenure,unit,geo,time,value,geo_label
A,TOTAL,TOTAL,OWN,PC,AL,2017,96.5,Albania
A,TOTAL,TOTAL,OWN,PC,AL,2018,96.1,Albania
A,TOTAL,TOTAL,OWN,PC,AL,2019,96.5,Albania
A,TOTAL,TOTAL,OWN,PC,AL,2020,96.3,Albania
A,TOTAL,TOTAL,OWN,PC,AL,2021,95.9,Albania
A,TOTAL,TOTAL,OWN,PC,AL,2022,96.0,Albania
A,TOTAL,TOTAL,OWN,PC,AL,2023,95.5,Albania
A,TOTAL,TOTAL,OWN,PC,AT,2007,59.2,Austria
A,TOTAL,TOTAL,OWN,PC,AT,2008,57.9,Austria
A,TOTAL,TOTAL,OWN,PC,AT,2009,57.6,Austria
A,TOTAL,TOTAL,OWN,PC,AT,2010,57.4,Austria
A,TOTAL,TOTAL,OWN,PC,AT,2011,52.4,Austria
A,TOTAL,TOTAL,OWN,PC,AT,2012,57.5,Austria
A,TOTAL,TOTAL,OWN,PC,AT,2013,57.3,Austria
A,TOTAL,TOTAL,OWN,PC,AT,2014,57.2,Austria
A,TOTAL,TOTAL,OWN,PC,AT,2015,55.7,Austria
A,TOTAL,TOTAL,OWN,PC,AT,2016,55.0,Austria
A,TOTAL,TOTAL,OWN,PC,AT,2017,55.0,Austria
A,TOTAL,TOTAL,OWN,PC,AT,2018,55.4,Austria
A,TOTAL,TOTAL,OWN,PC,AT,2019,55.2,Austria
A,TOTAL,TOTAL,OWN,PC,AT,2020,55.3,Austria
A,TOTAL,TOTAL,OWN,PC,AT,2021,54.2,Austria
A,TOTAL,TOTAL,OWN,PC,AT,2022,51.4,Austria
A,TOTAL,TOTAL,OWN,PC,AT,2023,54.3,Austria
A,TOTAL,TOTAL,OWN,PC,AT,2024,54.5,Austria
A,TOTAL,TOTAL,OWN,PC,BE,2003,72.7,Belgium
A,TOTAL,TOTAL,OWN,PC,BE,2004,72.2,Belgium
A,TOTAL,TOTAL,OWN,PC,BE,2005,72.2,Belgium
A,TOTAL,TOTAL,OWN,PC,BE,2006,73.7,Belgium
A,TOTAL,TOTAL,OWN,PC,BE,2007,72.9,Belgium
A,TOTAL,TOTAL,OWN,PC,BE,2008,73.1,Belgium
A,TOTAL,TOTAL,OWN,PC,BE,2009,72.7,Belgium
A,TOTAL,TOTAL,OWN,PC,BE,2010,71.6,Belgium
A,TOTAL,TOTAL,OWN,PC,BE,2011,71.8,Belgium
A,TOTAL,TOTAL,OWN,PC,BE,2012,72.4,Belgium
A,TOTAL,TOTAL,OWN,PC,BE,2013,72.3,Belgium
A,TOTAL,TOTAL,OWN,PC,BE,2014,72.0,Belgium
A,TOTAL,TOTAL,OWN,PC,BE,2015,71.4,Belgium
A,TOTAL,TOTAL,OWN,PC,BE,2016,70.9,Belgium
A,TOTAL,TOTAL,OWN,PC,BE,2017,72.4,Belgium
A,TOTAL,TOTAL,OWN,PC,BE,2018,72.3,Belgium
A,TOTAL,TOTAL,OWN,PC,BE,2019,71.4,Belgium
A,TOTAL,TOTAL,OWN,PC,BE,2020,71.1,Belgium
A,TOTAL,TOTAL,OWN,PC,BE,2021,71.3,Belgium
A,TOTAL,TOTAL,OWN,PC,BE,2022,72.4,Belgium
A,TOTAL,TOTAL,OWN,PC,BE,2023,71.9,Belgium
A,TOTAL,TOTAL,OWN,PC,BE,2024,70.3,Belgium
A,TOTAL,TOTAL,OWN,PC,BG,2005,85.4,Bulgaria
A,TOTAL,TOTAL,OWN,PC,BG,2006,85.4,Bulgaria
A,TOTAL,TOTAL,OWN,PC,BG,2007,87.6,Bulgaria
A,TOTAL,TOTAL,OWN,PC,BG,2008,87.1,Bulgaria
A,TOTAL,TOTAL,OWN,PC,BG,2009,86.8,Bulgaria
A,TOTAL,TOTAL,OWN,PC,BG,2010,86.9,Bulgaria
A,TOTAL,TOTAL,OWN,PC,BG,2011,87.2,Bulgaria
A,TOTAL,TOTAL,OWN,PC,BG,2012,87.4,Bulgaria
A,TOTAL,TOTAL,OWN,PC,BG,2013,85.7,Bulgaria
A,TOTAL,TOTAL,OWN,PC,BG,2014,84.3,Bulgaria
A,TOTAL,TOTAL,OWN,PC,BG,2015,82.3,Bulgaria
A,TOTAL,TOTAL,OWN,PC,BG,2016,82.3,Bulgaria
A,TOTAL,TOTAL,OWN,PC,BG,2017,82.9,Bulgaria
A,TOTAL,TOTAL,OWN,PC,BG,2018,83.6,Bulgaria
A,TOTAL,TOTAL,OWN,PC,BG,2019,84.1,Bulgaria
A,TOTAL,TOTAL,OWN,PC,BG,2020,84.3,Bulgaria
A,TOTAL,TOTAL,OWN,PC,BG,2021,84.9,Bulgaria
A,TOTAL,TOTAL,OWN,PC,BG,2022,85.0,Bulgaria
A,TOTAL,TOTAL,OWN,PC,BG,2023,86.1,Bulgaria
A,TOTAL,TOTAL,OWN,PC,BG,2024,86.0,Bulgaria
A,TOTAL,TOTAL,OWN,PC,CH,2010,44.4,Switzerland
A,TOTAL,TOTAL,OWN,PC,CH,2011,43.8,Switzerland
A,TOTAL,TOTAL,OWN,PC,CH,2012,43.8,Switzerland
A,TOTAL,TOTAL,OWN,PC,CH,2013,44.0,Switzerland
A,TOTAL,TOTAL,OWN,PC,CH,2014,44.5,Switzerland
A,TOTAL,TOTAL,OWN,PC,CH,2015,43.4,Switzerland
A,TOTAL,TOTAL,OWN,PC,CH,2016,42.5,Switzerland
A,TOTAL,TOTAL,OWN,PC,CH,2017,41.3,Switzerland
A,TOTAL,TOTAL,OWN,PC,CH,2018,42.5,Switzerland
A,TOTAL,TOTAL,OWN,PC,CH,2019,41.6,Switzerland
A,TOTAL,TOTAL,OWN,PC,CH,2020,42.3,Switzerland
A,TOTAL,TOTAL,OWN,PC,CH,2021,42.2,Switzerland
A,TOTAL,TOTAL,OWN,PC,CH,2022,42.3,Switzerland
A,TOTAL,TOTAL,OWN,PC,CH,2023,42.6,Switzerland
A,TOTAL,TOTAL,OWN,PC,CH,2024,42.0,Switzerland
A,TOTAL,TOTAL,OWN,PC,CY,2007,74.1,Cyprus
A,TOTAL,TOTAL,OWN,PC,CY,2008,72.3,Cyprus
A,TOTAL,TOTAL,OWN,PC,CY,2009,74.1,Cyprus
A,TOTAL,TOTAL,OWN,PC,CY,2010,73.1,Cyprus
A,TOTAL,TOTAL,OWN,PC,CY,2011,73.5,Cyprus
A,TOTAL,TOTAL,OWN,PC,CY,2012,73.2,Cyprus
A,TOTAL,TOTAL,OWN,PC,CY,2013,74.0,Cyprus
A,TOTAL,TOTAL,OWN,PC,CY,2014,72.9,Cyprus
A,TOTAL,TOTAL,OWN,PC,CY,2015,73.0,Cyprus
A,TOTAL,TOTAL,OWN,PC,CY,2016,72.5,Cyprus
A,TOTAL,TOTAL,OWN,PC,CY,2017,70.7,Cyprus
A,TOTAL,TOTAL,OWN,PC,CY,2018,70.1,Cyprus
A,TOTAL,TOTAL,OWN,PC,CY,2019,70.0,Cyprus
A,TOTAL,TOTAL,OWN,PC,CY,2020,70.9,Cyprus
A,TOTAL,TOTAL,OWN,PC,CY,2021,71.3,Cyprus
A,TOTAL,TOTAL,OWN,PC,CY,2022,70.5,Cyprus
A,TOTAL,TOTAL,OWN,PC,CY,2023,70.1,Cyprus
A,TOTAL,TOTAL,OWN,PC,CY,2024,69.4,Cyprus
A,TOTAL,TOTAL,OWN,PC,CZ,2005,73.5,Czechia
A,TOTAL,TOTAL,OWN,PC,CZ,2006,74.1,Czechia
A,TOTAL,TOTAL,OWN,PC,CZ,2007,74.5,Czechia
A,TOTAL,TOTAL,OWN,PC,CZ,2008,75.8,Czechia
A,TOTAL,TOTAL,OWN,PC,CZ,2009,76.6,Czechia
A,TOTAL,TOTAL,OWN,PC,CZ,2010,78.7,Czechia
A,TOTAL,TOTAL,OWN,PC,CZ,2011,80.1,Czechia
A,TOTAL,TOTAL,OWN,PC,CZ,2012,80.4,Czechia
A,TOTAL,TOTAL,OWN,PC,CZ,2013,80.1,Czechia
A,TOTAL,TOTAL,OWN,PC,CZ,2014,78.9,Czechia
A,TOTAL,TOTAL,OWN,PC,CZ,2015,78.0,Czechia
A,TOTAL,TOTAL,OWN,PC,CZ,2016,78.2,Czechia
A,TOTAL,TOTAL,OWN,PC,CZ,2017,78.5,Czechia
A,TOTAL,TOTAL,OWN,PC,CZ,2018,78.7,Czechia
A,TOTAL,TOTAL,OWN,PC,CZ,2019,78.6,Czechia
A,TOTAL,TOTAL,OWN,PC,CZ,2020,78.9,Czechia
A,TOTAL,TOTAL,OWN,PC,CZ,2021,78.3,Czechia
A,TOTAL,TOTAL,OWN,PC,CZ,2022,77.1,Czechia
A,TOTAL,TOTAL,OWN,PC,CZ,2023,76.0,Czechia
A,TOTAL,TOTAL,OWN,PC,CZ,2024,74.7,Czechia
A,TOTAL,TOTAL,OWN,PC,DE,2005,53.3,Germany
A,TOTAL,TOTAL,OWN,PC,DE,2010,53.2,Germany
A,TOTAL,TOTAL,OWN,PC,DE,2011,53.4,Germany
A,TOTAL,TOTAL,OWN,PC,DE,2012,53.3,Germany
A,TOTAL,TOTAL,OWN,PC,DE,2013,52.6,Germany
A,TOTAL,TOTAL,OWN,PC,DE,2014,52.5,Germany
A,TOTAL,TOTAL,OWN,PC,DE,2015,51.9,Germany
A,TOTAL,TOTAL,OWN,PC,DE,2016,51.7,Germany
A,TOTAL,TOTAL,OWN,PC,DE,2017,51.4,Germany
A,TOTAL,TOTAL,OWN,PC,DE,2018,51.5,Germany
A,TOTAL,TOTAL,OWN,PC,DE,2019,51.1,Germany
A,TOTAL,TOTAL,OWN,PC,DE,2020,50.5,Germany
A,TOTAL,TOTAL,OWN,PC,DE,2021,49.1,Germany
A,TOTAL,TOTAL,OWN,PC,DE,2022,46.5,Germany
A,TOTAL,TOTAL,OWN,PC,DE,2023,47.6,Germany
A,TOTAL,TOTAL,OWN,PC,DE,2024,47.2,Germany
A,TOTAL,TOTAL,OWN,PC,DK,2003,66.0,Denmark
A,TOTAL,TOTAL,OWN,PC,DK,2004,67.2,Denmark
A,TOTAL,TOTAL,OWN,PC,DK,2005,66.6,Denmark
A,TOTAL,TOTAL,OWN,PC,DK,2006,67.4,Denmark
A,TOTAL,TOTAL,OWN,PC,DK,2007,67.1,Denmark
A,TOTAL,TOTAL,OWN,PC,DK,2008,66.5,Denmark
A,TOTAL,TOTAL,OWN,PC,DK,2009,66.3,Denmark
A,TOTAL,TOTAL,OWN,PC,DK,2010,66.6,Denmark
A,TOTAL,TOTAL,OWN,PC,DK,2011,68.7,Denmark
A,TOTAL,TOTAL,OWN,PC,DK,2012,66.0,Denmark
A,TOTAL,TOTAL,OWN,PC,DK,2013,64.5,Denmark
A,TOTAL,TOTAL,OWN,PC,DK,2014,63.3,Denmark
A,TOTAL,TOTAL,OWN,PC,DK,2015,62.7,Denmark
A,TOTAL,TOTAL,OWN,PC,DK,2016,61.7,Denmark
A,TOTAL,TOTAL,OWN,PC,DK,2017,62.2,Denmark
A,TOTAL,TOTAL,OWN,PC,DK,2018,60.5,Denmark
A,TOTAL,TOTAL,OWN,PC,DK,2019,60.8,Denmark
A,TOTAL,TOTAL,OWN,PC,DK,2020,59.3,Denmark
A,TOTAL,TOTAL,OWN,PC,DK,2021,59.2,Denmark
A,TOTAL,TOTAL,OWN,PC,DK,2022,59.6,Denmark
A,TOTAL,TOTAL,OWN,PC,DK,2023,60.0,Denmark
A,TOTAL,TOTAL,OWN,PC,DK,2024,60.9,Denmark
A,TOTAL,TOTAL,OWN,PC,EA,2011,66.6,"Euro area (EA11-1999, EA12-2001, EA13-2007, EA15-2008, EA16-2009, EA17-2011, EA18-2014, EA19-2015, EA20-2023, EA21-2026)"
A,TOTAL,TOTAL,OWN,PC,EA,2012,66.9,"Euro area (EA11-1999, EA12-2001, EA13-2007, EA15-2008, EA16-2009, EA17-2011, EA18-2014, EA19-2015, EA20-2023, EA21-2026)"
A,TOTAL,TOTAL,OWN,PC,EA,2013,66.5,"Euro area (EA11-1999, EA12-2001, EA13-2007, EA15-2008, EA16-2009, EA17-2011, EA18-2014, EA19-2015, EA20-2023, EA21-2026)"
A,TOTAL,TOTAL,OWN,PC,EA,2014,66.7,"Euro area (EA11-1999, EA12-2001, EA13-2007, EA15-2008, EA16-2009, EA17-2011, EA18-2014, EA19-2015, EA20-2023, EA21-2026)"
A,TOTAL,TOTAL,OWN,PC,EA,2015,66.4,"Euro area (EA11-1999, EA12-2001, EA13-2007, EA15-2008, EA16-2009, EA17-2011, EA18-2014, EA19-2015, EA20-2023, EA21-2026)"
A,TOTAL,TOTAL,OWN,PC,EA,2016,66.3,"Euro area (EA11-1999, EA12-2001, EA13-2007, EA15-2008, EA16-2009, EA17-2011, EA18-2014, EA19-2015, EA20-2023, EA21-2026)"
A,TOTAL,TOTAL,OWN,PC,EA,2017,66.1,"Euro area (EA11-1999, EA12-2001, EA13-2007, EA15-2008, EA16-2009, EA17-2011, EA18-2014, EA19-2015, EA20-2023, EA21-2026)"
A,TOTAL,TOTAL,OWN,PC,EA,2018,66.2,"Euro area (EA11-1999, EA12-2001, EA13-2007, EA15-2008, EA16-2009, EA17-2011, EA18-2014, EA19-2015, EA20-2023, EA21-2026)"
A,TOTAL,TOTAL,OWN,PC,EA,2019,65.8,"Euro area (EA11-1999, EA12-2001, EA13-2007, EA15-2008, EA16-2009, EA17-2011, EA18-2014, EA19-2015, EA20-2023, EA21-2026)"
A,TOTAL,TOTAL,OWN,PC,EA,2020,66.0,"Euro area (EA11-1999, EA12-2001, EA13-2007, EA15-2008, EA16-2009, EA17-2011, EA18-2014, EA19-2015, EA20-2023, EA21-2026)"
A,TOTAL,TOTAL,OWN,PC,EA,2021,65.8,"Euro area (EA11-1999, EA12-2001, EA13-2007, EA15-2008, EA16-2009, EA17-2011, EA18-2014, EA19-2015, EA20-2023, EA21-2026)"
A,TOTAL,TOTAL,OWN,PC,EA18,2005,63.6,Euro area - 18 countries (2014)
A,TOTAL,TOTAL,OWN,PC,EA18,2007,71.2,Euro area - 18 countries (2014)
A,TOTAL,TOTAL,OWN,PC,EA18,2008,71.5,Euro area - 18 countries (2014)
A,TOTAL,TOTAL,OWN,PC,EA18,2009,71.6,Euro area - 18 countries (2014)
A,TOTAL,TOTAL,OWN,PC,EA18,2010,66.6,Euro area - 18 countries (2014)
A,TOTAL,TOTAL,OWN,PC,EA18,2011,66.7,Euro area - 18 countries (2014)
A,TOTAL,TOTAL,OWN,PC,EA18,2012,67.0,Euro area - 18 countries (2014)
A,TOTAL,TOTAL,OWN,PC,EA18,2013,66.6,Euro area - 18 countries (2014)
A,TOTAL,TOTAL,OWN,PC,EA18,2014,66.7,Euro area - 18 countries (2014)
A,TOTAL,TOTAL,OWN,PC,EA18,2015,66.2,Euro area - 18 countries (2014)
A,TOTAL,TOTAL,OWN,PC,EA18,2016,66.1,Euro area - 18 countries (2014)
A,TOTAL,TOTAL,OWN,PC,EA18,2017,65.9,Euro area - 18 countries (2014)
A,TOTAL,TOTAL,OWN,PC,EA18,2018,66.0,Euro area - 18 countries (2014)
A,TOTAL,TOTAL,OWN,PC,EA18,2019,65.6,Euro area - 18 countries (2014)
A,TOTAL,TOTAL,OWN,PC,EA18,2020,65.8,Euro area - 18 countries (2014)
A,TOTAL,TOTAL,OWN,PC,EA19,2005,64.0,Euro area - 19 countries  (2015-2022)
A,TOTAL,TOTAL,OWN,PC,EA19,2007,71.4,Euro area - 19 countries  (2015-2022)
A,TOTAL,TOTAL,OWN,PC,EA19,2008,71.7,Euro area - 19 countries  (2015-2022)
A,TOTAL,TOTAL,OWN,PC,EA19,2009,71.9,Euro area - 19 countries  (2015-2022)
A,TOTAL,TOTAL,OWN,PC,EA19,2010,66.8,Euro area - 19 countries  (2015-2022)
A,TOTAL,TOTAL,OWN,PC,EA19,2011,66.9,Euro area - 19 countries  (2015-2022)
A,TOTAL,TOTAL,OWN,PC,EA19,2012,67.2,Euro area - 19 countries  (2015-2022)
A,TOTAL,TOTAL,OWN,PC,EA19,2013,66.9,Euro area - 19 countries  (2015-2022)
A,TOTAL,TOTAL,OWN,PC,EA19,2014,66.9,Euro area - 19 countries  (2015-2022)
A,TOTAL,TOTAL,OWN,PC,EA19,2015,66.4,Euro area - 19 countries  (2015-2022)
A,TOTAL,TOTAL,OWN,PC,EA19,2016,66.3,Euro area - 19 countries  (2015-2022)
A,TOTAL,TOTAL,OWN,PC,EA19,2017,66.1,Euro area - 19 countries  (2015-2022)
A,TOTAL,TOTAL,OWN,PC,EA19,2018,66.2,Euro area - 19 countries  (2015-2022)
A,TOTAL,TOTAL,OWN,PC,EA19,2019,65.8,Euro area - 19 countries  (2015-2022)
A,TOTAL,TOTAL,OWN,PC,EA19,2020,66.0,Euro area - 19 countries  (2015-2022)
A,TOTAL,TOTAL,OWN,PC,EA19,2021,65.8,Euro area - 19 countries  (2015-2022)
A,TOTAL,TOTAL,OWN,PC,EA20,2014,67.0,Euro area – 20 countries (2023-2025)
A,TOTAL,TOTAL,OWN,PC,EA20,2015,66.7,Euro area – 20 countries (2023-2025)
A,TOTAL,TOTAL,OWN,PC,EA20,2016,66.6,Euro area – 20 countries (2023-2025)
A,TOTAL,TOTAL,OWN,PC,EA20,2017,66.4,Euro area – 20 countries (2023-2025)
A,TOTAL,TOTAL,OWN,PC,EA20,2018,66.4,Euro area – 20 countries (2023-2025)
A,TOTAL,TOTAL,OWN,PC,EA20,2019,66.1,Euro area – 20 countries (2023-2025)
A,TOTAL,TOTAL,OWN,PC,EA20,2020,66.2,Euro area – 20 countries (2023-2025)
A,TOTAL,TOTAL,OWN,PC,EA20,2021,66.0,Euro area – 20 countries (2023-2025)
A,TOTAL,TOTAL,OWN,PC,EA20,2022,65.2,Euro area – 20 countries (2023-2025)
A,TOTAL,TOTAL,OWN,PC,EA20,2023,65.2,Euro area – 20 countries (2023-2025)
A,TOTAL,TOTAL,OWN,PC,EA20,2024,64.5,Euro area – 20 countries (2023-2025)
A,TOTAL,TOTAL,OWN,PC,EA21,2014,67.5,Euro area – 21 countries (from 2026)
A,TOTAL,TOTAL,OWN,PC,EA21,2015,67.0,Euro area – 21 countries (from 2026)
A,TOTAL,TOTAL,OWN,PC,EA21,2016,66.9,Euro area – 21 countries (from 2026)
A,TOTAL,TOTAL,OWN,PC,EA21,2017,66.7,Euro area – 21 countries (from 2026)
A,TOTAL,TOTAL,OWN,PC,EA21,2018,66.8,Euro area – 21 countries (from 2026)
A,TOTAL,TOTAL,OWN,PC,EA21,2019,66.5,Euro area – 21 countries (from 2026)
A,TOTAL,TOTAL,OWN,PC,EA21,2020,66.6,Euro area – 21 countries (from 2026)
A,TOTAL,TOTAL,OWN,PC,EA21,2021,66.4,Euro area – 21 countries (from 2026)
A,TOTAL,TOTAL,OWN,PC,EA21,2022,65.5,Euro area – 21 countries (from 2026)
A,TOTAL,TOTAL,OWN,PC,EA21,2023,65.6,Euro area – 21 countries (from 2026)
A,TOTAL,TOTAL,OWN,PC,EA21,2024,64.9,Euro area – 21 countries (from 2026)
A,TOTAL,TOTAL,OWN,PC,EE,2006,87.8,Estonia
A,TOTAL,TOTAL,OWN,PC,EE,2007,86.8,Estonia
A,TOTAL,TOTAL,OWN,PC,EE,2008,88.9,Estonia
A,TOTAL,TOTAL,OWN,PC,EE,2009,87.1,Estonia
A,TOTAL,TOTAL,OWN,PC,EE,2010,85.5,Estonia
A,TOTAL,TOTAL,OWN,PC,EE,2011,83.5,Estonia
A,TOTAL,TOTAL,OWN,PC,EE,2012,82.2,Estonia
A,TOTAL,TOTAL,OWN,PC,EE,2013,81.1,Estonia
A,TOTAL,TOTAL,OWN,PC,EE,2014,81.5,Estonia
A,TOTAL,TOTAL,OWN,PC,EE,2015,81.5,Estonia
A,TOTAL,TOTAL,OWN,PC,EE,2016,81.4,Estonia
A,TOTAL,TOTAL,OWN,PC,EE,2017,81.8,Estonia
A,TOTAL,TOTAL,OWN,PC,EE,2018,82.4,Estonia
A,TOTAL,TOTAL,OWN,PC,EE,2019,81.7,Estonia
A,TOTAL,TOTAL,OWN,PC,EE,2020,81.4,Estonia
A,TOTAL,TOTAL,OWN,PC,EE,2021,81.6,Estonia
A,TOTAL,TOTAL,OWN,PC,EE,2022,82.0,Estonia
A,TOTAL,TOTAL,OWN,PC,EE,2023,80.7,Estonia
A,TOTAL,TOTAL,OWN,PC,EE,2024,79.3,Estonia
A,TOTAL,TOTAL,OWN,PC,EL,2003,75.3,Greece
A,TOTAL,TOTAL,OWN,PC,EL,2007,75.6,Greece
A,TOTAL,TOTAL,OWN,PC,EL,2008,76.7,Greece
A,TOTAL,TOTAL,OWN,PC,EL,2009,76.4,Greece
A,TOTAL,TOTAL,OWN,PC,EL,2010,77.2,Greece
A,TOTAL,TOTAL,OWN,PC,EL,2011,75.9,Greece
A,TOTAL,TOTAL,OWN,PC,EL,2012,75.9,Greece
A,TOTAL,TOTAL,OWN,PC,EL,2013,75.8,Greece
A,TOTAL,TOTAL,OWN,PC,EL,2014,74.0,Greece
A,TOTAL,TOTAL,OWN,PC,EL,2015,75.1,Greece
A,TOTAL,TOTAL,OWN,PC,EL,2016,73.9,Greece
A,TOTAL,TOTAL,OWN,PC,EL,2017,73.3,Greece
A,TOTAL,TOTAL,OWN,PC,EL,2018,73.5,Greece
A,TOTAL,TOTAL,OWN,PC,EL,2019,75.4,Greece
A,TOTAL,TOTAL,OWN,PC,EL,2020,73.9,Greece
A,TOTAL,TOTAL,OWN,PC,EL,2021,73.3,Greece
A,TOTAL,TOTAL,OWN,PC,EL,2022,72.8,Greece
A,TOTAL,TOTAL,OWN,PC,EL,2023,69.6,Greece
A,TOTAL,TOTAL,OWN,PC,EL,2024,69.7,Greece
A,TOTAL,TOTAL,OWN,PC,ES,2007,80.6,Spain
A,TOTAL,TOTAL,OWN,PC,ES,2008,80.2,Spain
A,TOTAL,TOTAL,OWN,PC,ES,2009,79.6,Spain
A,TOTAL,TOTAL,OWN,PC,ES,2010,79.8,Spain
A,TOTAL,TOTAL,OWN,PC,ES,2011,79.7,Spain
A,TOTAL,TOTAL,OWN,PC,ES,2012,78.9,Spain
A,TOTAL,TOTAL,OWN,PC,ES,2013,77.7,Spain
A,TOTAL,TOTAL,OWN,PC,ES,2014,78.8,Spain
A,TOTAL,TOTAL,OWN,PC,ES,2015,78.2,Spain
A,TOTAL,TOTAL,OWN,PC,ES,2016,77.8,Spain
A,TOTAL,TOTAL,OWN,PC,ES,2017,77.1,Spain
A,TOTAL,TOTAL,OWN,PC,ES,2018,76.3,Spain
A,TOTAL,TOTAL,OWN,PC,ES,2019,76.2,Spain
A,TOTAL,TOTAL,OWN,PC,ES,2020,75.1,Spain
A,TOTAL,TOTAL,OWN,PC,ES,2021,75.8,Spain
A,TOTAL,TOTAL,OWN,PC,ES,2022,76.0,Spain
A,TOTAL,TOTAL,OWN,PC,ES,2023,75.3,Spain
A,TOTAL,TOTAL,OWN,PC,ES,2024,73.7,Spain
A,TOTAL,TOTAL,OWN,PC,EU,2011,70.5,"European Union (EU6-1958, EU9-1973, EU10-1981, EU12-1986, EU15-1995, EU25-2004, EU27-2007, EU28-2013, EU27-2020)"
A,TOTAL,TOTAL,OWN,PC,EU,2012,70.5,"European Union (EU6-1958, EU9-1973, EU10-1981, EU12-1986, EU15-1995, EU25-2004, EU27-2007, EU28-2013, EU27-2020)"
A,TOTAL,TOTAL,OWN,PC,EU,2013,70.0,"European Union (EU6-1958, EU9-1973, EU10-1981, EU12-1986, EU15-1995, EU25-2004, EU27-2007, EU28-2013, EU27-2020)"
A,TOTAL,TOTAL,OWN,PC,EU,2014,69.9,"European Union (EU6-1958, EU9-1973, EU10-1981, EU12-1986, EU15-1995, EU25-2004, EU27-2007, EU28-2013, EU27-2020)"
A,TOTAL,TOTAL,OWN,PC,EU,2015,69.4,"European Union (EU6-1958, EU9-1973, EU10-1981, EU12-1986, EU15-1995, EU25-2004, EU27-2007, EU28-2013, EU27-2020)"
A,TOTAL,TOTAL,OWN,PC,EU,2016,69.2,"European Union (EU6-1958, EU9-1973, EU10-1981, EU12-1986, EU15-1995, EU25-2004, EU27-2007, EU28-2013, EU27-2020)"
A,TOTAL,TOTAL,OWN,PC,EU,2017,69.3,"European Union (EU6-1958, EU9-1973, EU10-1981, EU12-1986, EU15-1995, EU25-2004, EU27-2007, EU28-2013, EU27-2020)"
A,TOTAL,TOTAL,OWN,PC,EU,2018,69.3,"European Union (EU6-1958, EU9-1973, EU10-1981, EU12-1986, EU15-1995, EU25-2004, EU27-2007, EU28-2013, EU27-2020)"
A,TOTAL,TOTAL,OWN,PC,EU,2019,69.2,"European Union (EU6-1958, EU9-1973, EU10-1981, EU12-1986, EU15-1995, EU25-2004, EU27-2007, EU28-2013, EU27-2020)"
A,TOTAL,TOTAL,OWN,PC,EU27_2007,2007,72.8,European Union - 27 countries (2007-2013)
A,TOTAL,TOTAL,OWN,PC,EU27_2007,2008,73.2,European Union - 27 countries (2007-2013)
A,TOTAL,TOTAL,OWN,PC,EU27_2007,2009,73.1,European Union - 27 countries (2007-2013)
A,TOTAL,TOTAL,OWN,PC,EU27_2007,2010,70.4,European Union - 27 countries (2007-2013)
A,TOTAL,TOTAL,OWN,PC,EU27_2007,2011,70.3,European Union - 27 countries (2007-2013)
A,TOTAL,TOTAL,OWN,PC,EU27_2007,2012,70.3,European Union - 27 countries (2007-2013)
A,TOTAL,TOTAL,OWN,PC,EU27_2007,2013,69.8,European Union - 27 countries (2007-2013)
A,TOTAL,TOTAL,OWN,PC,EU27_2007,2014,69.7,European Union - 27 countries (2007-2013)
A,TOTAL,TOTAL,OWN,PC,EU27_2007,2015,69.2,European Union - 27 countries (2007-2013)
A,TOTAL,TOTAL,OWN,PC,EU27_2007,2016,69.0,European Union - 27 countries (2007-2013)
A,TOTAL,TOTAL,OWN,PC,EU27_2007,2017,69.2,European Union - 27 countries (2007-2013)
A,TOTAL,TOTAL,OWN,PC,EU27_2007,2018,69.2,European Union - 27 countries (2007-2013)
A,TOTAL,TOTAL,OWN,PC,EU27_2007,2019,69.0,European Union - 27 countries (2007-2013)
A,TOTAL,TOTAL,OWN,PC,EU27_2020,2010,70.7,European Union - 27 countries (from 2020)
A,TOTAL,TOTAL,OWN,PC,EU27_2020,2011,70.8,European Union - 27 countries (from 2020)
A,TOTAL,TOTAL,OWN,PC,EU27_2020,2012,71.0,European Union - 27 countries (from 2020)
A,TOTAL,TOTAL,OWN,PC,EU27_2020,2013,70.7,European Union - 27 countries (from 2020)
A,TOTAL,TOTAL,OWN,PC,EU27_2020,2014,70.7,European Union - 27 countries (from 2020)
A,TOTAL,TOTAL,OWN,PC,EU27_2020,2015,70.2,European Union - 27 countries (from 2020)
A,TOTAL,TOTAL,OWN,PC,EU27_2020,2016,70.1,European Union - 27 countries (from 2020)
A,TOTAL,TOTAL,OWN,PC,EU27_2020,2017,70.0,European Union - 27 countries (from 2020)
A,TOTAL,TOTAL,OWN,PC,EU27_2020,2018,69.9,European Union - 27 countries (from 2020)
A,TOTAL,TOTAL,OWN,PC,EU27_2020,2019,69.8,European Union - 27 countries (from 2020)
A,TOTAL,TOTAL,OWN,PC,EU27_2020,2020,70.0,European Union - 27 countries (from 2020)
A,TOTAL,TOTAL,OWN,PC,EU27_2020,2021,69.8,European Union - 27 countries (from 2020)
A,TOTAL,TOTAL,OWN,PC,EU27_2020,2022,69.1,European Union - 27 countries (from 2020)
A,TOTAL,TOTAL,OWN,PC,EU27_2020,2023,69.1,European Union - 27 countries (from 2020)
A,TOTAL,TOTAL,OWN,PC,EU27_2020,2024,68.4,European Union - 27 countries (from 2020)
A,TOTAL,TOTAL,OWN,PC,EU28,2010,70.6,European Union - 28 countries (2013-2020)
A,TOTAL,TOTAL,OWN,PC,EU28,2011,70.4,European Union - 28 countries (2013-2020)
A,TOTAL,TOTAL,OWN,PC,EU28,2012,70.5,European Union - 28 countries (2013-2020)
A,TOTAL,TOTAL,OWN,PC,EU28,2013,70.0,European Union - 28 countries (2013-2020)
A,TOTAL,TOTAL,OWN,PC,EU28,2014,69.9,European Union - 28 countries (2013-2020)
A,TOTAL,TOTAL,OWN,PC,EU28,2015,69.4,European Union - 28 countries (2013-2020)
A,TOTAL,TOTAL,OWN,PC,EU28,2016,69.2,European Union - 28 countries (2013-2020)
A,TOTAL,TOTAL,OWN,PC,EU28,2017,69.3,European Union - 28 countries (2013-2020)
A,TOTAL,TOTAL,OWN,PC,EU28,2018,69.3,European Union - 28 countries (2013-2020)
A,TOTAL,TOTAL,OWN,PC,EU28,2019,69.2,European Union - 28 countries (2013-2020)
A,TOTAL,TOTAL,OWN,PC,FI,2004,71.4,Finland
A,TOTAL,TOTAL,OWN,PC,FI,2005,71.8,Finland
A,TOTAL,TOTAL,OWN,PC,FI,2006,73.3,Finland
A,TOTAL,TOTAL,OWN,PC,FI,2007,73.6,Finland
A,TOTAL,TOTAL,OWN,PC,FI,2008,73.2,Finland
A,TOTAL,TOTAL,OWN,PC,FI,2009,74.1,Finland
A,TOTAL,TOTAL,OWN,PC,FI,2010,74.3,Finland
A,TOTAL,TOTAL,OWN,PC,FI,2011,74.1,Finland
A,TOTAL,TOTAL,OWN,PC,FI,2012,73.9,Finland
A,TOTAL,TOTAL,OWN,PC,FI,2013,73.6,Finland
A,TOTAL,TOTAL,OWN,PC,FI,2014,73.2,Finland
A,TOTAL,TOTAL,OWN,PC,FI,2015,72.7,Finland
A,TOTAL,TOTAL,OWN,PC,FI,2016,71.6,Finland
A,TOTAL,TOTAL,OWN,PC,FI,2017,71.4,Finland
A,TOTAL,TOTAL,OWN,PC,FI,2018,71.6,Finland
A,TOTAL,TOTAL,OWN,PC,FI,2019,71.1,Finland
A,TOTAL,TOTAL,OWN,PC,FI,2020,70.7,Finland
A,TOTAL,TOTAL,OWN,PC,FI,2021,70.3,Finland
A,TOTAL,TOTAL,OWN,PC,FI,2022,69.5,Finland
A,TOTAL,TOTAL,OWN,PC,FI,2023,69.2,Finland
A,TOTAL,TOTAL,OWN,PC,FI,2024,68.1,Finland
A,TOTAL,TOTAL,OWN,PC,FR,2005,61.8,France
A,TOTAL,TOTAL,OWN,PC,FR,2006,62.5,France
A,TOTAL,TOTAL,OWN,PC,FR,2007,60.5,France
A,TOTAL,TOTAL,OWN,PC,FR,2008,62.1,France
A,TOTAL,TOTAL,OWN,PC,FR,2009,63.0,France
A,TOTAL,TOTAL,OWN,PC,FR,2010,62.0,France
A,TOTAL,TOTAL,OWN,PC,FR,2011,63.1,France
A,TOTAL,TOTAL,OWN,PC,FR,2012,63.7,France
A,TOTAL,TOTAL,OWN,PC,FR,2013,64.3,France
A,TOTAL,TOTAL,OWN,PC,FR,2014,65.0,France
A,TOTAL,TOTAL,OWN,PC,FR,2015,64.1,France
A,TOTAL,TOTAL,OWN,PC,FR,2016,64.9,France
A,TOTAL,TOTAL,OWN,PC,FR,2017,64.4,France
A,TOTAL,TOTAL,OWN,PC,FR,2018,65.1,France
A,TOTAL,TOTAL,OWN,PC,FR,2019,64.1,France
A,TOTAL,TOTAL,OWN,PC,FR,2020,63.6,France
A,TOTAL,TOTAL,OWN,PC,FR,2021,64.7,France
A,TOTAL,TOTAL,OWN,PC,FR,2022,63.4,France
A,TOTAL,TOTAL,OWN,PC,FR,2023,63.1,France
A,TOTAL,TOTAL,OWN,PC,FR,2024,61.2,France
A,TOTAL,TOTAL,OWN,PC,HR,2010,88.2,Croatia
A,TOTAL,TOTAL,OWN,PC,HR,2011,90.1,Croatia
A,TOTAL,TOTAL,OWN,PC,HR,2012,89.6,Croatia
A,TOTAL,TOTAL,OWN,PC,HR,2013,88.5,Croatia
A,TOTAL,TOTAL,OWN,PC,HR,2014,89.7,Croatia
A,TOTAL,TOTAL,OWN,PC,HR,2015,90.3,Croatia
A,TOTAL,TOTAL,OWN,PC,HR,2016,90.0,Croatia
A,TOTAL,TOTAL,OWN,PC,HR,2017,90.5,Croatia
A,TOTAL,TOTAL,OWN,PC,HR,2018,90.1,Croatia
A,TOTAL,TOTAL,OWN,PC,HR,2019,89.7,Croatia
A,TOTAL,TOTAL,OWN,PC,HR,2020,91.3,Croatia
A,TOTAL,TOTAL,OWN,PC,HR,2021,90.5,Croatia
A,TOTAL,TOTAL,OWN,PC,HR,2022,91.1,Croatia
A,TOTAL,TOTAL,OWN,PC,HR,2023,91.2,Croatia
A,TOTAL,TOTAL,OWN,PC,HR,2024,91.0,Croatia
A,TOTAL,TOTAL,OWN,PC,HU,2005,88.1,Hungary
A,TOTAL,TOTAL,OWN,PC,HU,2006,87.6,Hungary
A,TOTAL,TOTAL,OWN,PC,HU,2007,88.5,Hungary
A,TOTAL,TOTAL,OWN,PC,HU,2008,89.0,Hungary
A,TOTAL,TOTAL,OWN,PC,HU,2009,89.8,Hungary
A,TOTAL,TOTAL,OWN,PC,HU,2010,89.7,Hungary
A,TOTAL,TOTAL,OWN,PC,HU,2011,89.3,Hungary
A,TOTAL,TOTAL,OWN,PC,HU,2012,89.8,Hungary
A,TOTAL,TOTAL,OWN,PC,HU,2013,88.7,Hungary
A,TOTAL,TOTAL,OWN,PC,HU,2014,88.2,Hungary
A,TOTAL,TOTAL,OWN,PC,HU,2015,86.3,Hungary
A,TOTAL,TOTAL,OWN,PC,HU,2016,86.3,Hungary
A,TOTAL,TOTAL,OWN,PC,HU,2017,85.2,Hungary
A,TOTAL,TOTAL,OWN,PC,HU,2018,86.0,Hungary
A,TOTAL,TOTAL,OWN,PC,HU,2019,91.7,Hungary
A,TOTAL,TOTAL,OWN,PC,HU,2020,91.4,Hungary
A,TOTAL,TOTAL,OWN,PC,HU,2021,91.9,Hungary
A,TOTAL,TOTAL,OWN,PC,HU,2022,90.2,Hungary
A,TOTAL,TOTAL,OWN,PC,HU,2023,90.5,Hungary
A,TOTAL,TOTAL,OWN,PC,HU,2024,91.6,Hungary
A,TOTAL,TOTAL,OWN,PC,IE,2003,79.8,Ireland
A,TOTAL,TOTAL,OWN,PC,IE,2004,81.8,Ireland
A,TOTAL,TOTAL,OWN,PC,IE,2005,78.2,Ireland
A,TOTAL,TOTAL,OWN,PC,IE,2006,78.0,Ireland
A,TOTAL,TOTAL,OWN,PC,IE,2007,78.1,Ireland
A,TOTAL,TOTAL,OWN,PC,IE,2008,77.3,Ireland
A,TOTAL,TOTAL,OWN,PC,IE,2009,73.7,Ireland
A,TOTAL,TOTAL,OWN,PC,IE,2010,73.3,Ireland
A,TOTAL,TOTAL,OWN,PC,IE,2011,70.2,Ireland
A,TOTAL,TOTAL,OWN,PC,IE,2012,69.6,Ireland
A,TOTAL,TOTAL,OWN,PC,IE,2013,69.9,Ireland
A,TOTAL,TOTAL,OWN,PC,IE,2014,68.4,Ireland
A,TOTAL,TOTAL,OWN,PC,IE,2015,69.6,Ireland
A,TOTAL,TOTAL,OWN,PC,IE,2016,69.5,Ireland
A,TOTAL,TOTAL,OWN,PC,IE,2017,69.5,Ireland
A,TOTAL,TOTAL,OWN,PC,IE,2018,70.3,Ireland
A,TOTAL,TOTAL,OWN,PC,IE,2019,68.9,Ireland
A,TOTAL,TOTAL,OWN,PC,IE,2020,69.6,Ireland
A,TOTAL,TOTAL,OWN,PC,IE,2021,69.8,Ireland
A,TOTAL,TOTAL,OWN,PC,IE,2022,70.5,Ireland
A,TOTAL,TOTAL,OWN,PC,IE,2023,69.4,Ireland
A,TOTAL,TOTAL,OWN,PC,IE,2024,69.3,Ireland
A,TOTAL,TOTAL,OWN,PC,IS,2004,85.3,Iceland
A,TOTAL,TOTAL,OWN,PC,IS,2005,86.8,Iceland
A,TOTAL,TOTAL,OWN,PC,IS,2006,86.2,Iceland
A,TOTAL,TOTAL,OWN,PC,IS,2007,86.4,Iceland
A,TOTAL,TOTAL,OWN,PC,IS,2008,85.8,Iceland
A,TOTAL,TOTAL,OWN,PC,IS,2009,84.2,Iceland
A,TOTAL,TOTAL,OWN,PC,IS,2010,81.3,Iceland
A,TOTAL,TOTAL,OWN,PC,IS,2011,77.9,Iceland
A,TOTAL,TOTAL,OWN,PC,IS,2012,77.3,Iceland
A,TOTAL,TOTAL,OWN,PC,IS,2013,77.5,Iceland
A,TOTAL,TOTAL,OWN,PC,IS,2014,78.2,Iceland
A,TOTAL,TOTAL,OWN,PC,IS,2015,77.8,Iceland
A,TOTAL,TOTAL,OWN,PC,IS,2016,78.7,Iceland
A,TOTAL,TOTAL,OWN,PC,IS,2017,74.1,Iceland
A,TOTAL,TOTAL,OWN,PC,IS,2018,73.6,Iceland
A,TOTAL,TOTAL,OWN,PC,IS,2019,81.1,Iceland
A,TOTAL,TOTAL,OWN,PC,IS,2020,81.7,Iceland
A,TOTAL,TOTAL,OWN,PC,IT,2004,72.7,Italy
A,TOTAL,TOTAL,OWN,PC,IT,2005,73.2,Italy
A,TOTAL,TOTAL,OWN,PC,IT,2006,72.9,Italy
A,TOTAL,TOTAL,OWN,PC,IT,2007,73.2,Italy
A,TOTAL,TOTAL,OWN,PC,IT,2008,72.8,Italy
A,TOTAL,TOTAL,OWN,PC,IT,2009,72.8,Italy
A,TOTAL,TOTAL,OWN,PC,IT,2010,72.6,Italy
A,TOTAL,TOTAL,OWN,PC,IT,2011,73.2,Italy
A,TOTAL,TOTAL,OWN,PC,IT,2012,74.2,Italy
A,TOTAL,TOTAL,OWN,PC,IT,2013,73.3,Italy
A,TOTAL,TOTAL,OWN,PC,IT,2014,73.1,Italy
A,TOTAL,TOTAL,OWN,PC,IT,2015,72.9,Italy
A,TOTAL,TOTAL,OWN,PC,IT,2016,72.3,Italy
A,TOTAL,TOTAL,OWN,PC,IT,2017,72.4,Italy
A,TOTAL,TOTAL,OWN,PC,IT,2018,72.4,Italy
A,TOTAL,TOTAL,OWN,PC,IT,2019,72.4,Italy
A,TOTAL,TOTAL,OWN,PC,IT,2020,75.1,Italy
A,TOTAL,TOTAL,OWN,PC,IT,2021,73.7,Italy
A,TOTAL,TOTAL,OWN,PC,IT,2022,74.3,Italy
A,TOTAL,TOTAL,OWN,PC,IT,2023,75.2,Italy
A,TOTAL,TOTAL,OWN,PC,IT,2024,75.9,Italy
A,TOTAL,TOTAL,OWN,PC,LT,2005,88.3,Lithuania
A,TOTAL,TOTAL,OWN,PC,LT,2006,91.8,Lithuania
A,TOTAL,TOTAL,OWN,PC,LT,2007,89.4,Lithuania
A,TOTAL,TOTAL,OWN,PC,LT,2008,92.2,Lithuania
A,TOTAL,TOTAL,OWN,PC,LT,2009,91.5,Lithuania
A,TOTAL,TOTAL,OWN,PC,LT,2010,93.6,Lithuania
A,TOTAL,TOTAL,OWN,PC,LT,2011,92.2,Lithuania
A,TOTAL,TOTAL,OWN,PC,LT,2012,91.9,Lithuania
A,TOTAL,TOTAL,OWN,PC,LT,2013,92.2,Lithuania
A,TOTAL,TOTAL,OWN,PC,LT,2014,89.9,Lithuania
A,TOTAL,TOTAL,OWN,PC,LT,2015,89.4,Lithuania
A,TOTAL,TOTAL,OWN,PC,LT,2016,90.3,Lithuania
A,TOTAL,TOTAL,OWN,PC,LT,2017,89.7,Lithuania
A,TOTAL,TOTAL,OWN,PC,LT,2018,89.9,Lithuania
A,TOTAL,TOTAL,OWN,PC,LT,2019,90.3,Lithuania
A,TOTAL,TOTAL,OWN,PC,LT,2020,88.6,Lithuania
A,TOTAL,TOTAL,OWN,PC,LT,2021,89.0,Lithuania
A,TOTAL,TOTAL,OWN,PC,LT,2022,88.6,Lithuania
A,TOTAL,TOTAL,OWN,PC,LT,2023,88.8,Lithuania
A,TOTAL,TOTAL,OWN,PC,LT,2024,87.4,Lithuania
A,TOTAL,TOTAL,OWN,PC,LU,2007,74.5,Luxembourg
A,TOTAL,TOTAL,OWN,PC,LU,2008,73.8,Luxembourg
A,TOTAL,TOTAL,OWN,PC,LU,2009,70.4,Luxembourg
A,TOTAL,TOTAL,OWN,PC,LU,2010,68.1,Luxembourg
A,TOTAL,TOTAL,OWN,PC,LU,2011,68.2,Luxembourg
A,TOTAL,TOTAL,OWN,PC,LU,2012,70.8,Luxembourg
A,TOTAL,TOTAL,OWN,PC,LU,2013,73.0,Luxembourg
A,TOTAL,TOTAL,OWN,PC,LU,2014,72.5,Luxembourg
A,TOTAL,TOTAL,OWN,PC,LU,2015,73.2,Luxembourg
A,TOTAL,TOTAL,OWN,PC,LU,2016,73.9,Luxembourg
A,TOTAL,TOTAL,OWN,PC,LU,2017,74.7,Luxembourg
A,TOTAL,TOTAL,OWN,PC,LU,2018,71.2,Luxembourg
A,TOTAL,TOTAL,OWN,PC,LU,2019,70.9,Luxembourg
A,TOTAL,TOTAL,OWN,PC,LU,2020,68.4,Luxembourg
A,TOTAL,TOTAL,OWN,PC,LU,2021,71.1,Luxembourg
A,TOTAL,TOTAL,OWN,PC,LU,2022,72.4,Luxembourg
A,TOTAL,TOTAL,OWN,PC,LU,2023,67.6,Luxembourg
A,TOTAL,TOTAL,OWN,PC,LU,2024,63.5,Luxembourg
A,TOTAL,TOTAL,OWN,PC,LV,2007,86.0,Latvia
A,TOTAL,TOTAL,OWN,PC,LV,2008,86.0,Latvia
A,TOTAL,TOTAL,OWN,PC,LV,2009,87.2,Latvia
A,TOTAL,TOTAL,OWN,PC,LV,2010,84.3,Latvia
A,TOTAL,TOTAL,OWN,PC,LV,2011,82.8,Latvia
A,TOTAL,TOTAL,OWN,PC,LV,2012,81.5,Latvia
A,TOTAL,TOTAL,OWN,PC,LV,2013,81.2,Latvia
A,TOTAL,TOTAL,OWN,PC,LV,2014,80.9,Latvia
A,TOTAL,TOTAL,OWN,PC,LV,2015,80.2,Latvia
A,TOTAL,TOTAL,OWN,PC,LV,2016,80.9,Latvia
A,TOTAL,TOTAL,OWN,PC,LV,2017,81.5,Latvia
A,TOTAL,TOTAL,OWN,PC,LV,2018,81.6,Latvia
A,TOTAL,TOTAL,OWN,PC,LV,2019,80.2,Latvia
A,TOTAL,TOTAL,OWN,PC,LV,2020,81.2,Latvia
A,TOTAL,TOTAL,OWN,PC,LV,2021,83.2,Latvia
A,TOTAL,TOTAL,OWN,PC,LV,2022,83.1,Latvia
A,TOTAL,TOTAL,OWN,PC,LV,2023,82.8,Latvia
A,TOTAL,TOTAL,OWN,PC,LV,2024,83.7,Latvia
A,TOTAL,TOTAL,OWN,PC,ME,2013,88.3,Montenegro
A,TOTAL,TOTAL,OWN,PC,ME,2014,89.6,Montenegro
A,TOTAL,TOTAL,OWN,PC,ME,2015,88.7,Montenegro
A,TOTAL,TOTAL,OWN,PC,ME,2016,90.7,Montenegro
A,TOTAL,TOTAL,OWN,PC,ME,2017,88.9,Montenegro
A,TOTAL,TOTAL,OWN,PC,ME,2018,90.2,Montenegro
A,TOTAL,TOTAL,OWN,PC,ME,2019,91.0,Montenegro
A,TOTAL,TOTAL,OWN,PC,ME,2020,90.2,Montenegro
A,TOTAL,TOTAL,OWN,PC,ME,2021,91.5,Montenegro
A,TOTAL,TOTAL,OWN,PC,ME,2022,91.0,Montenegro
A,TOTAL,TOTAL,OWN,PC,ME,2023,90.3,Montenegro
A,TOTAL,TOTAL,OWN,PC,MK,2011,90.5,North Macedonia
A,TOTAL,TOTAL,OWN,PC,MK,2012,89.7,North Macedonia
A,TOTAL,TOTAL,OWN,PC,MK,2013,87.3,North Macedonia
A,TOTAL,TOTAL,OWN,PC,MK,2014,88.8,North Macedonia
A,TOTAL,TOTAL,OWN,PC,MK,2015,90.6,North Macedonia
A,TOTAL,TOTAL,OWN,PC,MK,2016,90.0,North Macedonia
A,TOTAL,TOTAL,OWN,PC,MK,2017,88.7,North Macedonia
A,TOTAL,TOTAL,OWN,PC,MK,2018,88.3,North Macedonia
A,TOTAL,TOTAL,OWN,PC,MK,2019,85.9,North Macedonia
A,TOTAL,TOTAL,OWN,PC,MK,2020,85.8,North Macedonia
A,TOTAL,TOTAL,OWN,PC,MK,2021,89.2,North Macedonia
A,TOTAL,TOTAL,OWN,PC,MK,2022,86.4,North Macedonia
A,TOTAL,TOTAL,OWN,PC,MK,2023,87.1,North Macedonia
A,TOTAL,TOTAL,OWN,PC,MK,2024,87.0,North Macedonia
A,TOTAL,TOTAL,OWN,PC,MT,2005,79.6,Malta
A,TOTAL,TOTAL,OWN,PC,MT,2006,80.1,Malta
A,TOTAL,TOTAL,OWN,PC,MT,2007,79.8,Malta
A,TOTAL,TOTAL,OWN,PC,MT,2008,79.9,Malta
A,TOTAL,TOTAL,OWN,PC,MT,2009,78.5,Malta
A,TOTAL,TOTAL,OWN,PC,MT,2010,79.5,Malta
A,TOTAL,TOTAL,OWN,PC,MT,2011,80.2,Malta
A,TOTAL,TOTAL,OWN,PC,MT,2012,81.8,Malta
A,TOTAL,TOTAL,OWN,PC,MT,2013,80.5,Malta
A,TOTAL,TOTAL,OWN,PC,MT,2014,79.8,Malta
A,TOTAL,TOTAL,OWN,PC,MT,2015,80.4,Malta
A,TOTAL,TOTAL,OWN,PC,MT,2016,81.4,Malta
A,TOTAL,TOTAL,OWN,PC,MT,2017,81.3,Malta
A,TOTAL,TOTAL,OWN,PC,MT,2018,81.6,Malta
A,TOTAL,TOTAL,OWN,PC,MT,2019,79.8,Malta
A,TOTAL,TOTAL,OWN,PC,MT,2020,81.9,Malta
A,TOTAL,TOTAL,OWN,PC,MT,2021,81.9,Malta
A,TOTAL,TOTAL,OWN,PC,MT,2022,82.6,Malta
A,TOTAL,TOTAL,OWN,PC,MT,2023,74.7,Malta
A,TOTAL,TOTAL,OWN,PC,MT,2024,69.6,Malta
A,TOTAL,TOTAL,OWN,PC,NL,2005,63.9,Netherlands
A,TOTAL,TOTAL,OWN,PC,NL,2006,65.4,Netherlands
A,TOTAL,TOTAL,OWN,PC,NL,2007,66.6,Netherlands
A,TOTAL,TOTAL,OWN,PC,NL,2008,67.5,Netherlands
A,TOTAL,TOTAL,OWN,PC,NL,2009,68.4,Netherlands
A,TOTAL,TOTAL,OWN,PC,NL,2010,67.2,Netherlands
A,TOTAL,TOTAL,OWN,PC,NL,2011,67.1,Netherlands
A,TOTAL,TOTAL,OWN,PC,NL,2012,67.5,Netherlands
A,TOTAL,TOTAL,OWN,PC,NL,2013,67.1,Netherlands
A,TOTAL,TOTAL,OWN,PC,NL,2014,67.0,Netherlands
A,TOTAL,TOTAL,OWN,PC,NL,2015,67.8,Netherlands
A,TOTAL,TOTAL,OWN,PC,NL,2016,69.0,Netherlands
A,TOTAL,TOTAL,OWN,PC,NL,2017,69.4,Netherlands
A,TOTAL,TOTAL,OWN,PC,NL,2018,68.9,Netherlands
A,TOTAL,TOTAL,OWN,PC,NL,2019,68.9,Netherlands
A,TOTAL,TOTAL,OWN,PC,NL,2020,69.1,Netherlands
A,TOTAL,TOTAL,OWN,PC,NL,2021,70.1,Netherlands
A,TOTAL,TOTAL,OWN,PC,NL,2022,70.6,Netherlands
A,TOTAL,TOTAL,OWN,PC,NL,2023,69.3,Netherlands
A,TOTAL,TOTAL,OWN,PC,NL,2024,68.8,Netherlands
A,TOTAL,TOTAL,OWN,PC,NO,2003,83.2,Norway
A,TOTAL,TOTAL,OWN,PC,NO,2004,82.9,Norway
A,TOTAL,TOTAL,OWN,PC,NO,2005,82.7,Norway
A,TOTAL,TOTAL,OWN,PC,NO,2006,83.7,Norway
A,TOTAL,TOTAL,OWN,PC,NO,2007,83.8,Norway
A,TOTAL,TOTAL,OWN,PC,NO,2008,86.1,Norway
A,TOTAL,TOTAL,OWN,PC,NO,2009,85.4,Norway
A,TOTAL,TOTAL,OWN,PC,NO,2010,82.9,Norway
A,TOTAL,TOTAL,OWN,PC,NO,2011,84.0,Norway
A,TOTAL,TOTAL,OWN,PC,NO,2012,84.8,Norway
A,TOTAL,TOTAL,OWN,PC,NO,2013,83.5,Norway
A,TOTAL,TOTAL,OWN,PC,NO,2014,84.4,Norway
A,TOTAL,TOTAL,OWN,PC,NO,2015,82.8,Norway
A,TOTAL,TOTAL,OWN,PC,NO,2016,82.9,Norway
A,TOTAL,TOTAL,OWN,PC,NO,2017,81.5,Norway
A,TOTAL,TOTAL,OWN,PC,NO,2018,81.3,Norway
A,TOTAL,TOTAL,OWN,PC,NO,2019,80.3,Norway
A,TOTAL,TOTAL,OWN,PC,NO,2020,80.8,Norway
A,TOTAL,TOTAL,OWN,PC,NO,2021,78.3,Norway
A,TOTAL,TOTAL,OWN,PC,NO,2022,79.4,Norway
A,TOTAL,TOTAL,OWN,PC,NO,2023,79.2,Norway
A,TOTAL,TOTAL,OWN,PC,NO,2024,78.8,Norway
A,TOTAL,TOTAL,OWN,PC,PL,2007,62.5,Poland
A,TOTAL,TOTAL,OWN,PC,PL,2008,66.0,Poland
A,TOTAL,TOTAL,OWN,PC,PL,2009,68.7,Poland
A,TOTAL,TOTAL,OWN,PC,PL,2010,81.3,Poland
A,TOTAL,TOTAL,OWN,PC,PL,2011,82.1,Poland
A,TOTAL,TOTAL,OWN,PC,PL,2012,82.4,Poland
A,TOTAL,TOTAL,OWN,PC,PL,2013,83.8,Poland
A,TOTAL,TOTAL,OWN,PC,PL,2014,83.5,Poland
A,TOTAL,TOTAL,OWN,PC,PL,2015,83.7,Poland
A,TOTAL,TOTAL,OWN,PC,PL,2016,83.4,Poland
A,TOTAL,TOTAL,OWN,PC,PL,2017,84.2,Poland
A,TOTAL,TOTAL,OWN,PC,PL,2018,84.0,Poland
A,TOTAL,TOTAL,OWN,PC,PL,2019,84.2,Poland
A,TOTAL,TOTAL,OWN,PC,PL,2020,85.6,Poland
A,TOTAL,TOTAL,OWN,PC,PL,2021,86.8,Poland
A,TOTAL,TOTAL,OWN,PC,PL,2022,87.2,Poland
A,TOTAL,TOTAL,OWN,PC,PL,2023,87.3,Poland
A,TOTAL,TOTAL,OWN,PC,PL,2024,87.1,Poland
A,TOTAL,TOTAL,OWN,PC,PT,2004,74.6,Portugal
A,TOTAL,TOTAL,OWN,PC,PT,2005,74.4,Portugal
A,TOTAL,TOTAL,OWN,PC,PT,2006,75.5,Portugal
A,TOTAL,TOTAL,OWN,PC,PT,2007,74.2,Portugal
A,TOTAL,TOTAL,OWN,PC,PT,2008,74.5,Portugal
A,TOTAL,TOTAL,OWN,PC,PT,2009,74.6,Portugal
A,TOTAL,TOTAL,OWN,PC,PT,2010,74.9,Portugal
A,TOTAL,TOTAL,OWN,PC,PT,2011,75.0,Portugal
A,TOTAL,TOTAL,OWN,PC,PT,2012,74.5,Portugal
A,TOTAL,TOTAL,OWN,PC,PT,2013,74.2,Portugal
A,TOTAL,TOTAL,OWN,PC,PT,2014,74.9,Portugal
A,TOTAL,TOTAL,OWN,PC,PT,2015,74.8,Portugal
A,TOTAL,TOTAL,OWN,PC,PT,2016,75.2,Portugal
A,TOTAL,TOTAL,OWN,PC,PT,2017,74.7,Portugal
A,TOTAL,TOTAL,OWN,PC,PT,2018,74.5,Portugal
A,TOTAL,TOTAL,OWN,PC,PT,2019,73.9,Portugal
A,TOTAL,TOTAL,OWN,PC,PT,2020,77.3,Portugal
A,TOTAL,TOTAL,OWN,PC,PT,2021,78.3,Portugal
A,TOTAL,TOTAL,OWN,PC,PT,2022,77.8,Portugal
A,TOTAL,TOTAL,OWN,PC,PT,2023,76.0,Portugal
A,TOTAL,TOTAL,OWN,PC,PT,2024,73.4,Portugal
A,TOTAL,TOTAL,OWN,PC,RO,2007,95.5,Romania
A,TOTAL,TOTAL,OWN,PC,RO,2008,96.3,Romania
A,TOTAL,TOTAL,OWN,PC,RO,2009,96.7,Romania
A,TOTAL,TOTAL,OWN,PC,RO,2010,97.6,Romania
A,TOTAL,TOTAL,OWN,PC,RO,2011,96.4,Romania
A,TOTAL,TOTAL,OWN,PC,RO,2012,96.3,Romania
A,TOTAL,TOTAL,OWN,PC,RO,2013,95.6,Romania
A,TOTAL,TOTAL,OWN,PC,RO,2014,96.2,Romania
A,TOTAL,TOTAL,OWN,PC,RO,2015,96.4,Romania
A,TOTAL,TOTAL,OWN,PC,RO,2016,96.0,Romania
A,TOTAL,TOTAL,OWN,PC,RO,2017,96.8,Romania
A,TOTAL,TOTAL,OWN,PC,RO,2018,96.4,Romania
A,TOTAL,TOTAL,OWN,PC,RO,2019,95.8,Romania
A,TOTAL,TOTAL,OWN,PC,RO,2020,96.1,Romania
A,TOTAL,TOTAL,OWN,PC,RO,2021,95.3,Romania
A,TOTAL,TOTAL,OWN,PC,RO,2022,94.8,Romania
A,TOTAL,TOTAL,OWN,PC,RO,2023,95.6,Romania
A,TOTAL,TOTAL,OWN,PC,RO,2024,94.3,Romania
A,TOTAL,TOTAL,OWN,PC,RS,2013,81.1,Serbia
A,TOTAL,TOTAL,OWN,PC,RS,2014,81.9,Serbia
A,TOTAL,TOTAL,OWN,PC,RS,2015,81.1,Serbia
A,TOTAL,TOTAL,OWN,PC,RS,2016,82.4,Serbia
A,TOTAL,TOTAL,OWN,PC,RS,2017,82.0,Serbia
A,TOTAL,TOTAL,OWN,PC,RS,2018,84.4,Serbia
A,TOTAL,TOTAL,OWN,PC,RS,2019,82.1,Serbia
A,TOTAL,TOTAL,OWN,PC,RS,2020,84.9,Serbia
A,TOTAL,TOTAL,OWN,PC,RS,2021,88.2,Serbia
A,TOTAL,TOTAL,OWN,PC,RS,2022,90.2,Serbia
A,TOTAL,TOTAL,OWN,PC,RS,2023,89.9,Serbia
A,TOTAL,TOTAL,OWN,PC,RS,2024,88.9,Serbia
A,TOTAL,TOTAL,OWN,PC,SE,2004,66.6,Sweden
A,TOTAL,TOTAL,OWN,PC,SE,2005,68.1,Sweden
A,TOTAL,TOTAL,OWN,PC,SE,2006,68.8,Sweden
A,TOTAL,TOTAL,OWN,PC,SE,2007,69.5,Sweden
A,TOTAL,TOTAL,OWN,PC,SE,2008,66.2,Sweden
A,TOTAL,TOTAL,OWN,PC,SE,2009,66.9,Sweden
A,TOTAL,TOTAL,OWN,PC,SE,2010,67.3,Sweden
A,TOTAL,TOTAL,OWN,PC,SE,2011,65.7,Sweden
A,TOTAL,TOTAL,OWN,PC,SE,2012,66.1,Sweden
A,TOTAL,TOTAL,OWN,PC,SE,2013,66.3,Sweden
A,TOTAL,TOTAL,OWN,PC,SE,2014,65.6,Sweden
A,TOTAL,TOTAL,OWN,PC,SE,2015,66.2,Sweden
A,TOTAL,TOTAL,OWN,PC,SE,2016,65.2,Sweden
A,TOTAL,TOTAL,OWN,PC,SE,2017,65.2,Sweden
A,TOTAL,TOTAL,OWN,PC,SE,2018,64.1,Sweden
A,TOTAL,TOTAL,OWN,PC,SE,2019,63.6,Sweden
A,TOTAL,TOTAL,OWN,PC,SE,2020,64.5,Sweden
A,TOTAL,TOTAL,OWN,PC,SE,2021,64.9,Sweden
A,TOTAL,TOTAL,OWN,PC,SE,2022,64.2,Sweden
A,TOTAL,TOTAL,OWN,PC,SE,2023,64.9,Sweden
A,TOTAL,TOTAL,OWN,PC,SE,2024,64.8,Sweden
A,TOTAL,TOTAL,OWN,PC,SI,2005,83.2,Slovenia
A,TOTAL,TOTAL,OWN,PC,SI,2006,84.5,Slovenia
A,TOTAL,TOTAL,OWN,PC,SI,2007,81.3,Slovenia
A,TOTAL,TOTAL,OWN,PC,SI,2008,81.3,Slovenia
A,TOTAL,TOTAL,OWN,PC,SI,2009,81.3,Slovenia
A,TOTAL,TOTAL,OWN,PC,SI,2010,78.1,Slovenia
A,TOTAL,TOTAL,OWN,PC,SI,2011,77.5,Slovenia
A,TOTAL,TOTAL,OWN,PC,SI,2012,76.2,Slovenia
A,TOTAL,TOTAL,OWN,PC,SI,2013,76.6,Slovenia
A,TOTAL,TOTAL,OWN,PC,SI,2014,76.7,Slovenia
A,TOTAL,TOTAL,OWN,PC,SI,2015,76.2,Slovenia
A,TOTAL,TOTAL,OWN,PC,SI,2016,75.1,Slovenia
A,TOTAL,TOTAL,OWN,PC,SI,2017,75.6,Slovenia
A,TOTAL,TOTAL,OWN,PC,SI,2018,75.1,Slovenia
A,TOTAL,TOTAL,OWN,PC,SI,2019,74.8,Slovenia
A,TOTAL,TOTAL,OWN,PC,SI,2020,74.6,Slovenia
A,TOTAL,TOTAL,OWN,PC,SI,2021,76.1,Slovenia
A,TOTAL,TOTAL,OWN,PC,SI,2022,75.4,Slovenia
A,TOTAL,TOTAL,OWN,PC,SI,2023,75.2,Slovenia
A,TOTAL,TOTAL,OWN,PC,SI,2024,74.8,Slovenia
A,TOTAL,TOTAL,OWN,PC,SK,2005,82.1,Slovakia
A,TOTAL,TOTAL,OWN,PC,SK,2006,88.9,Slovakia
A,TOTAL,TOTAL,OWN,PC,SK,2007,89.1,Slovakia
A,TOTAL,TOTAL,OWN,PC,SK,2008,89.3,Slovakia
A,TOTAL,TOTAL,OWN,PC,SK,2009,89.5,Slovakia
A,TOTAL,TOTAL,OWN,PC,SK,2010,90.0,Slovakia
A,TOTAL,TOTAL,OWN,PC,SK,2011,90.2,Slovakia
A,TOTAL,TOTAL,OWN,PC,SK,2012,90.4,Slovakia
A,TOTAL,TOTAL,OWN,PC,SK,2013,90.5,Slovakia
A,TOTAL,TOTAL,OWN,PC,SK,2014,90.3,Slovakia
A,TOTAL,TOTAL,OWN,PC,SK,2015,89.3,Slovakia
A,TOTAL,TOTAL,OWN,PC,SK,2016,89.5,Slovakia
A,TOTAL,TOTAL,OWN,PC,SK,2017,90.1,Slovakia
A,TOTAL,TOTAL,OWN,PC,SK,2018,91.3,Slovakia
A,TOTAL,TOTAL,OWN,PC,SK,2019,90.9,Slovakia
A,TOTAL,TOTAL,OWN,PC,SK,2020,92.3,Slovakia
A,TOTAL,TOTAL,OWN,PC,SK,2021,92.9,Slovakia
A,TOTAL,TOTAL,OWN,PC,SK,2022,93.0,Slovakia
A,TOTAL,TOTAL,OWN,PC,SK,2023,93.6,Slovakia
A,TOTAL,TOTAL,OWN,PC,SK,2024,93.1,Slovakia
A,TOTAL,TOTAL,OWN,PC,TR,2006,60.7,Türkiye
A,TOTAL,TOTAL,OWN,PC,TR,2007,60.8,Türkiye
A,TOTAL,TOTAL,OWN,PC,TR,2008,60.9,Türkiye
A,TOTAL,TOTAL,OWN,PC,TR,2009,60.8,Türkiye
A,TOTAL,TOTAL,OWN,PC,TR,2011,59.6,Türkiye
A,TOTAL,TOTAL,OWN,PC,TR,2012,60.7,Türkiye
A,TOTAL,TOTAL,OWN,PC,TR,2013,60.7,Türkiye
A,TOTAL,TOTAL,OWN,PC,TR,2014,61.1,Türkiye
A,TOTAL,TOTAL,OWN,PC,TR,2015,60.4,Türkiye
A,TOTAL,TOTAL,OWN,PC,TR,2016,59.7,Türkiye
A,TOTAL,TOTAL,OWN,PC,TR,2017,59.1,Türkiye
A,TOTAL,TOTAL,OWN,PC,TR,2018,59.0,Türkiye
A,TOTAL,TOTAL,OWN,PC,TR,2019,58.8,Türkiye
A,TOTAL,TOTAL,OWN,PC,TR,2020,57.9,Türkiye
A,TOTAL,TOTAL,OWN,PC,TR,2021,57.5,Türkiye
A,TOTAL,TOTAL,OWN,PC,TR,2022,56.7,Türkiye
A,TOTAL,TOTAL,OWN,PC,TR,2023,56.2,Türkiye
A,TOTAL,TOTAL,OWN,PC,TR,2024,55.8,Türkiye
A,TOTAL,TOTAL,OWN,PC,UK,2005,70.0,United Kingdom
A,TOTAL,TOTAL,OWN,PC,UK,2006,71.4,United Kingdom
A,TOTAL,TOTAL,OWN,PC,UK,2007,73.3,United Kingdom
A,TOTAL,TOTAL,OWN,PC,UK,2008,72.5,United Kingdom
A,TOTAL,TOTAL,OWN,PC,UK,2009,69.9,United Kingdom
A,TOTAL,TOTAL,OWN,PC,UK,2010,70.0,United Kingdom
A,TOTAL,TOTAL,OWN,PC,UK,2011,67.9,United Kingdom
A,TOTAL,TOTAL,OWN,PC,UK,2012,66.7,United Kingdom
A,TOTAL,TOTAL,OWN,PC,UK,2013,64.6,United Kingdom
A,TOTAL,TOTAL,OWN,PC,UK,2014,64.4,United Kingdom
A,TOTAL,TOTAL,OWN,PC,UK,2015,63.5,United Kingdom
A,TOTAL,TOTAL,OWN,PC,UK,2016,63.4,United Kingdom
A,TOTAL,TOTAL,OWN,PC,UK,2017,65.0,United Kingdom
A,TOTAL,TOTAL,OWN,PC,UK,2018,65.2,United Kingdom
A,TOTAL,TOTAL,OWN,PC,XK,2018,97.8,Kosovo*
A,TOTAL,TOTAL,OWN_L,PC,AL,2017,0.7,Albania
A,TOTAL,TOTAL,OWN_L,PC,AL,2018,0.6,Albania
A,TOTAL,TOTAL,OWN_L,PC,AL,2019,0.7,Albania
A,TOTAL,TOTAL,OWN_L,PC,AL,2020,0.9,Albania
A,TOTAL,TOTAL,OWN_L,PC,AL,2021,0.9,Albania
A,TOTAL,TOTAL,OWN_L,PC,AL,2022,0.9,Albania
A,TOTAL,TOTAL,OWN_L,PC,AL,2023,0.9,Albania
A,TOTAL,TOTAL,OWN_L,PC,AT,2007,27.2,Austria
A,TOTAL,TOTAL,OWN_L,PC,AT,2008,29.4,Austria
A,TOTAL,TOTAL,OWN_L,PC,AT,2009,27.2,Austria
A,TOTAL,TOTAL,OWN_L,PC,AT,2010,25.0,Austria
A,TOTAL,TOTAL,OWN_L,PC,AT,2011,23.0,Austria
A,TOTAL,TOTAL,OWN_L,PC,AT,2012,26.4,Austria
A,TOTAL,TOTAL,OWN_L,PC,AT,2013,26.4,Austria
A,TOTAL,TOTAL,OWN_L,PC,AT,2014,25.3,Austria
A,TOTAL,TOTAL,OWN_L,PC,AT,2015,25.7,Austria
A,TOTAL,TOTAL,OWN_L,PC,AT,2016,25.2,Austria
A,TOTAL,TOTAL,OWN_L,PC,AT,2017,24.3,Austria
A,TOTAL,TOTAL,OWN_L,PC,AT,2018,25.5,Austria
A,TOTAL,TOTAL,OWN_L,PC,AT,2019,24.9,Austria
A,TOTAL,TOTAL,OWN_L,PC,AT,2020,25.3,Austria
A,TOTAL,TOTAL,OWN_L,PC,AT,2021,23.6,Austria
A,TOTAL,TOTAL,OWN_L,PC,AT,2022,22.1,Austria
A,TOTAL,TOTAL,OWN_L,PC,AT,2023,23.5,Austria
A,TOTAL,TOTAL,OWN_L,PC,AT,2024,22.6,Austria
A,TOTAL,TOTAL,OWN_L,PC,BE,2003,38.0,Belgium
A,TOTAL,TOTAL,OWN_L,PC,BE,2004,38.3,Belgium
A,TOTAL,TOTAL,OWN_L,PC,BE,2005,37.8,Belgium
A,TOTAL,TOTAL,OWN_L,PC,BE,2006,38.5,Belgium
A,TOTAL,TOTAL,OWN_L,PC,BE,2007,39.4,Belgium
A,TOTAL,TOTAL,OWN_L,PC,BE,2008,40.0,Belgium
A,TOTAL,TOTAL,OWN_L,PC,BE,2009,40.2,Belgium
A,TOTAL,TOTAL,OWN_L,PC,BE,2010,41.7,Belgium
A,TOTAL,TOTAL,OWN_L,PC,BE,2011,41.9,Belgium
A,TOTAL,TOTAL,OWN_L,PC,BE,2012,43.2,Belgium
A,TOTAL,TOTAL,OWN_L,PC,BE,2013,42.9,Belgium
A,TOTAL,TOTAL,OWN_L,PC,BE,2014,42.9,Belgium
A,TOTAL,TOTAL,OWN_L,PC,BE,2015,42.4,Belgium
A,TOTAL,TOTAL,OWN_L,PC,BE,2016,41.4,Belgium
A,TOTAL,TOTAL,OWN_L,PC,BE,2017,43.2,Belgium
A,TOTAL,TOTAL,OWN_L,PC,BE,2018,43.4,Belgium
A,TOTAL,TOTAL,OWN_L,PC,BE,2019,42.5,Belgium
A,TOTAL,TOTAL,OWN_L,PC,BE,2020,43.3,Belgium
A,TOTAL,TOTAL,OWN_L,PC,BE,2021,43.5,Belgium
A,TOTAL,TOTAL,OWN_L,PC,BE,2022,45.3,Belgium
A,TOTAL,TOTAL,OWN_L,PC,BE,2023,45.6,Belgium
A,TOTAL,TOTAL,OWN_L,PC,BE,2024,43.7,Belgium
A,TOTAL,TOTAL,OWN_L,PC,BG,2005,2.3,Bulgaria
A,TOTAL,TOTAL,OWN_L,PC,BG,2006,2.3,Bulgaria
A,TOTAL,TOTAL,OWN_L,PC,BG,2007,2.5,Bulgaria
A,TOTAL,TOTAL,OWN_L,PC,BG,2008,9.9,Bulgaria
A,TOTAL,TOTAL,OWN_L,PC,BG,2009,9.3,Bulgaria
A,TOTAL,TOTAL,OWN_L,PC,BG,2010,1.8,Bulgaria
A,TOTAL,TOTAL,OWN_L,PC,BG,2011,1.5,Bulgaria
A,TOTAL,TOTAL,OWN_L,PC,BG,2012,2.0,Bulgaria
A,TOTAL,TOTAL,OWN_L,PC,BG,2013,2.4,Bulgaria
A,TOTAL,TOTAL,OWN_L,PC,BG,2014,2.7,Bulgaria
A,TOTAL,TOTAL,OWN_L,PC,BG,2015,2.8,Bulgaria
A,TOTAL,TOTAL,OWN_L,PC,BG,2016,2.6,Bulgaria
A,TOTAL,TOTAL,OWN_L,PC,BG,2017,2.9,Bulgaria
A,TOTAL,TOTAL,OWN_L,PC,BG,2018,2.7,Bulgaria
A,TOTAL,TOTAL,OWN_L,PC,BG,2019,2.3,Bulgaria
A,TOTAL,TOTAL,OWN_L,PC,BG,2020,2.3,Bulgaria
A,TOTAL,TOTAL,OWN_L,PC,BG,2021,2.4,Bulgaria
A,TOTAL,TOTAL,OWN_L,PC,BG,2022,2.4,Bulgaria
A,TOTAL,TOTAL,OWN_L,PC,BG,2023,1.8,Bulgaria
A,TOTAL,TOTAL,OWN_L,PC,BG,2024,1.7,Bulgaria
A,TOTAL,TOTAL,OWN_L,PC,CH,2010,39.8,Switzerland
A,TOTAL,TOTAL,OWN_L,PC,CH,2011,39.4,Switzerland
A,TOTAL,TOTAL,OWN_L,PC,CH,2012,39.3,Switzerland
A,TOTAL,TOTAL,OWN_L,PC,CH,2013,39.8,Switzerland
A,TOTAL,TOTAL,OWN_L,PC,CH,2014,39.9,Switzerland
A,TOTAL,TOTAL,OWN_L,PC,CH,2015,38.9,Switzerland
A,TOTAL,TOTAL,OWN_L,PC,CH,2016,38.5,Switzerland
A,TOTAL,TOTAL,OWN_L,PC,CH,2017,37.4,Switzerland
A,TOTAL,TOTAL,OWN_L,PC,CH,2018,38.3,Switzerland
A,TOTAL,TOTAL,OWN_L,PC,CH,2019,38.0,Switzerland
A,TOTAL,TOTAL,OWN_L,PC,CH,2020,38.2,Switzerland
A,TOTAL,TOTAL,OWN_L,PC,CH,2021,38.1,Switzerland
A,TOTAL,TOTAL,OWN_L,PC,CH,2022,38.2,Switzerland
A,TOTAL,TOTAL,OWN_L,PC,CH,2023,38.6,Switzerland
A,TOTAL,TOTAL,OWN_L,PC,CH,2024,37.8,Switzerland
A,TOTAL,TOTAL,OWN_L,PC,CY,2007,19.4,Cyprus
A,TOTAL,TOTAL,OWN_L,PC,CY,2008,18.9,Cyprus
A,TOTAL,TOTAL,OWN_L,PC,CY,2009,16.8,Cyprus
A,TOTAL,TOTAL,OWN_L,PC,CY,2010,14.5,Cyprus
A,TOTAL,TOTAL,OWN_L,PC,CY,2011,16.3,Cyprus
A,TOTAL,TOTAL,OWN_L,PC,CY,2012,17.7,Cyprus
A,TOTAL,TOTAL,OWN_L,PC,CY,2013,19.0,Cyprus
A,TOTAL,TOTAL,OWN_L,PC,CY,2014,19.3,Cyprus
A,TOTAL,TOTAL,OWN_L,PC,CY,2015,20.1,Cyprus
A,TOTAL,TOTAL,OWN_L,PC,CY,2016,20.4,Cyprus
A,TOTAL,TOTAL,OWN_L,PC,CY,2017,19.8,Cyprus
A,TOTAL,TOTAL,OWN_L,PC,CY,2018,19.3,Cyprus
A,TOTAL,TOTAL,OWN_L,PC,CY,2019,18.0,Cyprus
A,TOTAL,TOTAL,OWN_L,PC,CY,2020,19.0,Cyprus
A,TOTAL,TOTAL,OWN_L,PC,CY,2021,19.3,Cyprus
A,TOTAL,TOTAL,OWN_L,PC,CY,2022,19.1,Cyprus
A,TOTAL,TOTAL,OWN_L,PC,CY,2023,19.6,Cyprus
A,TOTAL,TOTAL,OWN_L,PC,CY,2024,19.7,Cyprus
A,TOTAL,TOTAL,OWN_L,PC,CZ,2005,9.9,Czechia
A,TOTAL,TOTAL,OWN_L,PC,CZ,2006,10.7,Czechia
A,TOTAL,TOTAL,OWN_L,PC,CZ,2007,11.3,Czechia
A,TOTAL,TOTAL,OWN_L,PC,CZ,2008,11.9,Czechia
A,TOTAL,TOTAL,OWN_L,PC,CZ,2009,13.4,Czechia
A,TOTAL,TOTAL,OWN_L,PC,CZ,2010,17.5,Czechia
A,TOTAL,TOTAL,OWN_L,PC,CZ,2011,18.1,Czechia
A,TOTAL,TOTAL,OWN_L,PC,CZ,2012,18.0,Czechia
A,TOTAL,TOTAL,OWN_L,PC,CZ,2013,18.2,Czechia
A,TOTAL,TOTAL,OWN_L,PC,CZ,2014,18.2,Czechia
A,TOTAL,TOTAL,OWN_L,PC,CZ,2015,18.2,Czechia
A,TOTAL,TOTAL,OWN_L,PC,CZ,2016,19.4,Czechia
A,TOTAL,TOTAL,OWN_L,PC,CZ,2017,20.7,Czechia
A,TOTAL,TOTAL,OWN_L,PC,CZ,2018,21.0,Czechia
A,TOTAL,TOTAL,OWN_L,PC,CZ,2019,21.9,Czechia
A,TOTAL,TOTAL,OWN_L,PC,CZ,2020,21.8,Czechia
A,TOTAL,TOTAL,OWN_L,PC,CZ,2021,21.0,Czechia
A,TOTAL,TOTAL,OWN_L,PC,CZ,2022,20.6,Czechia
A,TOTAL,TOTAL,OWN_L,PC,CZ,2023,20.7,Czechia
A,TOTAL,TOTAL,OWN_L,PC,CZ,2024,20.3,Czechia
A,TOTAL,TOTAL,OWN_L,PC,DE,2005,29.4,Germany
A,TOTAL,TOTAL,OWN_L,PC,DE,2010,27.8,Germany
A,TOTAL,TOTAL,OWN_L,PC,DE,2011,28.1,Germany
A,TOTAL,TOTAL,OWN_L,PC,DE,2012,28.0,Germany
A,TOTAL,TOTAL,OWN_L,PC,DE,2013,27.6,Germany
A,TOTAL,TOTAL,OWN_L,PC,DE,2014,26.6,Germany
A,TOTAL,TOTAL,OWN_L,PC,DE,2015,26.2,Germany
A,TOTAL,TOTAL,OWN_L,PC,DE,2016,26.2,Germany
A,TOTAL,TOTAL,OWN_L,PC,DE,2017,25.7,Germany
A,TOTAL,TOTAL,OWN_L,PC,DE,2018,25.6,Germany
A,TOTAL,TOTAL,OWN_L,PC,DE,2019,25.8,Germany
A,TOTAL,TOTAL,OWN_L,PC,DE,2020,31.4,Germany
A,TOTAL,TOTAL,OWN_L,PC,DE,2021,27.4,Germany
A,TOTAL,TOTAL,OWN_L,PC,DE,2022,21.7,Germany
A,TOTAL,TOTAL,OWN_L,PC,DE,2023,23.8,Germany
A,TOTAL,TOTAL,OWN_L,PC,DE,2024,23.2,Germany
A,TOTAL,TOTAL,OWN_L,PC,DK,2003,53.3,Denmark
A,TOTAL,TOTAL,OWN_L,PC,DK,2004,55.3,Denmark
A,TOTAL,TOTAL,OWN_L,PC,DK,2005,54.1,Denmark
A,TOTAL,TOTAL,OWN_L,PC,DK,2006,53.2,Denmark
A,TOTAL,TOTAL,OWN_L,PC,DK,2007,52.3,Denmark
A,TOTAL,TOTAL,OWN_L,PC,DK,2008,51.9,Denmark
A,TOTAL,TOTAL,OWN_L,PC,DK,2009,52.8,Denmark
A,TOTAL,TOTAL,OWN_L,PC,DK,2010,52.7,Denmark
A,TOTAL,TOTAL,OWN_L,PC,DK,2011,53.9,Denmark
A,TOTAL,TOTAL,OWN_L,PC,DK,2012,53.1,Denmark
A,TOTAL,TOTAL,OWN_L,PC,DK,2013,50.7,Denmark
A,TOTAL,TOTAL,OWN_L,PC,DK,2014,49.5,Denmark
A,TOTAL,TOTAL,OWN_L,PC,DK,2015,48.6,Denmark
A,TOTAL,TOTAL,OWN_L,PC,DK,2016,47.4,Denmark
A,TOTAL,TOTAL,OWN_L,PC,DK,2017,47.8,Denmark
A,TOTAL,TOTAL,OWN_L,PC,DK,2018,46.5,Denmark
A,TOTAL,TOTAL,OWN_L,PC,DK,2019,46.8,Denmark
A,TOTAL,TOTAL,OWN_L,PC,DK,2020,45.2,Denmark
A,TOTAL,TOTAL,OWN_L,PC,DK,2021,46.4,Denmark
A,TOTAL,TOTAL,OWN_L,PC,DK,2022,47.4,Denmark
A,TOTAL,TOTAL,OWN_L,PC,DK,2023,47.2,Denmark
A,TOTAL,TOTAL,OWN_L,PC,DK,2024,48.4,Denmark
A,TOTAL,TOTAL,OWN_L,PC,EA,2011,28.2,"Euro area (EA11-1999, EA12-2001, EA13-2007, EA15-2008, EA16-2009, EA17-2011, EA18-2014, EA19-2015, EA20-2023, EA21-2026)"
A,TOTAL,TOTAL,OWN_L,PC,EA,2012,28.5,"Euro area (EA11-1999, EA12-2001, EA13-2007, EA15-2008, EA16-2009, EA17-2011, EA18-2014, EA19-2015, EA20-2023, EA21-2026)"
A,TOTAL,TOTAL,OWN_L,PC,EA,2013,29.0,"Euro area (EA11-1999, EA12-2001, EA13-2007, EA15-2008, EA16-2009, EA17-2011, EA18-2014, EA19-2015, EA20-2023, EA21-2026)"
A,TOTAL,TOTAL,OWN_L,PC,EA,2014,28.5,"Euro area (EA11-1999, EA12-2001, EA13-2007, EA15-2008, EA16-2009, EA17-2011, EA18-2014, EA19-2015, EA20-2023, EA21-2026)"
A,TOTAL,TOTAL,OWN_L,PC,EA,2015,28.1,"Euro area (EA11-1999, EA12-2001, EA13-2007, EA15-2008, EA16-2009, EA17-2011, EA18-2014, EA19-2015, EA20-2023, EA21-2026)"
A,TOTAL,TOTAL,OWN_L,PC,EA,2016,27.9,"Euro area (EA11-1999, EA12-2001, EA13-2007, EA15-2008, EA16-2009, EA17-2011, EA18-2014, EA19-2015, EA20-2023, EA21-2026)"
A,TOTAL,TOTAL,OWN_L,PC,EA,2017,27.3,"Euro area (EA11-1999, EA12-2001, EA13-2007, EA15-2008, EA16-2009, EA17-2011, EA18-2014, EA19-2015, EA20-2023, EA21-2026)"
A,TOTAL,TOTAL,OWN_L,PC,EA,2018,27.4,"Euro area (EA11-1999, EA12-2001, EA13-2007, EA15-2008, EA16-2009, EA17-2011, EA18-2014, EA19-2015, EA20-2023, EA21-2026)"
A,TOTAL,TOTAL,OWN_L,PC,EA,2019,27.4,"Euro area (EA11-1999, EA12-2001, EA13-2007, EA15-2008, EA16-2009, EA17-2011, EA18-2014, EA19-2015, EA20-2023, EA21-2026)"
A,TOTAL,TOTAL,OWN_L,PC,EA,2020,29.3,"Euro area (EA11-1999, EA12-2001, EA13-2007, EA15-2008, EA16-2009, EA17-2011, EA18-2014, EA19-2015, EA20-2023, EA21-2026)"
A,TOTAL,TOTAL,OWN_L,PC,EA,2021,28.7,"Euro area (EA11-1999, EA12-2001, EA13-2007, EA15-2008, EA16-2009, EA17-2011, EA18-2014, EA19-2015, EA20-2023, EA21-2026)"
A,TOTAL,TOTAL,OWN_L,PC,EA18,2005,25.9,Euro area - 18 countries (2014)
A,TOTAL,TOTAL,OWN_L,PC,EA18,2007,26.2,Euro area - 18 countries (2014)
A,TOTAL,TOTAL,OWN_L,PC,EA18,2008,27.3,Euro area - 18 countries (2014)
A,TOTAL,TOTAL,OWN_L,PC,EA18,2009,27.4,Euro area - 18 countries (2014)
A,TOTAL,TOTAL,OWN_L,PC,EA18,2010,28.3,Euro area - 18 countries (2014)
A,TOTAL,TOTAL,OWN_L,PC,EA18,2011,28.1,Euro area - 18 countries (2014)
A,TOTAL,TOTAL,OWN_L,PC,EA18,2012,28.4,Euro area - 18 countries (2014)
A,TOTAL,TOTAL,OWN_L,PC,EA18,2013,28.9,Euro area - 18 countries (2014)
A,TOTAL,TOTAL,OWN_L,PC,EA18,2014,28.5,Euro area - 18 countries (2014)
A,TOTAL,TOTAL,OWN_L,PC,EA18,2015,28.3,Euro area - 18 countries (2014)
A,TOTAL,TOTAL,OWN_L,PC,EA18,2016,28.0,Euro area - 18 countries (2014)
A,TOTAL,TOTAL,OWN_L,PC,EA18,2017,27.5,Euro area - 18 countries (2014)
A,TOTAL,TOTAL,OWN_L,PC,EA18,2018,27.5,Euro area - 18 countries (2014)
A,TOTAL,TOTAL,OWN_L,PC,EA18,2019,27.5,Euro area - 18 countries (2014)
A,TOTAL,TOTAL,OWN_L,PC,EA18,2020,29.4,Euro area - 18 countries (2014)
A,TOTAL,TOTAL,OWN_L,PC,EA19,2005,25.6,Euro area - 19 countries  (2015-2022)
A,TOTAL,TOTAL,OWN_L,PC,EA19,2007,25.9,Euro area - 19 countries  (2015-2022)
A,TOTAL,TOTAL,OWN_L,PC,EA19,2008,27.0,Euro area - 19 countries  (2015-2022)
A,TOTAL,TOTAL,OWN_L,PC,EA19,2009,27.2,Euro area - 19 countries  (2015-2022)
A,TOTAL,TOTAL,OWN_L,PC,EA19,2010,28.1,Euro area - 19 countries  (2015-2022)
A,TOTAL,TOTAL,OWN_L,PC,EA19,2011,27.9,Euro area - 19 countries  (2015-2022)
A,TOTAL,TOTAL,OWN_L,PC,EA19,2012,28.2,Euro area - 19 countries  (2015-2022)
A,TOTAL,TOTAL,OWN_L,PC,EA19,2013,28.7,Euro area - 19 countries  (2015-2022)
A,TOTAL,TOTAL,OWN_L,PC,EA19,2014,28.4,Euro area - 19 countries  (2015-2022)
A,TOTAL,TOTAL,OWN_L,PC,EA19,2015,28.1,Euro area - 19 countries  (2015-2022)
A,TOTAL,TOTAL,OWN_L,PC,EA19,2016,27.9,Euro area - 19 countries  (2015-2022)
A,TOTAL,TOTAL,OWN_L,PC,EA19,2017,27.3,Euro area - 19 countries  (2015-2022)
A,TOTAL,TOTAL,OWN_L,PC,EA19,2018,27.4,Euro area - 19 countries  (2015-2022)
A,TOTAL,TOTAL,OWN_L,PC,EA19,2019,27.4,Euro area - 19 countries  (2015-2022)
A,TOTAL,TOTAL,OWN_L,PC,EA19,2020,29.3,Euro area - 19 countries  (2015-2022)
A,TOTAL,TOTAL,OWN_L,PC,EA19,2021,28.7,Euro area - 19 countries  (2015-2022)
A,TOTAL,TOTAL,OWN_L,PC,EA20,2014,28.2,Euro area – 20 countries (2023-2025)
A,TOTAL,TOTAL,OWN_L,PC,EA20,2015,27.8,Euro area – 20 countries (2023-2025)
A,TOTAL,TOTAL,OWN_L,PC,EA20,2016,27.6,Euro area – 20 countries (2023-2025)
A,TOTAL,TOTAL,OWN_L,PC,EA20,2017,27.1,Euro area – 20 countries (2023-2025)
A,TOTAL,TOTAL,OWN_L,PC,EA20,2018,27.2,Euro area – 20 countries (2023-2025)
A,TOTAL,TOTAL,OWN_L,PC,EA20,2019,27.2,Euro area – 20 countries (2023-2025)
A,TOTAL,TOTAL,OWN_L,PC,EA20,2020,29.1,Euro area – 20 countries (2023-2025)
A,TOTAL,TOTAL,OWN_L,PC,EA20,2021,28.4,Euro area – 20 countries (2023-2025)
A,TOTAL,TOTAL,OWN_L,PC,EA20,2022,26.6,Euro area – 20 countries (2023-2025)
A,TOTAL,TOTAL,OWN_L,PC,EA20,2023,27.0,Euro area – 20 countries (2023-2025)
A,TOTAL,TOTAL,OWN_L,PC,EA20,2024,26.3,Euro area – 20 countries (2023-2025)
A,TOTAL,TOTAL,OWN_L,PC,EA21,2014,27.6,Euro area – 21 countries (from 2026)
A,TOTAL,TOTAL,OWN_L,PC,EA21,2015,27.3,Euro area – 21 countries (from 2026)
A,TOTAL,TOTAL,OWN_L,PC,EA21,2016,27.1,Euro area – 21 countries (from 2026)
A,TOTAL,TOTAL,OWN_L,PC,EA21,2017,26.6,Euro area – 21 countries (from 2026)
A,TOTAL,TOTAL,OWN_L,PC,EA21,2018,26.7,Euro area – 21 countries (from 2026)
A,TOTAL,TOTAL,OWN_L,PC,EA21,2019,26.7,Euro area – 21 countries (from 2026)
A,TOTAL,TOTAL,OWN_L,PC,EA21,2020,28.5,Euro area – 21 countries (from 2026)
A,TOTAL,TOTAL,OWN_L,PC,EA21,2021,27.9,Euro area – 21 countries (from 2026)
A,TOTAL,TOTAL,OWN_L,PC,EA21,2022,26.1,Euro area – 21 countries (from 2026)
A,TOTAL,TOTAL,OWN_L,PC,EA21,2023,26.5,Euro area – 21 countries (from 2026)
A,TOTAL,TOTAL,OWN_L,PC,EA21,2024,25.8,Euro area – 21 countries (from 2026)
A,TOTAL,TOTAL,OWN_L,PC,EE,2006,11.7,Estonia
A,TOTAL,TOTAL,OWN_L,PC,EE,2007,15.9,Estonia
A,TOTAL,TOTAL,OWN_L,PC,EE,2008,12.3,Estonia
A,TOTAL,TOTAL,OWN_L,PC,EE,2009,16.0,Estonia
A,TOTAL,TOTAL,OWN_L,PC,EE,2010,16.6,Estonia
A,TOTAL,TOTAL,OWN_L,PC,EE,2011,16.7,Estonia
A,TOTAL,TOTAL,OWN_L,PC,EE,2012,18.0,Estonia
A,TOTAL,TOTAL,OWN_L,PC,EE,2013,18.9,Estonia
A,TOTAL,TOTAL,OWN_L,PC,EE,2014,19.4,Estonia
A,TOTAL,TOTAL,OWN_L,PC,EE,2015,19.4,Estonia
A,TOTAL,TOTAL,OWN_L,PC,EE,2016,19.5,Estonia
A,TOTAL,TOTAL,OWN_L,PC,EE,2017,20.0,Estonia
A,TOTAL,TOTAL,OWN_L,PC,EE,2018,21.7,Estonia
A,TOTAL,TOTAL,OWN_L,PC,EE,2019,22.8,Estonia
A,TOTAL,TOTAL,OWN_L,PC,EE,2020,27.3,Estonia
A,TOTAL,TOTAL,OWN_L,PC,EE,2021,28.0,Estonia
A,TOTAL,TOTAL,OWN_L,PC,EE,2022,26.8,Estonia
A,TOTAL,TOTAL,OWN_L,PC,EE,2023,26.4,Estonia
A,TOTAL,TOTAL,OWN_L,PC,EE,2024,26.3,Estonia
A,TOTAL,TOTAL,OWN_L,PC,EL,2003,0.0,Greece
A,TOTAL,TOTAL,OWN_L,PC,EL,2007,11.8,Greece
A,TOTAL,TOTAL,OWN_L,PC,EL,2008,12.9,Greece
A,TOTAL,TOTAL,OWN_L,PC,EL,2009,15.4,Greece
A,TOTAL,TOTAL,OWN_L,PC,EL,2010,17.5,Greece
A,TOTAL,TOTAL,OWN_L,PC,EL,2011,15.7,Greece
A,TOTAL,TOTAL,OWN_L,PC,EL,2012,15.2,Greece
A,TOTAL,TOTAL,OWN_L,PC,EL,2013,15.6,Greece
A,TOTAL,TOTAL,OWN_L,PC,EL,2014,13.3,Greece
A,TOTAL,TOTAL,OWN_L,PC,EL,2015,14.1,Greece
A,TOTAL,TOTAL,OWN_L,PC,EL,2016,13.9,Greece
A,TOTAL,TOTAL,OWN_L,PC,EL,2017,15.7,Greece
A,TOTAL,TOTAL,OWN_L,PC,EL,2018,14.2,Greece
A,TOTAL,TOTAL,OWN_L,PC,EL,2019,12.7,Greece
A,TOTAL,TOTAL,OWN_L,PC,EL,2020,11.9,Greece
A,TOTAL,TOTAL,OWN_L,PC,EL,2021,11.8,Greece
A,TOTAL,TOTAL,OWN_L,PC,EL,2022,11.0,Greece
A,TOTAL,TOTAL,OWN_L,PC,EL,2023,9.9,Greece
A,TOTAL,TOTAL,OWN_L,PC,EL,2024,8.4,Greece
A,TOTAL,TOTAL,OWN_L,PC,ES,2007,32.0,Spain
A,TOTAL,TOTAL,OWN_L,PC,ES,2008,33.0,Spain
A,TOTAL,TOTAL,OWN_L,PC,ES,2009,32.8,Spain
A,TOTAL,TOTAL,OWN_L,PC,ES,2010,34.4,Spain
A,TOTAL,TOTAL,OWN_L,PC,ES,2011,32.0,Spain
A,TOTAL,TOTAL,OWN_L,PC,ES,2012,31.8,Spain
A,TOTAL,TOTAL,OWN_L,PC,ES,2013,32.0,Spain
A,TOTAL,TOTAL,OWN_L,PC,ES,2014,32.1,Spain
A,TOTAL,TOTAL,OWN_L,PC,ES,2015,31.2,Spain
A,TOTAL,TOTAL,OWN_L,PC,ES,2016,30.9,Spain
A,TOTAL,TOTAL,OWN_L,PC,ES,2017,29.5,Spain
A,TOTAL,TOTAL,OWN_L,PC,ES,2018,29.4,Spain
A,TOTAL,TOTAL,OWN_L,PC,ES,2019,28.4,Spain
A,TOTAL,TOTAL,OWN_L,PC,ES,2020,30.3,Spain
A,TOTAL,TOTAL,OWN_L,PC,ES,2021,30.7,Spain
A,TOTAL,TOTAL,OWN_L,PC,ES,2022,30.5,Spain
A,TOTAL,TOTAL,OWN_L,PC,ES,2023,30.3,Spain
A,TOTAL,TOTAL,OWN_L,PC,ES,2024,28.6,Spain
A,TOTAL,TOTAL,OWN_L,PC,EU,2011,27.4,"European Union (EU6-1958, EU9-1973, EU10-1981, EU12-1986, EU15-1995, EU25-2004, EU27-2007, EU28-2013, EU27-2020)"
A,TOTAL,TOTAL,OWN_L,PC,EU,2012,27.0,"European Union (EU6-1958, EU9-1973, EU10-1981, EU12-1986, EU15-1995, EU25-2004, EU27-2007, EU28-2013, EU27-2020)"
A,TOTAL,TOTAL,OWN_L,PC,EU,2013,27.3,"European Union (EU6-1958, EU9-1973, EU10-1981, EU12-1986, EU15-1995, EU25-2004, EU27-2007, EU28-2013, EU27-2020)"
A,TOTAL,TOTAL,OWN_L,PC,EU,2014,27.1,"European Union (EU6-1958, EU9-1973, EU10-1981, EU12-1986, EU15-1995, EU25-2004, EU27-2007, EU28-2013, EU27-2020)"
A,TOTAL,TOTAL,OWN_L,PC,EU,2015,26.8,"European Union (EU6-1958, EU9-1973, EU10-1981, EU12-1986, EU15-1995, EU25-2004, EU27-2007, EU28-2013, EU27-2020)"
A,TOTAL,TOTAL,OWN_L,PC,EU,2016,26.6,"European Union (EU6-1958, EU9-1973, EU10-1981, EU12-1986, EU15-1995, EU25-2004, EU27-2007, EU28-2013, EU27-2020)"
A,TOTAL,TOTAL,OWN_L,PC,EU,2017,26.5,"European Union (EU6-1958, EU9-1973, EU10-1981, EU12-1986, EU15-1995, EU25-2004, EU27-2007, EU28-2013, EU27-2020)"
A,TOTAL,TOTAL,OWN_L,PC,EU,2018,26.5,"European Union (EU6-1958, EU9-1973, EU10-1981, EU12-1986, EU15-1995, EU25-2004, EU27-2007, EU28-2013, EU27-2020)"
A,TOTAL,TOTAL,OWN_L,PC,EU,2019,26.6,"European Union (EU6-1958, EU9-1973, EU10-1981, EU12-1986, EU15-1995, EU25-2004, EU27-2007, EU28-2013, EU27-2020)"
A,TOTAL,TOTAL,OWN_L,PC,EU27_2007,2007,25.6,European Union - 27 countries (2007-2013)
A,TOTAL,TOTAL,OWN_L,PC,EU27_2007,2008,26.6,European Union - 27 countries (2007-2013)
A,TOTAL,TOTAL,OWN_L,PC,EU27_2007,2009,26.8,European Union - 27 countries (2007-2013)
A,TOTAL,TOTAL,OWN_L,PC,EU27_2007,2010,27.8,European Union - 27 countries (2007-2013)
A,TOTAL,TOTAL,OWN_L,PC,EU27_2007,2011,27.5,European Union - 27 countries (2007-2013)
A,TOTAL,TOTAL,OWN_L,PC,EU27_2007,2012,27.2,European Union - 27 countries (2007-2013)
A,TOTAL,TOTAL,OWN_L,PC,EU27_2007,2013,27.5,European Union - 27 countries (2007-2013)
A,TOTAL,TOTAL,OWN_L,PC,EU27_2007,2014,27.2,European Union - 27 countries (2007-2013)
A,TOTAL,TOTAL,OWN_L,PC,EU27_2007,2015,27.0,European Union - 27 countries (2007-2013)
A,TOTAL,TOTAL,OWN_L,PC,EU27_2007,2016,26.8,European Union - 27 countries (2007-2013)
A,TOTAL,TOTAL,OWN_L,PC,EU27_2007,2017,26.7,European Union - 27 countries (2007-2013)
A,TOTAL,TOTAL,OWN_L,PC,EU27_2007,2018,26.7,European Union - 27 countries (2007-2013)
A,TOTAL,TOTAL,OWN_L,PC,EU27_2007,2019,26.8,European Union - 27 countries (2007-2013)
A,TOTAL,TOTAL,OWN_L,PC,EU27_2020,2010,25.3,European Union - 27 countries (from 2020)
A,TOTAL,TOTAL,OWN_L,PC,EU27_2020,2011,25.2,European Union - 27 countries (from 2020)
A,TOTAL,TOTAL,OWN_L,PC,EU27_2020,2012,25.4,European Union - 27 countries (from 2020)
A,TOTAL,TOTAL,OWN_L,PC,EU27_2020,2013,25.9,European Union - 27 countries (from 2020)
A,TOTAL,TOTAL,OWN_L,PC,EU27_2020,2014,25.6,European Union - 27 countries (from 2020)
A,TOTAL,TOTAL,OWN_L,PC,EU27_2020,2015,25.5,European Union - 27 countries (from 2020)
A,TOTAL,TOTAL,OWN_L,PC,EU27_2020,2016,25.3,European Union - 27 countries (from 2020)
A,TOTAL,TOTAL,OWN_L,PC,EU27_2020,2017,24.8,European Union - 27 countries (from 2020)
A,TOTAL,TOTAL,OWN_L,PC,EU27_2020,2018,24.9,European Union - 27 countries (from 2020)
A,TOTAL,TOTAL,OWN_L,PC,EU27_2020,2019,25.0,European Union - 27 countries (from 2020)
A,TOTAL,TOTAL,OWN_L,PC,EU27_2020,2020,26.6,European Union - 27 countries (from 2020)
A,TOTAL,TOTAL,OWN_L,PC,EU27_2020,2021,26.1,European Union - 27 countries (from 2020)
A,TOTAL,TOTAL,OWN_L,PC,EU27_2020,2022,24.7,European Union - 27 countries (from 2020)
A,TOTAL,TOTAL,OWN_L,PC,EU27_2020,2023,24.9,European Union - 27 countries (from 2020)
A,TOTAL,TOTAL,OWN_L,PC,EU27_2020,2024,24.3,European Union - 27 countries (from 2020)
A,TOTAL,TOTAL,OWN_L,PC,EU28,2010,27.6,European Union - 28 countries (2013-2020)
A,TOTAL,TOTAL,OWN_L,PC,EU28,2011,27.3,European Union - 28 countries (2013-2020)
A,TOTAL,TOTAL,OWN_L,PC,EU28,2012,27.0,European Union - 28 countries (2013-2020)
A,TOTAL,TOTAL,OWN_L,PC,EU28,2013,27.3,European Union - 28 countries (2013-2020)
A,TOTAL,TOTAL,OWN_L,PC,EU28,2014,27.1,European Union - 28 countries (2013-2020)
A,TOTAL,TOTAL,OWN_L,PC,EU28,2015,26.8,European Union - 28 countries (2013-2020)
A,TOTAL,TOTAL,OWN_L,PC,EU28,2016,26.6,European Union - 28 countries (2013-2020)
A,TOTAL,TOTAL,OWN_L,PC,EU28,2017,26.5,European Union - 28 countries (2013-2020)
A,TOTAL,TOTAL,OWN_L,PC,EU28,2018,26.5,European Union - 28 countries (2013-2020)
A,TOTAL,TOTAL,OWN_L,PC,EU28,2019,26.6,European Union - 28 countries (2013-2020)
A,TOTAL,TOTAL,OWN_L,PC,FI,2004,38.2,Finland
A,TOTAL,TOTAL,OWN_L,PC,FI,2005,39.2,Finland
A,TOTAL,TOTAL,OWN_L,PC,FI,2006,41.1,Finland
A,TOTAL,TOTAL,OWN_L,PC,FI,2007,41.8,Finland
A,TOTAL,TOTAL,OWN_L,PC,FI,2008,43.2,Finland
A,TOTAL,TOTAL,OWN_L,PC,FI,2009,43.7,Finland
A,TOTAL,TOTAL,OWN_L,PC,FI,2010,42.0,Finland
A,TOTAL,TOTAL,OWN_L,PC,FI,2011,41.9,Finland
A,TOTAL,TOTAL,OWN_L,PC,FI,2012,42.2,Finland
A,TOTAL,TOTAL,OWN_L,PC,FI,2013,42.6,Finland
A,TOTAL,TOTAL,OWN_L,PC,FI,2014,43.0,Finland
A,TOTAL,TOTAL,OWN_L,PC,FI,2015,42.4,Finland
A,TOTAL,TOTAL,OWN_L,PC,FI,2016,42.0,Finland
A,TOTAL,TOTAL,OWN_L,PC,FI,2017,42.3,Finland
A,TOTAL,TOTAL,OWN_L,PC,FI,2018,42.0,Finland
A,TOTAL,TOTAL,OWN_L,PC,FI,2019,41.5,Finland
A,TOTAL,TOTAL,OWN_L,PC,FI,2020,40.6,Finland
A,TOTAL,TOTAL,OWN_L,PC,FI,2021,40.2,Finland
A,TOTAL,TOTAL,OWN_L,PC,FI,2022,39.2,Finland
A,TOTAL,TOTAL,OWN_L,PC,FI,2023,39.4,Finland
A,TOTAL,TOTAL,OWN_L,PC,FI,2024,38.2,Finland
A,TOTAL,TOTAL,OWN_L,PC,FR,2005,23.9,France
A,TOTAL,TOTAL,OWN_L,PC,FR,2006,27.0,France
A,TOTAL,TOTAL,OWN_L,PC,FR,2007,27.3,France
A,TOTAL,TOTAL,OWN_L,PC,FR,2008,27.0,France
A,TOTAL,TOTAL,OWN_L,PC,FR,2009,27.4,France
A,TOTAL,TOTAL,OWN_L,PC,FR,2010,29.0,France
A,TOTAL,TOTAL,OWN_L,PC,FR,2011,29.4,France
A,TOTAL,TOTAL,OWN_L,PC,FR,2012,29.9,France
A,TOTAL,TOTAL,OWN_L,PC,FR,2013,31.8,France
A,TOTAL,TOTAL,OWN_L,PC,FR,2014,31.3,France
A,TOTAL,TOTAL,OWN_L,PC,FR,2015,31.1,France
A,TOTAL,TOTAL,OWN_L,PC,FR,2016,31.0,France
A,TOTAL,TOTAL,OWN_L,PC,FR,2017,30.9,France
A,TOTAL,TOTAL,OWN_L,PC,FR,2018,31.8,France
A,TOTAL,TOTAL,OWN_L,PC,FR,2019,31.8,France
A,TOTAL,TOTAL,OWN_L,PC,FR,2020,30.1,France
A,TOTAL,TOTAL,OWN_L,PC,FR,2021,30.8,France
A,TOTAL,TOTAL,OWN_L,PC,FR,2022,30.4,France
A,TOTAL,TOTAL,OWN_L,PC,FR,2023,31.3,France
A,TOTAL,TOTAL,OWN_L,PC,FR,2024,31.2,France
A,TOTAL,TOTAL,OWN_L,PC,HR,2010,5.9,Croatia
A,TOTAL,TOTAL,OWN_L,PC,HR,2011,2.8,Croatia
A,TOTAL,TOTAL,OWN_L,PC,HR,2012,2.7,Croatia
A,TOTAL,TOTAL,OWN_L,PC,HR,2013,2.7,Croatia
A,TOTAL,TOTAL,OWN_L,PC,HR,2014,4.2,Croatia
A,TOTAL,TOTAL,OWN_L,PC,HR,2015,5.2,Croatia
A,TOTAL,TOTAL,OWN_L,PC,HR,2016,5.8,Croatia
A,TOTAL,TOTAL,OWN_L,PC,HR,2017,6.9,Croatia
A,TOTAL,TOTAL,OWN_L,PC,HR,2018,6.9,Croatia
A,TOTAL,TOTAL,OWN_L,PC,HR,2019,7.4,Croatia
A,TOTAL,TOTAL,OWN_L,PC,HR,2020,7.6,Croatia
A,TOTAL,TOTAL,OWN_L,PC,HR,2021,7.7,Croatia
A,TOTAL,TOTAL,OWN_L,PC,HR,2022,6.7,Croatia
A,TOTAL,TOTAL,OWN_L,PC,HR,2023,7.0,Croatia
A,TOTAL,TOTAL,OWN_L,PC,HR,2024,7.8,Croatia
A,TOTAL,TOTAL,OWN_L,PC,HU,2005,10.6,Hungary
A,TOTAL,TOTAL,OWN_L,PC,HU,2006,9.0,Hungary
A,TOTAL,TOTAL,OWN_L,PC,HU,2007,14.9,Hungary
A,TOTAL,TOTAL,OWN_L,PC,HU,2008,18.4,Hungary
A,TOTAL,TOTAL,OWN_L,PC,HU,2009,18.5,Hungary
A,TOTAL,TOTAL,OWN_L,PC,HU,2010,23.9,Hungary
A,TOTAL,TOTAL,OWN_L,PC,HU,2011,22.8,Hungary
A,TOTAL,TOTAL,OWN_L,PC,HU,2012,20.9,Hungary
A,TOTAL,TOTAL,OWN_L,PC,HU,2013,19.8,Hungary
A,TOTAL,TOTAL,OWN_L,PC,HU,2014,18.0,Hungary
A,TOTAL,TOTAL,OWN_L,PC,HU,2015,18.7,Hungary
A,TOTAL,TOTAL,OWN_L,PC,HU,2016,16.3,Hungary
A,TOTAL,TOTAL,OWN_L,PC,HU,2017,16.0,Hungary
A,TOTAL,TOTAL,OWN_L,PC,HU,2018,15.4,Hungary
A,TOTAL,TOTAL,OWN_L,PC,HU,2019,15.1,Hungary
A,TOTAL,TOTAL,OWN_L,PC,HU,2020,15.7,Hungary
A,TOTAL,TOTAL,OWN_L,PC,HU,2021,15.2,Hungary
A,TOTAL,TOTAL,OWN_L,PC,HU,2022,17.9,Hungary
A,TOTAL,TOTAL,OWN_L,PC,HU,2023,13.3,Hungary
A,TOTAL,TOTAL,OWN_L,PC,HU,2024,12.6,Hungary
A,TOTAL,TOTAL,OWN_L,PC,IE,2003,36.9,Ireland
A,TOTAL,TOTAL,OWN_L,PC,IE,2004,35.3,Ireland
A,TOTAL,TOTAL,OWN_L,PC,IE,2005,34.1,Ireland
A,TOTAL,TOTAL,OWN_L,PC,IE,2006,33.1,Ireland
A,TOTAL,TOTAL,OWN_L,PC,IE,2007,33.2,Ireland
A,TOTAL,TOTAL,OWN_L,PC,IE,2008,35.2,Ireland
A,TOTAL,TOTAL,OWN_L,PC,IE,2009,32.9,Ireland
A,TOTAL,TOTAL,OWN_L,PC,IE,2010,34.5,Ireland
A,TOTAL,TOTAL,OWN_L,PC,IE,2011,34.6,Ireland
A,TOTAL,TOTAL,OWN_L,PC,IE,2012,34.9,Ireland
A,TOTAL,TOTAL,OWN_L,PC,IE,2013,35.5,Ireland
A,TOTAL,TOTAL,OWN_L,PC,IE,2014,34.3,Ireland
A,TOTAL,TOTAL,OWN_L,PC,IE,2015,33.1,Ireland
A,TOTAL,TOTAL,OWN_L,PC,IE,2016,32.4,Ireland
A,TOTAL,TOTAL,OWN_L,PC,IE,2017,31.8,Ireland
A,TOTAL,TOTAL,OWN_L,PC,IE,2018,32.4,Ireland
A,TOTAL,TOTAL,OWN_L,PC,IE,2019,31.4,Ireland
A,TOTAL,TOTAL,OWN_L,PC,IE,2020,37.4,Ireland
A,TOTAL,TOTAL,OWN_L,PC,IE,2021,37.3,Ireland
A,TOTAL,TOTAL,OWN_L,PC,IE,2022,36.7,Ireland
A,TOTAL,TOTAL,OWN_L,PC,IE,2023,36.5,Ireland
A,TOTAL,TOTAL,OWN_L,PC,IE,2024,35.5,Ireland
A,TOTAL,TOTAL,OWN_L,PC,IS,2004,70.7,Iceland
A,TOTAL,TOTAL,OWN_L,PC,IS,2005,72.4,Iceland
A,TOTAL,TOTAL,OWN_L,PC,IS,2006,72.0,Iceland
A,TOTAL,TOTAL,OWN_L,PC,IS,2007,71.4,Iceland
A,TOTAL,TOTAL,OWN_L,PC,IS,2008,72.2,Iceland
A,TOTAL,TOTAL,OWN_L,PC,IS,2009,70.6,Iceland
A,TOTAL,TOTAL,OWN_L,PC,IS,2010,67.6,Iceland
A,TOTAL,TOTAL,OWN_L,PC,IS,2011,62.7,Iceland
A,TOTAL,TOTAL,OWN_L,PC,IS,2012,62.7,Iceland
A,TOTAL,TOTAL,OWN_L,PC,IS,2013,62.9,Iceland
A,TOTAL,TOTAL,OWN_L,PC,IS,2014,62.3,Iceland
A,TOTAL,TOTAL,OWN_L,PC,IS,2015,62.8,Iceland
A,TOTAL,TOTAL,OWN_L,PC,IS,2016,63.9,Iceland
A,TOTAL,TOTAL,OWN_L,PC,IS,2017,58.5,Iceland
A,TOTAL,TOTAL,OWN_L,PC,IS,2018,57.4,Iceland
A,TOTAL,TOTAL,OWN_L,PC,IS,2019,64.9,Iceland
A,TOTAL,TOTAL,OWN_L,PC,IS,2020,66.5,Iceland
A,TOTAL,TOTAL,OWN_L,PC,IT,2004,12.2,Italy
A,TOTAL,TOTAL,OWN_L,PC,IT,2005,12.9,Italy
A,TOTAL,TOTAL,OWN_L,PC,IT,2006,13.1,Italy
A,TOTAL,TOTAL,OWN_L,PC,IT,2007,13.5,Italy
A,TOTAL,TOTAL,OWN_L,PC,IT,2008,15.0,Italy
A,TOTAL,TOTAL,OWN_L,PC,IT,2009,15.3,Italy
A,TOTAL,TOTAL,OWN_L,PC,IT,2010,15.8,Italy
A,TOTAL,TOTAL,OWN_L,PC,IT,2011,15.6,Italy
A,TOTAL,TOTAL,OWN_L,PC,IT,2012,16.1,Italy
A,TOTAL,TOTAL,OWN_L,PC,IT,2013,17.2,Italy
A,TOTAL,TOTAL,OWN_L,PC,IT,2014,17.3,Italy
A,TOTAL,TOTAL,OWN_L,PC,IT,2015,16.8,Italy
A,TOTAL,TOTAL,OWN_L,PC,IT,2016,15.9,Italy
A,TOTAL,TOTAL,OWN_L,PC,IT,2017,13.6,Italy
A,TOTAL,TOTAL,OWN_L,PC,IT,2018,13.0,Italy
A,TOTAL,TOTAL,OWN_L,PC,IT,2019,13.7,Italy
A,TOTAL,TOTAL,OWN_L,PC,IT,2020,15.2,Italy
A,TOTAL,TOTAL,OWN_L,PC,IT,2021,16.0,Italy
A,TOTAL,TOTAL,OWN_L,PC,IT,2022,14.6,Italy
A,TOTAL,TOTAL,OWN_L,PC,IT,2023,13.7,Italy
A,TOTAL,TOTAL,OWN_L,PC,IT,2024,12.7,Italy
A,TOTAL,TOTAL,OWN_L,PC,LT,2005,3.6,Lithuania
A,TOTAL,TOTAL,OWN_L,PC,LT,2006,4.2,Lithuania
A,TOTAL,TOTAL,OWN_L,PC,LT,2007,5.8,Lithuania
A,TOTAL,TOTAL,OWN_L,PC,LT,2008,6.9,Lithuania
A,TOTAL,TOTAL,OWN_L,PC,LT,2009,8.5,Lithuania
A,TOTAL,TOTAL,OWN_L,PC,LT,2010,7.1,Lithuania
A,TOTAL,TOTAL,OWN_L,PC,LT,2011,6.7,Lithuania
A,TOTAL,TOTAL,OWN_L,PC,LT,2012,6.6,Lithuania
A,TOTAL,TOTAL,OWN_L,PC,LT,2013,7.7,Lithuania
A,TOTAL,TOTAL,OWN_L,PC,LT,2014,7.6,Lithuania
A,TOTAL,TOTAL,OWN_L,PC,LT,2015,8.1,Lithuania
A,TOTAL,TOTAL,OWN_L,PC,LT,2016,10.2,Lithuania
A,TOTAL,TOTAL,OWN_L,PC,LT,2017,11.1,Lithuania
A,TOTAL,TOTAL,OWN_L,PC,LT,2018,12.6,Lithuania
A,TOTAL,TOTAL,OWN_L,PC,LT,2019,12.2,Lithuania
A,TOTAL,TOTAL,OWN_L,PC,LT,2020,14.0,Lithuania
A,TOTAL,TOTAL,OWN_L,PC,LT,2021,16.6,Lithuania
A,TOTAL,TOTAL,OWN_L,PC,LT,2022,16.0,Lithuania
A,TOTAL,TOTAL,OWN_L,PC,LT,2023,16.8,Lithuania
A,TOTAL,TOTAL,OWN_L,PC,LT,2024,16.8,Lithuania
A,TOTAL,TOTAL,OWN_L,PC,LU,2007,43.2,Luxembourg
A,TOTAL,TOTAL,OWN_L,PC,LU,2008,41.9,Luxembourg
A,TOTAL,TOTAL,OWN_L,PC,LU,2009,40.4,Luxembourg
A,TOTAL,TOTAL,OWN_L,PC,LU,2010,39.4,Luxembourg
A,TOTAL,TOTAL,OWN_L,PC,LU,2011,40.0,Luxembourg
A,TOTAL,TOTAL,OWN_L,PC,LU,2012,42.6,Luxembourg
A,TOTAL,TOTAL,OWN_L,PC,LU,2013,45.6,Luxembourg
A,TOTAL,TOTAL,OWN_L,PC,LU,2014,42.5,Luxembourg
A,TOTAL,TOTAL,OWN_L,PC,LU,2015,42.8,Luxembourg
A,TOTAL,TOTAL,OWN_L,PC,LU,2016,43.3,Luxembourg
A,TOTAL,TOTAL,OWN_L,PC,LU,2017,42.7,Luxembourg
A,TOTAL,TOTAL,OWN_L,PC,LU,2018,41.9,Luxembourg
A,TOTAL,TOTAL,OWN_L,PC,LU,2019,41.8,Luxembourg
A,TOTAL,TOTAL,OWN_L,PC,LU,2020,42.6,Luxembourg
A,TOTAL,TOTAL,OWN_L,PC,LU,2021,45.9,Luxembourg
A,TOTAL,TOTAL,OWN_L,PC,LU,2022,43.2,Luxembourg
A,TOTAL,TOTAL,OWN_L,PC,LU,2023,41.8,Luxembourg
A,TOTAL,TOTAL,OWN_L,PC,LU,2024,38.5,Luxembourg
A,TOTAL,TOTAL,OWN_L,PC,LV,2007,3.3,Latvia
A,TOTAL,TOTAL,OWN_L,PC,LV,2008,7.3,Latvia
A,TOTAL,TOTAL,OWN_L,PC,LV,2009,8.7,Latvia
A,TOTAL,TOTAL,OWN_L,PC,LV,2010,7.2,Latvia
A,TOTAL,TOTAL,OWN_L,PC,LV,2011,8.0,Latvia
A,TOTAL,TOTAL,OWN_L,PC,LV,2012,9.5,Latvia
A,TOTAL,TOTAL,OWN_L,PC,LV,2013,9.1,Latvia
A,TOTAL,TOTAL,OWN_L,PC,LV,2014,9.4,Latvia
A,TOTAL,TOTAL,OWN_L,PC,LV,2015,9.8,Latvia
A,TOTAL,TOTAL,OWN_L,PC,LV,2016,9.8,Latvia
A,TOTAL,TOTAL,OWN_L,PC,LV,2017,10.8,Latvia
A,TOTAL,TOTAL,OWN_L,PC,LV,2018,12.3,Latvia
A,TOTAL,TOTAL,OWN_L,PC,LV,2019,13.1,Latvia
A,TOTAL,TOTAL,OWN_L,PC,LV,2020,12.4,Latvia
A,TOTAL,TOTAL,OWN_L,PC,LV,2021,14.0,Latvia
A,TOTAL,TOTAL,OWN_L,PC,LV,2022,12.6,Latvia
A,TOTAL,TOTAL,OWN_L,PC,LV,2023,13.9,Latvia
A,TOTAL,TOTAL,OWN_L,PC,LV,2024,14.4,Latvia
A,TOTAL,TOTAL,OWN_L,PC,ME,2013,4.1,Montenegro
A,TOTAL,TOTAL,OWN_L,PC,ME,2014,4.2,Montenegro
A,TOTAL,TOTAL,OWN_L,PC,ME,2015,4.0,Montenegro
A,TOTAL,TOTAL,OWN_L,PC,ME,2016,4.3,Montenegro
A,TOTAL,TOTAL,OWN_L,PC,ME,2017,1.8,Montenegro
A,TOTAL,TOTAL,OWN_L,PC,ME,2018,1.8,Montenegro
A,TOTAL,TOTAL,OWN_L,PC,ME,2019,1.9,Montenegro
A,TOTAL,TOTAL,OWN_L,PC,ME,2020,1.8,Montenegro
A,TOTAL,TOTAL,OWN_L,PC,ME,2021,1.7,Montenegro
A,TOTAL,TOTAL,OWN_L,PC,ME,2022,1.7,Montenegro
A,TOTAL,TOTAL,OWN_L,PC,ME,2023,1.5,Montenegro
A,TOTAL,TOTAL,OWN_L,PC,MK,2011,2.3,North Macedonia
A,TOTAL,TOTAL,OWN_L,PC,MK,2012,1.4,North Macedonia
A,TOTAL,TOTAL,OWN_L,PC,MK,2013,2.1,North Macedonia
A,TOTAL,TOTAL,OWN_L,PC,MK,2014,1.3,North Macedonia
A,TOTAL,TOTAL,OWN_L,PC,MK,2015,1.2,North Macedonia
A,TOTAL,TOTAL,OWN_L,PC,MK,2016,0.8,North Macedonia
A,TOTAL,TOTAL,OWN_L,PC,MK,2017,0.6,North Macedonia
A,TOTAL,TOTAL,OWN_L,PC,MK,2018,0.3,North Macedonia
A,TOTAL,TOTAL,OWN_L,PC,MK,2019,0.5,North Macedonia
A,TOTAL,TOTAL,OWN_L,PC,MK,2020,0.6,North Macedonia
A,TOTAL,TOTAL,OWN_L,PC,MK,2021,0.4,North Macedonia
A,TOTAL,TOTAL,OWN_L,PC,MK,2022,0.7,North Macedonia
A,TOTAL,TOTAL,OWN_L,PC,MK,2023,0.6,North Macedonia
A,TOTAL,TOTAL,OWN_L,PC,MK,2024,0.6,North Macedonia
A,TOTAL,TOTAL,OWN_L,PC,MT,2005,17.5,Malta
A,TOTAL,TOTAL,OWN_L,PC,MT,2006,16.5,Malta
A,TOTAL,TOTAL,OWN_L,PC,MT,2007,15.2,Malta
A,TOTAL,TOTAL,OWN_L,PC,MT,2008,14.5,Malta
A,TOTAL,TOTAL,OWN_L,PC,MT,2009,15.6,Malta
A,TOTAL,TOTAL,OWN_L,PC,MT,2010,16.4,Malta
A,TOTAL,TOTAL,OWN_L,PC,MT,2011,17.8,Malta
A,TOTAL,TOTAL,OWN_L,PC,MT,2012,17.9,Malta
A,TOTAL,TOTAL,OWN_L,PC,MT,2013,18.4,Malta
A,TOTAL,TOTAL,OWN_L,PC,MT,2014,20.4,Malta
A,TOTAL,TOTAL,OWN_L,PC,MT,2015,20.8,Malta
A,TOTAL,TOTAL,OWN_L,PC,MT,2016,21.8,Malta
A,TOTAL,TOTAL,OWN_L,PC,MT,2017,22.1,Malta
A,TOTAL,TOTAL,OWN_L,PC,MT,2018,22.7,Malta
A,TOTAL,TOTAL,OWN_L,PC,MT,2019,21.3,Malta
A,TOTAL,TOTAL,OWN_L,PC,MT,2020,23.1,Malta
A,TOTAL,TOTAL,OWN_L,PC,MT,2021,23.2,Malta
A,TOTAL,TOTAL,OWN_L,PC,MT,2022,23.4,Malta
A,TOTAL,TOTAL,OWN_L,PC,MT,2023,23.4,Malta
A,TOTAL,TOTAL,OWN_L,PC,MT,2024,18.9,Malta
A,TOTAL,TOTAL,OWN_L,PC,NL,2005,53.9,Netherlands
A,TOTAL,TOTAL,OWN_L,PC,NL,2006,57.1,Netherlands
A,TOTAL,TOTAL,OWN_L,PC,NL,2007,58.1,Netherlands
A,TOTAL,TOTAL,OWN_L,PC,NL,2008,59.6,Netherlands
A,TOTAL,TOTAL,OWN_L,PC,NL,2009,59.2,Netherlands
A,TOTAL,TOTAL,OWN_L,PC,NL,2010,59.5,Netherlands
A,TOTAL,TOTAL,OWN_L,PC,NL,2011,59.6,Netherlands
A,TOTAL,TOTAL,OWN_L,PC,NL,2012,59.9,Netherlands
A,TOTAL,TOTAL,OWN_L,PC,NL,2013,60.0,Netherlands
A,TOTAL,TOTAL,OWN_L,PC,NL,2014,59.2,Netherlands
A,TOTAL,TOTAL,OWN_L,PC,NL,2015,60.1,Netherlands
A,TOTAL,TOTAL,OWN_L,PC,NL,2016,61.0,Netherlands
A,TOTAL,TOTAL,OWN_L,PC,NL,2017,60.7,Netherlands
A,TOTAL,TOTAL,OWN_L,PC,NL,2018,60.5,Netherlands
A,TOTAL,TOTAL,OWN_L,PC,NL,2019,60.4,Netherlands
A,TOTAL,TOTAL,OWN_L,PC,NL,2020,60.7,Netherlands
A,TOTAL,TOTAL,OWN_L,PC,NL,2021,60.4,Netherlands
A,TOTAL,TOTAL,OWN_L,PC,NL,2022,60.3,Netherlands
A,TOTAL,TOTAL,OWN_L,PC,NL,2023,58.3,Netherlands
A,TOTAL,TOTAL,OWN_L,PC,NL,2024,58.1,Netherlands
A,TOTAL,TOTAL,OWN_L,PC,NO,2003,75.3,Norway
A,TOTAL,TOTAL,OWN_L,PC,NO,2004,75.2,Norway
A,TOTAL,TOTAL,OWN_L,PC,NO,2005,75.6,Norway
A,TOTAL,TOTAL,OWN_L,PC,NO,2006,76.1,Norway
A,TOTAL,TOTAL,OWN_L,PC,NO,2007,61.2,Norway
A,TOTAL,TOTAL,OWN_L,PC,NO,2008,61.5,Norway
A,TOTAL,TOTAL,OWN_L,PC,NO,2009,61.3,Norway
A,TOTAL,TOTAL,OWN_L,PC,NO,2010,61.1,Norway
A,TOTAL,TOTAL,OWN_L,PC,NO,2011,63.1,Norway
A,TOTAL,TOTAL,OWN_L,PC,NO,2012,64.9,Norway
A,TOTAL,TOTAL,OWN_L,PC,NO,2013,64.9,Norway
A,TOTAL,TOTAL,OWN_L,PC,NO,2014,65.6,Norway
A,TOTAL,TOTAL,OWN_L,PC,NO,2015,61.7,Norway
A,TOTAL,TOTAL,OWN_L,PC,NO,2016,62.2,Norway
A,TOTAL,TOTAL,OWN_L,PC,NO,2017,60.5,Norway
A,TOTAL,TOTAL,OWN_L,PC,NO,2018,60.1,Norway
A,TOTAL,TOTAL,OWN_L,PC,NO,2019,60.5,Norway
A,TOTAL,TOTAL,OWN_L,PC,NO,2020,61.5,Norway
A,TOTAL,TOTAL,OWN_L,PC,NO,2021,60.8,Norway
A,TOTAL,TOTAL,OWN_L,PC,NO,2022,61.2,Norway
A,TOTAL,TOTAL,OWN_L,PC,NO,2023,59.8,Norway
A,TOTAL,TOTAL,OWN_L,PC,NO,2024,61.9,Norway
A,TOTAL,TOTAL,OWN_L,PC,PL,2007,2.9,Poland
A,TOTAL,TOTAL,OWN_L,PC,PL,2008,4.4,Poland
A,TOTAL,TOTAL,OWN_L,PC,PL,2009,5.7,Poland
A,TOTAL,TOTAL,OWN_L,PC,PL,2010,6.8,Poland
A,TOTAL,TOTAL,OWN_L,PC,PL,2011,8.4,Poland
A,TOTAL,TOTAL,OWN_L,PC,PL,2012,9.6,Poland
A,TOTAL,TOTAL,OWN_L,PC,PL,2013,10.2,Poland
A,TOTAL,TOTAL,OWN_L,PC,PL,2014,10.8,Poland
A,TOTAL,TOTAL,OWN_L,PC,PL,2015,10.9,Poland
A,TOTAL,TOTAL,OWN_L,PC,PL,2016,11.6,Poland
A,TOTAL,TOTAL,OWN_L,PC,PL,2017,11.1,Poland
A,TOTAL,TOTAL,OWN_L,PC,PL,2018,11.3,Poland
A,TOTAL,TOTAL,OWN_L,PC,PL,2019,12.2,Poland
A,TOTAL,TOTAL,OWN_L,PC,PL,2020,13.1,Poland
A,TOTAL,TOTAL,OWN_L,PC,PL,2021,13.4,Poland
A,TOTAL,TOTAL,OWN_L,PC,PL,2022,12.9,Poland
A,TOTAL,TOTAL,OWN_L,PC,PL,2023,12.0,Poland
A,TOTAL,TOTAL,OWN_L,PC,PL,2024,11.7,Poland
A,TOTAL,TOTAL,OWN_L,PC,PT,2004,29.4,Portugal
A,TOTAL,TOTAL,OWN_L,PC,PT,2005,29.8,Portugal
A,TOTAL,TOTAL,OWN_L,PC,PT,2006,26.1,Portugal
A,TOTAL,TOTAL,OWN_L,PC,PT,2007,24.3,Portugal
A,TOTAL,TOTAL,OWN_L,PC,PT,2008,30.3,Portugal
A,TOTAL,TOTAL,OWN_L,PC,PT,2009,29.9,Portugal
A,TOTAL,TOTAL,OWN_L,PC,PT,2010,32.5,Portugal
A,TOTAL,TOTAL,OWN_L,PC,PT,2011,34.0,Portugal
A,TOTAL,TOTAL,OWN_L,PC,PT,2012,33.8,Portugal
A,TOTAL,TOTAL,OWN_L,PC,PT,2013,34.6,Portugal
A,TOTAL,TOTAL,OWN_L,PC,PT,2014,35.5,Portugal
A,TOTAL,TOTAL,OWN_L,PC,PT,2015,36.5,Portugal
A,TOTAL,TOTAL,OWN_L,PC,PT,2016,36.7,Portugal
A,TOTAL,TOTAL,OWN_L,PC,PT,2017,37.3,Portugal
A,TOTAL,TOTAL,OWN_L,PC,PT,2018,36.3,Portugal
A,TOTAL,TOTAL,OWN_L,PC,PT,2019,36.2,Portugal
A,TOTAL,TOTAL,OWN_L,PC,PT,2020,38.9,Portugal
A,TOTAL,TOTAL,OWN_L,PC,PT,2021,37.5,Portugal
A,TOTAL,TOTAL,OWN_L,PC,PT,2022,36.3,Portugal
A,TOTAL,TOTAL,OWN_L,PC,PT,2023,34.5,Portugal
A,TOTAL,TOTAL,OWN_L,PC,PT,2024,32.5,Portugal
A,TOTAL,TOTAL,OWN_L,PC,RO,2007,0.5,Romania
A,TOTAL,TOTAL,OWN_L,PC,RO,2008,1.1,Romania
A,TOTAL,TOTAL,OWN_L,PC,RO,2009,1.2,Romania
A,TOTAL,TOTAL,OWN_L,PC,RO,2010,0.6,Romania
A,TOTAL,TOTAL,OWN_L,PC,RO,2011,0.6,Romania
A,TOTAL,TOTAL,OWN_L,PC,RO,2012,0.9,Romania
A,TOTAL,TOTAL,OWN_L,PC,RO,2013,0.9,Romania
A,TOTAL,TOTAL,OWN_L,PC,RO,2014,0.7,Romania
A,TOTAL,TOTAL,OWN_L,PC,RO,2015,0.9,Romania
A,TOTAL,TOTAL,OWN_L,PC,RO,2016,0.9,Romania
A,TOTAL,TOTAL,OWN_L,PC,RO,2017,1.1,Romania
A,TOTAL,TOTAL,OWN_L,PC,RO,2018,1.1,Romania
A,TOTAL,TOTAL,OWN_L,PC,RO,2019,1.1,Romania
A,TOTAL,TOTAL,OWN_L,PC,RO,2020,1.1,Romania
A,TOTAL,TOTAL,OWN_L,PC,RO,2021,1.4,Romania
A,TOTAL,TOTAL,OWN_L,PC,RO,2022,1.2,Romania
A,TOTAL,TOTAL,OWN_L,PC,RO,2023,1.3,Romania
A,TOTAL,TOTAL,OWN_L,PC,RO,2024,1.5,Romania
A,TOTAL,TOTAL,OWN_L,PC,RS,2013,3.1,Serbia
A,TOTAL,TOTAL,OWN_L,PC,RS,2014,1.6,Serbia
A,TOTAL,TOTAL,OWN_L,PC,RS,2015,0.9,Serbia
A,TOTAL,TOTAL,OWN_L,PC,RS,2016,1.3,Serbia
A,TOTAL,TOTAL,OWN_L,PC,RS,2017,0.9,Serbia
A,TOTAL,TOTAL,OWN_L,PC,RS,2018,0.4,Serbia
A,TOTAL,TOTAL,OWN_L,PC,RS,2019,1.0,Serbia
A,TOTAL,TOTAL,OWN_L,PC,RS,2020,0.8,Serbia
A,TOTAL,TOTAL,OWN_L,PC,RS,2021,0.9,Serbia
A,TOTAL,TOTAL,OWN_L,PC,RS,2022,1.1,Serbia
A,TOTAL,TOTAL,OWN_L,PC,RS,2023,1.4,Serbia
A,TOTAL,TOTAL,OWN_L,PC,RS,2024,1.2,Serbia
A,TOTAL,TOTAL,OWN_L,PC,SE,2004,53.4,Sweden
A,TOTAL,TOTAL,OWN_L,PC,SE,2005,54.9,Sweden
A,TOTAL,TOTAL,OWN_L,PC,SE,2006,53.4,Sweden
A,TOTAL,TOTAL,OWN_L,PC,SE,2007,54.4,Sweden
A,TOTAL,TOTAL,OWN_L,PC,SE,2008,52.4,Sweden
A,TOTAL,TOTAL,OWN_L,PC,SE,2009,53.3,Sweden
A,TOTAL,TOTAL,OWN_L,PC,SE,2010,64.4,Sweden
A,TOTAL,TOTAL,OWN_L,PC,SE,2011,61.9,Sweden
A,TOTAL,TOTAL,OWN_L,PC,SE,2012,57.5,Sweden
A,TOTAL,TOTAL,OWN_L,PC,SE,2013,58.0,Sweden
A,TOTAL,TOTAL,OWN_L,PC,SE,2014,57.7,Sweden
A,TOTAL,TOTAL,OWN_L,PC,SE,2015,59.1,Sweden
A,TOTAL,TOTAL,OWN_L,PC,SE,2016,54.8,Sweden
A,TOTAL,TOTAL,OWN_L,PC,SE,2017,52.2,Sweden
A,TOTAL,TOTAL,OWN_L,PC,SE,2018,51.7,Sweden
A,TOTAL,TOTAL,OWN_L,PC,SE,2019,51.4,Sweden
A,TOTAL,TOTAL,OWN_L,PC,SE,2020,52.1,Sweden
A,TOTAL,TOTAL,OWN_L,PC,SE,2021,51.8,Sweden
A,TOTAL,TOTAL,OWN_L,PC,SE,2022,50.4,Sweden
A,TOTAL,TOTAL,OWN_L,PC,SE,2023,50.1,Sweden
A,TOTAL,TOTAL,OWN_L,PC,SE,2024,49.6,Sweden
A,TOTAL,TOTAL,OWN_L,PC,SI,2005,2.3,Slovenia
A,TOTAL,TOTAL,OWN_L,PC,SI,2006,1.5,Slovenia
A,TOTAL,TOTAL,OWN_L,PC,SI,2007,4.3,Slovenia
A,TOTAL,TOTAL,OWN_L,PC,SI,2008,5.5,Slovenia
A,TOTAL,TOTAL,OWN_L,PC,SI,2009,6.9,Slovenia
A,TOTAL,TOTAL,OWN_L,PC,SI,2010,7.7,Slovenia
A,TOTAL,TOTAL,OWN_L,PC,SI,2011,7.7,Slovenia
A,TOTAL,TOTAL,OWN_L,PC,SI,2012,8.4,Slovenia
A,TOTAL,TOTAL,OWN_L,PC,SI,2013,9.6,Slovenia
A,TOTAL,TOTAL,OWN_L,PC,SI,2014,10.3,Slovenia
A,TOTAL,TOTAL,OWN_L,PC,SI,2015,10.8,Slovenia
A,TOTAL,TOTAL,OWN_L,PC,SI,2016,10.6,Slovenia
A,TOTAL,TOTAL,OWN_L,PC,SI,2017,12.0,Slovenia
A,TOTAL,TOTAL,OWN_L,PC,SI,2018,12.1,Slovenia
A,TOTAL,TOTAL,OWN_L,PC,SI,2019,12.7,Slovenia
A,TOTAL,TOTAL,OWN_L,PC,SI,2020,12.5,Slovenia
A,TOTAL,TOTAL,OWN_L,PC,SI,2021,14.1,Slovenia
A,TOTAL,TOTAL,OWN_L,PC,SI,2022,17.3,Slovenia
A,TOTAL,TOTAL,OWN_L,PC,SI,2023,17.4,Slovenia
A,TOTAL,TOTAL,OWN_L,PC,SI,2024,16.3,Slovenia
A,TOTAL,TOTAL,OWN_L,PC,SK,2005,3.7,Slovakia
A,TOTAL,TOTAL,OWN_L,PC,SK,2006,3.8,Slovakia
A,TOTAL,TOTAL,OWN_L,PC,SK,2007,4.9,Slovakia
A,TOTAL,TOTAL,OWN_L,PC,SK,2008,6.1,Slovakia
A,TOTAL,TOTAL,OWN_L,PC,SK,2009,7.2,Slovakia
A,TOTAL,TOTAL,OWN_L,PC,SK,2010,7.7,Slovakia
A,TOTAL,TOTAL,OWN_L,PC,SK,2011,8.2,Slovakia
A,TOTAL,TOTAL,OWN_L,PC,SK,2012,9.6,Slovakia
A,TOTAL,TOTAL,OWN_L,PC,SK,2013,9.6,Slovakia
A,TOTAL,TOTAL,OWN_L,PC,SK,2014,10.9,Slovakia
A,TOTAL,TOTAL,OWN_L,PC,SK,2015,11.3,Slovakia
A,TOTAL,TOTAL,OWN_L,PC,SK,2016,11.8,Slovakia
A,TOTAL,TOTAL,OWN_L,PC,SK,2017,16.1,Slovakia
A,TOTAL,TOTAL,OWN_L,PC,SK,2018,18.6,Slovakia
A,TOTAL,TOTAL,OWN_L,PC,SK,2019,20.6,Slovakia
A,TOTAL,TOTAL,OWN_L,PC,SK,2020,23.3,Slovakia
A,TOTAL,TOTAL,OWN_L,PC,SK,2021,25.8,Slovakia
A,TOTAL,TOTAL,OWN_L,PC,SK,2022,24.9,Slovakia
A,TOTAL,TOTAL,OWN_L,PC,SK,2023,25.0,Slovakia
A,TOTAL,TOTAL,OWN_L,PC,SK,2024,27.4,Slovakia
A,TOTAL,TOTAL,OWN_L,PC,TR,2006,1.2,Türkiye
A,TOTAL,TOTAL,OWN_L,PC,TR,2007,1.7,Türkiye
A,TOTAL,TOTAL,OWN_L,PC,TR,2008,2.4,Türkiye
A,TOTAL,TOTAL,OWN_L,PC,TR,2009,3.1,Türkiye
A,TOTAL,TOTAL,OWN_L,PC,TR,2011,4.1,Türkiye
A,TOTAL,TOTAL,OWN_L,PC,TR,2012,5.1,Türkiye
A,TOTAL,TOTAL,OWN_L,PC,TR,2013,5.9,Türkiye
A,TOTAL,TOTAL,OWN_L,PC,TR,2014,6.4,Türkiye
A,TOTAL,TOTAL,OWN_L,PC,TR,2015,6.9,Türkiye
A,TOTAL,TOTAL,OWN_L,PC,TR,2016,7.5,Türkiye
A,TOTAL,TOTAL,OWN_L,PC,TR,2017,7.8,Türkiye
A,TOTAL,TOTAL,OWN_L,PC,TR,2018,8.4,Türkiye
A,TOTAL,TOTAL,OWN_L,PC,TR,2019,8.4,Türkiye
A,TOTAL,TOTAL,OWN_L,PC,TR,2020,8.0,Türkiye
A,TOTAL,TOTAL,OWN_L,PC,TR,2021,7.6,Türkiye
A,TOTAL,TOTAL,OWN_L,PC,TR,2022,6.9,Türkiye
A,TOTAL,TOTAL,OWN_L,PC,TR,2023,6.2,Türkiye
A,TOTAL,TOTAL,OWN_L,PC,TR,2024,4.8,Türkiye
A,TOTAL,TOTAL,OWN_L,PC,UK,2005,44.0,United Kingdom
A,TOTAL,TOTAL,OWN_L,PC,UK,2006,45.7,United Kingdom
A,TOTAL,TOTAL,OWN_L,PC,UK,2007,46.9,United Kingdom
A,TOTAL,TOTAL,OWN_L,PC,UK,2008,45.9,United Kingdom
A,TOTAL,TOTAL,OWN_L,PC,UK,2009,44.5,United Kingdom
A,TOTAL,TOTAL,OWN_L,PC,UK,2010,43.9,United Kingdom
A,TOTAL,TOTAL,OWN_L,PC,UK,2011,41.9,United Kingdom
A,TOTAL,TOTAL,OWN_L,PC,UK,2012,38.3,United Kingdom
A,TOTAL,TOTAL,OWN_L,PC,UK,2013,37.4,United Kingdom
A,TOTAL,TOTAL,OWN_L,PC,UK,2014,37.2,United Kingdom
A,TOTAL,TOTAL,OWN_L,PC,UK,2015,36.1,United Kingdom
A,TOTAL,TOTAL,OWN_L,PC,UK,2016,35.5,United Kingdom
A,TOTAL,TOTAL,OWN_L,PC,UK,2017,38.0,United Kingdom
A,TOTAL,TOTAL,OWN_L,PC,UK,2018,37.5,United Kingdom
A,TOTAL,TOTAL,OWN_L,PC,XK,2018,4.7,Kosovo*
A,TOTAL,TOTAL,OWN_NL,PC,AL,2017,95.8,Albania
A,TOTAL,TOTAL,OWN_NL,PC,AL,2018,95.5,Albania
A,TOTAL,TOTAL,OWN_NL,PC,AL,2019,95.8,Albania
A,TOTAL,TOTAL,OWN_NL,PC,AL,2020,95.4,Albania
A,TOTAL,TOTAL,OWN_NL,PC,AL,2021,95.0,Albania
A,TOTAL,TOTAL,OWN_NL,PC,AL,2022,95.1,Albania
A,TOTAL,TOTAL,OWN_NL,PC,AL,2023,94.6,Albania
A,TOTAL,TOTAL,OWN_NL,PC,AT,2007,32.0,Austria
A,TOTAL,TOTAL,OWN_NL,PC,AT,2008,28.5,Austria
A,TOTAL,TOTAL,OWN_NL,PC,AT,2009,30.4,Austria
A,TOTAL,TOTAL,OWN_NL,PC,AT,2010,32.4,Austria
A,TOTAL,TOTAL,OWN_NL,PC,AT,2011,29.3,Austria
A,TOTAL,TOTAL,OWN_NL,PC,AT,2012,31.1,Austria
A,TOTAL,TOTAL,OWN_NL,PC,AT,2013,30.9,Austria
A,TOTAL,TOTAL,OWN_NL,PC,AT,2014,31.9,Austria
A,TOTAL,TOTAL,OWN_NL,PC,AT,2015,30.0,Austria
A,TOTAL,TOTAL,OWN_NL,PC,AT,2016,29.8,Austria
A,TOTAL,TOTAL,OWN_NL,PC,AT,2017,30.7,Austria
A,TOTAL,TOTAL,OWN_NL,PC,AT,2018,29.9,Austria
A,TOTAL,TOTAL,OWN_NL,PC,AT,2019,30.3,Austria
A,TOTAL,TOTAL,OWN_NL,PC,AT,2020,30.1,Austria
A,TOTAL,TOTAL,OWN_NL,PC,AT,2021,30.6,Austria
A,TOTAL,TOTAL,OWN_NL,PC,AT,2022,29.3,Austria
A,TOTAL,TOTAL,OWN_NL,PC,AT,2023,30.7,Austria
A,TOTAL,TOTAL,OWN_NL,PC,AT,2024,31.9,Austria
A,TOTAL,TOTAL,OWN_NL,PC,BE,2003,34.7,Belgium
A,TOTAL,TOTAL,OWN_NL,PC,BE,2004,33.9,Belgium
A,TOTAL,TOTAL,OWN_NL,PC,BE,2005,34.3,Belgium
A,TOTAL,TOTAL,OWN_NL,PC,BE,2006,35.2,Belgium
A,TOTAL,TOTAL,OWN_NL,PC,BE,2007,33.5,Belgium
A,TOTAL,TOTAL,OWN_NL,PC,BE,2008,33.0,Belgium
A,TOTAL,TOTAL,OWN_NL,PC,BE,2009,32.5,Belgium
A,TOTAL,TOTAL,OWN_NL,PC,BE,2010,29.9,Belgium
A,TOTAL,TOTAL,OWN_NL,PC,BE,2011,29.9,Belgium
A,TOTAL,TOTAL,OWN_NL,PC,BE,2012,29.2,Belgium
A,TOTAL,TOTAL,OWN_NL,PC,BE,2013,29.4,Belgium
A,TOTAL,TOTAL,OWN_NL,PC,BE,2014,29.1,Belgium
A,TOTAL,TOTAL,OWN_NL,PC,BE,2015,29.0,Belgium
A,TOTAL,TOTAL,OWN_NL,PC,BE,2016,29.6,Belgium
A,TOTAL,TOTAL,OWN_NL,PC,BE,2017,29.2,Belgium
A,TOTAL,TOTAL,OWN_NL,PC,BE,2018,28.9,Belgium
A,TOTAL,TOTAL,OWN_NL,PC,BE,2019,28.8,Belgium
A,TOTAL,TOTAL,OWN_NL,PC,BE,2020,27.7,Belgium
A,TOTAL,TOTAL,OWN_NL,PC,BE,2021,27.8,Belgium
A,TOTAL,TOTAL,OWN_NL,PC,BE,2022,27.1,Belgium
A,TOTAL,TOTAL,OWN_NL,PC,BE,2023,26.2,Belgium
A,TOTAL,TOTAL,OWN_NL,PC,BE,2024,26.6,Belgium
A,TOTAL,TOTAL,OWN_NL,PC,BG,2005,83.1,Bulgaria
A,TOTAL,TOTAL,OWN_NL,PC,BG,2006,83.1,Bulgaria
A,TOTAL,TOTAL,OWN_NL,PC,BG,2007,85.1,Bulgaria
A,TOTAL,TOTAL,OWN_NL,PC,BG,2008,77.3,Bulgaria
A,TOTAL,TOTAL,OWN_NL,PC,BG,2009,77.5,Bulgaria
A,TOTAL,TOTAL,OWN_NL,PC,BG,2010,85.2,Bulgaria
A,TOTAL,TOTAL,OWN_NL,PC,BG,2011,85.7,Bulgaria
A,TOTAL,TOTAL,OWN_NL,PC,BG,2012,85.3,Bulgaria
A,TOTAL,TOTAL,OWN_NL,PC,BG,2013,83.3,Bulgaria
A,TOTAL,TOTAL,OWN_NL,PC,BG,2014,81.5,Bulgaria
A,TOTAL,TOTAL,OWN_NL,PC,BG,2015,79.5,Bulgaria
A,TOTAL,TOTAL,OWN_NL,PC,BG,2016,79.7,Bulgaria
A,TOTAL,TOTAL,OWN_NL,PC,BG,2017,80.0,Bulgaria
A,TOTAL,TOTAL,OWN_NL,PC,BG,2018,80.9,Bulgaria
A,TOTAL,TOTAL,OWN_NL,PC,BG,2019,81.8,Bulgaria
A,TOTAL,TOTAL,OWN_NL,PC,BG,2020,82.0,Bulgaria
A,TOTAL,TOTAL,OWN_NL,PC,BG,2021,82.6,Bulgaria
A,TOTAL,TOTAL,OWN_NL,PC,BG,2022,82.6,Bulgaria
A,TOTAL,TOTAL,OWN_NL,PC,BG,2023,84.3,Bulgaria
A,TOTAL,TOTAL,OWN_NL,PC,BG,2024,84.3,Bulgaria
A,TOTAL,TOTAL,OWN_NL,PC,CH,2010,4.6,Switzerland
A,TOTAL,TOTAL,OWN_NL,PC,CH,2011,4.4,Switzerland
A,TOTAL,TOTAL,OWN_NL,PC,CH,2012,4.5,Switzerland
A,TOTAL,TOTAL,OWN_NL,PC,CH,2013,4.2,Switzerland
A,TOTAL,TOTAL,OWN_NL,PC,CH,2014,4.6,Switzerland
A,TOTAL,TOTAL,OWN_NL,PC,CH,2015,4.5,Switzerland
A,TOTAL,TOTAL,OWN_NL,PC,CH,2016,4.0,Switzerland
A,TOTAL,TOTAL,OWN_NL,PC,CH,2017,3.9,Switzerland
A,TOTAL,TOTAL,OWN_NL,PC,CH,2018,4.2,Switzerland
A,TOTAL,TOTAL,OWN_NL,PC,CH,2019,3.5,Switzerland
A,TOTAL,TOTAL,OWN_NL,PC,CH,2020,4.1,Switzerland
A,TOTAL,TOTAL,OWN_NL,PC,CH,2021,4.1,Switzerland
A,TOTAL,TOTAL,OWN_NL,PC,CH,2022,4.1,Switzerland
A,TOTAL,TOTAL,OWN_NL,PC,CH,2023,4.0,Switzerland
A,TOTAL,TOTAL,OWN_NL,PC,CH,2024,4.2,Switzerland
A,TOTAL,TOTAL,OWN_NL,PC,CY,2007,54.7,Cyprus
A,TOTAL,TOTAL,OWN_NL,PC,CY,2008,53.5,Cyprus
A,TOTAL,TOTAL,OWN_NL,PC,CY,2009,57.3,Cyprus
A,TOTAL,TOTAL,OWN_NL,PC,CY,2010,58.5,Cyprus
A,TOTAL,TOTAL,OWN_NL,PC,CY,2011,57.2,Cyprus
A,TOTAL,TOTAL,OWN_NL,PC,CY,2012,55.6,Cyprus
A,TOTAL,TOTAL,OWN_NL,PC,CY,2013,55.0,Cyprus
A,TOTAL,TOTAL,OWN_NL,PC,CY,2014,53.6,Cyprus
A,TOTAL,TOTAL,OWN_NL,PC,CY,2015,52.9,Cyprus
A,TOTAL,TOTAL,OWN_NL,PC,CY,2016,52.0,Cyprus
A,TOTAL,TOTAL,OWN_NL,PC,CY,2017,50.9,Cyprus
A,TOTAL,TOTAL,OWN_NL,PC,CY,2018,50.8,Cyprus
A,TOTAL,TOTAL,OWN_NL,PC,CY,2019,52.0,Cyprus
A,TOTAL,TOTAL,OWN_NL,PC,CY,2020,51.9,Cyprus
A,TOTAL,TOTAL,OWN_NL,PC,CY,2021,52.0,Cyprus
A,TOTAL,TOTAL,OWN_NL,PC,CY,2022,51.4,Cyprus
A,TOTAL,TOTAL,OWN_NL,PC,CY,2023,50.5,Cyprus
A,TOTAL,TOTAL,OWN_NL,PC,CY,2024,49.7,Cyprus
A,TOTAL,TOTAL,OWN_NL,PC,CZ,2005,63.6,Czechia
A,TOTAL,TOTAL,OWN_NL,PC,CZ,2006,63.4,Czechia
A,TOTAL,TOTAL,OWN_NL,PC,CZ,2007,63.2,Czechia
A,TOTAL,TOTAL,OWN_NL,PC,CZ,2008,63.9,Czechia
A,TOTAL,TOTAL,OWN_NL,PC,CZ,2009,63.2,Czechia
A,TOTAL,TOTAL,OWN_NL,PC,CZ,2010,61.3,Czechia
A,TOTAL,TOTAL,OWN_NL,PC,CZ,2011,61.9,Czechia
A,TOTAL,TOTAL,OWN_NL,PC,CZ,2012,62.4,Czechia
A,TOTAL,TOTAL,OWN_NL,PC,CZ,2013,61.9,Czechia
A,TOTAL,TOTAL,OWN_NL,PC,CZ,2014,60.7,Czechia
A,TOTAL,TOTAL,OWN_NL,PC,CZ,2015,59.8,Czechia
A,TOTAL,TOTAL,OWN_NL,PC,CZ,2016,58.8,Czechia
A,TOTAL,TOTAL,OWN_NL,PC,CZ,2017,57.8,Czechia
A,TOTAL,TOTAL,OWN_NL,PC,CZ,2018,57.8,Czechia
A,TOTAL,TOTAL,OWN_NL,PC,CZ,2019,56.8,Czechia
A,TOTAL,TOTAL,OWN_NL,PC,CZ,2020,57.1,Czechia
A,TOTAL,TOTAL,OWN_NL,PC,CZ,2021,57.4,Czechia
A,TOTAL,TOTAL,OWN_NL,PC,CZ,2022,56.5,Czechia
A,TOTAL,TOTAL,OWN_NL,PC,CZ,2023,55.3,Czechia
A,TOTAL,TOTAL,OWN_NL,PC,CZ,2024,54.4,Czechia
A,TOTAL,TOTAL,OWN_NL,PC,DE,2005,24.0,Germany
A,TOTAL,TOTAL,OWN_NL,PC,DE,2010,25.4,Germany
A,TOTAL,TOTAL,OWN_NL,PC,DE,2011,25.3,Germany
A,TOTAL,TOTAL,OWN_NL,PC,DE,2012,25.2,Germany
A,TOTAL,TOTAL,OWN_NL,PC,DE,2013,25.0,Germany
A,TOTAL,TOTAL,OWN_NL,PC,DE,2014,25.8,Germany
A,TOTAL,TOTAL,OWN_NL,PC,DE,2015,25.6,Germany
A,TOTAL,TOTAL,OWN_NL,PC,DE,2016,25.5,Germany
A,TOTAL,TOTAL,OWN_NL,PC,DE,2017,25.7,Germany
A,TOTAL,TOTAL,OWN_NL,PC,DE,2018,25.8,Germany
A,TOTAL,TOTAL,OWN_NL,PC,DE,2019,25.4,Germany
A,TOTAL,TOTAL,OWN_NL,PC,DE,2020,19.0,Germany
A,TOTAL,TOTAL,OWN_NL,PC,DE,2021,21.7,Germany
A,TOTAL,TOTAL,OWN_NL,PC,DE,2022,24.8,Germany
A,TOTAL,TOTAL,OWN_NL,PC,DE,2023,23.8,Germany
A,TOTAL,TOTAL,OWN_NL,PC,DE,2024,24.0,Germany
A,TOTAL,TOTAL,OWN_NL,PC,DK,2003,12.8,Denmark
A,TOTAL,TOTAL,OWN_NL,PC,DK,2004,11.9,Denmark
A,TOTAL,TOTAL,OWN_NL,PC,DK,2005,12.6,Denmark
A,TOTAL,TOTAL,OWN_NL,PC,DK,2006,14.2,Denmark
A,TOTAL,TOTAL,OWN_NL,PC,DK,2007,14.8,Denmark
A,TOTAL,TOTAL,OWN_NL,PC,DK,2008,14.6,Denmark
A,TOTAL,TOTAL,OWN_NL,PC,DK,2009,13.5,Denmark
A,TOTAL,TOTAL,OWN_NL,PC,DK,2010,13.9,Denmark
A,TOTAL,TOTAL,OWN_NL,PC,DK,2011,14.8,Denmark
A,TOTAL,TOTAL,OWN_NL,PC,DK,2012,12.8,Denmark
A,TOTAL,TOTAL,OWN_NL,PC,DK,2013,13.8,Denmark
A,TOTAL,TOTAL,OWN_NL,PC,DK,2014,13.8,Denmark
A,TOTAL,TOTAL,OWN_NL,PC,DK,2015,14.1,Denmark
A,TOTAL,TOTAL,OWN_NL,PC,DK,2016,14.3,Denmark
A,TOTAL,TOTAL,OWN_NL,PC,DK,2017,14.4,Denmark
A,TOTAL,TOTAL,OWN_NL,PC,DK,2018,14.0,Denmark
A,TOTAL,TOTAL,OWN_NL,PC,DK,2019,14.0,Denmark
A,TOTAL,TOTAL,OWN_NL,PC,DK,2020,14.1,Denmark
A,TOTAL,TOTAL,OWN_NL,PC,DK,2021,12.8,Denmark
A,TOTAL,TOTAL,OWN_NL,PC,DK,2022,12.2,Denmark
A,TOTAL,TOTAL,OWN_NL,PC,DK,2023,12.8,Denmark
A,TOTAL,TOTAL,OWN_NL,PC,DK,2024,12.5,Denmark
A,TOTAL,TOTAL,OWN_NL,PC,EA,2011,38.4,"Euro area (EA11-1999, EA12-2001, EA13-2007, EA15-2008, EA16-2009, EA17-2011, EA18-2014, EA19-2015, EA20-2023, EA21-2026)"
A,TOTAL,TOTAL,OWN_NL,PC,EA,2012,38.4,"Euro area (EA11-1999, EA12-2001, EA13-2007, EA15-2008, EA16-2009, EA17-2011, EA18-2014, EA19-2015, EA20-2023, EA21-2026)"
A,TOTAL,TOTAL,OWN_NL,PC,EA,2013,37.5,"Euro area (EA11-1999, EA12-2001, EA13-2007, EA15-2008, EA16-2009, EA17-2011, EA18-2014, EA19-2015, EA20-2023, EA21-2026)"
A,TOTAL,TOTAL,OWN_NL,PC,EA,2014,38.2,"Euro area (EA11-1999, EA12-2001, EA13-2007, EA15-2008, EA16-2009, EA17-2011, EA18-2014, EA19-2015, EA20-2023, EA21-2026)"
A,TOTAL,TOTAL,OWN_NL,PC,EA,2015,38.4,"Euro area (EA11-1999, EA12-2001, EA13-2007, EA15-2008, EA16-2009, EA17-2011, EA18-2014, EA19-2015, EA20-2023, EA21-2026)"
A,TOTAL,TOTAL,OWN_NL,PC,EA,2016,38.5,"Euro area (EA11-1999, EA12-2001, EA13-2007, EA15-2008, EA16-2009, EA17-2011, EA18-2014, EA19-2015, EA20-2023, EA21-2026)"
A,TOTAL,TOTAL,OWN_NL,PC,EA,2017,38.8,"Euro area (EA11-1999, EA12-2001, EA13-2007, EA15-2008, EA16-2009, EA17-2011, EA18-2014, EA19-2015, EA20-2023, EA21-2026)"
A,TOTAL,TOTAL,OWN_NL,PC,EA,2018,38.8,"Euro area (EA11-1999, EA12-2001, EA13-2007, EA15-2008, EA16-2009, EA17-2011, EA18-2014, EA19-2015, EA20-2023, EA21-2026)"
A,TOTAL,TOTAL,OWN_NL,PC,EA,2019,38.4,"Euro area (EA11-1999, EA12-2001, EA13-2007, EA15-2008, EA16-2009, EA17-2011, EA18-2014, EA19-2015, EA20-2023, EA21-2026)"
A,TOTAL,TOTAL,OWN_NL,PC,EA,2020,36.7,"Euro area (EA11-1999, EA12-2001, EA13-2007, EA15-2008, EA16-2009, EA17-2011, EA18-2014, EA19-2015, EA20-2023, EA21-2026)"
A,TOTAL,TOTAL,OWN_NL,PC,EA,2021,37.1,"Euro area (EA11-1999, EA12-2001, EA13-2007, EA15-2008, EA16-2009, EA17-2011, EA18-2014, EA19-2015, EA20-2023, EA21-2026)"
A,TOTAL,TOTAL,OWN_NL,PC,EA18,2005,37.7,Euro area - 18 countries (2014)
A,TOTAL,TOTAL,OWN_NL,PC,EA18,2007,45.0,Euro area - 18 countries (2014)
A,TOTAL,TOTAL,OWN_NL,PC,EA18,2008,44.2,Euro area - 18 countries (2014)
A,TOTAL,TOTAL,OWN_NL,PC,EA18,2009,44.2,Euro area - 18 countries (2014)
A,TOTAL,TOTAL,OWN_NL,PC,EA18,2010,38.3,Euro area - 18 countries (2014)
A,TOTAL,TOTAL,OWN_NL,PC,EA18,2011,38.6,Euro area - 18 countries (2014)
A,TOTAL,TOTAL,OWN_NL,PC,EA18,2012,38.6,Euro area - 18 countries (2014)
A,TOTAL,TOTAL,OWN_NL,PC,EA18,2013,37.7,Euro area - 18 countries (2014)
A,TOTAL,TOTAL,OWN_NL,PC,EA18,2014,38.2,Euro area - 18 countries (2014)
A,TOTAL,TOTAL,OWN_NL,PC,EA18,2015,38.0,Euro area - 18 countries (2014)
A,TOTAL,TOTAL,OWN_NL,PC,EA18,2016,38.1,Euro area - 18 countries (2014)
A,TOTAL,TOTAL,OWN_NL,PC,EA18,2017,38.4,Euro area - 18 countries (2014)
A,TOTAL,TOTAL,OWN_NL,PC,EA18,2018,38.4,Euro area - 18 countries (2014)
A,TOTAL,TOTAL,OWN_NL,PC,EA18,2019,38.1,Euro area - 18 countries (2014)
A,TOTAL,TOTAL,OWN_NL,PC,EA18,2020,36.4,Euro area - 18 countries (2014)
A,TOTAL,TOTAL,OWN_NL,PC,EA19,2005,38.3,Euro area - 19 countries  (2015-2022)
A,TOTAL,TOTAL,OWN_NL,PC,EA19,2007,45.5,Euro area - 19 countries  (2015-2022)
A,TOTAL,TOTAL,OWN_NL,PC,EA19,2008,44.8,Euro area - 19 countries  (2015-2022)
A,TOTAL,TOTAL,OWN_NL,PC,EA19,2009,44.7,Euro area - 19 countries  (2015-2022)
A,TOTAL,TOTAL,OWN_NL,PC,EA19,2010,38.7,Euro area - 19 countries  (2015-2022)
A,TOTAL,TOTAL,OWN_NL,PC,EA19,2011,39.0,Euro area - 19 countries  (2015-2022)
A,TOTAL,TOTAL,OWN_NL,PC,EA19,2012,39.0,Euro area - 19 countries  (2015-2022)
A,TOTAL,TOTAL,OWN_NL,PC,EA19,2013,38.1,Euro area - 19 countries  (2015-2022)
A,TOTAL,TOTAL,OWN_NL,PC,EA19,2014,38.6,Euro area - 19 countries  (2015-2022)
A,TOTAL,TOTAL,OWN_NL,PC,EA19,2015,38.4,Euro area - 19 countries  (2015-2022)
A,TOTAL,TOTAL,OWN_NL,PC,EA19,2016,38.5,Euro area - 19 countries  (2015-2022)
A,TOTAL,TOTAL,OWN_NL,PC,EA19,2017,38.8,Euro area - 19 countries  (2015-2022)
A,TOTAL,TOTAL,OWN_NL,PC,EA19,2018,38.8,Euro area - 19 countries  (2015-2022)
A,TOTAL,TOTAL,OWN_NL,PC,EA19,2019,38.4,Euro area - 19 countries  (2015-2022)
A,TOTAL,TOTAL,OWN_NL,PC,EA19,2020,36.7,Euro area - 19 countries  (2015-2022)
A,TOTAL,TOTAL,OWN_NL,PC,EA19,2021,37.1,Euro area - 19 countries  (2015-2022)
A,TOTAL,TOTAL,OWN_NL,PC,EA20,2014,38.7,Euro area – 20 countries (2023-2025)
A,TOTAL,TOTAL,OWN_NL,PC,EA20,2015,38.9,Euro area – 20 countries (2023-2025)
A,TOTAL,TOTAL,OWN_NL,PC,EA20,2016,39.0,Euro area – 20 countries (2023-2025)
A,TOTAL,TOTAL,OWN_NL,PC,EA20,2017,39.3,Euro area – 20 countries (2023-2025)
A,TOTAL,TOTAL,OWN_NL,PC,EA20,2018,39.3,Euro area – 20 countries (2023-2025)
A,TOTAL,TOTAL,OWN_NL,PC,EA20,2019,39.0,Euro area – 20 countries (2023-2025)
A,TOTAL,TOTAL,OWN_NL,PC,EA20,2020,37.2,Euro area – 20 countries (2023-2025)
A,TOTAL,TOTAL,OWN_NL,PC,EA20,2021,37.6,Euro area – 20 countries (2023-2025)
A,TOTAL,TOTAL,OWN_NL,PC,EA20,2022,38.6,Euro area – 20 countries (2023-2025)
A,TOTAL,TOTAL,OWN_NL,PC,EA20,2023,38.2,Euro area – 20 countries (2023-2025)
A,TOTAL,TOTAL,OWN_NL,PC,EA20,2024,38.2,Euro area – 20 countries (2023-2025)
A,TOTAL,TOTAL,OWN_NL,PC,EA21,2014,40.0,Euro area – 21 countries (from 2026)
A,TOTAL,TOTAL,OWN_NL,PC,EA21,2015,39.7,Euro area – 21 countries (from 2026)
A,TOTAL,TOTAL,OWN_NL,PC,EA21,2016,39.8,Euro area – 21 countries (from 2026)
A,TOTAL,TOTAL,OWN_NL,PC,EA21,2017,40.1,Euro area – 21 countries (from 2026)
A,TOTAL,TOTAL,OWN_NL,PC,EA21,2018,40.1,Euro area – 21 countries (from 2026)
A,TOTAL,TOTAL,OWN_NL,PC,EA21,2019,39.8,Euro area – 21 countries (from 2026)
A,TOTAL,TOTAL,OWN_NL,PC,EA21,2020,38.0,Euro area – 21 countries (from 2026)
A,TOTAL,TOTAL,OWN_NL,PC,EA21,2021,38.5,Euro area – 21 countries (from 2026)
A,TOTAL,TOTAL,OWN_NL,PC,EA21,2022,39.4,Euro area – 21 countries (from 2026)
A,TOTAL,TOTAL,OWN_NL,PC,EA21,2023,39.1,Euro area – 21 countries (from 2026)
A,TOTAL,TOTAL,OWN_NL,PC,EA21,2024,39.0,Euro area – 21 countries (from 2026)
A,TOTAL,TOTAL,OWN_NL,PC,EE,2006,76.1,Estonia
A,TOTAL,TOTAL,OWN_NL,PC,EE,2007,70.9,Estonia
A,TOTAL,TOTAL,OWN_NL,PC,EE,2008,76.6,Estonia
A,TOTAL,TOTAL,OWN_NL,PC,EE,2009,71.1,Estonia
A,TOTAL,TOTAL,OWN_NL,PC,EE,2010,68.9,Estonia
A,TOTAL,TOTAL,OWN_NL,PC,EE,2011,66.9,Estonia
A,TOTAL,TOTAL,OWN_NL,PC,EE,2012,64.3,Estonia
A,TOTAL,TOTAL,OWN_NL,PC,EE,2013,62.1,Estonia
A,TOTAL,TOTAL,OWN_NL,PC,EE,2014,62.1,Estonia
A,TOTAL,TOTAL,OWN_NL,PC,EE,2015,62.1,Estonia
A,TOTAL,TOTAL,OWN_NL,PC,EE,2016,62.0,Estonia
A,TOTAL,TOTAL,OWN_NL,PC,EE,2017,61.8,Estonia
A,TOTAL,TOTAL,OWN_NL,PC,EE,2018,60.7,Estonia
A,TOTAL,TOTAL,OWN_NL,PC,EE,2019,58.9,Estonia
A,TOTAL,TOTAL,OWN_NL,PC,EE,2020,54.1,Estonia
A,TOTAL,TOTAL,OWN_NL,PC,EE,2021,53.6,Estonia
A,TOTAL,TOTAL,OWN_NL,PC,EE,2022,55.2,Estonia
A,TOTAL,TOTAL,OWN_NL,PC,EE,2023,54.3,Estonia
A,TOTAL,TOTAL,OWN_NL,PC,EE,2024,52.9,Estonia
A,TOTAL,TOTAL,OWN_NL,PC,EL,2003,75.3,Greece
A,TOTAL,TOTAL,OWN_NL,PC,EL,2007,63.9,Greece
A,TOTAL,TOTAL,OWN_NL,PC,EL,2008,63.8,Greece
A,TOTAL,TOTAL,OWN_NL,PC,EL,2009,61.1,Greece
A,TOTAL,TOTAL,OWN_NL,PC,EL,2010,59.8,Greece
A,TOTAL,TOTAL,OWN_NL,PC,EL,2011,60.1,Greece
A,TOTAL,TOTAL,OWN_NL,PC,EL,2012,60.7,Greece
A,TOTAL,TOTAL,OWN_NL,PC,EL,2013,60.2,Greece
A,TOTAL,TOTAL,OWN_NL,PC,EL,2014,60.7,Greece
A,TOTAL,TOTAL,OWN_NL,PC,EL,2015,61.0,Greece
A,TOTAL,TOTAL,OWN_NL,PC,EL,2016,60.0,Greece
A,TOTAL,TOTAL,OWN_NL,PC,EL,2017,57.6,Greece
A,TOTAL,TOTAL,OWN_NL,PC,EL,2018,59.3,Greece
A,TOTAL,TOTAL,OWN_NL,PC,EL,2019,62.7,Greece
A,TOTAL,TOTAL,OWN_NL,PC,EL,2020,62.0,Greece
A,TOTAL,TOTAL,OWN_NL,PC,EL,2021,61.5,Greece
A,TOTAL,TOTAL,OWN_NL,PC,EL,2022,61.8,Greece
A,TOTAL,TOTAL,OWN_NL,PC,EL,2023,59.7,Greece
A,TOTAL,TOTAL,OWN_NL,PC,EL,2024,61.3,Greece
A,TOTAL,TOTAL,OWN_NL,PC,ES,2007,48.6,Spain
A,TOTAL,TOTAL,OWN_NL,PC,ES,2008,47.2,Spain
A,TOTAL,TOTAL,OWN_NL,PC,ES,2009,46.8,Spain
A,TOTAL,TOTAL,OWN_NL,PC,ES,2010,45.5,Spain
A,TOTAL,TOTAL,OWN_NL,PC,ES,2011,47.7,Spain
A,TOTAL,TOTAL,OWN_NL,PC,ES,2012,47.2,Spain
A,TOTAL,TOTAL,OWN_NL,PC,ES,2013,45.6,Spain
A,TOTAL,TOTAL,OWN_NL,PC,ES,2014,46.7,Spain
A,TOTAL,TOTAL,OWN_NL,PC,ES,2015,47.0,Spain
A,TOTAL,TOTAL,OWN_NL,PC,ES,2016,46.9,Spain
A,TOTAL,TOTAL,OWN_NL,PC,ES,2017,47.6,Spain
A,TOTAL,TOTAL,OWN_NL,PC,ES,2018,46.9,Spain
A,TOTAL,TOTAL,OWN_NL,PC,ES,2019,47.8,Spain
A,TOTAL,TOTAL,OWN_NL,PC,ES,2020,44.8,Spain
A,TOTAL,TOTAL,OWN_NL,PC,ES,2021,45.0,Spain
A,TOTAL,TOTAL,OWN_NL,PC,ES,2022,45.6,Spain
A,TOTAL,TOTAL,OWN_NL,PC,ES,2023,45.1,Spain
A,TOTAL,TOTAL,OWN_NL,PC,ES,2024,45.1,Spain
A,TOTAL,TOTAL,OWN_NL,PC,EU,2011,43.1,"European Union (EU6-1958, EU9-1973, EU10-1981, EU12-1986, EU15-1995, EU25-2004, EU27-2007, EU28-2013, EU27-2020)"
A,TOTAL,TOTAL,OWN_NL,PC,EU,2012,43.4,"European Union (EU6-1958, EU9-1973, EU10-1981, EU12-1986, EU15-1995, EU25-2004, EU27-2007, EU28-2013, EU27-2020)"
A,TOTAL,TOTAL,OWN_NL,PC,EU,2013,42.6,"European Union (EU6-1958, EU9-1973, EU10-1981, EU12-1986, EU15-1995, EU25-2004, EU27-2007, EU28-2013, EU27-2020)"
A,TOTAL,TOTAL,OWN_NL,PC,EU,2014,42.8,"European Union (EU6-1958, EU9-1973, EU10-1981, EU12-1986, EU15-1995, EU25-2004, EU27-2007, EU28-2013, EU27-2020)"
A,TOTAL,TOTAL,OWN_NL,PC,EU,2015,42.5,"European Union (EU6-1958, EU9-1973, EU10-1981, EU12-1986, EU15-1995, EU25-2004, EU27-2007, EU28-2013, EU27-2020)"
A,TOTAL,TOTAL,OWN_NL,PC,EU,2016,42.6,"European Union (EU6-1958, EU9-1973, EU10-1981, EU12-1986, EU15-1995, EU25-2004, EU27-2007, EU28-2013, EU27-2020)"
A,TOTAL,TOTAL,OWN_NL,PC,EU,2017,42.8,"European Union (EU6-1958, EU9-1973, EU10-1981, EU12-1986, EU15-1995, EU25-2004, EU27-2007, EU28-2013, EU27-2020)"
A,TOTAL,TOTAL,OWN_NL,PC,EU,2018,42.8,"European Union (EU6-1958, EU9-1973, EU10-1981, EU12-1986, EU15-1995, EU25-2004, EU27-2007, EU28-2013, EU27-2020)"
A,TOTAL,TOTAL,OWN_NL,PC,EU,2019,42.5,"European Union (EU6-1958, EU9-1973, EU10-1981, EU12-1986, EU15-1995, EU25-2004, EU27-2007, EU28-2013, EU27-2020)"
A,TOTAL,TOTAL,OWN_NL,PC,EU27_2007,2007,47.2,European Union - 27 countries (2007-2013)
A,TOTAL,TOTAL,OWN_NL,PC,EU27_2007,2008,46.6,European Union - 27 countries (2007-2013)
A,TOTAL,TOTAL,OWN_NL,PC,EU27_2007,2009,46.3,European Union - 27 countries (2007-2013)
A,TOTAL,TOTAL,OWN_NL,PC,EU27_2007,2010,42.6,European Union - 27 countries (2007-2013)
A,TOTAL,TOTAL,OWN_NL,PC,EU27_2007,2011,42.8,European Union - 27 countries (2007-2013)
A,TOTAL,TOTAL,OWN_NL,PC,EU27_2007,2012,43.1,European Union - 27 countries (2007-2013)
A,TOTAL,TOTAL,OWN_NL,PC,EU27_2007,2013,42.3,European Union - 27 countries (2007-2013)
A,TOTAL,TOTAL,OWN_NL,PC,EU27_2007,2014,42.5,European Union - 27 countries (2007-2013)
A,TOTAL,TOTAL,OWN_NL,PC,EU27_2007,2015,42.2,European Union - 27 countries (2007-2013)
A,TOTAL,TOTAL,OWN_NL,PC,EU27_2007,2016,42.3,European Union - 27 countries (2007-2013)
A,TOTAL,TOTAL,OWN_NL,PC,EU27_2007,2017,42.5,European Union - 27 countries (2007-2013)
A,TOTAL,TOTAL,OWN_NL,PC,EU27_2007,2018,42.5,European Union - 27 countries (2007-2013)
A,TOTAL,TOTAL,OWN_NL,PC,EU27_2007,2019,42.2,European Union - 27 countries (2007-2013)
A,TOTAL,TOTAL,OWN_NL,PC,EU27_2020,2010,45.4,European Union - 27 countries (from 2020)
A,TOTAL,TOTAL,OWN_NL,PC,EU27_2020,2011,45.6,European Union - 27 countries (from 2020)
A,TOTAL,TOTAL,OWN_NL,PC,EU27_2020,2012,45.6,European Union - 27 countries (from 2020)
A,TOTAL,TOTAL,OWN_NL,PC,EU27_2020,2013,44.9,European Union - 27 countries (from 2020)
A,TOTAL,TOTAL,OWN_NL,PC,EU27_2020,2014,45.1,European Union - 27 countries (from 2020)
A,TOTAL,TOTAL,OWN_NL,PC,EU27_2020,2015,44.7,European Union - 27 countries (from 2020)
A,TOTAL,TOTAL,OWN_NL,PC,EU27_2020,2016,44.8,European Union - 27 countries (from 2020)
A,TOTAL,TOTAL,OWN_NL,PC,EU27_2020,2017,45.2,European Union - 27 countries (from 2020)
A,TOTAL,TOTAL,OWN_NL,PC,EU27_2020,2018,45.1,European Union - 27 countries (from 2020)
A,TOTAL,TOTAL,OWN_NL,PC,EU27_2020,2019,44.8,European Union - 27 countries (from 2020)
A,TOTAL,TOTAL,OWN_NL,PC,EU27_2020,2020,43.4,European Union - 27 countries (from 2020)
A,TOTAL,TOTAL,OWN_NL,PC,EU27_2020,2021,43.8,European Union - 27 countries (from 2020)
A,TOTAL,TOTAL,OWN_NL,PC,EU27_2020,2022,44.4,European Union - 27 countries (from 2020)
A,TOTAL,TOTAL,OWN_NL,PC,EU27_2020,2023,44.2,European Union - 27 countries (from 2020)
A,TOTAL,TOTAL,OWN_NL,PC,EU27_2020,2024,44.2,European Union - 27 countries (from 2020)
A,TOTAL,TOTAL,OWN_NL,PC,EU28,2010,43.0,European Union - 28 countries (2013-2020)
A,TOTAL,TOTAL,OWN_NL,PC,EU28,2011,43.1,European Union - 28 countries (2013-2020)
A,TOTAL,TOTAL,OWN_NL,PC,EU28,2012,43.4,European Union - 28 countries (2013-2020)
A,TOTAL,TOTAL,OWN_NL,PC,EU28,2013,42.6,European Union - 28 countries (2013-2020)
A,TOTAL,TOTAL,OWN_NL,PC,EU28,2014,42.8,European Union - 28 countries (2013-2020)
A,TOTAL,TOTAL,OWN_NL,PC,EU28,2015,42.5,European Union - 28 countries (2013-2020)
A,TOTAL,TOTAL,OWN_NL,PC,EU28,2016,42.6,European Union - 28 countries (2013-2020)
A,TOTAL,TOTAL,OWN_NL,PC,EU28,2017,42.8,European Union - 28 countries (2013-2020)
A,TOTAL,TOTAL,OWN_NL,PC,EU28,2018,42.8,European Union - 28 countries (2013-2020)
A,TOTAL,TOTAL,OWN_NL,PC,EU28,2019,42.5,European Union - 28 countries (2013-2020)
A,TOTAL,TOTAL,OWN_NL,PC,FI,2004,33.2,Finland
A,TOTAL,TOTAL,OWN_NL,PC,FI,2005,32.6,Finland
A,TOTAL,TOTAL,OWN_NL,PC,FI,2006,32.1,Finland
A,TOTAL,TOTAL,OWN_NL,PC,FI,2007,31.8,Finland
A,TOTAL,TOTAL,OWN_NL,PC,FI,2008,30.0,Finland
A,TOTAL,TOTAL,OWN_NL,PC,FI,2009,30.4,Finland
A,TOTAL,TOTAL,OWN_NL,PC,FI,2010,32.3,Finland
A,TOTAL,TOTAL,OWN_NL,PC,FI,2011,32.2,Finland
A,TOTAL,TOTAL,OWN_NL,PC,FI,2012,31.7,Finland
A,TOTAL,TOTAL,OWN_NL,PC,FI,2013,31.0,Finland
A,TOTAL,TOTAL,OWN_NL,PC,FI,2014,30.1,Finland
A,TOTAL,TOTAL,OWN_NL,PC,FI,2015,30.3,Finland
A,TOTAL,TOTAL,OWN_NL,PC,FI,2016,29.5,Finland
A,TOTAL,TOTAL,OWN_NL,PC,FI,2017,29.1,Finland
A,TOTAL,TOTAL,OWN_NL,PC,FI,2018,29.7,Finland
A,TOTAL,TOTAL,OWN_NL,PC,FI,2019,29.5,Finland
A,TOTAL,TOTAL,OWN_NL,PC,FI,2020,30.1,Finland
A,TOTAL,TOTAL,OWN_NL,PC,FI,2021,30.1,Finland
A,TOTAL,TOTAL,OWN_NL,PC,FI,2022,30.3,Finland
A,TOTAL,TOTAL,OWN_NL,PC,FI,2023,29.8,Finland
A,TOTAL,TOTAL,OWN_NL,PC,FI,2024,29.9,Finland
A,TOTAL,TOTAL,OWN_NL,PC,FR,2005,37.9,France
A,TOTAL,TOTAL,OWN_NL,PC,FR,2006,35.4,France
A,TOTAL,TOTAL,OWN_NL,PC,FR,2007,33.3,France
A,TOTAL,TOTAL,OWN_NL,PC,FR,2008,35.1,France
A,TOTAL,TOTAL,OWN_NL,PC,FR,2009,35.6,France
A,TOTAL,TOTAL,OWN_NL,PC,FR,2010,33.0,France
A,TOTAL,TOTAL,OWN_NL,PC,FR,2011,33.7,France
A,TOTAL,TOTAL,OWN_NL,PC,FR,2012,33.8,France
A,TOTAL,TOTAL,OWN_NL,PC,FR,2013,32.6,France
A,TOTAL,TOTAL,OWN_NL,PC,FR,2014,33.6,France
A,TOTAL,TOTAL,OWN_NL,PC,FR,2015,33.0,France
A,TOTAL,TOTAL,OWN_NL,PC,FR,2016,33.8,France
A,TOTAL,TOTAL,OWN_NL,PC,FR,2017,33.5,France
A,TOTAL,TOTAL,OWN_NL,PC,FR,2018,33.3,France
A,TOTAL,TOTAL,OWN_NL,PC,FR,2019,32.3,France
A,TOTAL,TOTAL,OWN_NL,PC,FR,2020,33.5,France
A,TOTAL,TOTAL,OWN_NL,PC,FR,2021,33.8,France
A,TOTAL,TOTAL,OWN_NL,PC,FR,2022,33.0,France
A,TOTAL,TOTAL,OWN_NL,PC,FR,2023,31.9,France
A,TOTAL,TOTAL,OWN_NL,PC,FR,2024,30.0,France
A,TOTAL,TOTAL,OWN_NL,PC,HR,2010,82.2,Croatia
A,TOTAL,TOTAL,OWN_NL,PC,HR,2011,87.3,Croatia
A,TOTAL,TOTAL,OWN_NL,PC,HR,2012,86.9,Croatia
A,TOTAL,TOTAL,OWN_NL,PC,HR,2013,85.8,Croatia
A,TOTAL,TOTAL,OWN_NL,PC,HR,2014,85.4,Croatia
A,TOTAL,TOTAL,OWN_NL,PC,HR,2015,85.1,Croatia
A,TOTAL,TOTAL,OWN_NL,PC,HR,2016,84.3,Croatia
A,TOTAL,TOTAL,OWN_NL,PC,HR,2017,83.6,Croatia
A,TOTAL,TOTAL,OWN_NL,PC,HR,2018,83.3,Croatia
A,TOTAL,TOTAL,OWN_NL,PC,HR,2019,82.3,Croatia
A,TOTAL,TOTAL,OWN_NL,PC,HR,2020,83.7,Croatia
A,TOTAL,TOTAL,OWN_NL,PC,HR,2021,82.8,Croatia
A,TOTAL,TOTAL,OWN_NL,PC,HR,2022,84.5,Croatia
A,TOTAL,TOTAL,OWN_NL,PC,HR,2023,84.2,Croatia
A,TOTAL,TOTAL,OWN_NL,PC,HR,2024,83.3,Croatia
A,TOTAL,TOTAL,OWN_NL,PC,HU,2005,77.6,Hungary
A,TOTAL,TOTAL,OWN_NL,PC,HU,2006,78.6,Hungary
A,TOTAL,TOTAL,OWN_NL,PC,HU,2007,73.6,Hungary
A,TOTAL,TOTAL,OWN_NL,PC,HU,2008,70.6,Hungary
A,TOTAL,TOTAL,OWN_NL,PC,HU,2009,71.3,Hungary
A,TOTAL,TOTAL,OWN_NL,PC,HU,2010,65.8,Hungary
A,TOTAL,TOTAL,OWN_NL,PC,HU,2011,66.5,Hungary
A,TOTAL,TOTAL,OWN_NL,PC,HU,2012,68.9,Hungary
A,TOTAL,TOTAL,OWN_NL,PC,HU,2013,68.9,Hungary
A,TOTAL,TOTAL,OWN_NL,PC,HU,2014,70.2,Hungary
A,TOTAL,TOTAL,OWN_NL,PC,HU,2015,67.6,Hungary
A,TOTAL,TOTAL,OWN_NL,PC,HU,2016,70.0,Hungary
A,TOTAL,TOTAL,OWN_NL,PC,HU,2017,69.3,Hungary
A,TOTAL,TOTAL,OWN_NL,PC,HU,2018,70.6,Hungary
A,TOTAL,TOTAL,OWN_NL,PC,HU,2019,76.5,Hungary
A,TOTAL,TOTAL,OWN_NL,PC,HU,2020,75.7,Hungary
A,TOTAL,TOTAL,OWN_NL,PC,HU,2021,76.7,Hungary
A,TOTAL,TOTAL,OWN_NL,PC,HU,2022,72.3,Hungary
A,TOTAL,TOTAL,OWN_NL,PC,HU,2023,77.2,Hungary
A,TOTAL,TOTAL,OWN_NL,PC,HU,2024,79.0,Hungary
A,TOTAL,TOTAL,OWN_NL,PC,IE,2003,42.9,Ireland
A,TOTAL,TOTAL,OWN_NL,PC,IE,2004,46.5,Ireland
A,TOTAL,TOTAL,OWN_NL,PC,IE,2005,44.1,Ireland
A,TOTAL,TOTAL,OWN_NL,PC,IE,2006,45.0,Ireland
A,TOTAL,TOTAL,OWN_NL,PC,IE,2007,44.9,Ireland
A,TOTAL,TOTAL,OWN_NL,PC,IE,2008,42.2,Ireland
A,TOTAL,TOTAL,OWN_NL,PC,IE,2009,40.8,Ireland
A,TOTAL,TOTAL,OWN_NL,PC,IE,2010,38.8,Ireland
A,TOTAL,TOTAL,OWN_NL,PC,IE,2011,35.7,Ireland
A,TOTAL,TOTAL,OWN_NL,PC,IE,2012,34.7,Ireland
A,TOTAL,TOTAL,OWN_NL,PC,IE,2013,34.4,Ireland
A,TOTAL,TOTAL,OWN_NL,PC,IE,2014,34.1,Ireland
A,TOTAL,TOTAL,OWN_NL,PC,IE,2015,36.5,Ireland
A,TOTAL,TOTAL,OWN_NL,PC,IE,2016,37.1,Ireland
A,TOTAL,TOTAL,OWN_NL,PC,IE,2017,37.8,Ireland
A,TOTAL,TOTAL,OWN_NL,PC,IE,2018,37.9,Ireland
A,TOTAL,TOTAL,OWN_NL,PC,IE,2019,37.5,Ireland
A,TOTAL,TOTAL,OWN_NL,PC,IE,2020,32.2,Ireland
A,TOTAL,TOTAL,OWN_NL,PC,IE,2021,32.5,Ireland
A,TOTAL,TOTAL,OWN_NL,PC,IE,2022,33.7,Ireland
A,TOTAL,TOTAL,OWN_NL,PC,IE,2023,32.9,Ireland
A,TOTAL,TOTAL,OWN_NL,PC,IE,2024,33.8,Ireland
A,TOTAL,TOTAL,OWN_NL,PC,IS,2004,14.5,Iceland
A,TOTAL,TOTAL,OWN_NL,PC,IS,2005,14.4,Iceland
A,TOTAL,TOTAL,OWN_NL,PC,IS,2006,14.2,Iceland
A,TOTAL,TOTAL,OWN_NL,PC,IS,2007,15.0,Iceland
A,TOTAL,TOTAL,OWN_NL,PC,IS,2008,13.6,Iceland
A,TOTAL,TOTAL,OWN_NL,PC,IS,2009,13.6,Iceland
A,TOTAL,TOTAL,OWN_NL,PC,IS,2010,13.7,Iceland
A,TOTAL,TOTAL,OWN_NL,PC,IS,2011,15.1,Iceland
A,TOTAL,TOTAL,OWN_NL,PC,IS,2012,14.6,Iceland
A,TOTAL,TOTAL,OWN_NL,PC,IS,2013,14.6,Iceland
A,TOTAL,TOTAL,OWN_NL,PC,IS,2014,15.9,Iceland
A,TOTAL,TOTAL,OWN_NL,PC,IS,2015,15.0,Iceland
A,TOTAL,TOTAL,OWN_NL,PC,IS,2016,14.8,Iceland
A,TOTAL,TOTAL,OWN_NL,PC,IS,2017,15.6,Iceland
A,TOTAL,TOTAL,OWN_NL,PC,IS,2018,16.2,Iceland
A,TOTAL,TOTAL,OWN_NL,PC,IS,2019,16.2,Iceland
A,TOTAL,TOTAL,OWN_NL,PC,IS,2020,15.1,Iceland
A,TOTAL,TOTAL,OWN_NL,PC,IT,2004,60.5,Italy
A,TOTAL,TOTAL,OWN_NL,PC,IT,2005,60.3,Italy
A,TOTAL,TOTAL,OWN_NL,PC,IT,2006,59.9,Italy
A,TOTAL,TOTAL,OWN_NL,PC,IT,2007,59.7,Italy
A,TOTAL,TOTAL,OWN_NL,PC,IT,2008,57.8,Italy
A,TOTAL,TOTAL,OWN_NL,PC,IT,2009,57.5,Italy
A,TOTAL,TOTAL,OWN_NL,PC,IT,2010,56.8,Italy
A,TOTAL,TOTAL,OWN_NL,PC,IT,2011,57.6,Italy
A,TOTAL,TOTAL,OWN_NL,PC,IT,2012,58.2,Italy
A,TOTAL,TOTAL,OWN_NL,PC,IT,2013,56.2,Italy
A,TOTAL,TOTAL,OWN_NL,PC,IT,2014,55.8,Italy
A,TOTAL,TOTAL,OWN_NL,PC,IT,2015,56.1,Italy
A,TOTAL,TOTAL,OWN_NL,PC,IT,2016,56.3,Italy
A,TOTAL,TOTAL,OWN_NL,PC,IT,2017,58.8,Italy
A,TOTAL,TOTAL,OWN_NL,PC,IT,2018,59.4,Italy
A,TOTAL,TOTAL,OWN_NL,PC,IT,2019,58.6,Italy
A,TOTAL,TOTAL,OWN_NL,PC,IT,2020,59.9,Italy
A,TOTAL,TOTAL,OWN_NL,PC,IT,2021,57.8,Italy
A,TOTAL,TOTAL,OWN_NL,PC,IT,2022,59.6,Italy
A,TOTAL,TOTAL,OWN_NL,PC,IT,2023,61.5,Italy
A,TOTAL,TOTAL,OWN_NL,PC,IT,2024,63.2,Italy
A,TOTAL,TOTAL,OWN_NL,PC,LT,2005,84.7,Lithuania
A,TOTAL,TOTAL,OWN_NL,PC,LT,2006,87.5,Lithuania
A,TOTAL,TOTAL,OWN_NL,PC,LT,2007,83.5,Lithuania
A,TOTAL,TOTAL,OWN_NL,PC,LT,2008,85.2,Lithuania
A,TOTAL,TOTAL,OWN_NL,PC,LT,2009,83.0,Lithuania
A,TOTAL,TOTAL,OWN_NL,PC,LT,2010,86.5,Lithuania
A,TOTAL,TOTAL,OWN_NL,PC,LT,2011,85.5,Lithuania
A,TOTAL,TOTAL,OWN_NL,PC,LT,2012,85.3,Lithuania
A,TOTAL,TOTAL,OWN_NL,PC,LT,2013,84.5,Lithuania
A,TOTAL,TOTAL,OWN_NL,PC,LT,2014,82.3,Lithuania
A,TOTAL,TOTAL,OWN_NL,PC,LT,2015,81.3,Lithuania
A,TOTAL,TOTAL,OWN_NL,PC,LT,2016,80.1,Lithuania
A,TOTAL,TOTAL,OWN_NL,PC,LT,2017,78.6,Lithuania
A,TOTAL,TOTAL,OWN_NL,PC,LT,2018,77.3,Lithuania
A,TOTAL,TOTAL,OWN_NL,PC,LT,2019,78.2,Lithuania
A,TOTAL,TOTAL,OWN_NL,PC,LT,2020,74.5,Lithuania
A,TOTAL,TOTAL,OWN_NL,PC,LT,2021,72.4,Lithuania
A,TOTAL,TOTAL,OWN_NL,PC,LT,2022,72.6,Lithuania
A,TOTAL,TOTAL,OWN_NL,PC,LT,2023,72.0,Lithuania
A,TOTAL,TOTAL,OWN_NL,PC,LT,2024,70.6,Lithuania
A,TOTAL,TOTAL,OWN_NL,PC,LU,2007,31.3,Luxembourg
A,TOTAL,TOTAL,OWN_NL,PC,LU,2008,31.9,Luxembourg
A,TOTAL,TOTAL,OWN_NL,PC,LU,2009,30.0,Luxembourg
A,TOTAL,TOTAL,OWN_NL,PC,LU,2010,28.7,Luxembourg
A,TOTAL,TOTAL,OWN_NL,PC,LU,2011,28.2,Luxembourg
A,TOTAL,TOTAL,OWN_NL,PC,LU,2012,28.2,Luxembourg
A,TOTAL,TOTAL,OWN_NL,PC,LU,2013,27.5,Luxembourg
A,TOTAL,TOTAL,OWN_NL,PC,LU,2014,29.9,Luxembourg
A,TOTAL,TOTAL,OWN_NL,PC,LU,2015,30.4,Luxembourg
A,TOTAL,TOTAL,OWN_NL,PC,LU,2016,30.5,Luxembourg
A,TOTAL,TOTAL,OWN_NL,PC,LU,2017,32.0,Luxembourg
A,TOTAL,TOTAL,OWN_NL,PC,LU,2018,29.3,Luxembourg
A,TOTAL,TOTAL,OWN_NL,PC,LU,2019,29.1,Luxembourg
A,TOTAL,TOTAL,OWN_NL,PC,LU,2020,25.7,Luxembourg
A,TOTAL,TOTAL,OWN_NL,PC,LU,2021,25.2,Luxembourg
A,TOTAL,TOTAL,OWN_NL,PC,LU,2022,29.2,Luxembourg
A,TOTAL,TOTAL,OWN_NL,PC,LU,2023,25.8,Luxembourg
A,TOTAL,TOTAL,OWN_NL,PC,LU,2024,24.9,Luxembourg
A,TOTAL,TOTAL,OWN_NL,PC,LV,2007,82.7,Latvia
A,TOTAL,TOTAL,OWN_NL,PC,LV,2008,78.7,Latvia
A,TOTAL,TOTAL,OWN_NL,PC,LV,2009,78.5,Latvia
A,TOTAL,TOTAL,OWN_NL,PC,LV,2010,77.0,Latvia
A,TOTAL,TOTAL,OWN_NL,PC,LV,2011,74.9,Latvia
A,TOTAL,TOTAL,OWN_NL,PC,LV,2012,72.0,Latvia
A,TOTAL,TOTAL,OWN_NL,PC,LV,2013,72.1,Latvia
A,TOTAL,TOTAL,OWN_NL,PC,LV,2014,71.5,Latvia
A,TOTAL,TOTAL,OWN_NL,PC,LV,2015,70.4,Latvia
A,TOTAL,TOTAL,OWN_NL,PC,LV,2016,71.1,Latvia
A,TOTAL,TOTAL,OWN_NL,PC,LV,2017,70.7,Latvia
A,TOTAL,TOTAL,OWN_NL,PC,LV,2018,69.3,Latvia
A,TOTAL,TOTAL,OWN_NL,PC,LV,2019,67.1,Latvia
A,TOTAL,TOTAL,OWN_NL,PC,LV,2020,68.8,Latvia
A,TOTAL,TOTAL,OWN_NL,PC,LV,2021,69.1,Latvia
A,TOTAL,TOTAL,OWN_NL,PC,LV,2022,70.5,Latvia
A,TOTAL,TOTAL,OWN_NL,PC,LV,2023,69.0,Latvia
A,TOTAL,TOTAL,OWN_NL,PC,LV,2024,69.3,Latvia
A,TOTAL,TOTAL,OWN_NL,PC,ME,2013,84.2,Montenegro
A,TOTAL,TOTAL,OWN_NL,PC,ME,2014,85.4,Montenegro
A,TOTAL,TOTAL,OWN_NL,PC,ME,2015,84.6,Montenegro
A,TOTAL,TOTAL,OWN_NL,PC,ME,2016,86.5,Montenegro
A,TOTAL,TOTAL,OWN_NL,PC,ME,2017,87.0,Montenegro
A,TOTAL,TOTAL,OWN_NL,PC,ME,2018,88.4,Montenegro
A,TOTAL,TOTAL,OWN_NL,PC,ME,2019,89.1,Montenegro
A,TOTAL,TOTAL,OWN_NL,PC,ME,2020,88.3,Montenegro
A,TOTAL,TOTAL,OWN_NL,PC,ME,2021,89.9,Montenegro
A,TOTAL,TOTAL,OWN_NL,PC,ME,2022,89.3,Montenegro
A,TOTAL,TOTAL,OWN_NL,PC,ME,2023,88.8,Montenegro
A,TOTAL,TOTAL,OWN_NL,PC,MK,2011,88.2,North Macedonia
A,TOTAL,TOTAL,OWN_NL,PC,MK,2012,88.3,North Macedonia
A,TOTAL,TOTAL,OWN_NL,PC,MK,2013,85.2,North Macedonia
A,TOTAL,TOTAL,OWN_NL,PC,MK,2014,87.5,North Macedonia
A,TOTAL,TOTAL,OWN_NL,PC,MK,2015,89.4,North Macedonia
A,TOTAL,TOTAL,OWN_NL,PC,MK,2016,89.2,North Macedonia
A,TOTAL,TOTAL,OWN_NL,PC,MK,2017,88.0,North Macedonia
A,TOTAL,TOTAL,OWN_NL,PC,MK,2018,88.0,North Macedonia
A,TOTAL,TOTAL,OWN_NL,PC,MK,2019,85.5,North Macedonia
A,TOTAL,TOTAL,OWN_NL,PC,MK,2020,85.2,North Macedonia
A,TOTAL,TOTAL,OWN_NL,PC,MK,2021,88.8,North Macedonia
A,TOTAL,TOTAL,OWN_NL,PC,MK,2022,85.7,North Macedonia
A,TOTAL,TOTAL,OWN_NL,PC,MK,2023,86.4,North Macedonia
A,TOTAL,TOTAL,OWN_NL,PC,MK,2024,86.4,North Macedonia
A,TOTAL,TOTAL,OWN_NL,PC,MT,2005,62.1,Malta
A,TOTAL,TOTAL,OWN_NL,PC,MT,2006,63.6,Malta
A,TOTAL,TOTAL,OWN_NL,PC,MT,2007,64.6,Malta
A,TOTAL,TOTAL,OWN_NL,PC,MT,2008,65.4,Malta
A,TOTAL,TOTAL,OWN_NL,PC,MT,2009,62.9,Malta
A,TOTAL,TOTAL,OWN_NL,PC,MT,2010,63.1,Malta
A,TOTAL,TOTAL,OWN_NL,PC,MT,2011,62.5,Malta
A,TOTAL,TOTAL,OWN_NL,PC,MT,2012,63.9,Malta
A,TOTAL,TOTAL,OWN_NL,PC,MT,2013,62.1,Malta
A,TOTAL,TOTAL,OWN_NL,PC,MT,2014,59.4,Malta
A,TOTAL,TOTAL,OWN_NL,PC,MT,2015,59.6,Malta
A,TOTAL,TOTAL,OWN_NL,PC,MT,2016,59.6,Malta
A,TOTAL,TOTAL,OWN_NL,PC,MT,2017,59.2,Malta
A,TOTAL,TOTAL,OWN_NL,PC,MT,2018,58.9,Malta
A,TOTAL,TOTAL,OWN_NL,PC,MT,2019,58.4,Malta
A,TOTAL,TOTAL,OWN_NL,PC,MT,2020,58.8,Malta
A,TOTAL,TOTAL,OWN_NL,PC,MT,2021,58.7,Malta
A,TOTAL,TOTAL,OWN_NL,PC,MT,2022,59.2,Malta
A,TOTAL,TOTAL,OWN_NL,PC,MT,2023,51.3,Malta
A,TOTAL,TOTAL,OWN_NL,PC,MT,2024,50.7,Malta
A,TOTAL,TOTAL,OWN_NL,PC,NL,2005,10.0,Netherlands
A,TOTAL,TOTAL,OWN_NL,PC,NL,2006,8.2,Netherlands
A,TOTAL,TOTAL,OWN_NL,PC,NL,2007,8.4,Netherlands
A,TOTAL,TOTAL,OWN_NL,PC,NL,2008,7.9,Netherlands
A,TOTAL,TOTAL,OWN_NL,PC,NL,2009,9.2,Netherlands
A,TOTAL,TOTAL,OWN_NL,PC,NL,2010,7.8,Netherlands
A,TOTAL,TOTAL,OWN_NL,PC,NL,2011,7.6,Netherlands
A,TOTAL,TOTAL,OWN_NL,PC,NL,2012,7.6,Netherlands
A,TOTAL,TOTAL,OWN_NL,PC,NL,2013,7.1,Netherlands
A,TOTAL,TOTAL,OWN_NL,PC,NL,2014,7.7,Netherlands
A,TOTAL,TOTAL,OWN_NL,PC,NL,2015,7.7,Netherlands
A,TOTAL,TOTAL,OWN_NL,PC,NL,2016,8.0,Netherlands
A,TOTAL,TOTAL,OWN_NL,PC,NL,2017,8.7,Netherlands
A,TOTAL,TOTAL,OWN_NL,PC,NL,2018,8.3,Netherlands
A,TOTAL,TOTAL,OWN_NL,PC,NL,2019,8.5,Netherlands
A,TOTAL,TOTAL,OWN_NL,PC,NL,2020,8.4,Netherlands
A,TOTAL,TOTAL,OWN_NL,PC,NL,2021,9.7,Netherlands
A,TOTAL,TOTAL,OWN_NL,PC,NL,2022,10.2,Netherlands
A,TOTAL,TOTAL,OWN_NL,PC,NL,2023,11.0,Netherlands
A,TOTAL,TOTAL,OWN_NL,PC,NL,2024,10.6,Netherlands
A,TOTAL,TOTAL,OWN_NL,PC,NO,2003,7.9,Norway
A,TOTAL,TOTAL,OWN_NL,PC,NO,2004,7.7,Norway
A,TOTAL,TOTAL,OWN_NL,PC,NO,2005,7.1,Norway
A,TOTAL,TOTAL,OWN_NL,PC,NO,2006,7.7,Norway
A,TOTAL,TOTAL,OWN_NL,PC,NO,2007,22.6,Norway
A,TOTAL,TOTAL,OWN_NL,PC,NO,2008,24.6,Norway
A,TOTAL,TOTAL,OWN_NL,PC,NO,2009,24.1,Norway
A,TOTAL,TOTAL,OWN_NL,PC,NO,2010,21.7,Norway
A,TOTAL,TOTAL,OWN_NL,PC,NO,2011,20.9,Norway
A,TOTAL,TOTAL,OWN_NL,PC,NO,2012,19.9,Norway
A,TOTAL,TOTAL,OWN_NL,PC,NO,2013,18.5,Norway
A,TOTAL,TOTAL,OWN_NL,PC,NO,2014,18.8,Norway
A,TOTAL,TOTAL,OWN_NL,PC,NO,2015,21.2,Norway
A,TOTAL,TOTAL,OWN_NL,PC,NO,2016,20.7,Norway
A,TOTAL,TOTAL,OWN_NL,PC,NO,2017,21.0,Norway
A,TOTAL,TOTAL,OWN_NL,PC,NO,2018,21.2,Norway
A,TOTAL,TOTAL,OWN_NL,PC,NO,2019,19.8,Norway
A,TOTAL,TOTAL,OWN_NL,PC,NO,2020,19.3,Norway
A,TOTAL,TOTAL,OWN_NL,PC,NO,2021,17.6,Norway
A,TOTAL,TOTAL,OWN_NL,PC,NO,2022,18.2,Norway
A,TOTAL,TOTAL,OWN_NL,PC,NO,2023,19.4,Norway
A,TOTAL,TOTAL,OWN_NL,PC,NO,2024,16.9,Norway
A,TOTAL,TOTAL,OWN_NL,PC,PL,2007,59.7,Poland
A,TOTAL,TOTAL,OWN_NL,PC,PL,2008,61.6,Poland
A,TOTAL,TOTAL,OWN_NL,PC,PL,2009,63.0,Poland
A,TOTAL,TOTAL,OWN_NL,PC,PL,2010,74.5,Poland
A,TOTAL,TOTAL,OWN_NL,PC,PL,2011,73.7,Poland
A,TOTAL,TOTAL,OWN_NL,PC,PL,2012,72.8,Poland
A,TOTAL,TOTAL,OWN_NL,PC,PL,2013,73.6,Poland
A,TOTAL,TOTAL,OWN_NL,PC,PL,2014,72.7,Poland
A,TOTAL,TOTAL,OWN_NL,PC,PL,2015,72.8,Poland
A,TOTAL,TOTAL,OWN_NL,PC,PL,2016,71.8,Poland
A,TOTAL,TOTAL,OWN_NL,PC,PL,2017,73.1,Poland
A,TOTAL,TOTAL,OWN_NL,PC,PL,2018,72.7,Poland
A,TOTAL,TOTAL,OWN_NL,PC,PL,2019,72.0,Poland
A,TOTAL,TOTAL,OWN_NL,PC,PL,2020,72.5,Poland
A,TOTAL,TOTAL,OWN_NL,PC,PL,2021,73.4,Poland
A,TOTAL,TOTAL,OWN_NL,PC,PL,2022,74.3,Poland
A,TOTAL,TOTAL,OWN_NL,PC,PL,2023,75.3,Poland
A,TOTAL,TOTAL,OWN_NL,PC,PL,2024,75.4,Poland
A,TOTAL,TOTAL,OWN_NL,PC,PT,2004,45.2,Portugal
A,TOTAL,TOTAL,OWN_NL,PC,PT,2005,44.6,Portugal
A,TOTAL,TOTAL,OWN_NL,PC,PT,2006,49.4,Portugal
A,TOTAL,TOTAL,OWN_NL,PC,PT,2007,49.9,Portugal
A,TOTAL,TOTAL,OWN_NL,PC,PT,2008,44.2,Portugal
A,TOTAL,TOTAL,OWN_NL,PC,PT,2009,44.7,Portugal
A,TOTAL,TOTAL,OWN_NL,PC,PT,2010,42.4,Portugal
A,TOTAL,TOTAL,OWN_NL,PC,PT,2011,41.0,Portugal
A,TOTAL,TOTAL,OWN_NL,PC,PT,2012,40.7,Portugal
A,TOTAL,TOTAL,OWN_NL,PC,PT,2013,39.6,Portugal
A,TOTAL,TOTAL,OWN_NL,PC,PT,2014,39.4,Portugal
A,TOTAL,TOTAL,OWN_NL,PC,PT,2015,38.3,Portugal
A,TOTAL,TOTAL,OWN_NL,PC,PT,2016,38.5,Portugal
A,TOTAL,TOTAL,OWN_NL,PC,PT,2017,37.5,Portugal
A,TOTAL,TOTAL,OWN_NL,PC,PT,2018,38.2,Portugal
A,TOTAL,TOTAL,OWN_NL,PC,PT,2019,37.6,Portugal
A,TOTAL,TOTAL,OWN_NL,PC,PT,2020,38.4,Portugal
A,TOTAL,TOTAL,OWN_NL,PC,PT,2021,40.8,Portugal
A,TOTAL,TOTAL,OWN_NL,PC,PT,2022,41.5,Portugal
A,TOTAL,TOTAL,OWN_NL,PC,PT,2023,41.5,Portugal
A,TOTAL,TOTAL,OWN_NL,PC,PT,2024,40.9,Portugal
A,TOTAL,TOTAL,OWN_NL,PC,RO,2007,95.0,Romania
A,TOTAL,TOTAL,OWN_NL,PC,RO,2008,95.2,Romania
A,TOTAL,TOTAL,OWN_NL,PC,RO,2009,95.5,Romania
A,TOTAL,TOTAL,OWN_NL,PC,RO,2010,96.9,Romania
A,TOTAL,TOTAL,OWN_NL,PC,RO,2011,95.8,Romania
A,TOTAL,TOTAL,OWN_NL,PC,RO,2012,95.4,Romania
A,TOTAL,TOTAL,OWN_NL,PC,RO,2013,94.8,Romania
A,TOTAL,TOTAL,OWN_NL,PC,RO,2014,95.5,Romania
A,TOTAL,TOTAL,OWN_NL,PC,RO,2015,95.6,Romania
A,TOTAL,TOTAL,OWN_NL,PC,RO,2016,95.1,Romania
A,TOTAL,TOTAL,OWN_NL,PC,RO,2017,95.7,Romania
A,TOTAL,TOTAL,OWN_NL,PC,RO,2018,95.3,Romania
A,TOTAL,TOTAL,OWN_NL,PC,RO,2019,94.7,Romania
A,TOTAL,TOTAL,OWN_NL,PC,RO,2020,94.9,Romania
A,TOTAL,TOTAL,OWN_NL,PC,RO,2021,93.9,Romania
A,TOTAL,TOTAL,OWN_NL,PC,RO,2022,93.7,Romania
A,TOTAL,TOTAL,OWN_NL,PC,RO,2023,94.4,Romania
A,TOTAL,TOTAL,OWN_NL,PC,RO,2024,92.8,Romania
A,TOTAL,TOTAL,OWN_NL,PC,RS,2013,78.0,Serbia
A,TOTAL,TOTAL,OWN_NL,PC,RS,2014,80.3,Serbia
A,TOTAL,TOTAL,OWN_NL,PC,RS,2015,80.2,Serbia
A,TOTAL,TOTAL,OWN_NL,PC,RS,2016,81.1,Serbia
A,TOTAL,TOTAL,OWN_NL,PC,RS,2017,81.0,Serbia
A,TOTAL,TOTAL,OWN_NL,PC,RS,2018,84.0,Serbia
A,TOTAL,TOTAL,OWN_NL,PC,RS,2019,81.2,Serbia
A,TOTAL,TOTAL,OWN_NL,PC,RS,2020,84.1,Serbia
A,TOTAL,TOTAL,OWN_NL,PC,RS,2021,87.3,Serbia
A,TOTAL,TOTAL,OWN_NL,PC,RS,2022,89.0,Serbia
A,TOTAL,TOTAL,OWN_NL,PC,RS,2023,88.5,Serbia
A,TOTAL,TOTAL,OWN_NL,PC,RS,2024,87.6,Serbia
A,TOTAL,TOTAL,OWN_NL,PC,SE,2004,13.1,Sweden
A,TOTAL,TOTAL,OWN_NL,PC,SE,2005,13.2,Sweden
A,TOTAL,TOTAL,OWN_NL,PC,SE,2006,15.4,Sweden
A,TOTAL,TOTAL,OWN_NL,PC,SE,2007,15.1,Sweden
A,TOTAL,TOTAL,OWN_NL,PC,SE,2008,13.8,Sweden
A,TOTAL,TOTAL,OWN_NL,PC,SE,2009,13.6,Sweden
A,TOTAL,TOTAL,OWN_NL,PC,SE,2010,2.9,Sweden
A,TOTAL,TOTAL,OWN_NL,PC,SE,2011,3.8,Sweden
A,TOTAL,TOTAL,OWN_NL,PC,SE,2012,8.7,Sweden
A,TOTAL,TOTAL,OWN_NL,PC,SE,2013,8.2,Sweden
A,TOTAL,TOTAL,OWN_NL,PC,SE,2014,7.9,Sweden
A,TOTAL,TOTAL,OWN_NL,PC,SE,2015,7.1,Sweden
A,TOTAL,TOTAL,OWN_NL,PC,SE,2016,10.4,Sweden
A,TOTAL,TOTAL,OWN_NL,PC,SE,2017,13.0,Sweden
A,TOTAL,TOTAL,OWN_NL,PC,SE,2018,12.3,Sweden
A,TOTAL,TOTAL,OWN_NL,PC,SE,2019,12.2,Sweden
A,TOTAL,TOTAL,OWN_NL,PC,SE,2020,12.3,Sweden
A,TOTAL,TOTAL,OWN_NL,PC,SE,2021,13.2,Sweden
A,TOTAL,TOTAL,OWN_NL,PC,SE,2022,13.8,Sweden
A,TOTAL,TOTAL,OWN_NL,PC,SE,2023,14.8,Sweden
A,TOTAL,TOTAL,OWN_NL,PC,SE,2024,15.2,Sweden
A,TOTAL,TOTAL,OWN_NL,PC,SI,2005,80.9,Slovenia
A,TOTAL,TOTAL,OWN_NL,PC,SI,2006,82.9,Slovenia
A,TOTAL,TOTAL,OWN_NL,PC,SI,2007,77.0,Slovenia
A,TOTAL,TOTAL,OWN_NL,PC,SI,2008,75.9,Slovenia
A,TOTAL,TOTAL,OWN_NL,PC,SI,2009,74.4,Slovenia
A,TOTAL,TOTAL,OWN_NL,PC,SI,2010,70.5,Slovenia
A,TOTAL,TOTAL,OWN_NL,PC,SI,2011,69.8,Slovenia
A,TOTAL,TOTAL,OWN_NL,PC,SI,2012,67.8,Slovenia
A,TOTAL,TOTAL,OWN_NL,PC,SI,2013,67.0,Slovenia
A,TOTAL,TOTAL,OWN_NL,PC,SI,2014,66.5,Slovenia
A,TOTAL,TOTAL,OWN_NL,PC,SI,2015,65.4,Slovenia
A,TOTAL,TOTAL,OWN_NL,PC,SI,2016,64.5,Slovenia
A,TOTAL,TOTAL,OWN_NL,PC,SI,2017,63.6,Slovenia
A,TOTAL,TOTAL,OWN_NL,PC,SI,2018,63.0,Slovenia
A,TOTAL,TOTAL,OWN_NL,PC,SI,2019,62.2,Slovenia
A,TOTAL,TOTAL,OWN_NL,PC,SI,2020,62.2,Slovenia
A,TOTAL,TOTAL,OWN_NL,PC,SI,2021,62.1,Slovenia
A,TOTAL,TOTAL,OWN_NL,PC,SI,2022,58.1,Slovenia
A,TOTAL,TOTAL,OWN_NL,PC,SI,2023,57.9,Slovenia
A,TOTAL,TOTAL,OWN_NL,PC,SI,2024,58.5,Slovenia
A,TOTAL,TOTAL,OWN_NL,PC,SK,2005,78.5,Slovakia
A,TOTAL,TOTAL,OWN_NL,PC,SK,2006,85.1,Slovakia
A,TOTAL,TOTAL,OWN_NL,PC,SK,2007,84.2,Slovakia
A,TOTAL,TOTAL,OWN_NL,PC,SK,2008,83.2,Slovakia
A,TOTAL,TOTAL,OWN_NL,PC,SK,2009,82.3,Slovakia
A,TOTAL,TOTAL,OWN_NL,PC,SK,2010,82.4,Slovakia
A,TOTAL,TOTAL,OWN_NL,PC,SK,2011,82.0,Slovakia
A,TOTAL,TOTAL,OWN_NL,PC,SK,2012,80.8,Slovakia
A,TOTAL,TOTAL,OWN_NL,PC,SK,2013,80.9,Slovakia
A,TOTAL,TOTAL,OWN_NL,PC,SK,2014,79.4,Slovakia
A,TOTAL,TOTAL,OWN_NL,PC,SK,2015,77.9,Slovakia
A,TOTAL,TOTAL,OWN_NL,PC,SK,2016,77.8,Slovakia
A,TOTAL,TOTAL,OWN_NL,PC,SK,2017,74.0,Slovakia
A,TOTAL,TOTAL,OWN_NL,PC,SK,2018,72.7,Slovakia
A,TOTAL,TOTAL,OWN_NL,PC,SK,2019,70.3,Slovakia
A,TOTAL,TOTAL,OWN_NL,PC,SK,2020,69.0,Slovakia
A,TOTAL,TOTAL,OWN_NL,PC,SK,2021,67.2,Slovakia
A,TOTAL,TOTAL,OWN_NL,PC,SK,2022,68.1,Slovakia
A,TOTAL,TOTAL,OWN_NL,PC,SK,2023,68.5,Slovakia
A,TOTAL,TOTAL,OWN_NL,PC,SK,2024,65.7,Slovakia
A,TOTAL,TOTAL,OWN_NL,PC,TR,2006,59.6,Türkiye
A,TOTAL,TOTAL,OWN_NL,PC,TR,2007,59.0,Türkiye
A,TOTAL,TOTAL,OWN_NL,PC,TR,2008,58.4,Türkiye
A,TOTAL,TOTAL,OWN_NL,PC,TR,2009,57.7,Türkiye
A,TOTAL,TOTAL,OWN_NL,PC,TR,2011,55.4,Türkiye
A,TOTAL,TOTAL,OWN_NL,PC,TR,2012,55.6,Türkiye
A,TOTAL,TOTAL,OWN_NL,PC,TR,2013,54.9,Türkiye
A,TOTAL,TOTAL,OWN_NL,PC,TR,2014,54.7,Türkiye
A,TOTAL,TOTAL,OWN_NL,PC,TR,2015,53.5,Türkiye
A,TOTAL,TOTAL,OWN_NL,PC,TR,2016,52.2,Türkiye
A,TOTAL,TOTAL,OWN_NL,PC,TR,2017,51.3,Türkiye
A,TOTAL,TOTAL,OWN_NL,PC,TR,2018,50.5,Türkiye
A,TOTAL,TOTAL,OWN_NL,PC,TR,2019,50.4,Türkiye
A,TOTAL,TOTAL,OWN_NL,PC,TR,2020,49.9,Türkiye
A,TOTAL,TOTAL,OWN_NL,PC,TR,2021,49.9,Türkiye
A,TOTAL,TOTAL,OWN_NL,PC,TR,2022,49.8,Türkiye
A,TOTAL,TOTAL,OWN_NL,PC,TR,2023,50.0,Türkiye
A,TOTAL,TOTAL,OWN_NL,PC,TR,2024,51.0,Türkiye
A,TOTAL,TOTAL,OWN_NL,PC,UK,2005,26.0,United Kingdom
A,TOTAL,TOTAL,OWN_NL,PC,UK,2006,25.7,United Kingdom
A,TOTAL,TOTAL,OWN_NL,PC,UK,2007,26.4,United Kingdom
A,TOTAL,TOTAL,OWN_NL,PC,UK,2008,26.6,United Kingdom
A,TOTAL,TOTAL,OWN_NL,PC,UK,2009,25.4,United Kingdom
A,TOTAL,TOTAL,OWN_NL,PC,UK,2010,26.0,United Kingdom
A,TOTAL,TOTAL,OWN_NL,PC,UK,2011,26.0,United Kingdom
A,TOTAL,TOTAL,OWN_NL,PC,UK,2012,28.4,United Kingdom
A,TOTAL,TOTAL,OWN_NL,PC,UK,2013,27.3,United Kingdom
A,TOTAL,TOTAL,OWN_NL,PC,UK,2014,27.3,United Kingdom
A,TOTAL,TOTAL,OWN_NL,PC,UK,2015,27.5,United Kingdom
A,TOTAL,TOTAL,OWN_NL,PC,UK,2016,27.9,United Kingdom
A,TOTAL,TOTAL,OWN_NL,PC,UK,2017,27.1,United Kingdom
A,TOTAL,TOTAL,OWN_NL,PC,UK,2018,27.6,United Kingdom
A,TOTAL,TOTAL,OWN_NL,PC,XK,2018,93.1,Kosovo*
A,TOTAL,TOTAL,RENT,PC,AL,2017,3.5,Albania
A,TOTAL,TOTAL,RENT,PC,AL,2018,3.9,Albania
A,TOTAL,TOTAL,RENT,PC,AL,2019,3.5,Albania
A,TOTAL,TOTAL,RENT,PC,AL,2020,3.7,Albania
A,TOTAL,TOTAL,RENT,PC,AL,2021,4.1,Albania
A,TOTAL,TOTAL,RENT,PC,AL,2022,4.0,Albania
A,TOTAL,TOTAL,RENT,PC,AL,2023,4.5,Albania
A,TOTAL,TOTAL,RENT,PC,AT,2007,40.8,Austria
A,TOTAL,TOTAL,RENT,PC,AT,2008,42.1,Austria
A,TOTAL,TOTAL,RENT,PC,AT,2009,42.4,Austria
A,TOTAL,TOTAL,RENT,PC,AT,2010,42.6,Austria
A,TOTAL,TOTAL,RENT,PC,AT,2011,47.6,Austria
A,TOTAL,TOTAL,RENT,PC,AT,2012,42.5,Austria
A,TOTAL,TOTAL,RENT,PC,AT,2013,42.7,Austria
A,TOTAL,TOTAL,RENT,PC,AT,2014,42.8,Austria
A,TOTAL,TOTAL,RENT,PC,AT,2015,44.3,Austria
A,TOTAL,TOTAL,RENT,PC,AT,2016,45.0,Austria
A,TOTAL,TOTAL,RENT,PC,AT,2017,45.0,Austria
A,TOTAL,TOTAL,RENT,PC,AT,2018,44.6,Austria
A,TOTAL,TOTAL,RENT,PC,AT,2019,44.8,Austria
A,TOTAL,TOTAL,RENT,PC,AT,2020,44.7,Austria
A,TOTAL,TOTAL,RENT,PC,AT,2021,45.8,Austria
A,TOTAL,TOTAL,RENT,PC,AT,2022,48.6,Austria
A,TOTAL,TOTAL,RENT,PC,AT,2023,45.7,Austria
A,TOTAL,TOTAL,RENT,PC,AT,2024,45.5,Austria
A,TOTAL,TOTAL,RENT,PC,BE,2003,27.3,Belgium
A,TOTAL,TOTAL,RENT,PC,BE,2004,27.8,Belgium
A,TOTAL,TOTAL,RENT,PC,BE,2005,27.8,Belgium
A,TOTAL,TOTAL,RENT,PC,BE,2006,26.3,Belgium
A,TOTAL,TOTAL,RENT,PC,BE,2007,27.1,Belgium
A,TOTAL,TOTAL,RENT,PC,BE,2008,26.9,Belgium
A,TOTAL,TOTAL,RENT,PC,BE,2009,27.3,Belgium
A,TOTAL,TOTAL,RENT,PC,BE,2010,28.4,Belgium
A,TOTAL,TOTAL,RENT,PC,BE,2011,28.2,Belgium
A,TOTAL,TOTAL,RENT,PC,BE,2012,27.6,Belgium
A,TOTAL,TOTAL,RENT,PC,BE,2013,27.7,Belgium
A,TOTAL,TOTAL,RENT,PC,BE,2014,28.0,Belgium
A,TOTAL,TOTAL,RENT,PC,BE,2015,28.6,Belgium
A,TOTAL,TOTAL,RENT,PC,BE,2016,29.1,Belgium
A,TOTAL,TOTAL,RENT,PC,BE,2017,27.6,Belgium
A,TOTAL,TOTAL,RENT,PC,BE,2018,27.7,Belgium
A,TOTAL,TOTAL,RENT,PC,BE,2019,28.6,Belgium
A,TOTAL,TOTAL,RENT,PC,BE,2020,28.9,Belgium
A,TOTAL,TOTAL,RENT,PC,BE,2021,28.7,Belgium
A,TOTAL,TOTAL,RENT,PC,BE,2022,27.6,Belgium
A,TOTAL,TOTAL,RENT,PC,BE,2023,28.1,Belgium
A,TOTAL,TOTAL,RENT,PC,BE,2024,29.7,Belgium
A,TOTAL,TOTAL,RENT,PC,BG,2005,14.6,Bulgaria
A,TOTAL,TOTAL,RENT,PC,BG,2006,14.6,Bulgaria
A,TOTAL,TOTAL,RENT,PC,BG,2007,12.4,Bulgaria
A,TOTAL,TOTAL,RENT,PC,BG,2008,12.9,Bulgaria
A,TOTAL,TOTAL,RENT,PC,BG,2009,13.2,Bulgaria
A,TOTAL,TOTAL,RENT,PC,BG,2010,13.1,Bulgaria
A,TOTAL,TOTAL,RENT,PC,BG,2011,12.8,Bulgaria
A,TOTAL,TOTAL,RENT,PC,BG,2012,12.6,Bulgaria
A,TOTAL,TOTAL,RENT,PC,BG,2013,14.3,Bulgaria
A,TOTAL,TOTAL,RENT,PC,BG,2014,15.7,Bulgaria
A,TOTAL,TOTAL,RENT,PC,BG,2015,17.7,Bulgaria
A,TOTAL,TOTAL,RENT,PC,BG,2016,17.7,Bulgaria
A,TOTAL,TOTAL,RENT,PC,BG,2017,17.1,Bulgaria
A,TOTAL,TOTAL,RENT,PC,BG,2018,16.4,Bulgaria
A,TOTAL,TOTAL,RENT,PC,BG,2019,15.9,Bulgaria
A,TOTAL,TOTAL,RENT,PC,BG,2020,15.7,Bulgaria
A,TOTAL,TOTAL,RENT,PC,BG,2021,15.1,Bulgaria
A,TOTAL,TOTAL,RENT,PC,BG,2022,15.0,Bulgaria
A,TOTAL,TOTAL,RENT,PC,BG,2023,13.9,Bulgaria
A,TOTAL,TOTAL,RENT,PC,BG,2024,14.0,Bulgaria
A,TOTAL,TOTAL,RENT,PC,CH,2010,55.6,Switzerland
A,TOTAL,TOTAL,RENT,PC,CH,2011,56.2,Switzerland
A,TOTAL,TOTAL,RENT,PC,CH,2012,56.2,Switzerland
A,TOTAL,TOTAL,RENT,PC,CH,2013,56.0,Switzerland
A,TOTAL,TOTAL,RENT,PC,CH,2014,55.5,Switzerland
A,TOTAL,TOTAL,RENT,PC,CH,2015,56.6,Switzerland
A,TOTAL,TOTAL,RENT,PC,CH,2016,57.5,Switzerland
A,TOTAL,TOTAL,RENT,PC,CH,2017,58.7,Switzerland
A,TOTAL,TOTAL,RENT,PC,CH,2018,57.5,Switzerland
A,TOTAL,TOTAL,RENT,PC,CH,2019,58.4,Switzerland
A,TOTAL,TOTAL,RENT,PC,CH,2020,57.7,Switzerland
A,TOTAL,TOTAL,RENT,PC,CH,2021,57.8,Switzerland
A,TOTAL,TOTAL,RENT,PC,CH,2022,57.7,Switzerland
A,TOTAL,TOTAL,RENT,PC,CH,2023,57.4,Switzerland
A,TOTAL,TOTAL,RENT,PC,CH,2024,58.0,Switzerland
A,TOTAL,TOTAL,RENT,PC,CY,2007,25.9,Cyprus
A,TOTAL,TOTAL,RENT,PC,CY,2008,27.7,Cyprus
A,TOTAL,TOTAL,RENT,PC,CY,2009,25.9,Cyprus
A,TOTAL,TOTAL,RENT,PC,CY,2010,26.9,Cyprus
A,TOTAL,TOTAL,RENT,PC,CY,2011,26.5,Cyprus
A,TOTAL,TOTAL,RENT,PC,CY,2012,26.8,Cyprus
A,TOTAL,TOTAL,RENT,PC,CY,2013,26.0,Cyprus
A,TOTAL,TOTAL,RENT,PC,CY,2014,27.1,Cyprus
A,TOTAL,TOTAL,RENT,PC,CY,2015,27.0,Cyprus
A,TOTAL,TOTAL,RENT,PC,CY,2016,27.5,Cyprus
A,TOTAL,TOTAL,RENT,PC,CY,2017,29.3,Cyprus
A,TOTAL,TOTAL,RENT,PC,CY,2018,29.9,Cyprus
A,TOTAL,TOTAL,RENT,PC,CY,2019,30.0,Cyprus
A,TOTAL,TOTAL,RENT,PC,CY,2020,29.1,Cyprus
A,TOTAL,TOTAL,RENT,PC,CY,2021,28.7,Cyprus
A,TOTAL,TOTAL,RENT,PC,CY,2022,29.5,Cyprus
A,TOTAL,TOTAL,RENT,PC,CY,2023,29.9,Cyprus
A,TOTAL,TOTAL,RENT,PC,CY,2024,30.6,Cyprus
A,TOTAL,TOTAL,RENT,PC,CZ,2005,26.5,Czechia
A,TOTAL,TOTAL,RENT,PC,CZ,2006,25.9,Czechia
A,TOTAL,TOTAL,RENT,PC,CZ,2007,25.5,Czechia
A,TOTAL,TOTAL,RENT,PC,CZ,2008,24.2,Czechia
A,TOTAL,TOTAL,RENT,PC,CZ,2009,23.4,Czechia
A,TOTAL,TOTAL,RENT,PC,CZ,2010,21.3,Czechia
A,TOTAL,TOTAL,RENT,PC,CZ,2011,19.9,Czechia
A,TOTAL,TOTAL,RENT,PC,CZ,2012,19.6,Czechia
A,TOTAL,TOTAL,RENT,PC,CZ,2013,19.9,Czechia
A,TOTAL,TOTAL,RENT,PC,CZ,2014,21.1,Czechia
A,TOTAL,TOTAL,RENT,PC,CZ,2015,22.0,Czechia
A,TOTAL,TOTAL,RENT,PC,CZ,2016,21.8,Czechia
A,TOTAL,TOTAL,RENT,PC,CZ,2017,21.5,Czechia
A,TOTAL,TOTAL,RENT,PC,CZ,2018,21.3,Czechia
A,TOTAL,TOTAL,RENT,PC,CZ,2019,21.4,Czechia
A,TOTAL,TOTAL,RENT,PC,CZ,2020,21.1,Czechia
A,TOTAL,TOTAL,RENT,PC,CZ,2021,21.7,Czechia
A,TOTAL,TOTAL,RENT,PC,CZ,2022,22.9,Czechia
A,TOTAL,TOTAL,RENT,PC,CZ,2023,24.0,Czechia
A,TOTAL,TOTAL,RENT,PC,CZ,2024,25.3,Czechia
A,TOTAL,TOTAL,RENT,PC,DE,2005,46.7,Germany
A,TOTAL,TOTAL,RENT,PC,DE,2010,46.8,Germany
A,TOTAL,TOTAL,RENT,PC,DE,2011,46.6,Germany
A,TOTAL,TOTAL,RENT,PC,DE,2012,46.7,Germany
A,TOTAL,TOTAL,RENT,PC,DE,2013,47.4,Germany
A,TOTAL,TOTAL,RENT,PC,DE,2014,47.5,Germany
A,TOTAL,TOTAL,RENT,PC,DE,2015,48.1,Germany
A,TOTAL,TOTAL,RENT,PC,DE,2016,48.3,Germany
A,TOTAL,TOTAL,RENT,PC,DE,2017,48.6,Germany
A,TOTAL,TOTAL,RENT,PC,DE,2018,48.5,Germany
A,TOTAL,TOTAL,RENT,PC,DE,2019,48.9,Germany
A,TOTAL,TOTAL,RENT,PC,DE,2020,49.5,Germany
A,TOTAL,TOTAL,RENT,PC,DE,2021,50.9,Germany
A,TOTAL,TOTAL,RENT,PC,DE,2022,53.5,Germany
A,TOTAL,TOTAL,RENT,PC,DE,2023,52.4,Germany
A,TOTAL,TOTAL,RENT,PC,DE,2024,52.8,Germany
A,TOTAL,TOTAL,RENT,PC,DK,2003,34.0,Denmark
A,TOTAL,TOTAL,RENT,PC,DK,2004,32.8,Denmark
A,TOTAL,TOTAL,RENT,PC,DK,2005,33.4,Denmark
A,TOTAL,TOTAL,RENT,PC,DK,2006,32.6,Denmark
A,TOTAL,TOTAL,RENT,PC,DK,2007,32.9,Denmark
A,TOTAL,TOTAL,RENT,PC,DK,2008,33.5,Denmark
A,TOTAL,TOTAL,RENT,PC,DK,2009,33.7,Denmark
A,TOTAL,TOTAL,RENT,PC,DK,2010,33.4,Denmark
A,TOTAL,TOTAL,RENT,PC,DK,2011,31.3,Denmark
A,TOTAL,TOTAL,RENT,PC,DK,2012,34.0,Denmark
A,TOTAL,TOTAL,RENT,PC,DK,2013,35.5,Denmark
A,TOTAL,TOTAL,RENT,PC,DK,2014,36.7,Denmark
A,TOTAL,TOTAL,RENT,PC,DK,2015,37.3,Denmark
A,TOTAL,TOTAL,RENT,PC,DK,2016,38.3,Denmark
A,TOTAL,TOTAL,RENT,PC,DK,2017,37.8,Denmark
A,TOTAL,TOTAL,RENT,PC,DK,2018,39.5,Denmark
A,TOTAL,TOTAL,RENT,PC,DK,2019,39.2,Denmark
A,TOTAL,TOTAL,RENT,PC,DK,2020,40.7,Denmark
A,TOTAL,TOTAL,RENT,PC,DK,2021,40.8,Denmark
A,TOTAL,TOTAL,RENT,PC,DK,2022,40.4,Denmark
A,TOTAL,TOTAL,RENT,PC,DK,2023,40.0,Denmark
A,TOTAL,TOTAL,RENT,PC,DK,2024,39.1,Denmark
A,TOTAL,TOTAL,RENT,PC,EA,2011,33.4,"Euro area (EA11-1999, EA12-2001, EA13-2007, EA15-2008, EA16-2009, EA17-2011, EA18-2014, EA19-2015, EA20-2023, EA21-2026)"
A,TOTAL,TOTAL,RENT,PC,EA,2012,33.1,"Euro area (EA11-1999, EA12-2001, EA13-2007, EA15-2008, EA16-2009, EA17-2011, EA18-2014, EA19-2015, EA20-2023, EA21-2026)"
A,TOTAL,TOTAL,RENT,PC,EA,2013,33.5,"Euro area (EA11-1999, EA12-2001, EA13-2007, EA15-2008, EA16-2009, EA17-2011, EA18-2014, EA19-2015, EA20-2023, EA21-2026)"
A,TOTAL,TOTAL,RENT,PC,EA,2014,33.3,"Euro area (EA11-1999, EA12-2001, EA13-2007, EA15-2008, EA16-2009, EA17-2011, EA18-2014, EA19-2015, EA20-2023, EA21-2026)"
A,TOTAL,TOTAL,RENT,PC,EA,2015,33.6,"Euro area (EA11-1999, EA12-2001, EA13-2007, EA15-2008, EA16-2009, EA17-2011, EA18-2014, EA19-2015, EA20-2023, EA21-2026)"
A,TOTAL,TOTAL,RENT,PC,EA,2016,33.7,"Euro area (EA11-1999, EA12-2001, EA13-2007, EA15-2008, EA16-2009, EA17-2011, EA18-2014, EA19-2015, EA20-2023, EA21-2026)"
A,TOTAL,TOTAL,RENT,PC,EA,2017,33.9,"Euro area (EA11-1999, EA12-2001, EA13-2007, EA15-2008, EA16-2009, EA17-2011, EA18-2014, EA19-2015, EA20-2023, EA21-2026)"
A,TOTAL,TOTAL,RENT,PC,EA,2018,33.8,"Euro area (EA11-1999, EA12-2001, EA13-2007, EA15-2008, EA16-2009, EA17-2011, EA18-2014, EA19-2015, EA20-2023, EA21-2026)"
A,TOTAL,TOTAL,RENT,PC,EA,2019,34.2,"Euro area (EA11-1999, EA12-2001, EA13-2007, EA15-2008, EA16-2009, EA17-2011, EA18-2014, EA19-2015, EA20-2023, EA21-2026)"
A,TOTAL,TOTAL,RENT,PC,EA,2020,34.0,"Euro area (EA11-1999, EA12-2001, EA13-2007, EA15-2008, EA16-2009, EA17-2011, EA18-2014, EA19-2015, EA20-2023, EA21-2026)"
A,TOTAL,TOTAL,RENT,PC,EA,2021,34.2,"Euro area (EA11-1999, EA12-2001, EA13-2007, EA15-2008, EA16-2009, EA17-2011, EA18-2014, EA19-2015, EA20-2023, EA21-2026)"
A,TOTAL,TOTAL,RENT,PC,EA18,2005,36.4,Euro area - 18 countries (2014)
A,TOTAL,TOTAL,RENT,PC,EA18,2007,28.8,Euro area - 18 countries (2014)
A,TOTAL,TOTAL,RENT,PC,EA18,2008,28.5,Euro area - 18 countries (2014)
A,TOTAL,TOTAL,RENT,PC,EA18,2009,28.4,Euro area - 18 countries (2014)
A,TOTAL,TOTAL,RENT,PC,EA18,2010,33.4,Euro area - 18 countries (2014)
A,TOTAL,TOTAL,RENT,PC,EA18,2011,33.3,Euro area - 18 countries (2014)
A,TOTAL,TOTAL,RENT,PC,EA18,2012,33.0,Euro area - 18 countries (2014)
A,TOTAL,TOTAL,RENT,PC,EA18,2013,33.4,Euro area - 18 countries (2014)
A,TOTAL,TOTAL,RENT,PC,EA18,2014,33.3,Euro area - 18 countries (2014)
A,TOTAL,TOTAL,RENT,PC,EA18,2015,33.8,Euro area - 18 countries (2014)
A,TOTAL,TOTAL,RENT,PC,EA18,2016,33.9,Euro area - 18 countries (2014)
A,TOTAL,TOTAL,RENT,PC,EA18,2017,34.1,Euro area - 18 countries (2014)
A,TOTAL,TOTAL,RENT,PC,EA18,2018,34.0,Euro area - 18 countries (2014)
A,TOTAL,TOTAL,RENT,PC,EA18,2019,34.4,Euro area - 18 countries (2014)
A,TOTAL,TOTAL,RENT,PC,EA18,2020,34.2,Euro area - 18 countries (2014)
A,TOTAL,TOTAL,RENT,PC,EA19,2005,36.0,Euro area - 19 countries  (2015-2022)
A,TOTAL,TOTAL,RENT,PC,EA19,2007,28.6,Euro area - 19 countries  (2015-2022)
A,TOTAL,TOTAL,RENT,PC,EA19,2008,28.3,Euro area - 19 countries  (2015-2022)
A,TOTAL,TOTAL,RENT,PC,EA19,2009,28.1,Euro area - 19 countries  (2015-2022)
A,TOTAL,TOTAL,RENT,PC,EA19,2010,33.2,Euro area - 19 countries  (2015-2022)
A,TOTAL,TOTAL,RENT,PC,EA19,2011,33.1,Euro area - 19 countries  (2015-2022)
A,TOTAL,TOTAL,RENT,PC,EA19,2012,32.8,Euro area - 19 countries  (2015-2022)
A,TOTAL,TOTAL,RENT,PC,EA19,2013,33.1,Euro area - 19 countries  (2015-2022)
A,TOTAL,TOTAL,RENT,PC,EA19,2014,33.1,Euro area - 19 countries  (2015-2022)
A,TOTAL,TOTAL,RENT,PC,EA19,2015,33.6,Euro area - 19 countries  (2015-2022)
A,TOTAL,TOTAL,RENT,PC,EA19,2016,33.7,Euro area - 19 countries  (2015-2022)
A,TOTAL,TOTAL,RENT,PC,EA19,2017,33.9,Euro area - 19 countries  (2015-2022)
A,TOTAL,TOTAL,RENT,PC,EA19,2018,33.8,Euro area - 19 countries  (2015-2022)
A,TOTAL,TOTAL,RENT,PC,EA19,2019,34.2,Euro area - 19 countries  (2015-2022)
A,TOTAL,TOTAL,RENT,PC,EA19,2020,34.0,Euro area - 19 countries  (2015-2022)
A,TOTAL,TOTAL,RENT,PC,EA19,2021,34.2,Euro area - 19 countries  (2015-2022)
A,TOTAL,TOTAL,RENT,PC,EA20,2014,33.0,Euro area – 20 countries (2023-2025)
A,TOTAL,TOTAL,RENT,PC,EA20,2015,33.3,Euro area – 20 countries (2023-2025)
A,TOTAL,TOTAL,RENT,PC,EA20,2016,33.4,Euro area – 20 countries (2023-2025)
A,TOTAL,TOTAL,RENT,PC,EA20,2017,33.6,Euro area – 20 countries (2023-2025)
A,TOTAL,TOTAL,RENT,PC,EA20,2018,33.6,Euro area – 20 countries (2023-2025)
A,TOTAL,TOTAL,RENT,PC,EA20,2019,33.9,Euro area – 20 countries (2023-2025)
A,TOTAL,TOTAL,RENT,PC,EA20,2020,33.8,Euro area – 20 countries (2023-2025)
A,TOTAL,TOTAL,RENT,PC,EA20,2021,34.0,Euro area – 20 countries (2023-2025)
A,TOTAL,TOTAL,RENT,PC,EA20,2022,34.8,Euro area – 20 countries (2023-2025)
A,TOTAL,TOTAL,RENT,PC,EA20,2023,34.8,Euro area – 20 countries (2023-2025)
A,TOTAL,TOTAL,RENT,PC,EA20,2024,35.5,Euro area – 20 countries (2023-2025)
A,TOTAL,TOTAL,RENT,PC,EA21,2014,32.5,Euro area – 21 countries (from 2026)
A,TOTAL,TOTAL,RENT,PC,EA21,2015,33.0,Euro area – 21 countries (from 2026)
A,TOTAL,TOTAL,RENT,PC,EA21,2016,33.1,Euro area – 21 countries (from 2026)
A,TOTAL,TOTAL,RENT,PC,EA21,2017,33.3,Euro area – 21 countries (from 2026)
A,TOTAL,TOTAL,RENT,PC,EA21,2018,33.2,Euro area – 21 countries (from 2026)
A,TOTAL,TOTAL,RENT,PC,EA21,2019,33.5,Euro area – 21 countries (from 2026)
A,TOTAL,TOTAL,RENT,PC,EA21,2020,33.4,Euro area – 21 countries (from 2026)
A,TOTAL,TOTAL,RENT,PC,EA21,2021,33.6,Euro area – 21 countries (from 2026)
A,TOTAL,TOTAL,RENT,PC,EA21,2022,34.5,Euro area – 21 countries (from 2026)
A,TOTAL,TOTAL,RENT,PC,EA21,2023,34.4,Euro area – 21 countries (from 2026)
A,TOTAL,TOTAL,RENT,PC,EA21,2024,35.1,Euro area – 21 countries (from 2026)
A,TOTAL,TOTAL,RENT,PC,EE,2006,12.2,Estonia
A,TOTAL,TOTAL,RENT,PC,EE,2007,13.2,Estonia
A,TOTAL,TOTAL,RENT,PC,EE,2008,11.1,Estonia
A,TOTAL,TOTAL,RENT,PC,EE,2009,12.9,Estonia
A,TOTAL,TOTAL,RENT,PC,EE,2010,14.5,Estonia
A,TOTAL,TOTAL,RENT,PC,EE,2011,16.5,Estonia
A,TOTAL,TOTAL,RENT,PC,EE,2012,17.8,Estonia
A,TOTAL,TOTAL,RENT,PC,EE,2013,18.9,Estonia
A,TOTAL,TOTAL,RENT,PC,EE,2014,18.5,Estonia
A,TOTAL,TOTAL,RENT,PC,EE,2015,18.5,Estonia
A,TOTAL,TOTAL,RENT,PC,EE,2016,18.6,Estonia
A,TOTAL,TOTAL,RENT,PC,EE,2017,18.2,Estonia
A,TOTAL,TOTAL,RENT,PC,EE,2018,17.6,Estonia
A,TOTAL,TOTAL,RENT,PC,EE,2019,18.3,Estonia
A,TOTAL,TOTAL,RENT,PC,EE,2020,18.6,Estonia
A,TOTAL,TOTAL,RENT,PC,EE,2021,18.4,Estonia
A,TOTAL,TOTAL,RENT,PC,EE,2022,18.0,Estonia
A,TOTAL,TOTAL,RENT,PC,EE,2023,19.3,Estonia
A,TOTAL,TOTAL,RENT,PC,EE,2024,20.7,Estonia
A,TOTAL,TOTAL,RENT,PC,EL,2003,24.7,Greece
A,TOTAL,TOTAL,RENT,PC,EL,2007,24.4,Greece
A,TOTAL,TOTAL,RENT,PC,EL,2008,23.3,Greece
A,TOTAL,TOTAL,RENT,PC,EL,2009,23.6,Greece
A,TOTAL,TOTAL,RENT,PC,EL,2010,22.8,Greece
A,TOTAL,TOTAL,RENT,PC,EL,2011,24.1,Greece
A,TOTAL,TOTAL,RENT,PC,EL,2012,24.1,Greece
A,TOTAL,TOTAL,RENT,PC,EL,2013,24.2,Greece
A,TOTAL,TOTAL,RENT,PC,EL,2014,26.0,Greece
A,TOTAL,TOTAL,RENT,PC,EL,2015,24.9,Greece
A,TOTAL,TOTAL,RENT,PC,EL,2016,26.1,Greece
A,TOTAL,TOTAL,RENT,PC,EL,2017,26.7,Greece
A,TOTAL,TOTAL,RENT,PC,EL,2018,26.5,Greece
A,TOTAL,TOTAL,RENT,PC,EL,2019,24.6,Greece
A,TOTAL,TOTAL,RENT,PC,EL,2020,26.1,Greece
A,TOTAL,TOTAL,RENT,PC,EL,2021,26.7,Greece
A,TOTAL,TOTAL,RENT,PC,EL,2022,27.2,Greece
A,TOTAL,TOTAL,RENT,PC,EL,2023,30.4,Greece
A,TOTAL,TOTAL,RENT,PC,EL,2024,30.3,Greece
A,TOTAL,TOTAL,RENT,PC,ES,2007,19.4,Spain
A,TOTAL,TOTAL,RENT,PC,ES,2008,19.8,Spain
A,TOTAL,TOTAL,RENT,PC,ES,2009,20.4,Spain
A,TOTAL,TOTAL,RENT,PC,ES,2010,20.2,Spain
A,TOTAL,TOTAL,RENT,PC,ES,2011,20.3,Spain
A,TOTAL,TOTAL,RENT,PC,ES,2012,21.1,Spain
A,TOTAL,TOTAL,RENT,PC,ES,2013,22.3,Spain
A,TOTAL,TOTAL,RENT,PC,ES,2014,21.2,Spain
A,TOTAL,TOTAL,RENT,PC,ES,2015,21.8,Spain
A,TOTAL,TOTAL,RENT,PC,ES,2016,22.2,Spain
A,TOTAL,TOTAL,RENT,PC,ES,2017,22.9,Spain
A,TOTAL,TOTAL,RENT,PC,ES,2018,23.7,Spain
A,TOTAL,TOTAL,RENT,PC,ES,2019,23.8,Spain
A,TOTAL,TOTAL,RENT,PC,ES,2020,24.9,Spain
A,TOTAL,TOTAL,RENT,PC,ES,2021,24.2,Spain
A,TOTAL,TOTAL,RENT,PC,ES,2022,24.0,Spain
A,TOTAL,TOTAL,RENT,PC,ES,2023,24.7,Spain
A,TOTAL,TOTAL,RENT,PC,ES,2024,26.3,Spain
A,TOTAL,TOTAL,RENT,PC,EU,2011,29.5,"European Union (EU6-1958, EU9-1973, EU10-1981, EU12-1986, EU15-1995, EU25-2004, EU27-2007, EU28-2013, EU27-2020)"
A,TOTAL,TOTAL,RENT,PC,EU,2012,29.5,"European Union (EU6-1958, EU9-1973, EU10-1981, EU12-1986, EU15-1995, EU25-2004, EU27-2007, EU28-2013, EU27-2020)"
A,TOTAL,TOTAL,RENT,PC,EU,2013,30.0,"European Union (EU6-1958, EU9-1973, EU10-1981, EU12-1986, EU15-1995, EU25-2004, EU27-2007, EU28-2013, EU27-2020)"
A,TOTAL,TOTAL,RENT,PC,EU,2014,30.1,"European Union (EU6-1958, EU9-1973, EU10-1981, EU12-1986, EU15-1995, EU25-2004, EU27-2007, EU28-2013, EU27-2020)"
A,TOTAL,TOTAL,RENT,PC,EU,2015,30.6,"European Union (EU6-1958, EU9-1973, EU10-1981, EU12-1986, EU15-1995, EU25-2004, EU27-2007, EU28-2013, EU27-2020)"
A,TOTAL,TOTAL,RENT,PC,EU,2016,30.8,"European Union (EU6-1958, EU9-1973, EU10-1981, EU12-1986, EU15-1995, EU25-2004, EU27-2007, EU28-2013, EU27-2020)"
A,TOTAL,TOTAL,RENT,PC,EU,2017,30.7,"European Union (EU6-1958, EU9-1973, EU10-1981, EU12-1986, EU15-1995, EU25-2004, EU27-2007, EU28-2013, EU27-2020)"
A,TOTAL,TOTAL,RENT,PC,EU,2018,30.7,"European Union (EU6-1958, EU9-1973, EU10-1981, EU12-1986, EU15-1995, EU25-2004, EU27-2007, EU28-2013, EU27-2020)"
A,TOTAL,TOTAL,RENT,PC,EU,2019,30.8,"European Union (EU6-1958, EU9-1973, EU10-1981, EU12-1986, EU15-1995, EU25-2004, EU27-2007, EU28-2013, EU27-2020)"
A,TOTAL,TOTAL,RENT,PC,EU27_2007,2007,27.2,European Union - 27 countries (2007-2013)
A,TOTAL,TOTAL,RENT,PC,EU27_2007,2008,26.8,European Union - 27 countries (2007-2013)
A,TOTAL,TOTAL,RENT,PC,EU27_2007,2009,26.9,European Union - 27 countries (2007-2013)
A,TOTAL,TOTAL,RENT,PC,EU27_2007,2010,29.6,European Union - 27 countries (2007-2013)
A,TOTAL,TOTAL,RENT,PC,EU27_2007,2011,29.7,European Union - 27 countries (2007-2013)
A,TOTAL,TOTAL,RENT,PC,EU27_2007,2012,29.7,European Union - 27 countries (2007-2013)
A,TOTAL,TOTAL,RENT,PC,EU27_2007,2013,30.2,European Union - 27 countries (2007-2013)
A,TOTAL,TOTAL,RENT,PC,EU27_2007,2014,30.3,European Union - 27 countries (2007-2013)
A,TOTAL,TOTAL,RENT,PC,EU27_2007,2015,30.8,European Union - 27 countries (2007-2013)
A,TOTAL,TOTAL,RENT,PC,EU27_2007,2016,31.0,European Union - 27 countries (2007-2013)
A,TOTAL,TOTAL,RENT,PC,EU27_2007,2017,30.8,European Union - 27 countries (2007-2013)
A,TOTAL,TOTAL,RENT,PC,EU27_2007,2018,30.8,European Union - 27 countries (2007-2013)
A,TOTAL,TOTAL,RENT,PC,EU27_2007,2019,31.0,European Union - 27 countries (2007-2013)
A,TOTAL,TOTAL,RENT,PC,EU27_2020,2010,29.3,European Union - 27 countries (from 2020)
A,TOTAL,TOTAL,RENT,PC,EU27_2020,2011,29.2,European Union - 27 countries (from 2020)
A,TOTAL,TOTAL,RENT,PC,EU27_2020,2012,29.0,European Union - 27 countries (from 2020)
A,TOTAL,TOTAL,RENT,PC,EU27_2020,2013,29.3,European Union - 27 countries (from 2020)
A,TOTAL,TOTAL,RENT,PC,EU27_2020,2014,29.3,European Union - 27 countries (from 2020)
A,TOTAL,TOTAL,RENT,PC,EU27_2020,2015,29.8,European Union - 27 countries (from 2020)
A,TOTAL,TOTAL,RENT,PC,EU27_2020,2016,29.9,European Union - 27 countries (from 2020)
A,TOTAL,TOTAL,RENT,PC,EU27_2020,2017,30.0,European Union - 27 countries (from 2020)
A,TOTAL,TOTAL,RENT,PC,EU27_2020,2018,30.1,European Union - 27 countries (from 2020)
A,TOTAL,TOTAL,RENT,PC,EU27_2020,2019,30.2,European Union - 27 countries (from 2020)
A,TOTAL,TOTAL,RENT,PC,EU27_2020,2020,30.0,European Union - 27 countries (from 2020)
A,TOTAL,TOTAL,RENT,PC,EU27_2020,2021,30.2,European Union - 27 countries (from 2020)
A,TOTAL,TOTAL,RENT,PC,EU27_2020,2022,30.9,European Union - 27 countries (from 2020)
A,TOTAL,TOTAL,RENT,PC,EU27_2020,2023,30.9,European Union - 27 countries (from 2020)
A,TOTAL,TOTAL,RENT,PC,EU27_2020,2024,31.6,European Union - 27 countries (from 2020)
A,TOTAL,TOTAL,RENT,PC,EU28,2010,29.4,European Union - 28 countries (2013-2020)
A,TOTAL,TOTAL,RENT,PC,EU28,2011,29.6,European Union - 28 countries (2013-2020)
A,TOTAL,TOTAL,RENT,PC,EU28,2012,29.5,European Union - 28 countries (2013-2020)
A,TOTAL,TOTAL,RENT,PC,EU28,2013,30.0,European Union - 28 countries (2013-2020)
A,TOTAL,TOTAL,RENT,PC,EU28,2014,30.1,European Union - 28 countries (2013-2020)
A,TOTAL,TOTAL,RENT,PC,EU28,2015,30.6,European Union - 28 countries (2013-2020)
A,TOTAL,TOTAL,RENT,PC,EU28,2016,30.8,European Union - 28 countries (2013-2020)
A,TOTAL,TOTAL,RENT,PC,EU28,2017,30.7,European Union - 28 countries (2013-2020)
A,TOTAL,TOTAL,RENT,PC,EU28,2018,30.7,European Union - 28 countries (2013-2020)
A,TOTAL,TOTAL,RENT,PC,EU28,2019,30.8,European Union - 28 countries (2013-2020)
A,TOTAL,TOTAL,RENT,PC,FI,2004,28.6,Finland
A,TOTAL,TOTAL,RENT,PC,FI,2005,28.2,Finland
A,TOTAL,TOTAL,RENT,PC,FI,2006,26.7,Finland
A,TOTAL,TOTAL,RENT,PC,FI,2007,26.4,Finland
A,TOTAL,TOTAL,RENT,PC,FI,2008,26.8,Finland
A,TOTAL,TOTAL,RENT,PC,FI,2009,25.9,Finland
A,TOTAL,TOTAL,RENT,PC,FI,2010,25.7,Finland
A,TOTAL,TOTAL,RENT,PC,FI,2011,25.9,Finland
A,TOTAL,TOTAL,RENT,PC,FI,2012,26.1,Finland
A,TOTAL,TOTAL,RENT,PC,FI,2013,26.4,Finland
A,TOTAL,TOTAL,RENT,PC,FI,2014,26.8,Finland
A,TOTAL,TOTAL,RENT,PC,FI,2015,27.3,Finland
A,TOTAL,TOTAL,RENT,PC,FI,2016,28.4,Finland
A,TOTAL,TOTAL,RENT,PC,FI,2017,28.6,Finland
A,TOTAL,TOTAL,RENT,PC,FI,2018,28.4,Finland
A,TOTAL,TOTAL,RENT,PC,FI,2019,28.9,Finland
A,TOTAL,TOTAL,RENT,PC,FI,2020,29.3,Finland
A,TOTAL,TOTAL,RENT,PC,FI,2021,29.7,Finland
A,TOTAL,TOTAL,RENT,PC,FI,2022,30.5,Finland
A,TOTAL,TOTAL,RENT,PC,FI,2023,30.8,Finland
A,TOTAL,TOTAL,RENT,PC,FI,2024,31.9,Finland
A,TOTAL,TOTAL,RENT,PC,FR,2005,38.2,France
A,TOTAL,TOTAL,RENT,PC,FR,2006,37.5,France
A,TOTAL,TOTAL,RENT,PC,FR,2007,39.5,France
A,TOTAL,TOTAL,RENT,PC,FR,2008,37.9,France
A,TOTAL,TOTAL,RENT,PC,FR,2009,37.0,France
A,TOTAL,TOTAL,RENT,PC,FR,2010,38.0,France
A,TOTAL,TOTAL,RENT,PC,FR,2011,36.9,France
A,TOTAL,TOTAL,RENT,PC,FR,2012,36.3,France
A,TOTAL,TOTAL,RENT,PC,FR,2013,35.7,France
A,TOTAL,TOTAL,RENT,PC,FR,2014,35.0,France
A,TOTAL,TOTAL,RENT,PC,FR,2015,35.9,France
A,TOTAL,TOTAL,RENT,PC,FR,2016,35.1,France
A,TOTAL,TOTAL,RENT,PC,FR,2017,35.6,France
A,TOTAL,TOTAL,RENT,PC,FR,2018,34.9,France
A,TOTAL,TOTAL,RENT,PC,FR,2019,35.9,France
A,TOTAL,TOTAL,RENT,PC,FR,2020,36.4,France
A,TOTAL,TOTAL,RENT,PC,FR,2021,35.3,France
A,TOTAL,TOTAL,RENT,PC,FR,2022,36.6,France
A,TOTAL,TOTAL,RENT,PC,FR,2023,36.9,France
A,TOTAL,TOTAL,RENT,PC,FR,2024,38.8,France
A,TOTAL,TOTAL,RENT,PC,HR,2010,11.8,Croatia
A,TOTAL,TOTAL,RENT,PC,HR,2011,9.9,Croatia
A,TOTAL,TOTAL,RENT,PC,HR,2012,10.4,Croatia
A,TOTAL,TOTAL,RENT,PC,HR,2013,11.5,Croatia
A,TOTAL,TOTAL,RENT,PC,HR,2014,10.3,Croatia
A,TOTAL,TOTAL,RENT,PC,HR,2015,9.7,Croatia
A,TOTAL,TOTAL,RENT,PC,HR,2016,10.0,Croatia
A,TOTAL,TOTAL,RENT,PC,HR,2017,9.5,Croatia
A,TOTAL,TOTAL,RENT,PC,HR,2018,9.9,Croatia
A,TOTAL,TOTAL,RENT,PC,HR,2019,10.3,Croatia
A,TOTAL,TOTAL,RENT,PC,HR,2020,8.7,Croatia
A,TOTAL,TOTAL,RENT,PC,HR,2021,9.5,Croatia
A,TOTAL,TOTAL,RENT,PC,HR,2022,8.9,Croatia
A,TOTAL,TOTAL,RENT,PC,HR,2023,8.8,Croatia
A,TOTAL,TOTAL,RENT,PC,HR,2024,9.0,Croatia
A,TOTAL,TOTAL,RENT,PC,HU,2005,11.9,Hungary
A,TOTAL,TOTAL,RENT,PC,HU,2006,12.4,Hungary
A,TOTAL,TOTAL,RENT,PC,HU,2007,11.5,Hungary
A,TOTAL,TOTAL,RENT,PC,HU,2008,11.0,Hungary
A,TOTAL,TOTAL,RENT,PC,HU,2009,10.2,Hungary
A,TOTAL,TOTAL,RENT,PC,HU,2010,10.3,Hungary
A,TOTAL,TOTAL,RENT,PC,HU,2011,10.7,Hungary
A,TOTAL,TOTAL,RENT,PC,HU,2012,10.2,Hungary
A,TOTAL,TOTAL,RENT,PC,HU,2013,11.3,Hungary
A,TOTAL,TOTAL,RENT,PC,HU,2014,11.8,Hungary
A,TOTAL,TOTAL,RENT,PC,HU,2015,13.7,Hungary
A,TOTAL,TOTAL,RENT,PC,HU,2016,13.7,Hungary
A,TOTAL,TOTAL,RENT,PC,HU,2017,14.8,Hungary
A,TOTAL,TOTAL,RENT,PC,HU,2018,14.0,Hungary
A,TOTAL,TOTAL,RENT,PC,HU,2019,8.3,Hungary
A,TOTAL,TOTAL,RENT,PC,HU,2020,8.6,Hungary
A,TOTAL,TOTAL,RENT,PC,HU,2021,8.1,Hungary
A,TOTAL,TOTAL,RENT,PC,HU,2022,9.8,Hungary
A,TOTAL,TOTAL,RENT,PC,HU,2023,9.5,Hungary
A,TOTAL,TOTAL,RENT,PC,HU,2024,8.4,Hungary
A,TOTAL,TOTAL,RENT,PC,IE,2003,20.2,Ireland
A,TOTAL,TOTAL,RENT,PC,IE,2004,18.2,Ireland
A,TOTAL,TOTAL,RENT,PC,IE,2005,21.8,Ireland
A,TOTAL,TOTAL,RENT,PC,IE,2006,22.0,Ireland
A,TOTAL,TOTAL,RENT,PC,IE,2007,21.9,Ireland
A,TOTAL,TOTAL,RENT,PC,IE,2008,22.7,Ireland
A,TOTAL,TOTAL,RENT,PC,IE,2009,26.3,Ireland
A,TOTAL,TOTAL,RENT,PC,IE,2010,26.7,Ireland
A,TOTAL,TOTAL,RENT,PC,IE,2011,29.8,Ireland
A,TOTAL,TOTAL,RENT,PC,IE,2012,30.4,Ireland
A,TOTAL,TOTAL,RENT,PC,IE,2013,30.1,Ireland
A,TOTAL,TOTAL,RENT,PC,IE,2014,31.6,Ireland
A,TOTAL,TOTAL,RENT,PC,IE,2015,30.4,Ireland
A,TOTAL,TOTAL,RENT,PC,IE,2016,30.5,Ireland
A,TOTAL,TOTAL,RENT,PC,IE,2017,30.5,Ireland
A,TOTAL,TOTAL,RENT,PC,IE,2018,29.7,Ireland
A,TOTAL,TOTAL,RENT,PC,IE,2019,31.1,Ireland
A,TOTAL,TOTAL,RENT,PC,IE,2020,30.4,Ireland
A,TOTAL,TOTAL,RENT,PC,IE,2021,30.2,Ireland
A,TOTAL,TOTAL,RENT,PC,IE,2022,29.5,Ireland
A,TOTAL,TOTAL,RENT,PC,IE,2023,30.6,Ireland
A,TOTAL,TOTAL,RENT,PC,IE,2024,30.7,Ireland
A,TOTAL,TOTAL,RENT,PC,IS,2004,14.7,Iceland
A,TOTAL,TOTAL,RENT,PC,IS,2005,13.2,Iceland
A,TOTAL,TOTAL,RENT,PC,IS,2006,13.8,Iceland
A,TOTAL,TOTAL,RENT,PC,IS,2007,13.6,Iceland
A,TOTAL,TOTAL,RENT,PC,IS,2008,14.2,Iceland
A,TOTAL,TOTAL,RENT,PC,IS,2009,15.8,Iceland
A,TOTAL,TOTAL,RENT,PC,IS,2010,18.7,Iceland
A,TOTAL,TOTAL,RENT,PC,IS,2011,22.1,Iceland
A,TOTAL,TOTAL,RENT,PC,IS,2012,22.7,Iceland
A,TOTAL,TOTAL,RENT,PC,IS,2013,22.5,Iceland
A,TOTAL,TOTAL,RENT,PC,IS,2014,21.8,Iceland
A,TOTAL,TOTAL,RENT,PC,IS,2015,22.2,Iceland
A,TOTAL,TOTAL,RENT,PC,IS,2016,21.3,Iceland
A,TOTAL,TOTAL,RENT,PC,IS,2017,25.9,Iceland
A,TOTAL,TOTAL,RENT,PC,IS,2018,26.4,Iceland
A,TOTAL,TOTAL,RENT,PC,IS,2019,18.9,Iceland
A,TOTAL,TOTAL,RENT,PC,IS,2020,18.3,Iceland
A,TOTAL,TOTAL,RENT,PC,IT,2004,27.3,Italy
A,TOTAL,TOTAL,RENT,PC,IT,2005,26.8,Italy
A,TOTAL,TOTAL,RENT,PC,IT,2006,27.1,Italy
A,TOTAL,TOTAL,RENT,PC,IT,2007,26.8,Italy
A,TOTAL,TOTAL,RENT,PC,IT,2008,27.2,Italy
A,TOTAL,TOTAL,RENT,PC,IT,2009,27.2,Italy
A,TOTAL,TOTAL,RENT,PC,IT,2010,27.4,Italy
A,TOTAL,TOTAL,RENT,PC,IT,2011,26.8,Italy
A,TOTAL,TOTAL,RENT,PC,IT,2012,25.8,Italy
A,TOTAL,TOTAL,RENT,PC,IT,2013,26.7,Italy
A,TOTAL,TOTAL,RENT,PC,IT,2014,26.9,Italy
A,TOTAL,TOTAL,RENT,PC,IT,2015,27.1,Italy
A,TOTAL,TOTAL,RENT,PC,IT,2016,27.7,Italy
A,TOTAL,TOTAL,RENT,PC,IT,2017,27.6,Italy
A,TOTAL,TOTAL,RENT,PC,IT,2018,27.6,Italy
A,TOTAL,TOTAL,RENT,PC,IT,2019,27.6,Italy
A,TOTAL,TOTAL,RENT,PC,IT,2020,24.9,Italy
A,TOTAL,TOTAL,RENT,PC,IT,2021,26.3,Italy
A,TOTAL,TOTAL,RENT,PC,IT,2022,25.7,Italy
A,TOTAL,TOTAL,RENT,PC,IT,2023,24.8,Italy
A,TOTAL,TOTAL,RENT,PC,IT,2024,24.1,Italy
A,TOTAL,TOTAL,RENT,PC,LT,2005,11.7,Lithuania
A,TOTAL,TOTAL,RENT,PC,LT,2006,8.2,Lithuania
A,TOTAL,TOTAL,RENT,PC,LT,2007,10.6,Lithuania
A,TOTAL,TOTAL,RENT,PC,LT,2008,7.8,Lithuania
A,TOTAL,TOTAL,RENT,PC,LT,2009,8.5,Lithuania
A,TOTAL,TOTAL,RENT,PC,LT,2010,6.4,Lithuania
A,TOTAL,TOTAL,RENT,PC,LT,2011,7.8,Lithuania
A,TOTAL,TOTAL,RENT,PC,LT,2012,8.1,Lithuania
A,TOTAL,TOTAL,RENT,PC,LT,2013,7.8,Lithuania
A,TOTAL,TOTAL,RENT,PC,LT,2014,10.1,Lithuania
A,TOTAL,TOTAL,RENT,PC,LT,2015,10.6,Lithuania
A,TOTAL,TOTAL,RENT,PC,LT,2016,9.7,Lithuania
A,TOTAL,TOTAL,RENT,PC,LT,2017,10.3,Lithuania
A,TOTAL,TOTAL,RENT,PC,LT,2018,10.1,Lithuania
A,TOTAL,TOTAL,RENT,PC,LT,2019,9.7,Lithuania
A,TOTAL,TOTAL,RENT,PC,LT,2020,11.4,Lithuania
A,TOTAL,TOTAL,RENT,PC,LT,2021,11.0,Lithuania
A,TOTAL,TOTAL,RENT,PC,LT,2022,11.4,Lithuania
A,TOTAL,TOTAL,RENT,PC,LT,2023,11.2,Lithuania
A,TOTAL,TOTAL,RENT,PC,LT,2024,12.6,Lithuania
A,TOTAL,TOTAL,RENT,PC,LU,2007,25.5,Luxembourg
A,TOTAL,TOTAL,RENT,PC,LU,2008,26.2,Luxembourg
A,TOTAL,TOTAL,RENT,PC,LU,2009,29.6,Luxembourg
A,TOTAL,TOTAL,RENT,PC,LU,2010,31.9,Luxembourg
A,TOTAL,TOTAL,RENT,PC,LU,2011,31.8,Luxembourg
A,TOTAL,TOTAL,RENT,PC,LU,2012,29.2,Luxembourg
A,TOTAL,TOTAL,RENT,PC,LU,2013,27.0,Luxembourg
A,TOTAL,TOTAL,RENT,PC,LU,2014,27.5,Luxembourg
A,TOTAL,TOTAL,RENT,PC,LU,2015,26.8,Luxembourg
A,TOTAL,TOTAL,RENT,PC,LU,2016,26.1,Luxembourg
A,TOTAL,TOTAL,RENT,PC,LU,2017,25.3,Luxembourg
A,TOTAL,TOTAL,RENT,PC,LU,2018,28.8,Luxembourg
A,TOTAL,TOTAL,RENT,PC,LU,2019,29.1,Luxembourg
A,TOTAL,TOTAL,RENT,PC,LU,2020,31.6,Luxembourg
A,TOTAL,TOTAL,RENT,PC,LU,2021,28.9,Luxembourg
A,TOTAL,TOTAL,RENT,PC,LU,2022,27.6,Luxembourg
A,TOTAL,TOTAL,RENT,PC,LU,2023,32.4,Luxembourg
A,TOTAL,TOTAL,RENT,PC,LU,2024,36.5,Luxembourg
A,TOTAL,TOTAL,RENT,PC,LV,2007,14.0,Latvia
A,TOTAL,TOTAL,RENT,PC,LV,2008,14.0,Latvia
A,TOTAL,TOTAL,RENT,PC,LV,2009,12.8,Latvia
A,TOTAL,TOTAL,RENT,PC,LV,2010,15.7,Latvia
A,TOTAL,TOTAL,RENT,PC,LV,2011,17.2,Latvia
A,TOTAL,TOTAL,RENT,PC,LV,2012,18.5,Latvia
A,TOTAL,TOTAL,RENT,PC,LV,2013,18.8,Latvia
A,TOTAL,TOTAL,RENT,PC,LV,2014,19.1,Latvia
A,TOTAL,TOTAL,RENT,PC,LV,2015,19.8,Latvia
A,TOTAL,TOTAL,RENT,PC,LV,2016,19.1,Latvia
A,TOTAL,TOTAL,RENT,PC,LV,2017,18.5,Latvia
A,TOTAL,TOTAL,RENT,PC,LV,2018,18.4,Latvia
A,TOTAL,TOTAL,RENT,PC,LV,2019,19.8,Latvia
A,TOTAL,TOTAL,RENT,PC,LV,2020,18.8,Latvia
A,TOTAL,TOTAL,RENT,PC,LV,2021,16.8,Latvia
A,TOTAL,TOTAL,RENT,PC,LV,2022,16.9,Latvia
A,TOTAL,TOTAL,RENT,PC,LV,2023,17.2,Latvia
A,TOTAL,TOTAL,RENT,PC,LV,2024,16.3,Latvia
A,TOTAL,TOTAL,RENT,PC,ME,2013,11.7,Montenegro
A,TOTAL,TOTAL,RENT,PC,ME,2014,10.4,Montenegro
A,TOTAL,TOTAL,RENT,PC,ME,2015,11.3,Montenegro
A,TOTAL,TOTAL,RENT,PC,ME,2016,9.3,Montenegro
A,TOTAL,TOTAL,RENT,PC,ME,2017,11.1,Montenegro
A,TOTAL,TOTAL,RENT,PC,ME,2018,9.8,Montenegro
A,TOTAL,TOTAL,RENT,PC,ME,2019,9.0,Montenegro
A,TOTAL,TOTAL,RENT,PC,ME,2020,9.8,Montenegro
A,TOTAL,TOTAL,RENT,PC,ME,2021,8.5,Montenegro
A,TOTAL,TOTAL,RENT,PC,ME,2022,9.0,Montenegro
A,TOTAL,TOTAL,RENT,PC,ME,2023,9.7,Montenegro
A,TOTAL,TOTAL,RENT,PC,MK,2011,9.5,North Macedonia
A,TOTAL,TOTAL,RENT,PC,MK,2012,10.3,North Macedonia
A,TOTAL,TOTAL,RENT,PC,MK,2013,12.7,North Macedonia
A,TOTAL,TOTAL,RENT,PC,MK,2014,11.2,North Macedonia
A,TOTAL,TOTAL,RENT,PC,MK,2015,9.4,North Macedonia
A,TOTAL,TOTAL,RENT,PC,MK,2016,10.0,North Macedonia
A,TOTAL,TOTAL,RENT,PC,MK,2017,11.3,North Macedonia
A,TOTAL,TOTAL,RENT,PC,MK,2018,11.7,North Macedonia
A,TOTAL,TOTAL,RENT,PC,MK,2019,14.1,North Macedonia
A,TOTAL,TOTAL,RENT,PC,MK,2020,14.2,North Macedonia
A,TOTAL,TOTAL,RENT,PC,MK,2021,10.8,North Macedonia
A,TOTAL,TOTAL,RENT,PC,MK,2022,13.6,North Macedonia
A,TOTAL,TOTAL,RENT,PC,MK,2023,12.9,North Macedonia
A,TOTAL,TOTAL,RENT,PC,MK,2024,13.0,North Macedonia
A,TOTAL,TOTAL,RENT,PC,MT,2005,20.4,Malta
A,TOTAL,TOTAL,RENT,PC,MT,2006,19.9,Malta
A,TOTAL,TOTAL,RENT,PC,MT,2007,20.2,Malta
A,TOTAL,TOTAL,RENT,PC,MT,2008,20.1,Malta
A,TOTAL,TOTAL,RENT,PC,MT,2009,21.5,Malta
A,TOTAL,TOTAL,RENT,PC,MT,2010,20.5,Malta
A,TOTAL,TOTAL,RENT,PC,MT,2011,19.8,Malta
A,TOTAL,TOTAL,RENT,PC,MT,2012,18.2,Malta
A,TOTAL,TOTAL,RENT,PC,MT,2013,19.5,Malta
A,TOTAL,TOTAL,RENT,PC,MT,2014,20.2,Malta
A,TOTAL,TOTAL,RENT,PC,MT,2015,19.6,Malta
A,TOTAL,TOTAL,RENT,PC,MT,2016,18.6,Malta
A,TOTAL,TOTAL,RENT,PC,MT,2017,18.7,Malta
A,TOTAL,TOTAL,RENT,PC,MT,2018,18.4,Malta
A,TOTAL,TOTAL,RENT,PC,MT,2019,20.2,Malta
A,TOTAL,TOTAL,RENT,PC,MT,2020,18.1,Malta
A,TOTAL,TOTAL,RENT,PC,MT,2021,18.1,Malta
A,TOTAL,TOTAL,RENT,PC,MT,2022,17.4,Malta
A,TOTAL,TOTAL,RENT,PC,MT,2023,25.3,Malta
A,TOTAL,TOTAL,RENT,PC,MT,2024,30.4,Malta
A,TOTAL,TOTAL,RENT,PC,NL,2005,36.1,Netherlands
A,TOTAL,TOTAL,RENT,PC,NL,2006,34.6,Netherlands
A,TOTAL,TOTAL,RENT,PC,NL,2007,33.4,Netherlands
A,TOTAL,TOTAL,RENT,PC,NL,2008,32.5,Netherlands
A,TOTAL,TOTAL,RENT,PC,NL,2009,31.6,Netherlands
A,TOTAL,TOTAL,RENT,PC,NL,2010,32.8,Netherlands
A,TOTAL,TOTAL,RENT,PC,NL,2011,32.9,Netherlands
A,TOTAL,TOTAL,RENT,PC,NL,2012,32.5,Netherlands
A,TOTAL,TOTAL,RENT,PC,NL,2013,32.9,Netherlands
A,TOTAL,TOTAL,RENT,PC,NL,2014,33.0,Netherlands
A,TOTAL,TOTAL,RENT,PC,NL,2015,32.2,Netherlands
A,TOTAL,TOTAL,RENT,PC,NL,2016,31.0,Netherlands
A,TOTAL,TOTAL,RENT,PC,NL,2017,30.6,Netherlands
A,TOTAL,TOTAL,RENT,PC,NL,2018,31.1,Netherlands
A,TOTAL,TOTAL,RENT,PC,NL,2019,31.1,Netherlands
A,TOTAL,TOTAL,RENT,PC,NL,2020,30.9,Netherlands
A,TOTAL,TOTAL,RENT,PC,NL,2021,29.9,Netherlands
A,TOTAL,TOTAL,RENT,PC,NL,2022,29.4,Netherlands
A,TOTAL,TOTAL,RENT,PC,NL,2023,30.7,Netherlands
A,TOTAL,TOTAL,RENT,PC,NL,2024,31.2,Netherlands
A,TOTAL,TOTAL,RENT,PC,NO,2003,16.8,Norway
A,TOTAL,TOTAL,RENT,PC,NO,2004,17.1,Norway
A,TOTAL,TOTAL,RENT,PC,NO,2005,17.3,Norway
A,TOTAL,TOTAL,RENT,PC,NO,2006,16.3,Norway
A,TOTAL,TOTAL,RENT,PC,NO,2007,16.2,Norway
A,TOTAL,TOTAL,RENT,PC,NO,2008,13.9,Norway
A,TOTAL,TOTAL,RENT,PC,NO,2009,14.6,Norway
A,TOTAL,TOTAL,RENT,PC,NO,2010,17.1,Norway
A,TOTAL,TOTAL,RENT,PC,NO,2011,16.0,Norway
A,TOTAL,TOTAL,RENT,PC,NO,2012,15.2,Norway
A,TOTAL,TOTAL,RENT,PC,NO,2013,16.5,Norway
A,TOTAL,TOTAL,RENT,PC,NO,2014,15.6,Norway
A,TOTAL,TOTAL,RENT,PC,NO,2015,17.2,Norway
A,TOTAL,TOTAL,RENT,PC,NO,2016,17.1,Norway
A,TOTAL,TOTAL,RENT,PC,NO,2017,18.5,Norway
A,TOTAL,TOTAL,RENT,PC,NO,2018,18.7,Norway
A,TOTAL,TOTAL,RENT,PC,NO,2019,19.7,Norway
A,TOTAL,TOTAL,RENT,PC,NO,2020,19.2,Norway
A,TOTAL,TOTAL,RENT,PC,NO,2021,21.7,Norway
A,TOTAL,TOTAL,RENT,PC,NO,2022,20.6,Norway
A,TOTAL,TOTAL,RENT,PC,NO,2023,20.8,Norway
A,TOTAL,TOTAL,RENT,PC,NO,2024,21.2,Norway
A,TOTAL,TOTAL,RENT,PC,PL,2007,37.5,Poland
A,TOTAL,TOTAL,RENT,PC,PL,2008,34.0,Poland
A,TOTAL,TOTAL,RENT,PC,PL,2009,31.3,Poland
A,TOTAL,TOTAL,RENT,PC,PL,2010,18.7,Poland
A,TOTAL,TOTAL,RENT,PC,PL,2011,17.9,Poland
A,TOTAL,TOTAL,RENT,PC,PL,2012,17.6,Poland
A,TOTAL,TOTAL,RENT,PC,PL,2013,16.2,Poland
A,TOTAL,TOTAL,RENT,PC,PL,2014,16.5,Poland
A,TOTAL,TOTAL,RENT,PC,PL,2015,16.3,Poland
A,TOTAL,TOTAL,RENT,PC,PL,2016,16.6,Poland
A,TOTAL,TOTAL,RENT,PC,PL,2017,15.8,Poland
A,TOTAL,TOTAL,RENT,PC,PL,2018,16.0,Poland
A,TOTAL,TOTAL,RENT,PC,PL,2019,15.8,Poland
A,TOTAL,TOTAL,RENT,PC,PL,2020,14.4,Poland
A,TOTAL,TOTAL,RENT,PC,PL,2021,13.2,Poland
A,TOTAL,TOTAL,RENT,PC,PL,2022,12.8,Poland
A,TOTAL,TOTAL,RENT,PC,PL,2023,12.7,Poland
A,TOTAL,TOTAL,RENT,PC,PL,2024,12.9,Poland
A,TOTAL,TOTAL,RENT,PC,PT,2004,25.4,Portugal
A,TOTAL,TOTAL,RENT,PC,PT,2005,25.6,Portugal
A,TOTAL,TOTAL,RENT,PC,PT,2006,24.5,Portugal
A,TOTAL,TOTAL,RENT,PC,PT,2007,25.8,Portugal
A,TOTAL,TOTAL,RENT,PC,PT,2008,25.5,Portugal
A,TOTAL,TOTAL,RENT,PC,PT,2009,25.4,Portugal
A,TOTAL,TOTAL,RENT,PC,PT,2010,25.1,Portugal
A,TOTAL,TOTAL,RENT,PC,PT,2011,25.0,Portugal
A,TOTAL,TOTAL,RENT,PC,PT,2012,25.5,Portugal
A,TOTAL,TOTAL,RENT,PC,PT,2013,25.8,Portugal
A,TOTAL,TOTAL,RENT,PC,PT,2014,25.1,Portugal
A,TOTAL,TOTAL,RENT,PC,PT,2015,25.2,Portugal
A,TOTAL,TOTAL,RENT,PC,PT,2016,24.8,Portugal
A,TOTAL,TOTAL,RENT,PC,PT,2017,25.3,Portugal
A,TOTAL,TOTAL,RENT,PC,PT,2018,25.5,Portugal
A,TOTAL,TOTAL,RENT,PC,PT,2019,26.1,Portugal
A,TOTAL,TOTAL,RENT,PC,PT,2020,22.7,Portugal
A,TOTAL,TOTAL,RENT,PC,PT,2021,21.7,Portugal
A,TOTAL,TOTAL,RENT,PC,PT,2022,22.2,Portugal
A,TOTAL,TOTAL,RENT,PC,PT,2023,24.0,Portugal
A,TOTAL,TOTAL,RENT,PC,PT,2024,26.6,Portugal
A,TOTAL,TOTAL,RENT,PC,RO,2007,4.5,Romania
A,TOTAL,TOTAL,RENT,PC,RO,2008,3.7,Romania
A,TOTAL,TOTAL,RENT,PC,RO,2009,3.3,Romania
A,TOTAL,TOTAL,RENT,PC,RO,2010,2.4,Romania
A,TOTAL,TOTAL,RENT,PC,RO,2011,3.6,Romania
A,TOTAL,TOTAL,RENT,PC,RO,2012,3.7,Romania
A,TOTAL,TOTAL,RENT,PC,RO,2013,4.4,Romania
A,TOTAL,TOTAL,RENT,PC,RO,2014,3.8,Romania
A,TOTAL,TOTAL,RENT,PC,RO,2015,3.6,Romania
A,TOTAL,TOTAL,RENT,PC,RO,2016,4.0,Romania
A,TOTAL,TOTAL,RENT,PC,RO,2017,3.2,Romania
A,TOTAL,TOTAL,RENT,PC,RO,2018,3.6,Romania
A,TOTAL,TOTAL,RENT,PC,RO,2019,4.2,Romania
A,TOTAL,TOTAL,RENT,PC,RO,2020,3.9,Romania
A,TOTAL,TOTAL,RENT,PC,RO,2021,4.7,Romania
A,TOTAL,TOTAL,RENT,PC,RO,2022,5.2,Romania
A,TOTAL,TOTAL,RENT,PC,RO,2023,4.4,Romania
A,TOTAL,TOTAL,RENT,PC,RO,2024,5.7,Romania
A,TOTAL,TOTAL,RENT,PC,RS,2013,18.9,Serbia
A,TOTAL,TOTAL,RENT,PC,RS,2014,18.1,Serbia
A,TOTAL,TOTAL,RENT,PC,RS,2015,18.9,Serbia
A,TOTAL,TOTAL,RENT,PC,RS,2016,17.6,Serbia
A,TOTAL,TOTAL,RENT,PC,RS,2017,18.0,Serbia
A,TOTAL,TOTAL,RENT,PC,RS,2018,15.6,Serbia
A,TOTAL,TOTAL,RENT,PC,RS,2019,17.9,Serbia
A,TOTAL,TOTAL,RENT,PC,RS,2020,15.1,Serbia
A,TOTAL,TOTAL,RENT,PC,RS,2021,11.8,Serbia
A,TOTAL,TOTAL,RENT,PC,RS,2022,9.8,Serbia
A,TOTAL,TOTAL,RENT,PC,RS,2023,10.1,Serbia
A,TOTAL,TOTAL,RENT,PC,RS,2024,11.1,Serbia
A,TOTAL,TOTAL,RENT,PC,SE,2004,33.4,Sweden
A,TOTAL,TOTAL,RENT,PC,SE,2005,31.9,Sweden
A,TOTAL,TOTAL,RENT,PC,SE,2006,31.2,Sweden
A,TOTAL,TOTAL,RENT,PC,SE,2007,30.5,Sweden
A,TOTAL,TOTAL,RENT,PC,SE,2008,33.8,Sweden
A,TOTAL,TOTAL,RENT,PC,SE,2009,33.1,Sweden
A,TOTAL,TOTAL,RENT,PC,SE,2010,32.7,Sweden
A,TOTAL,TOTAL,RENT,PC,SE,2011,34.3,Sweden
A,TOTAL,TOTAL,RENT,PC,SE,2012,33.9,Sweden
A,TOTAL,TOTAL,RENT,PC,SE,2013,33.7,Sweden
A,TOTAL,TOTAL,RENT,PC,SE,2014,34.4,Sweden
A,TOTAL,TOTAL,RENT,PC,SE,2015,33.8,Sweden
A,TOTAL,TOTAL,RENT,PC,SE,2016,34.8,Sweden
A,TOTAL,TOTAL,RENT,PC,SE,2017,34.8,Sweden
A,TOTAL,TOTAL,RENT,PC,SE,2018,35.9,Sweden
A,TOTAL,TOTAL,RENT,PC,SE,2019,36.4,Sweden
A,TOTAL,TOTAL,RENT,PC,SE,2020,35.5,Sweden
A,TOTAL,TOTAL,RENT,PC,SE,2021,35.1,Sweden
A,TOTAL,TOTAL,RENT,PC,SE,2022,35.8,Sweden
A,TOTAL,TOTAL,RENT,PC,SE,2023,35.1,Sweden
A,TOTAL,TOTAL,RENT,PC,SE,2024,35.2,Sweden
A,TOTAL,TOTAL,RENT,PC,SI,2005,16.8,Slovenia
A,TOTAL,TOTAL,RENT,PC,SI,2006,15.5,Slovenia
A,TOTAL,TOTAL,RENT,PC,SI,2007,18.7,Slovenia
A,TOTAL,TOTAL,RENT,PC,SI,2008,18.7,Slovenia
A,TOTAL,TOTAL,RENT,PC,SI,2009,18.7,Slovenia
A,TOTAL,TOTAL,RENT,PC,SI,2010,21.9,Slovenia
A,TOTAL,TOTAL,RENT,PC,SI,2011,22.5,Slovenia
A,TOTAL,TOTAL,RENT,PC,SI,2012,23.8,Slovenia
A,TOTAL,TOTAL,RENT,PC,SI,2013,23.4,Slovenia
A,TOTAL,TOTAL,RENT,PC,SI,2014,23.3,Slovenia
A,TOTAL,TOTAL,RENT,PC,SI,2015,23.8,Slovenia
A,TOTAL,TOTAL,RENT,PC,SI,2016,24.9,Slovenia
A,TOTAL,TOTAL,RENT,PC,SI,2017,24.4,Slovenia
A,TOTAL,TOTAL,RENT,PC,SI,2018,24.9,Slovenia
A,TOTAL,TOTAL,RENT,PC,SI,2019,25.2,Slovenia
A,TOTAL,TOTAL,RENT,PC,SI,2020,25.4,Slovenia
A,TOTAL,TOTAL,RENT,PC,SI,2021,23.9,Slovenia
A,TOTAL,TOTAL,RENT,PC,SI,2022,24.6,Slovenia
A,TOTAL,TOTAL,RENT,PC,SI,2023,24.8,Slovenia
A,TOTAL,TOTAL,RENT,PC,SI,2024,25.2,Slovenia
A,TOTAL,TOTAL,RENT,PC,SK,2005,17.9,Slovakia
A,TOTAL,TOTAL,RENT,PC,SK,2006,11.1,Slovakia
A,TOTAL,TOTAL,RENT,PC,SK,2007,10.9,Slovakia
A,TOTAL,TOTAL,RENT,PC,SK,2008,10.7,Slovakia
A,TOTAL,TOTAL,RENT,PC,SK,2009,10.5,Slovakia
A,TOTAL,TOTAL,RENT,PC,SK,2010,10.0,Slovakia
A,TOTAL,TOTAL,RENT,PC,SK,2011,9.8,Slovakia
A,TOTAL,TOTAL,RENT,PC,SK,2012,9.6,Slovakia
A,TOTAL,TOTAL,RENT,PC,SK,2013,9.5,Slovakia
A,TOTAL,TOTAL,RENT,PC,SK,2014,9.7,Slovakia
A,TOTAL,TOTAL,RENT,PC,SK,2015,10.7,Slovakia
A,TOTAL,TOTAL,RENT,PC,SK,2016,10.5,Slovakia
A,TOTAL,TOTAL,RENT,PC,SK,2017,9.9,Slovakia
A,TOTAL,TOTAL,RENT,PC,SK,2018,8.7,Slovakia
A,TOTAL,TOTAL,RENT,PC,SK,2019,9.1,Slovakia
A,TOTAL,TOTAL,RENT,PC,SK,2020,7.7,Slovakia
A,TOTAL,TOTAL,RENT,PC,SK,2021,7.1,Slovakia
A,TOTAL,TOTAL,RENT,PC,SK,2022,7.0,Slovakia
A,TOTAL,TOTAL,RENT,PC,SK,2023,6.4,Slovakia
A,TOTAL,TOTAL,RENT,PC,SK,2024,6.9,Slovakia
A,TOTAL,TOTAL,RENT,PC,TR,2006,39.3,Türkiye
A,TOTAL,TOTAL,RENT,PC,TR,2007,39.2,Türkiye
A,TOTAL,TOTAL,RENT,PC,TR,2008,39.1,Türkiye
A,TOTAL,TOTAL,RENT,PC,TR,2009,39.2,Türkiye
A,TOTAL,TOTAL,RENT,PC,TR,2011,40.4,Türkiye
A,TOTAL,TOTAL,RENT,PC,TR,2012,39.3,Türkiye
A,TOTAL,TOTAL,RENT,PC,TR,2013,39.3,Türkiye
A,TOTAL,TOTAL,RENT,PC,TR,2014,38.9,Türkiye
A,TOTAL,TOTAL,RENT,PC,TR,2015,39.6,Türkiye
A,TOTAL,TOTAL,RENT,PC,TR,2016,40.3,Türkiye
A,TOTAL,TOTAL,RENT,PC,TR,2017,40.9,Türkiye
A,TOTAL,TOTAL,RENT,PC,TR,2018,41.0,Türkiye
A,TOTAL,TOTAL,RENT,PC,TR,2019,41.2,Türkiye
A,TOTAL,TOTAL,RENT,PC,TR,2020,42.1,Türkiye
A,TOTAL,TOTAL,RENT,PC,TR,2021,42.5,Türkiye
A,TOTAL,TOTAL,RENT,PC,TR,2022,43.3,Türkiye
A,TOTAL,TOTAL,RENT,PC,TR,2023,43.8,Türkiye
A,TOTAL,TOTAL,RENT,PC,TR,2024,44.2,Türkiye
A,TOTAL,TOTAL,RENT,PC,UK,2005,30.0,United Kingdom
A,TOTAL,TOTAL,RENT,PC,UK,2006,28.6,United Kingdom
A,TOTAL,TOTAL,RENT,PC,UK,2007,26.7,United Kingdom
A,TOTAL,TOTAL,RENT,PC,UK,2008,27.5,United Kingdom
A,TOTAL,TOTAL,RENT,PC,UK,2009,30.1,United Kingdom
A,TOTAL,TOTAL,RENT,PC,UK,2010,30.0,United Kingdom
A,TOTAL,TOTAL,RENT,PC,UK,2011,32.1,United Kingdom
A,TOTAL,TOTAL,RENT,PC,UK,2012,33.3,United Kingdom
A,TOTAL,TOTAL,RENT,PC,UK,2013,35.4,United Kingdom
A,TOTAL,TOTAL,RENT,PC,UK,2014,35.6,United Kingdom
A,TOTAL,TOTAL,RENT,PC,UK,2015,36.5,United Kingdom
A,TOTAL,TOTAL,RENT,PC,UK,2016,36.6,United Kingdom
A,TOTAL,TOTAL,RENT,PC,UK,2017,35.0,United Kingdom
A,TOTAL,TOTAL,RENT,PC,UK,2018,34.8,United Kingdom
A,TOTAL,TOTAL,RENT,PC,XK,2018,2.2,Kosovo*
A,TOTAL,TOTAL,RENT_FR,PC,AL,2017,1.5,Albania
A,TOTAL,TOTAL,RENT_FR,PC,AL,2018,1.5,Albania
A,TOTAL,TOTAL,RENT_FR,PC,AL,2019,0.8,Albania
A,TOTAL,TOTAL,RENT_FR,PC,AL,2020,1.0,Albania
A,TOTAL,TOTAL,RENT_FR,PC,AL,2021,0.9,Albania
A,TOTAL,TOTAL,RENT_FR,PC,AL,2022,0.8,Albania
A,TOTAL,TOTAL,RENT_FR,PC,AL,2023,0.8,Albania
A,TOTAL,TOTAL,RENT_FR,PC,AT,2007,12.1,Austria
A,TOTAL,TOTAL,RENT_FR,PC,AT,2008,14.9,Austria
A,TOTAL,TOTAL,RENT_FR,PC,AT,2009,14.9,Austria
A,TOTAL,TOTAL,RENT_FR,PC,AT,2010,16.0,Austria
A,TOTAL,TOTAL,RENT_FR,PC,AT,2011,18.5,Austria
A,TOTAL,TOTAL,RENT_FR,PC,AT,2012,16.4,Austria
A,TOTAL,TOTAL,RENT_FR,PC,AT,2013,15.5,Austria
A,TOTAL,TOTAL,RENT_FR,PC,AT,2014,15.7,Austria
A,TOTAL,TOTAL,RENT_FR,PC,AT,2015,14.7,Austria
A,TOTAL,TOTAL,RENT_FR,PC,AT,2016,15.3,Austria
A,TOTAL,TOTAL,RENT_FR,PC,AT,2017,14.9,Austria
A,TOTAL,TOTAL,RENT_FR,PC,AT,2018,14.9,Austria
A,TOTAL,TOTAL,RENT_FR,PC,AT,2019,14.5,Austria
A,TOTAL,TOTAL,RENT_FR,PC,AT,2020,14.0,Austria
A,TOTAL,TOTAL,RENT_FR,PC,AT,2021,15.5,Austria
A,TOTAL,TOTAL,RENT_FR,PC,AT,2022,17.0,Austria
A,TOTAL,TOTAL,RENT_FR,PC,AT,2023,13.2,Austria
A,TOTAL,TOTAL,RENT_FR,PC,AT,2024,14.8,Austria
A,TOTAL,TOTAL,RENT_FR,PC,BE,2003,5.2,Belgium
A,TOTAL,TOTAL,RENT_FR,PC,BE,2004,6.1,Belgium
A,TOTAL,TOTAL,RENT_FR,PC,BE,2005,8.9,Belgium
A,TOTAL,TOTAL,RENT_FR,PC,BE,2006,8.1,Belgium
A,TOTAL,TOTAL,RENT_FR,PC,BE,2007,8.5,Belgium
A,TOTAL,TOTAL,RENT_FR,PC,BE,2008,8.5,Belgium
A,TOTAL,TOTAL,RENT_FR,PC,BE,2009,8.8,Belgium
A,TOTAL,TOTAL,RENT_FR,PC,BE,2010,8.7,Belgium
A,TOTAL,TOTAL,RENT_FR,PC,BE,2011,9.3,Belgium
A,TOTAL,TOTAL,RENT_FR,PC,BE,2012,9.1,Belgium
A,TOTAL,TOTAL,RENT_FR,PC,BE,2013,9.2,Belgium
A,TOTAL,TOTAL,RENT_FR,PC,BE,2014,8.7,Belgium
A,TOTAL,TOTAL,RENT_FR,PC,BE,2015,8.9,Belgium
A,TOTAL,TOTAL,RENT_FR,PC,BE,2016,8.7,Belgium
A,TOTAL,TOTAL,RENT_FR,PC,BE,2017,8.8,Belgium
A,TOTAL,TOTAL,RENT_FR,PC,BE,2018,8.3,Belgium
A,TOTAL,TOTAL,RENT_FR,PC,BE,2019,8.3,Belgium
A,TOTAL,TOTAL,RENT_FR,PC,BE,2020,9.4,Belgium
A,TOTAL,TOTAL,RENT_FR,PC,BE,2021,8.9,Belgium
A,TOTAL,TOTAL,RENT_FR,PC,BE,2022,8.6,Belgium
A,TOTAL,TOTAL,RENT_FR,PC,BE,2023,8.7,Belgium
A,TOTAL,TOTAL,RENT_FR,PC,BE,2024,9.2,Belgium
A,TOTAL,TOTAL,RENT_FR,PC,BG,2005,11.6,Bulgaria
A,TOTAL,TOTAL,RENT_FR,PC,BG,2006,11.6,Bulgaria
A,TOTAL,TOTAL,RENT_FR,PC,BG,2007,10.1,Bulgaria
A,TOTAL,TOTAL,RENT_FR,PC,BG,2008,11.2,Bulgaria
A,TOTAL,TOTAL,RENT_FR,PC,BG,2009,11.2,Bulgaria
A,TOTAL,TOTAL,RENT_FR,PC,BG,2010,10.9,Bulgaria
A,TOTAL,TOTAL,RENT_FR,PC,BG,2011,11.1,Bulgaria
A,TOTAL,TOTAL,RENT_FR,PC,BG,2012,11.3,Bulgaria
A,TOTAL,TOTAL,RENT_FR,PC,BG,2013,12.5,Bulgaria
A,TOTAL,TOTAL,RENT_FR,PC,BG,2014,13.2,Bulgaria
A,TOTAL,TOTAL,RENT_FR,PC,BG,2015,14.6,Bulgaria
A,TOTAL,TOTAL,RENT_FR,PC,BG,2016,14.8,Bulgaria
A,TOTAL,TOTAL,RENT_FR,PC,BG,2017,14.1,Bulgaria
A,TOTAL,TOTAL,RENT_FR,PC,BG,2018,13.5,Bulgaria
A,TOTAL,TOTAL,RENT_FR,PC,BG,2019,13.1,Bulgaria
A,TOTAL,TOTAL,RENT_FR,PC,BG,2020,13.2,Bulgaria
A,TOTAL,TOTAL,RENT_FR,PC,BG,2021,12.9,Bulgaria
A,TOTAL,TOTAL,RENT_FR,PC,BG,2022,12.6,Bulgaria
A,TOTAL,TOTAL,RENT_FR,PC,BG,2023,11.7,Bulgaria
A,TOTAL,TOTAL,RENT_FR,PC,BG,2024,11.6,Bulgaria
A,TOTAL,TOTAL,RENT_FR,PC,CH,2010,5.8,Switzerland
A,TOTAL,TOTAL,RENT_FR,PC,CH,2011,4.7,Switzerland
A,TOTAL,TOTAL,RENT_FR,PC,CH,2012,4.5,Switzerland
A,TOTAL,TOTAL,RENT_FR,PC,CH,2013,4.2,Switzerland
A,TOTAL,TOTAL,RENT_FR,PC,CH,2014,6.3,Switzerland
A,TOTAL,TOTAL,RENT_FR,PC,CH,2015,7.5,Switzerland
A,TOTAL,TOTAL,RENT_FR,PC,CH,2016,7.2,Switzerland
A,TOTAL,TOTAL,RENT_FR,PC,CH,2017,7.8,Switzerland
A,TOTAL,TOTAL,RENT_FR,PC,CH,2018,6.4,Switzerland
A,TOTAL,TOTAL,RENT_FR,PC,CH,2019,5.6,Switzerland
A,TOTAL,TOTAL,RENT_FR,PC,CH,2020,6.3,Switzerland
A,TOTAL,TOTAL,RENT_FR,PC,CH,2021,5.4,Switzerland
A,TOTAL,TOTAL,RENT_FR,PC,CH,2022,6.2,Switzerland
A,TOTAL,TOTAL,RENT_FR,PC,CH,2023,5.1,Switzerland
A,TOTAL,TOTAL,RENT_FR,PC,CH,2024,5.5,Switzerland
A,TOTAL,TOTAL,RENT_FR,PC,CY,2007,16.0,Cyprus
A,TOTAL,TOTAL,RENT_FR,PC,CY,2008,17.0,Cyprus
A,TOTAL,TOTAL,RENT_FR,PC,CY,2009,16.5,Cyprus
A,TOTAL,TOTAL,RENT_FR,PC,CY,2010,16.1,Cyprus
A,TOTAL,TOTAL,RENT_FR,PC,CY,2011,16.1,Cyprus
A,TOTAL,TOTAL,RENT_FR,PC,CY,2012,15.3,Cyprus
A,TOTAL,TOTAL,RENT_FR,PC,CY,2013,15.1,Cyprus
A,TOTAL,TOTAL,RENT_FR,PC,CY,2014,15.6,Cyprus
A,TOTAL,TOTAL,RENT_FR,PC,CY,2015,14.3,Cyprus
A,TOTAL,TOTAL,RENT_FR,PC,CY,2016,14.1,Cyprus
A,TOTAL,TOTAL,RENT_FR,PC,CY,2017,14.9,Cyprus
A,TOTAL,TOTAL,RENT_FR,PC,CY,2018,14.9,Cyprus
A,TOTAL,TOTAL,RENT_FR,PC,CY,2019,15.3,Cyprus
A,TOTAL,TOTAL,RENT_FR,PC,CY,2020,15.7,Cyprus
A,TOTAL,TOTAL,RENT_FR,PC,CY,2021,15.9,Cyprus
A,TOTAL,TOTAL,RENT_FR,PC,CY,2022,16.1,Cyprus
A,TOTAL,TOTAL,RENT_FR,PC,CY,2023,16.6,Cyprus
A,TOTAL,TOTAL,RENT_FR,PC,CY,2024,16.2,Cyprus
A,TOTAL,TOTAL,RENT_FR,PC,CZ,2005,21.6,Czechia
A,TOTAL,TOTAL,RENT_FR,PC,CZ,2006,21.1,Czechia
A,TOTAL,TOTAL,RENT_FR,PC,CZ,2007,20.7,Czechia
A,TOTAL,TOTAL,RENT_FR,PC,CZ,2008,19.2,Czechia
A,TOTAL,TOTAL,RENT_FR,PC,CZ,2009,17.9,Czechia
A,TOTAL,TOTAL,RENT_FR,PC,CZ,2010,16.2,Czechia
A,TOTAL,TOTAL,RENT_FR,PC,CZ,2011,6.9,Czechia
A,TOTAL,TOTAL,RENT_FR,PC,CZ,2012,6.4,Czechia
A,TOTAL,TOTAL,RENT_FR,PC,CZ,2013,3.9,Czechia
A,TOTAL,TOTAL,RENT_FR,PC,CZ,2014,4.5,Czechia
A,TOTAL,TOTAL,RENT_FR,PC,CZ,2015,5.6,Czechia
A,TOTAL,TOTAL,RENT_FR,PC,CZ,2016,5.8,Czechia
A,TOTAL,TOTAL,RENT_FR,PC,CZ,2017,6.0,Czechia
A,TOTAL,TOTAL,RENT_FR,PC,CZ,2018,5.6,Czechia
A,TOTAL,TOTAL,RENT_FR,PC,CZ,2019,5.3,Czechia
A,TOTAL,TOTAL,RENT_FR,PC,CZ,2020,5.3,Czechia
A,TOTAL,TOTAL,RENT_FR,PC,CZ,2021,5.6,Czechia
A,TOTAL,TOTAL,RENT_FR,PC,CZ,2022,6.6,Czechia
A,TOTAL,TOTAL,RENT_FR,PC,CZ,2023,5.6,Czechia
A,TOTAL,TOTAL,RENT_FR,PC,CZ,2024,6.3,Czechia
A,TOTAL,TOTAL,RENT_FR,PC,DE,2005,9.9,Germany
A,TOTAL,TOTAL,RENT_FR,PC,DE,2010,7.1,Germany
A,TOTAL,TOTAL,RENT_FR,PC,DE,2011,6.7,Germany
A,TOTAL,TOTAL,RENT_FR,PC,DE,2012,8.1,Germany
A,TOTAL,TOTAL,RENT_FR,PC,DE,2013,8.5,Germany
A,TOTAL,TOTAL,RENT_FR,PC,DE,2014,8.0,Germany
A,TOTAL,TOTAL,RENT_FR,PC,DE,2015,8.2,Germany
A,TOTAL,TOTAL,RENT_FR,PC,DE,2016,8.4,Germany
A,TOTAL,TOTAL,RENT_FR,PC,DE,2017,8.6,Germany
A,TOTAL,TOTAL,RENT_FR,PC,DE,2018,7.7,Germany
A,TOTAL,TOTAL,RENT_FR,PC,DE,2019,7.8,Germany
A,TOTAL,TOTAL,RENT_FR,PC,DE,2020,6.3,Germany
A,TOTAL,TOTAL,RENT_FR,PC,DE,2021,3.6,Germany
A,TOTAL,TOTAL,RENT_FR,PC,DE,2022,6.6,Germany
A,TOTAL,TOTAL,RENT_FR,PC,DE,2023,5.6,Germany
A,TOTAL,TOTAL,RENT_FR,PC,DE,2024,6.0,Germany
A,TOTAL,TOTAL,RENT_FR,PC,DK,2003,0.0,Denmark
A,TOTAL,TOTAL,RENT_FR,PC,DK,2004,0.0,Denmark
A,TOTAL,TOTAL,RENT_FR,PC,DK,2005,0.0,Denmark
A,TOTAL,TOTAL,RENT_FR,PC,DK,2006,0.0,Denmark
A,TOTAL,TOTAL,RENT_FR,PC,DK,2007,0.0,Denmark
A,TOTAL,TOTAL,RENT_FR,PC,DK,2008,0.0,Denmark
A,TOTAL,TOTAL,RENT_FR,PC,DK,2009,0.0,Denmark
A,TOTAL,TOTAL,RENT_FR,PC,DK,2010,0.1,Denmark
A,TOTAL,TOTAL,RENT_FR,PC,DK,2011,13.6,Denmark
A,TOTAL,TOTAL,RENT_FR,PC,DK,2012,12.9,Denmark
A,TOTAL,TOTAL,RENT_FR,PC,DK,2013,0.1,Denmark
A,TOTAL,TOTAL,RENT_FR,PC,DK,2014,0.1,Denmark
A,TOTAL,TOTAL,RENT_FR,PC,DK,2015,0.1,Denmark
A,TOTAL,TOTAL,RENT_FR,PC,DK,2016,0.1,Denmark
A,TOTAL,TOTAL,RENT_FR,PC,DK,2017,0.1,Denmark
A,TOTAL,TOTAL,RENT_FR,PC,DK,2018,0.1,Denmark
A,TOTAL,TOTAL,RENT_FR,PC,DK,2019,0.0,Denmark
A,TOTAL,TOTAL,RENT_FR,PC,DK,2020,0.1,Denmark
A,TOTAL,TOTAL,RENT_FR,PC,DK,2021,0.1,Denmark
A,TOTAL,TOTAL,RENT_FR,PC,DK,2022,0.0,Denmark
A,TOTAL,TOTAL,RENT_FR,PC,DK,2023,0.1,Denmark
A,TOTAL,TOTAL,RENT_FR,PC,DK,2024,0.2,Denmark
A,TOTAL,TOTAL,RENT_FR,PC,EA,2011,11.6,"Euro area (EA11-1999, EA12-2001, EA13-2007, EA15-2008, EA16-2009, EA17-2011, EA18-2014, EA19-2015, EA20-2023, EA21-2026)"
A,TOTAL,TOTAL,RENT_FR,PC,EA,2012,10.8,"Euro area (EA11-1999, EA12-2001, EA13-2007, EA15-2008, EA16-2009, EA17-2011, EA18-2014, EA19-2015, EA20-2023, EA21-2026)"
A,TOTAL,TOTAL,RENT_FR,PC,EA,2013,10.9,"Euro area (EA11-1999, EA12-2001, EA13-2007, EA15-2008, EA16-2009, EA17-2011, EA18-2014, EA19-2015, EA20-2023, EA21-2026)"
A,TOTAL,TOTAL,RENT_FR,PC,EA,2014,10.6,"Euro area (EA11-1999, EA12-2001, EA13-2007, EA15-2008, EA16-2009, EA17-2011, EA18-2014, EA19-2015, EA20-2023, EA21-2026)"
A,TOTAL,TOTAL,RENT_FR,PC,EA,2015,10.5,"Euro area (EA11-1999, EA12-2001, EA13-2007, EA15-2008, EA16-2009, EA17-2011, EA18-2014, EA19-2015, EA20-2023, EA21-2026)"
A,TOTAL,TOTAL,RENT_FR,PC,EA,2016,10.4,"Euro area (EA11-1999, EA12-2001, EA13-2007, EA15-2008, EA16-2009, EA17-2011, EA18-2014, EA19-2015, EA20-2023, EA21-2026)"
A,TOTAL,TOTAL,RENT_FR,PC,EA,2017,10.3,"Euro area (EA11-1999, EA12-2001, EA13-2007, EA15-2008, EA16-2009, EA17-2011, EA18-2014, EA19-2015, EA20-2023, EA21-2026)"
A,TOTAL,TOTAL,RENT_FR,PC,EA,2018,9.9,"Euro area (EA11-1999, EA12-2001, EA13-2007, EA15-2008, EA16-2009, EA17-2011, EA18-2014, EA19-2015, EA20-2023, EA21-2026)"
A,TOTAL,TOTAL,RENT_FR,PC,EA,2019,9.8,"Euro area (EA11-1999, EA12-2001, EA13-2007, EA15-2008, EA16-2009, EA17-2011, EA18-2014, EA19-2015, EA20-2023, EA21-2026)"
A,TOTAL,TOTAL,RENT_FR,PC,EA,2020,10.4,"Euro area (EA11-1999, EA12-2001, EA13-2007, EA15-2008, EA16-2009, EA17-2011, EA18-2014, EA19-2015, EA20-2023, EA21-2026)"
A,TOTAL,TOTAL,RENT_FR,PC,EA,2021,10.9,"Euro area (EA11-1999, EA12-2001, EA13-2007, EA15-2008, EA16-2009, EA17-2011, EA18-2014, EA19-2015, EA20-2023, EA21-2026)"
A,TOTAL,TOTAL,RENT_FR,PC,EA18,2005,12.6,Euro area - 18 countries (2014)
A,TOTAL,TOTAL,RENT_FR,PC,EA18,2007,12.7,Euro area - 18 countries (2014)
A,TOTAL,TOTAL,RENT_FR,PC,EA18,2008,13.5,Euro area - 18 countries (2014)
A,TOTAL,TOTAL,RENT_FR,PC,EA18,2009,13.4,Euro area - 18 countries (2014)
A,TOTAL,TOTAL,RENT_FR,PC,EA18,2010,11.7,Euro area - 18 countries (2014)
A,TOTAL,TOTAL,RENT_FR,PC,EA18,2011,11.5,Euro area - 18 countries (2014)
A,TOTAL,TOTAL,RENT_FR,PC,EA18,2012,10.8,Euro area - 18 countries (2014)
A,TOTAL,TOTAL,RENT_FR,PC,EA18,2013,10.9,Euro area - 18 countries (2014)
A,TOTAL,TOTAL,RENT_FR,PC,EA18,2014,10.6,Euro area - 18 countries (2014)
A,TOTAL,TOTAL,RENT_FR,PC,EA18,2015,10.5,Euro area - 18 countries (2014)
A,TOTAL,TOTAL,RENT_FR,PC,EA18,2016,10.4,Euro area - 18 countries (2014)
A,TOTAL,TOTAL,RENT_FR,PC,EA18,2017,10.3,Euro area - 18 countries (2014)
A,TOTAL,TOTAL,RENT_FR,PC,EA18,2018,9.9,Euro area - 18 countries (2014)
A,TOTAL,TOTAL,RENT_FR,PC,EA18,2019,9.9,Euro area - 18 countries (2014)
A,TOTAL,TOTAL,RENT_FR,PC,EA18,2020,10.4,Euro area - 18 countries (2014)
A,TOTAL,TOTAL,RENT_FR,PC,EA19,2005,12.6,Euro area - 19 countries  (2015-2022)
A,TOTAL,TOTAL,RENT_FR,PC,EA19,2007,12.6,Euro area - 19 countries  (2015-2022)
A,TOTAL,TOTAL,RENT_FR,PC,EA19,2008,13.4,Euro area - 19 countries  (2015-2022)
A,TOTAL,TOTAL,RENT_FR,PC,EA19,2009,13.3,Euro area - 19 countries  (2015-2022)
A,TOTAL,TOTAL,RENT_FR,PC,EA19,2010,11.6,Euro area - 19 countries  (2015-2022)
A,TOTAL,TOTAL,RENT_FR,PC,EA19,2011,11.5,Euro area - 19 countries  (2015-2022)
A,TOTAL,TOTAL,RENT_FR,PC,EA19,2012,10.8,Euro area - 19 countries  (2015-2022)
A,TOTAL,TOTAL,RENT_FR,PC,EA19,2013,10.8,Euro area - 19 countries  (2015-2022)
A,TOTAL,TOTAL,RENT_FR,PC,EA19,2014,10.6,Euro area - 19 countries  (2015-2022)
A,TOTAL,TOTAL,RENT_FR,PC,EA19,2015,10.5,Euro area - 19 countries  (2015-2022)
A,TOTAL,TOTAL,RENT_FR,PC,EA19,2016,10.4,Euro area - 19 countries  (2015-2022)
A,TOTAL,TOTAL,RENT_FR,PC,EA19,2017,10.3,Euro area - 19 countries  (2015-2022)
A,TOTAL,TOTAL,RENT_FR,PC,EA19,2018,9.9,Euro area - 19 countries  (2015-2022)
A,TOTAL,TOTAL,RENT_FR,PC,EA19,2019,9.8,Euro area - 19 countries  (2015-2022)
A,TOTAL,TOTAL,RENT_FR,PC,EA19,2020,10.4,Euro area - 19 countries  (2015-2022)
A,TOTAL,TOTAL,RENT_FR,PC,EA19,2021,10.9,Euro area - 19 countries  (2015-2022)
A,TOTAL,TOTAL,RENT_FR,PC,EA20,2014,10.6,Euro area – 20 countries (2023-2025)
A,TOTAL,TOTAL,RENT_FR,PC,EA20,2015,10.5,Euro area – 20 countries (2023-2025)
A,TOTAL,TOTAL,RENT_FR,PC,EA20,2016,10.3,Euro area – 20 countries (2023-2025)
A,TOTAL,TOTAL,RENT_FR,PC,EA20,2017,10.2,Euro area – 20 countries (2023-2025)
A,TOTAL,TOTAL,RENT_FR,PC,EA20,2018,9.8,Euro area – 20 countries (2023-2025)
A,TOTAL,TOTAL,RENT_FR,PC,EA20,2019,9.8,Euro area – 20 countries (2023-2025)
A,TOTAL,TOTAL,RENT_FR,PC,EA20,2020,10.4,Euro area – 20 countries (2023-2025)
A,TOTAL,TOTAL,RENT_FR,PC,EA20,2021,10.8,Euro area – 20 countries (2023-2025)
A,TOTAL,TOTAL,RENT_FR,PC,EA20,2022,11.9,Euro area – 20 countries (2023-2025)
A,TOTAL,TOTAL,RENT_FR,PC,EA20,2023,11.5,Euro area – 20 countries (2023-2025)
A,TOTAL,TOTAL,RENT_FR,PC,EA20,2024,11.8,Euro area – 20 countries (2023-2025)
A,TOTAL,TOTAL,RENT_FR,PC,EA21,2014,10.6,Euro area – 21 countries (from 2026)
A,TOTAL,TOTAL,RENT_FR,PC,EA21,2015,10.6,Euro area – 21 countries (from 2026)
A,TOTAL,TOTAL,RENT_FR,PC,EA21,2016,10.4,Euro area – 21 countries (from 2026)
A,TOTAL,TOTAL,RENT_FR,PC,EA21,2017,10.3,Euro area – 21 countries (from 2026)
A,TOTAL,TOTAL,RENT_FR,PC,EA21,2018,9.9,Euro area – 21 countries (from 2026)
A,TOTAL,TOTAL,RENT_FR,PC,EA21,2019,9.9,Euro area – 21 countries (from 2026)
A,TOTAL,TOTAL,RENT_FR,PC,EA21,2020,10.4,Euro area – 21 countries (from 2026)
A,TOTAL,TOTAL,RENT_FR,PC,EA21,2021,10.9,Euro area – 21 countries (from 2026)
A,TOTAL,TOTAL,RENT_FR,PC,EA21,2022,11.9,Euro area – 21 countries (from 2026)
A,TOTAL,TOTAL,RENT_FR,PC,EA21,2023,11.5,Euro area – 21 countries (from 2026)
A,TOTAL,TOTAL,RENT_FR,PC,EA21,2024,11.8,Euro area – 21 countries (from 2026)
A,TOTAL,TOTAL,RENT_FR,PC,EE,2006,8.6,Estonia
A,TOTAL,TOTAL,RENT_FR,PC,EE,2007,8.9,Estonia
A,TOTAL,TOTAL,RENT_FR,PC,EE,2008,8.1,Estonia
A,TOTAL,TOTAL,RENT_FR,PC,EE,2009,10.4,Estonia
A,TOTAL,TOTAL,RENT_FR,PC,EE,2010,11.9,Estonia
A,TOTAL,TOTAL,RENT_FR,PC,EE,2011,14.0,Estonia
A,TOTAL,TOTAL,RENT_FR,PC,EE,2012,14.7,Estonia
A,TOTAL,TOTAL,RENT_FR,PC,EE,2013,15.6,Estonia
A,TOTAL,TOTAL,RENT_FR,PC,EE,2014,14.5,Estonia
A,TOTAL,TOTAL,RENT_FR,PC,EE,2015,14.7,Estonia
A,TOTAL,TOTAL,RENT_FR,PC,EE,2016,14.5,Estonia
A,TOTAL,TOTAL,RENT_FR,PC,EE,2017,14.2,Estonia
A,TOTAL,TOTAL,RENT_FR,PC,EE,2018,13.5,Estonia
A,TOTAL,TOTAL,RENT_FR,PC,EE,2019,13.8,Estonia
A,TOTAL,TOTAL,RENT_FR,PC,EE,2020,14.0,Estonia
A,TOTAL,TOTAL,RENT_FR,PC,EE,2021,13.2,Estonia
A,TOTAL,TOTAL,RENT_FR,PC,EE,2022,13.0,Estonia
A,TOTAL,TOTAL,RENT_FR,PC,EE,2023,12.9,Estonia
A,TOTAL,TOTAL,RENT_FR,PC,EE,2024,12.6,Estonia
A,TOTAL,TOTAL,RENT_FR,PC,EL,2003,6.8,Greece
A,TOTAL,TOTAL,RENT_FR,PC,EL,2007,6.5,Greece
A,TOTAL,TOTAL,RENT_FR,PC,EL,2008,5.4,Greece
A,TOTAL,TOTAL,RENT_FR,PC,EL,2009,5.7,Greece
A,TOTAL,TOTAL,RENT_FR,PC,EL,2010,4.6,Greece
A,TOTAL,TOTAL,RENT_FR,PC,EL,2011,6.9,Greece
A,TOTAL,TOTAL,RENT_FR,PC,EL,2012,5.9,Greece
A,TOTAL,TOTAL,RENT_FR,PC,EL,2013,5.3,Greece
A,TOTAL,TOTAL,RENT_FR,PC,EL,2014,6.0,Greece
A,TOTAL,TOTAL,RENT_FR,PC,EL,2015,5.1,Greece
A,TOTAL,TOTAL,RENT_FR,PC,EL,2016,5.3,Greece
A,TOTAL,TOTAL,RENT_FR,PC,EL,2017,5.8,Greece
A,TOTAL,TOTAL,RENT_FR,PC,EL,2018,5.2,Greece
A,TOTAL,TOTAL,RENT_FR,PC,EL,2019,4.6,Greece
A,TOTAL,TOTAL,RENT_FR,PC,EL,2020,5.6,Greece
A,TOTAL,TOTAL,RENT_FR,PC,EL,2021,6.3,Greece
A,TOTAL,TOTAL,RENT_FR,PC,EL,2022,6.5,Greece
A,TOTAL,TOTAL,RENT_FR,PC,EL,2023,7.8,Greece
A,TOTAL,TOTAL,RENT_FR,PC,EL,2024,7.2,Greece
A,TOTAL,TOTAL,RENT_FR,PC,ES,2007,8.6,Spain
A,TOTAL,TOTAL,RENT_FR,PC,ES,2008,8.5,Spain
A,TOTAL,TOTAL,RENT_FR,PC,ES,2009,8.5,Spain
A,TOTAL,TOTAL,RENT_FR,PC,ES,2010,8.3,Spain
A,TOTAL,TOTAL,RENT_FR,PC,ES,2011,7.8,Spain
A,TOTAL,TOTAL,RENT_FR,PC,ES,2012,8.3,Spain
A,TOTAL,TOTAL,RENT_FR,PC,ES,2013,9.1,Spain
A,TOTAL,TOTAL,RENT_FR,PC,ES,2014,9.0,Spain
A,TOTAL,TOTAL,RENT_FR,PC,ES,2015,9.1,Spain
A,TOTAL,TOTAL,RENT_FR,PC,ES,2016,8.4,Spain
A,TOTAL,TOTAL,RENT_FR,PC,ES,2017,8.5,Spain
A,TOTAL,TOTAL,RENT_FR,PC,ES,2018,8.4,Spain
A,TOTAL,TOTAL,RENT_FR,PC,ES,2019,8.0,Spain
A,TOTAL,TOTAL,RENT_FR,PC,ES,2020,9.6,Spain
A,TOTAL,TOTAL,RENT_FR,PC,ES,2021,8.5,Spain
A,TOTAL,TOTAL,RENT_FR,PC,ES,2022,8.5,Spain
A,TOTAL,TOTAL,RENT_FR,PC,ES,2023,8.8,Spain
A,TOTAL,TOTAL,RENT_FR,PC,ES,2024,8.8,Spain
A,TOTAL,TOTAL,RENT_FR,PC,EU,2011,11.9,"European Union (EU6-1958, EU9-1973, EU10-1981, EU12-1986, EU15-1995, EU25-2004, EU27-2007, EU28-2013, EU27-2020)"
A,TOTAL,TOTAL,RENT_FR,PC,EU,2012,11.2,"European Union (EU6-1958, EU9-1973, EU10-1981, EU12-1986, EU15-1995, EU25-2004, EU27-2007, EU28-2013, EU27-2020)"
A,TOTAL,TOTAL,RENT_FR,PC,EU,2013,11.0,"European Union (EU6-1958, EU9-1973, EU10-1981, EU12-1986, EU15-1995, EU25-2004, EU27-2007, EU28-2013, EU27-2020)"
A,TOTAL,TOTAL,RENT_FR,PC,EU,2014,10.9,"European Union (EU6-1958, EU9-1973, EU10-1981, EU12-1986, EU15-1995, EU25-2004, EU27-2007, EU28-2013, EU27-2020)"
A,TOTAL,TOTAL,RENT_FR,PC,EU,2015,10.9,"European Union (EU6-1958, EU9-1973, EU10-1981, EU12-1986, EU15-1995, EU25-2004, EU27-2007, EU28-2013, EU27-2020)"
A,TOTAL,TOTAL,RENT_FR,PC,EU,2016,10.9,"European Union (EU6-1958, EU9-1973, EU10-1981, EU12-1986, EU15-1995, EU25-2004, EU27-2007, EU28-2013, EU27-2020)"
A,TOTAL,TOTAL,RENT_FR,PC,EU,2017,10.7,"European Union (EU6-1958, EU9-1973, EU10-1981, EU12-1986, EU15-1995, EU25-2004, EU27-2007, EU28-2013, EU27-2020)"
A,TOTAL,TOTAL,RENT_FR,PC,EU,2018,8.7,"European Union (EU6-1958, EU9-1973, EU10-1981, EU12-1986, EU15-1995, EU25-2004, EU27-2007, EU28-2013, EU27-2020)"
A,TOTAL,TOTAL,RENT_FR,PC,EU,2019,8.6,"European Union (EU6-1958, EU9-1973, EU10-1981, EU12-1986, EU15-1995, EU25-2004, EU27-2007, EU28-2013, EU27-2020)"
A,TOTAL,TOTAL,RENT_FR,PC,EU27_2007,2007,14.6,European Union - 27 countries (2007-2013)
A,TOTAL,TOTAL,RENT_FR,PC,EU27_2007,2008,14.6,European Union - 27 countries (2007-2013)
A,TOTAL,TOTAL,RENT_FR,PC,EU27_2007,2009,14.3,European Union - 27 countries (2007-2013)
A,TOTAL,TOTAL,RENT_FR,PC,EU27_2007,2010,12.0,European Union - 27 countries (2007-2013)
A,TOTAL,TOTAL,RENT_FR,PC,EU27_2007,2011,11.9,European Union - 27 countries (2007-2013)
A,TOTAL,TOTAL,RENT_FR,PC,EU27_2007,2012,11.2,European Union - 27 countries (2007-2013)
A,TOTAL,TOTAL,RENT_FR,PC,EU27_2007,2013,11.0,European Union - 27 countries (2007-2013)
A,TOTAL,TOTAL,RENT_FR,PC,EU27_2007,2014,10.9,European Union - 27 countries (2007-2013)
A,TOTAL,TOTAL,RENT_FR,PC,EU27_2007,2015,10.9,European Union - 27 countries (2007-2013)
A,TOTAL,TOTAL,RENT_FR,PC,EU27_2007,2016,10.9,European Union - 27 countries (2007-2013)
A,TOTAL,TOTAL,RENT_FR,PC,EU27_2007,2017,10.7,European Union - 27 countries (2007-2013)
A,TOTAL,TOTAL,RENT_FR,PC,EU27_2007,2018,8.7,European Union - 27 countries (2007-2013)
A,TOTAL,TOTAL,RENT_FR,PC,EU27_2007,2019,8.6,European Union - 27 countries (2007-2013)
A,TOTAL,TOTAL,RENT_FR,PC,EU27_2020,2010,11.1,European Union - 27 countries (from 2020)
A,TOTAL,TOTAL,RENT_FR,PC,EU27_2020,2011,10.9,European Union - 27 countries (from 2020)
A,TOTAL,TOTAL,RENT_FR,PC,EU27_2020,2012,10.2,European Union - 27 countries (from 2020)
A,TOTAL,TOTAL,RENT_FR,PC,EU27_2020,2013,10.0,European Union - 27 countries (from 2020)
A,TOTAL,TOTAL,RENT_FR,PC,EU27_2020,2014,9.8,European Union - 27 countries (from 2020)
A,TOTAL,TOTAL,RENT_FR,PC,EU27_2020,2015,9.8,European Union - 27 countries (from 2020)
A,TOTAL,TOTAL,RENT_FR,PC,EU27_2020,2016,9.7,European Union - 27 countries (from 2020)
A,TOTAL,TOTAL,RENT_FR,PC,EU27_2020,2017,9.6,European Union - 27 countries (from 2020)
A,TOTAL,TOTAL,RENT_FR,PC,EU27_2020,2018,9.3,European Union - 27 countries (from 2020)
A,TOTAL,TOTAL,RENT_FR,PC,EU27_2020,2019,9.1,European Union - 27 countries (from 2020)
A,TOTAL,TOTAL,RENT_FR,PC,EU27_2020,2020,9.5,European Union - 27 countries (from 2020)
A,TOTAL,TOTAL,RENT_FR,PC,EU27_2020,2021,9.8,European Union - 27 countries (from 2020)
A,TOTAL,TOTAL,RENT_FR,PC,EU27_2020,2022,10.7,European Union - 27 countries (from 2020)
A,TOTAL,TOTAL,RENT_FR,PC,EU27_2020,2023,10.3,European Union - 27 countries (from 2020)
A,TOTAL,TOTAL,RENT_FR,PC,EU27_2020,2024,10.5,European Union - 27 countries (from 2020)
A,TOTAL,TOTAL,RENT_FR,PC,EU28,2010,12.0,European Union - 28 countries (2013-2020)
A,TOTAL,TOTAL,RENT_FR,PC,EU28,2011,11.9,European Union - 28 countries (2013-2020)
A,TOTAL,TOTAL,RENT_FR,PC,EU28,2012,11.2,European Union - 28 countries (2013-2020)
A,TOTAL,TOTAL,RENT_FR,PC,EU28,2013,11.0,European Union - 28 countries (2013-2020)
A,TOTAL,TOTAL,RENT_FR,PC,EU28,2014,10.9,European Union - 28 countries (2013-2020)
A,TOTAL,TOTAL,RENT_FR,PC,EU28,2015,10.9,European Union - 28 countries (2013-2020)
A,TOTAL,TOTAL,RENT_FR,PC,EU28,2016,10.9,European Union - 28 countries (2013-2020)
A,TOTAL,TOTAL,RENT_FR,PC,EU28,2017,10.7,European Union - 28 countries (2013-2020)
A,TOTAL,TOTAL,RENT_FR,PC,EU28,2018,8.7,European Union - 28 countries (2013-2020)
A,TOTAL,TOTAL,RENT_FR,PC,EU28,2019,8.6,European Union - 28 countries (2013-2020)
A,TOTAL,TOTAL,RENT_FR,PC,FI,2004,16.9,Finland
A,TOTAL,TOTAL,RENT_FR,PC,FI,2005,17.5,Finland
A,TOTAL,TOTAL,RENT_FR,PC,FI,2006,17.1,Finland
A,TOTAL,TOTAL,RENT_FR,PC,FI,2007,16.5,Finland
A,TOTAL,TOTAL,RENT_FR,PC,FI,2008,16.8,Finland
A,TOTAL,TOTAL,RENT_FR,PC,FI,2009,15.4,Finland
A,TOTAL,TOTAL,RENT_FR,PC,FI,2010,15.6,Finland
A,TOTAL,TOTAL,RENT_FR,PC,FI,2011,15.7,Finland
A,TOTAL,TOTAL,RENT_FR,PC,FI,2012,15.6,Finland
A,TOTAL,TOTAL,RENT_FR,PC,FI,2013,15.7,Finland
A,TOTAL,TOTAL,RENT_FR,PC,FI,2014,16.0,Finland
A,TOTAL,TOTAL,RENT_FR,PC,FI,2015,15.3,Finland
A,TOTAL,TOTAL,RENT_FR,PC,FI,2016,15.4,Finland
A,TOTAL,TOTAL,RENT_FR,PC,FI,2017,15.2,Finland
A,TOTAL,TOTAL,RENT_FR,PC,FI,2018,14.8,Finland
A,TOTAL,TOTAL,RENT_FR,PC,FI,2019,14.7,Finland
A,TOTAL,TOTAL,RENT_FR,PC,FI,2020,14.8,Finland
A,TOTAL,TOTAL,RENT_FR,PC,FI,2021,14.3,Finland
A,TOTAL,TOTAL,RENT_FR,PC,FI,2022,14.4,Finland
A,TOTAL,TOTAL,RENT_FR,PC,FI,2023,15.2,Finland
A,TOTAL,TOTAL,RENT_FR,PC,FI,2024,11.8,Finland
A,TOTAL,TOTAL,RENT_FR,PC,FR,2005,18.2,France
A,TOTAL,TOTAL,RENT_FR,PC,FR,2006,18.4,France
A,TOTAL,TOTAL,RENT_FR,PC,FR,2007,19.2,France
A,TOTAL,TOTAL,RENT_FR,PC,FR,2008,22.6,France
A,TOTAL,TOTAL,RENT_FR,PC,FR,2009,22.1,France
A,TOTAL,TOTAL,RENT_FR,PC,FR,2010,22.6,France
A,TOTAL,TOTAL,RENT_FR,PC,FR,2011,21.8,France
A,TOTAL,TOTAL,RENT_FR,PC,FR,2012,16.8,France
A,TOTAL,TOTAL,RENT_FR,PC,FR,2013,16.1,France
A,TOTAL,TOTAL,RENT_FR,PC,FR,2014,15.7,France
A,TOTAL,TOTAL,RENT_FR,PC,FR,2015,16.1,France
A,TOTAL,TOTAL,RENT_FR,PC,FR,2016,16.0,France
A,TOTAL,TOTAL,RENT_FR,PC,FR,2017,16.4,France
A,TOTAL,TOTAL,RENT_FR,PC,FR,2018,16.3,France
A,TOTAL,TOTAL,RENT_FR,PC,FR,2019,16.4,France
A,TOTAL,TOTAL,RENT_FR,PC,FR,2020,21.0,France
A,TOTAL,TOTAL,RENT_FR,PC,FR,2021,20.1,France
A,TOTAL,TOTAL,RENT_FR,PC,FR,2022,20.9,France
A,TOTAL,TOTAL,RENT_FR,PC,FR,2023,20.9,France
A,TOTAL,TOTAL,RENT_FR,PC,FR,2024,21.9,France
A,TOTAL,TOTAL,RENT_FR,PC,HR,2010,8.9,Croatia
A,TOTAL,TOTAL,RENT_FR,PC,HR,2011,7.9,Croatia
A,TOTAL,TOTAL,RENT_FR,PC,HR,2012,9.0,Croatia
A,TOTAL,TOTAL,RENT_FR,PC,HR,2013,9.5,Croatia
A,TOTAL,TOTAL,RENT_FR,PC,HR,2014,8.6,Croatia
A,TOTAL,TOTAL,RENT_FR,PC,HR,2015,7.7,Croatia
A,TOTAL,TOTAL,RENT_FR,PC,HR,2016,8.4,Croatia
A,TOTAL,TOTAL,RENT_FR,PC,HR,2017,8.0,Croatia
A,TOTAL,TOTAL,RENT_FR,PC,HR,2018,8.6,Croatia
A,TOTAL,TOTAL,RENT_FR,PC,HR,2019,9.0,Croatia
A,TOTAL,TOTAL,RENT_FR,PC,HR,2020,7.3,Croatia
A,TOTAL,TOTAL,RENT_FR,PC,HR,2021,8.4,Croatia
A,TOTAL,TOTAL,RENT_FR,PC,HR,2022,7.5,Croatia
A,TOTAL,TOTAL,RENT_FR,PC,HR,2023,7.4,Croatia
A,TOTAL,TOTAL,RENT_FR,PC,HR,2024,7.3,Croatia
A,TOTAL,TOTAL,RENT_FR,PC,HU,2005,8.2,Hungary
A,TOTAL,TOTAL,RENT_FR,PC,HU,2006,8.9,Hungary
A,TOTAL,TOTAL,RENT_FR,PC,HU,2007,8.9,Hungary
A,TOTAL,TOTAL,RENT_FR,PC,HU,2008,8.4,Hungary
A,TOTAL,TOTAL,RENT_FR,PC,HU,2009,8.0,Hungary
A,TOTAL,TOTAL,RENT_FR,PC,HU,2010,7.9,Hungary
A,TOTAL,TOTAL,RENT_FR,PC,HU,2011,7.7,Hungary
A,TOTAL,TOTAL,RENT_FR,PC,HU,2012,7.1,Hungary
A,TOTAL,TOTAL,RENT_FR,PC,HU,2013,7.9,Hungary
A,TOTAL,TOTAL,RENT_FR,PC,HU,2014,8.0,Hungary
A,TOTAL,TOTAL,RENT_FR,PC,HU,2015,8.9,Hungary
A,TOTAL,TOTAL,RENT_FR,PC,HU,2016,9.3,Hungary
A,TOTAL,TOTAL,RENT_FR,PC,HU,2017,9.3,Hungary
A,TOTAL,TOTAL,RENT_FR,PC,HU,2018,9.1,Hungary
A,TOTAL,TOTAL,RENT_FR,PC,HU,2019,4.2,Hungary
A,TOTAL,TOTAL,RENT_FR,PC,HU,2020,4.3,Hungary
A,TOTAL,TOTAL,RENT_FR,PC,HU,2021,3.9,Hungary
A,TOTAL,TOTAL,RENT_FR,PC,HU,2022,5.7,Hungary
A,TOTAL,TOTAL,RENT_FR,PC,HU,2023,5.3,Hungary
A,TOTAL,TOTAL,RENT_FR,PC,HU,2024,4.2,Hungary
A,TOTAL,TOTAL,RENT_FR,PC,IE,2003,17.4,Ireland
A,TOTAL,TOTAL,RENT_FR,PC,IE,2004,11.6,Ireland
A,TOTAL,TOTAL,RENT_FR,PC,IE,2005,13.5,Ireland
A,TOTAL,TOTAL,RENT_FR,PC,IE,2006,13.4,Ireland
A,TOTAL,TOTAL,RENT_FR,PC,IE,2007,13.2,Ireland
A,TOTAL,TOTAL,RENT_FR,PC,IE,2008,13.4,Ireland
A,TOTAL,TOTAL,RENT_FR,PC,IE,2009,15.0,Ireland
A,TOTAL,TOTAL,RENT_FR,PC,IE,2010,14.8,Ireland
A,TOTAL,TOTAL,RENT_FR,PC,IE,2011,14.9,Ireland
A,TOTAL,TOTAL,RENT_FR,PC,IE,2012,14.9,Ireland
A,TOTAL,TOTAL,RENT_FR,PC,IE,2013,13.7,Ireland
A,TOTAL,TOTAL,RENT_FR,PC,IE,2014,15.3,Ireland
A,TOTAL,TOTAL,RENT_FR,PC,IE,2015,15.5,Ireland
A,TOTAL,TOTAL,RENT_FR,PC,IE,2016,17.1,Ireland
A,TOTAL,TOTAL,RENT_FR,PC,IE,2017,18.0,Ireland
A,TOTAL,TOTAL,RENT_FR,PC,IE,2018,17.7,Ireland
A,TOTAL,TOTAL,RENT_FR,PC,IE,2019,21.9,Ireland
A,TOTAL,TOTAL,RENT_FR,PC,IE,2020,15.6,Ireland
A,TOTAL,TOTAL,RENT_FR,PC,IE,2021,17.4,Ireland
A,TOTAL,TOTAL,RENT_FR,PC,IE,2022,16.6,Ireland
A,TOTAL,TOTAL,RENT_FR,PC,IE,2023,16.8,Ireland
A,TOTAL,TOTAL,RENT_FR,PC,IE,2024,17.2,Ireland
A,TOTAL,TOTAL,RENT_FR,PC,IS,2004,8.0,Iceland
A,TOTAL,TOTAL,RENT_FR,PC,IS,2005,7.1,Iceland
A,TOTAL,TOTAL,RENT_FR,PC,IS,2006,7.1,Iceland
A,TOTAL,TOTAL,RENT_FR,PC,IS,2007,7.9,Iceland
A,TOTAL,TOTAL,RENT_FR,PC,IS,2008,7.4,Iceland
A,TOTAL,TOTAL,RENT_FR,PC,IS,2009,8.0,Iceland
A,TOTAL,TOTAL,RENT_FR,PC,IS,2010,8.3,Iceland
A,TOTAL,TOTAL,RENT_FR,PC,IS,2011,11.1,Iceland
A,TOTAL,TOTAL,RENT_FR,PC,IS,2012,9.7,Iceland
A,TOTAL,TOTAL,RENT_FR,PC,IS,2013,10.4,Iceland
A,TOTAL,TOTAL,RENT_FR,PC,IS,2014,9.5,Iceland
A,TOTAL,TOTAL,RENT_FR,PC,IS,2015,11.1,Iceland
A,TOTAL,TOTAL,RENT_FR,PC,IS,2016,10.8,Iceland
A,TOTAL,TOTAL,RENT_FR,PC,IS,2017,12.0,Iceland
A,TOTAL,TOTAL,RENT_FR,PC,IS,2018,12.3,Iceland
A,TOTAL,TOTAL,RENT_FR,PC,IS,2019,7.5,Iceland
A,TOTAL,TOTAL,RENT_FR,PC,IS,2020,6.3,Iceland
A,TOTAL,TOTAL,RENT_FR,PC,IT,2004,15.0,Italy
A,TOTAL,TOTAL,RENT_FR,PC,IT,2005,14.8,Italy
A,TOTAL,TOTAL,RENT_FR,PC,IT,2006,14.8,Italy
A,TOTAL,TOTAL,RENT_FR,PC,IT,2007,14.5,Italy
A,TOTAL,TOTAL,RENT_FR,PC,IT,2008,14.4,Italy
A,TOTAL,TOTAL,RENT_FR,PC,IT,2009,14.4,Italy
A,TOTAL,TOTAL,RENT_FR,PC,IT,2010,13.9,Italy
A,TOTAL,TOTAL,RENT_FR,PC,IT,2011,13.7,Italy
A,TOTAL,TOTAL,RENT_FR,PC,IT,2012,12.5,Italy
A,TOTAL,TOTAL,RENT_FR,PC,IT,2013,12.7,Italy
A,TOTAL,TOTAL,RENT_FR,PC,IT,2014,12.6,Italy
A,TOTAL,TOTAL,RENT_FR,PC,IT,2015,11.7,Italy
A,TOTAL,TOTAL,RENT_FR,PC,IT,2016,11.0,Italy
A,TOTAL,TOTAL,RENT_FR,PC,IT,2017,9.5,Italy
A,TOTAL,TOTAL,RENT_FR,PC,IT,2018,8.8,Italy
A,TOTAL,TOTAL,RENT_FR,PC,IT,2019,8.7,Italy
A,TOTAL,TOTAL,RENT_FR,PC,IT,2020,8.2,Italy
A,TOTAL,TOTAL,RENT_FR,PC,IT,2021,8.7,Italy
A,TOTAL,TOTAL,RENT_FR,PC,IT,2022,9.1,Italy
A,TOTAL,TOTAL,RENT_FR,PC,IT,2023,8.1,Italy
A,TOTAL,TOTAL,RENT_FR,PC,IT,2024,8.1,Italy
A,TOTAL,TOTAL,RENT_FR,PC,LT,2005,10.1,Lithuania
A,TOTAL,TOTAL,RENT_FR,PC,LT,2006,7.3,Lithuania
A,TOTAL,TOTAL,RENT_FR,PC,LT,2007,9.5,Lithuania
A,TOTAL,TOTAL,RENT_FR,PC,LT,2008,6.2,Lithuania
A,TOTAL,TOTAL,RENT_FR,PC,LT,2009,6.9,Lithuania
A,TOTAL,TOTAL,RENT_FR,PC,LT,2010,5.3,Lithuania
A,TOTAL,TOTAL,RENT_FR,PC,LT,2011,6.6,Lithuania
A,TOTAL,TOTAL,RENT_FR,PC,LT,2012,6.7,Lithuania
A,TOTAL,TOTAL,RENT_FR,PC,LT,2013,6.4,Lithuania
A,TOTAL,TOTAL,RENT_FR,PC,LT,2014,8.8,Lithuania
A,TOTAL,TOTAL,RENT_FR,PC,LT,2015,9.2,Lithuania
A,TOTAL,TOTAL,RENT_FR,PC,LT,2016,8.3,Lithuania
A,TOTAL,TOTAL,RENT_FR,PC,LT,2017,8.7,Lithuania
A,TOTAL,TOTAL,RENT_FR,PC,LT,2018,8.9,Lithuania
A,TOTAL,TOTAL,RENT_FR,PC,LT,2019,8.6,Lithuania
A,TOTAL,TOTAL,RENT_FR,PC,LT,2020,10.3,Lithuania
A,TOTAL,TOTAL,RENT_FR,PC,LT,2021,9.6,Lithuania
A,TOTAL,TOTAL,RENT_FR,PC,LT,2022,9.4,Lithuania
A,TOTAL,TOTAL,RENT_FR,PC,LT,2023,8.9,Lithuania
A,TOTAL,TOTAL,RENT_FR,PC,LT,2024,9.7,Lithuania
A,TOTAL,TOTAL,RENT_FR,PC,LU,2007,5.9,Luxembourg
A,TOTAL,TOTAL,RENT_FR,PC,LU,2008,6.8,Luxembourg
A,TOTAL,TOTAL,RENT_FR,PC,LU,2009,7.2,Luxembourg
A,TOTAL,TOTAL,RENT_FR,PC,LU,2010,4.3,Luxembourg
A,TOTAL,TOTAL,RENT_FR,PC,LU,2011,4.8,Luxembourg
A,TOTAL,TOTAL,RENT_FR,PC,LU,2012,4.6,Luxembourg
A,TOTAL,TOTAL,RENT_FR,PC,LU,2013,5.2,Luxembourg
A,TOTAL,TOTAL,RENT_FR,PC,LU,2014,5.5,Luxembourg
A,TOTAL,TOTAL,RENT_FR,PC,LU,2015,5.1,Luxembourg
A,TOTAL,TOTAL,RENT_FR,PC,LU,2016,4.6,Luxembourg
A,TOTAL,TOTAL,RENT_FR,PC,LU,2017,4.5,Luxembourg
A,TOTAL,TOTAL,RENT_FR,PC,LU,2018,5.4,Luxembourg
A,TOTAL,TOTAL,RENT_FR,PC,LU,2019,6.3,Luxembourg
A,TOTAL,TOTAL,RENT_FR,PC,LU,2020,7.1,Luxembourg
A,TOTAL,TOTAL,RENT_FR,PC,LU,2021,7.9,Luxembourg
A,TOTAL,TOTAL,RENT_FR,PC,LU,2022,6.7,Luxembourg
A,TOTAL,TOTAL,RENT_FR,PC,LU,2023,10.6,Luxembourg
A,TOTAL,TOTAL,RENT_FR,PC,LU,2024,8.3,Luxembourg
A,TOTAL,TOTAL,RENT_FR,PC,LV,2007,8.9,Latvia
A,TOTAL,TOTAL,RENT_FR,PC,LV,2008,7.3,Latvia
A,TOTAL,TOTAL,RENT_FR,PC,LV,2009,6.6,Latvia
A,TOTAL,TOTAL,RENT_FR,PC,LV,2010,9.3,Latvia
A,TOTAL,TOTAL,RENT_FR,PC,LV,2011,9.5,Latvia
A,TOTAL,TOTAL,RENT_FR,PC,LV,2012,10.7,Latvia
A,TOTAL,TOTAL,RENT_FR,PC,LV,2013,10.5,Latvia
A,TOTAL,TOTAL,RENT_FR,PC,LV,2014,10.4,Latvia
A,TOTAL,TOTAL,RENT_FR,PC,LV,2015,11.2,Latvia
A,TOTAL,TOTAL,RENT_FR,PC,LV,2016,10.4,Latvia
A,TOTAL,TOTAL,RENT_FR,PC,LV,2017,10.5,Latvia
A,TOTAL,TOTAL,RENT_FR,PC,LV,2018,10.9,Latvia
A,TOTAL,TOTAL,RENT_FR,PC,LV,2019,12.0,Latvia
A,TOTAL,TOTAL,RENT_FR,PC,LV,2020,11.5,Latvia
A,TOTAL,TOTAL,RENT_FR,PC,LV,2021,10.2,Latvia
A,TOTAL,TOTAL,RENT_FR,PC,LV,2022,9.7,Latvia
A,TOTAL,TOTAL,RENT_FR,PC,LV,2023,10.7,Latvia
A,TOTAL,TOTAL,RENT_FR,PC,LV,2024,10.2,Latvia
A,TOTAL,TOTAL,RENT_FR,PC,ME,2013,4.1,Montenegro
A,TOTAL,TOTAL,RENT_FR,PC,ME,2014,3.8,Montenegro
A,TOTAL,TOTAL,RENT_FR,PC,ME,2015,5.2,Montenegro
A,TOTAL,TOTAL,RENT_FR,PC,ME,2016,3.7,Montenegro
A,TOTAL,TOTAL,RENT_FR,PC,ME,2017,5.1,Montenegro
A,TOTAL,TOTAL,RENT_FR,PC,ME,2018,5.3,Montenegro
A,TOTAL,TOTAL,RENT_FR,PC,ME,2019,5.2,Montenegro
A,TOTAL,TOTAL,RENT_FR,PC,ME,2020,6.2,Montenegro
A,TOTAL,TOTAL,RENT_FR,PC,ME,2021,5.5,Montenegro
A,TOTAL,TOTAL,RENT_FR,PC,ME,2022,5.6,Montenegro
A,TOTAL,TOTAL,RENT_FR,PC,ME,2023,5.4,Montenegro
A,TOTAL,TOTAL,RENT_FR,PC,MK,2011,9.0,North Macedonia
A,TOTAL,TOTAL,RENT_FR,PC,MK,2012,9.7,North Macedonia
A,TOTAL,TOTAL,RENT_FR,PC,MK,2013,12.1,North Macedonia
A,TOTAL,TOTAL,RENT_FR,PC,MK,2014,10.6,North Macedonia
A,TOTAL,TOTAL,RENT_FR,PC,MK,2015,8.9,North Macedonia
A,TOTAL,TOTAL,RENT_FR,PC,MK,2016,9.4,North Macedonia
A,TOTAL,TOTAL,RENT_FR,PC,MK,2017,10.9,North Macedonia
A,TOTAL,TOTAL,RENT_FR,PC,MK,2018,11.2,North Macedonia
A,TOTAL,TOTAL,RENT_FR,PC,MK,2019,13.4,North Macedonia
A,TOTAL,TOTAL,RENT_FR,PC,MK,2020,13.5,North Macedonia
A,TOTAL,TOTAL,RENT_FR,PC,MK,2021,10.1,North Macedonia
A,TOTAL,TOTAL,RENT_FR,PC,MK,2022,12.2,North Macedonia
A,TOTAL,TOTAL,RENT_FR,PC,MK,2023,11.8,North Macedonia
A,TOTAL,TOTAL,RENT_FR,PC,MK,2024,12.3,North Macedonia
A,TOTAL,TOTAL,RENT_FR,PC,MT,2005,17.7,Malta
A,TOTAL,TOTAL,RENT_FR,PC,MT,2006,16.9,Malta
A,TOTAL,TOTAL,RENT_FR,PC,MT,2007,18.7,Malta
A,TOTAL,TOTAL,RENT_FR,PC,MT,2008,18.7,Malta
A,TOTAL,TOTAL,RENT_FR,PC,MT,2009,19.9,Malta
A,TOTAL,TOTAL,RENT_FR,PC,MT,2010,18.9,Malta
A,TOTAL,TOTAL,RENT_FR,PC,MT,2011,17.7,Malta
A,TOTAL,TOTAL,RENT_FR,PC,MT,2012,15.8,Malta
A,TOTAL,TOTAL,RENT_FR,PC,MT,2013,17.8,Malta
A,TOTAL,TOTAL,RENT_FR,PC,MT,2014,18.0,Malta
A,TOTAL,TOTAL,RENT_FR,PC,MT,2015,17.1,Malta
A,TOTAL,TOTAL,RENT_FR,PC,MT,2016,15.6,Malta
A,TOTAL,TOTAL,RENT_FR,PC,MT,2017,13.7,Malta
A,TOTAL,TOTAL,RENT_FR,PC,MT,2018,11.6,Malta
A,TOTAL,TOTAL,RENT_FR,PC,MT,2019,11.5,Malta
A,TOTAL,TOTAL,RENT_FR,PC,MT,2020,9.2,Malta
A,TOTAL,TOTAL,RENT_FR,PC,MT,2021,9.4,Malta
A,TOTAL,TOTAL,RENT_FR,PC,MT,2022,9.9,Malta
A,TOTAL,TOTAL,RENT_FR,PC,MT,2023,8.1,Malta
A,TOTAL,TOTAL,RENT_FR,PC,MT,2024,10.3,Malta
A,TOTAL,TOTAL,RENT_FR,PC,NL,2005,0.3,Netherlands
A,TOTAL,TOTAL,RENT_FR,PC,NL,2006,0.4,Netherlands
A,TOTAL,TOTAL,RENT_FR,PC,NL,2007,0.3,Netherlands
A,TOTAL,TOTAL,RENT_FR,PC,NL,2008,0.4,Netherlands
A,TOTAL,TOTAL,RENT_FR,PC,NL,2009,0.5,Netherlands
A,TOTAL,TOTAL,RENT_FR,PC,NL,2010,0.3,Netherlands
A,TOTAL,TOTAL,RENT_FR,PC,NL,2011,0.5,Netherlands
A,TOTAL,TOTAL,RENT_FR,PC,NL,2012,0.4,Netherlands
A,TOTAL,TOTAL,RENT_FR,PC,NL,2013,0.4,Netherlands
A,TOTAL,TOTAL,RENT_FR,PC,NL,2014,0.4,Netherlands
A,TOTAL,TOTAL,RENT_FR,PC,NL,2015,0.5,Netherlands
A,TOTAL,TOTAL,RENT_FR,PC,NL,2016,0.7,Netherlands
A,TOTAL,TOTAL,RENT_FR,PC,NL,2017,0.8,Netherlands
A,TOTAL,TOTAL,RENT_FR,PC,NL,2018,1.0,Netherlands
A,TOTAL,TOTAL,RENT_FR,PC,NL,2019,0.8,Netherlands
A,TOTAL,TOTAL,RENT_FR,PC,NL,2020,0.8,Netherlands
A,TOTAL,TOTAL,RENT_FR,PC,NL,2021,25.9,Netherlands
A,TOTAL,TOTAL,RENT_FR,PC,NL,2022,25.4,Netherlands
A,TOTAL,TOTAL,RENT_FR,PC,NL,2023,26.0,Netherlands
A,TOTAL,TOTAL,RENT_FR,PC,NL,2024,25.9,Netherlands
A,TOTAL,TOTAL,RENT_FR,PC,NO,2003,6.9,Norway
A,TOTAL,TOTAL,RENT_FR,PC,NO,2004,6.3,Norway
A,TOTAL,TOTAL,RENT_FR,PC,NO,2005,5.7,Norway
A,TOTAL,TOTAL,RENT_FR,PC,NO,2006,5.2,Norway
A,TOTAL,TOTAL,RENT_FR,PC,NO,2007,5.7,Norway
A,TOTAL,TOTAL,RENT_FR,PC,NO,2008,3.9,Norway
A,TOTAL,TOTAL,RENT_FR,PC,NO,2009,3.9,Norway
A,TOTAL,TOTAL,RENT_FR,PC,NO,2010,6.2,Norway
A,TOTAL,TOTAL,RENT_FR,PC,NO,2011,5.5,Norway
A,TOTAL,TOTAL,RENT_FR,PC,NO,2012,6.1,Norway
A,TOTAL,TOTAL,RENT_FR,PC,NO,2013,6.4,Norway
A,TOTAL,TOTAL,RENT_FR,PC,NO,2014,6.4,Norway
A,TOTAL,TOTAL,RENT_FR,PC,NO,2015,6.3,Norway
A,TOTAL,TOTAL,RENT_FR,PC,NO,2016,6.1,Norway
A,TOTAL,TOTAL,RENT_FR,PC,NO,2017,5.9,Norway
A,TOTAL,TOTAL,RENT_FR,PC,NO,2018,2.0,Norway
A,TOTAL,TOTAL,RENT_FR,PC,NO,2019,2.4,Norway
A,TOTAL,TOTAL,RENT_FR,PC,NO,2020,1.9,Norway
A,TOTAL,TOTAL,RENT_FR,PC,NO,2021,1.9,Norway
A,TOTAL,TOTAL,RENT_FR,PC,NO,2022,1.7,Norway
A,TOTAL,TOTAL,RENT_FR,PC,NO,2023,1.8,Norway
A,TOTAL,TOTAL,RENT_FR,PC,NO,2024,1.9,Norway
A,TOTAL,TOTAL,RENT_FR,PC,PL,2007,34.9,Poland
A,TOTAL,TOTAL,RENT_FR,PC,PL,2008,31.7,Poland
A,TOTAL,TOTAL,RENT_FR,PC,PL,2009,29.1,Poland
A,TOTAL,TOTAL,RENT_FR,PC,PL,2010,16.2,Poland
A,TOTAL,TOTAL,RENT_FR,PC,PL,2011,14.5,Poland
A,TOTAL,TOTAL,RENT_FR,PC,PL,2012,13.6,Poland
A,TOTAL,TOTAL,RENT_FR,PC,PL,2013,12.0,Poland
A,TOTAL,TOTAL,RENT_FR,PC,PL,2014,12.3,Poland
A,TOTAL,TOTAL,RENT_FR,PC,PL,2015,11.8,Poland
A,TOTAL,TOTAL,RENT_FR,PC,PL,2016,12.1,Poland
A,TOTAL,TOTAL,RENT_FR,PC,PL,2017,11.5,Poland
A,TOTAL,TOTAL,RENT_FR,PC,PL,2018,11.7,Poland
A,TOTAL,TOTAL,RENT_FR,PC,PL,2019,11.6,Poland
A,TOTAL,TOTAL,RENT_FR,PC,PL,2020,11.1,Poland
A,TOTAL,TOTAL,RENT_FR,PC,PL,2021,9.9,Poland
A,TOTAL,TOTAL,RENT_FR,PC,PL,2022,9.4,Poland
A,TOTAL,TOTAL,RENT_FR,PC,PL,2023,8.5,Poland
A,TOTAL,TOTAL,RENT_FR,PC,PL,2024,8.1,Poland
A,TOTAL,TOTAL,RENT_FR,PC,PT,2004,14.6,Portugal
A,TOTAL,TOTAL,RENT_FR,PC,PT,2005,15.0,Portugal
A,TOTAL,TOTAL,RENT_FR,PC,PT,2006,15.2,Portugal
A,TOTAL,TOTAL,RENT_FR,PC,PT,2007,16.0,Portugal
A,TOTAL,TOTAL,RENT_FR,PC,PT,2008,14.2,Portugal
A,TOTAL,TOTAL,RENT_FR,PC,PT,2009,14.5,Portugal
A,TOTAL,TOTAL,RENT_FR,PC,PT,2010,12.3,Portugal
A,TOTAL,TOTAL,RENT_FR,PC,PT,2011,12.8,Portugal
A,TOTAL,TOTAL,RENT_FR,PC,PT,2012,14.5,Portugal
A,TOTAL,TOTAL,RENT_FR,PC,PT,2013,14.5,Portugal
A,TOTAL,TOTAL,RENT_FR,PC,PT,2014,12.7,Portugal
A,TOTAL,TOTAL,RENT_FR,PC,PT,2015,12.5,Portugal
A,TOTAL,TOTAL,RENT_FR,PC,PT,2016,11.8,Portugal
A,TOTAL,TOTAL,RENT_FR,PC,PT,2017,12.5,Portugal
A,TOTAL,TOTAL,RENT_FR,PC,PT,2018,12.9,Portugal
A,TOTAL,TOTAL,RENT_FR,PC,PT,2019,12.9,Portugal
A,TOTAL,TOTAL,RENT_FR,PC,PT,2020,11.2,Portugal
A,TOTAL,TOTAL,RENT_FR,PC,PT,2021,10.8,Portugal
A,TOTAL,TOTAL,RENT_FR,PC,PT,2022,10.7,Portugal
A,TOTAL,TOTAL,RENT_FR,PC,PT,2023,12.1,Portugal
A,TOTAL,TOTAL,RENT_FR,PC,PT,2024,12.2,Portugal
A,TOTAL,TOTAL,RENT_FR,PC,RO,2007,3.4,Romania
A,TOTAL,TOTAL,RENT_FR,PC,RO,2008,2.8,Romania
A,TOTAL,TOTAL,RENT_FR,PC,RO,2009,2.6,Romania
A,TOTAL,TOTAL,RENT_FR,PC,RO,2010,1.5,Romania
A,TOTAL,TOTAL,RENT_FR,PC,RO,2011,2.5,Romania
A,TOTAL,TOTAL,RENT_FR,PC,RO,2012,2.9,Romania
A,TOTAL,TOTAL,RENT_FR,PC,RO,2013,3.2,Romania
A,TOTAL,TOTAL,RENT_FR,PC,RO,2014,3.1,Romania
A,TOTAL,TOTAL,RENT_FR,PC,RO,2015,2.4,Romania
A,TOTAL,TOTAL,RENT_FR,PC,RO,2016,2.5,Romania
A,TOTAL,TOTAL,RENT_FR,PC,RO,2017,2.2,Romania
A,TOTAL,TOTAL,RENT_FR,PC,RO,2018,2.4,Romania
A,TOTAL,TOTAL,RENT_FR,PC,RO,2019,2.9,Romania
A,TOTAL,TOTAL,RENT_FR,PC,RO,2020,2.6,Romania
A,TOTAL,TOTAL,RENT_FR,PC,RO,2021,3.5,Romania
A,TOTAL,TOTAL,RENT_FR,PC,RO,2022,3.7,Romania
A,TOTAL,TOTAL,RENT_FR,PC,RO,2023,3.1,Romania
A,TOTAL,TOTAL,RENT_FR,PC,RO,2024,3.6,Romania
A,TOTAL,TOTAL,RENT_FR,PC,RS,2013,15.0,Serbia
A,TOTAL,TOTAL,RENT_FR,PC,RS,2014,14.8,Serbia
A,TOTAL,TOTAL,RENT_FR,PC,RS,2015,15.8,Serbia
A,TOTAL,TOTAL,RENT_FR,PC,RS,2016,14.6,Serbia
A,TOTAL,TOTAL,RENT_FR,PC,RS,2017,14.9,Serbia
A,TOTAL,TOTAL,RENT_FR,PC,RS,2018,12.6,Serbia
A,TOTAL,TOTAL,RENT_FR,PC,RS,2019,14.4,Serbia
A,TOTAL,TOTAL,RENT_FR,PC,RS,2020,12.3,Serbia
A,TOTAL,TOTAL,RENT_FR,PC,RS,2021,9.0,Serbia
A,TOTAL,TOTAL,RENT_FR,PC,RS,2022,6.8,Serbia
A,TOTAL,TOTAL,RENT_FR,PC,RS,2023,7.6,Serbia
A,TOTAL,TOTAL,RENT_FR,PC,RS,2024,8.7,Serbia
A,TOTAL,TOTAL,RENT_FR,PC,SE,2004,0.2,Sweden
A,TOTAL,TOTAL,RENT_FR,PC,SE,2005,0.1,Sweden
A,TOTAL,TOTAL,RENT_FR,PC,SE,2006,1.1,Sweden
A,TOTAL,TOTAL,RENT_FR,PC,SE,2007,2.0,Sweden
A,TOTAL,TOTAL,RENT_FR,PC,SE,2008,1.0,Sweden
A,TOTAL,TOTAL,RENT_FR,PC,SE,2009,0.6,Sweden
A,TOTAL,TOTAL,RENT_FR,PC,SE,2010,0.5,Sweden
A,TOTAL,TOTAL,RENT_FR,PC,SE,2011,0.3,Sweden
A,TOTAL,TOTAL,RENT_FR,PC,SE,2012,0.2,Sweden
A,TOTAL,TOTAL,RENT_FR,PC,SE,2013,0.3,Sweden
A,TOTAL,TOTAL,RENT_FR,PC,SE,2014,0.5,Sweden
A,TOTAL,TOTAL,RENT_FR,PC,SE,2015,0.3,Sweden
A,TOTAL,TOTAL,RENT_FR,PC,SE,2016,0.8,Sweden
A,TOTAL,TOTAL,RENT_FR,PC,SE,2017,0.8,Sweden
A,TOTAL,TOTAL,RENT_FR,PC,SE,2018,0.9,Sweden
A,TOTAL,TOTAL,RENT_FR,PC,SE,2019,0.9,Sweden
A,TOTAL,TOTAL,RENT_FR,PC,SE,2020,0.8,Sweden
A,TOTAL,TOTAL,RENT_FR,PC,SE,2021,0.7,Sweden
A,TOTAL,TOTAL,RENT_FR,PC,SE,2022,0.6,Sweden
A,TOTAL,TOTAL,RENT_FR,PC,SE,2023,0.8,Sweden
A,TOTAL,TOTAL,RENT_FR,PC,SE,2024,0.6,Sweden
A,TOTAL,TOTAL,RENT_FR,PC,SI,2005,10.7,Slovenia
A,TOTAL,TOTAL,RENT_FR,PC,SI,2006,11.3,Slovenia
A,TOTAL,TOTAL,RENT_FR,PC,SI,2007,13.2,Slovenia
A,TOTAL,TOTAL,RENT_FR,PC,SI,2008,13.8,Slovenia
A,TOTAL,TOTAL,RENT_FR,PC,SI,2009,14.5,Slovenia
A,TOTAL,TOTAL,RENT_FR,PC,SI,2010,16.9,Slovenia
A,TOTAL,TOTAL,RENT_FR,PC,SI,2011,17.0,Slovenia
A,TOTAL,TOTAL,RENT_FR,PC,SI,2012,18.3,Slovenia
A,TOTAL,TOTAL,RENT_FR,PC,SI,2013,17.7,Slovenia
A,TOTAL,TOTAL,RENT_FR,PC,SI,2014,17.4,Slovenia
A,TOTAL,TOTAL,RENT_FR,PC,SI,2015,19.0,Slovenia
A,TOTAL,TOTAL,RENT_FR,PC,SI,2016,19.6,Slovenia
A,TOTAL,TOTAL,RENT_FR,PC,SI,2017,19.0,Slovenia
A,TOTAL,TOTAL,RENT_FR,PC,SI,2018,18.9,Slovenia
A,TOTAL,TOTAL,RENT_FR,PC,SI,2019,19.3,Slovenia
A,TOTAL,TOTAL,RENT_FR,PC,SI,2020,19.8,Slovenia
A,TOTAL,TOTAL,RENT_FR,PC,SI,2021,18.6,Slovenia
A,TOTAL,TOTAL,RENT_FR,PC,SI,2022,18.7,Slovenia
A,TOTAL,TOTAL,RENT_FR,PC,SI,2023,19.1,Slovenia
A,TOTAL,TOTAL,RENT_FR,PC,SI,2024,18.4,Slovenia
A,TOTAL,TOTAL,RENT_FR,PC,SK,2005,5.4,Slovakia
A,TOTAL,TOTAL,RENT_FR,PC,SK,2006,1.6,Slovakia
A,TOTAL,TOTAL,RENT_FR,PC,SK,2007,1.7,Slovakia
A,TOTAL,TOTAL,RENT_FR,PC,SK,2008,1.7,Slovakia
A,TOTAL,TOTAL,RENT_FR,PC,SK,2009,1.7,Slovakia
A,TOTAL,TOTAL,RENT_FR,PC,SK,2010,1.6,Slovakia
A,TOTAL,TOTAL,RENT_FR,PC,SK,2011,1.7,Slovakia
A,TOTAL,TOTAL,RENT_FR,PC,SK,2012,1.8,Slovakia
A,TOTAL,TOTAL,RENT_FR,PC,SK,2013,2.0,Slovakia
A,TOTAL,TOTAL,RENT_FR,PC,SK,2014,1.8,Slovakia
A,TOTAL,TOTAL,RENT_FR,PC,SK,2015,1.5,Slovakia
A,TOTAL,TOTAL,RENT_FR,PC,SK,2016,1.6,Slovakia
A,TOTAL,TOTAL,RENT_FR,PC,SK,2017,1.5,Slovakia
A,TOTAL,TOTAL,RENT_FR,PC,SK,2018,1.2,Slovakia
A,TOTAL,TOTAL,RENT_FR,PC,SK,2019,1.4,Slovakia
A,TOTAL,TOTAL,RENT_FR,PC,SK,2020,1.6,Slovakia
A,TOTAL,TOTAL,RENT_FR,PC,SK,2021,1.9,Slovakia
A,TOTAL,TOTAL,RENT_FR,PC,SK,2022,2.7,Slovakia
A,TOTAL,TOTAL,RENT_FR,PC,SK,2023,2.8,Slovakia
A,TOTAL,TOTAL,RENT_FR,PC,SK,2024,2.8,Slovakia
A,TOTAL,TOTAL,RENT_FR,PC,TR,2006,15.5,Türkiye
A,TOTAL,TOTAL,RENT_FR,PC,TR,2007,17.0,Türkiye
A,TOTAL,TOTAL,RENT_FR,PC,TR,2008,16.7,Türkiye
A,TOTAL,TOTAL,RENT_FR,PC,TR,2009,17.1,Türkiye
A,TOTAL,TOTAL,RENT_FR,PC,TR,2011,18.0,Türkiye
A,TOTAL,TOTAL,RENT_FR,PC,TR,2012,18.3,Türkiye
A,TOTAL,TOTAL,RENT_FR,PC,TR,2013,17.9,Türkiye
A,TOTAL,TOTAL,RENT_FR,PC,TR,2014,16.8,Türkiye
A,TOTAL,TOTAL,RENT_FR,PC,TR,2015,16.1,Türkiye
A,TOTAL,TOTAL,RENT_FR,PC,TR,2016,15.8,Türkiye
A,TOTAL,TOTAL,RENT_FR,PC,TR,2017,16.1,Türkiye
A,TOTAL,TOTAL,RENT_FR,PC,TR,2018,15.8,Türkiye
A,TOTAL,TOTAL,RENT_FR,PC,TR,2019,15.5,Türkiye
A,TOTAL,TOTAL,RENT_FR,PC,TR,2020,15.9,Türkiye
A,TOTAL,TOTAL,RENT_FR,PC,TR,2021,15.7,Türkiye
A,TOTAL,TOTAL,RENT_FR,PC,TR,2022,16.1,Türkiye
A,TOTAL,TOTAL,RENT_FR,PC,TR,2023,16.0,Türkiye
A,TOTAL,TOTAL,RENT_FR,PC,TR,2024,16.0,Türkiye
A,TOTAL,TOTAL,RENT_FR,PC,UK,2005,14.1,United Kingdom
A,TOTAL,TOTAL,RENT_FR,PC,UK,2006,19.1,United Kingdom
A,TOTAL,TOTAL,RENT_FR,PC,UK,2007,18.4,United Kingdom
A,TOTAL,TOTAL,RENT_FR,PC,UK,2008,18.2,United Kingdom
A,TOTAL,TOTAL,RENT_FR,PC,UK,2009,17.6,United Kingdom
A,TOTAL,TOTAL,RENT_FR,PC,UK,2010,18.1,United Kingdom
A,TOTAL,TOTAL,RENT_FR,PC,UK,2011,18.8,United Kingdom
A,TOTAL,TOTAL,RENT_FR,PC,UK,2012,18.0,United Kingdom
A,TOTAL,TOTAL,RENT_FR,PC,UK,2013,18.1,United Kingdom
A,TOTAL,TOTAL,RENT_FR,PC,UK,2014,18.0,United Kingdom
A,TOTAL,TOTAL,RENT_FR,PC,UK,2015,18.3,United Kingdom
A,TOTAL,TOTAL,RENT_FR,PC,UK,2016,18.6,United Kingdom
A,TOTAL,TOTAL,RENT_FR,PC,UK,2017,17.9,United Kingdom
A,TOTAL,TOTAL,RENT_FR,PC,UK,2018,5.1,United Kingdom
A,TOTAL,TOTAL,RENT_FR,PC,XK,2018,1.7,Kosovo*
A,TOTAL,TOTAL,RENT_MKT,PC,AL,2017,2.0,Albania
A,TOTAL,TOTAL,RENT_MKT,PC,AL,2018,2.4,Albania
A,TOTAL,TOTAL,RENT_MKT,PC,AL,2019,2.7,Albania
A,TOTAL,TOTAL,RENT_MKT,PC,AL,2020,2.7,Albania
A,TOTAL,TOTAL,RENT_MKT,PC,AL,2021,3.2,Albania
A,TOTAL,TOTAL,RENT_MKT,PC,AL,2022,3.2,Albania
A,TOTAL,TOTAL,RENT_MKT,PC,AL,2023,3.6,Albania
A,TOTAL,TOTAL,RENT_MKT,PC,AT,2007,28.7,Austria
A,TOTAL,TOTAL,RENT_MKT,PC,AT,2008,27.3,Austria
A,TOTAL,TOTAL,RENT_MKT,PC,AT,2009,27.5,Austria
A,TOTAL,TOTAL,RENT_MKT,PC,AT,2010,26.6,Austria
A,TOTAL,TOTAL,RENT_MKT,PC,AT,2011,29.2,Austria
A,TOTAL,TOTAL,RENT_MKT,PC,AT,2012,26.1,Austria
A,TOTAL,TOTAL,RENT_MKT,PC,AT,2013,27.2,Austria
A,TOTAL,TOTAL,RENT_MKT,PC,AT,2014,27.2,Austria
A,TOTAL,TOTAL,RENT_MKT,PC,AT,2015,29.6,Austria
A,TOTAL,TOTAL,RENT_MKT,PC,AT,2016,29.7,Austria
A,TOTAL,TOTAL,RENT_MKT,PC,AT,2017,30.1,Austria
A,TOTAL,TOTAL,RENT_MKT,PC,AT,2018,29.7,Austria
A,TOTAL,TOTAL,RENT_MKT,PC,AT,2019,30.3,Austria
A,TOTAL,TOTAL,RENT_MKT,PC,AT,2020,30.6,Austria
A,TOTAL,TOTAL,RENT_MKT,PC,AT,2021,30.3,Austria
A,TOTAL,TOTAL,RENT_MKT,PC,AT,2022,31.6,Austria
A,TOTAL,TOTAL,RENT_MKT,PC,AT,2023,32.6,Austria
A,TOTAL,TOTAL,RENT_MKT,PC,AT,2024,30.7,Austria
A,TOTAL,TOTAL,RENT_MKT,PC,BE,2003,22.1,Belgium
A,TOTAL,TOTAL,RENT_MKT,PC,BE,2004,21.7,Belgium
A,TOTAL,TOTAL,RENT_MKT,PC,BE,2005,19.0,Belgium
A,TOTAL,TOTAL,RENT_MKT,PC,BE,2006,18.2,Belgium
A,TOTAL,TOTAL,RENT_MKT,PC,BE,2007,18.6,Belgium
A,TOTAL,TOTAL,RENT_MKT,PC,BE,2008,18.5,Belgium
A,TOTAL,TOTAL,RENT_MKT,PC,BE,2009,18.5,Belgium
A,TOTAL,TOTAL,RENT_MKT,PC,BE,2010,19.6,Belgium
A,TOTAL,TOTAL,RENT_MKT,PC,BE,2011,18.9,Belgium
A,TOTAL,TOTAL,RENT_MKT,PC,BE,2012,18.6,Belgium
A,TOTAL,TOTAL,RENT_MKT,PC,BE,2013,18.5,Belgium
A,TOTAL,TOTAL,RENT_MKT,PC,BE,2014,19.3,Belgium
A,TOTAL,TOTAL,RENT_MKT,PC,BE,2015,19.7,Belgium
A,TOTAL,TOTAL,RENT_MKT,PC,BE,2016,20.3,Belgium
A,TOTAL,TOTAL,RENT_MKT,PC,BE,2017,18.9,Belgium
A,TOTAL,TOTAL,RENT_MKT,PC,BE,2018,19.4,Belgium
A,TOTAL,TOTAL,RENT_MKT,PC,BE,2019,20.3,Belgium
A,TOTAL,TOTAL,RENT_MKT,PC,BE,2020,19.5,Belgium
A,TOTAL,TOTAL,RENT_MKT,PC,BE,2021,19.9,Belgium
A,TOTAL,TOTAL,RENT_MKT,PC,BE,2022,19.0,Belgium
A,TOTAL,TOTAL,RENT_MKT,PC,BE,2023,19.5,Belgium
A,TOTAL,TOTAL,RENT_MKT,PC,BE,2024,20.5,Belgium
A,TOTAL,TOTAL,RENT_MKT,PC,BG,2005,3.0,Bulgaria
A,TOTAL,TOTAL,RENT_MKT,PC,BG,2006,3.0,Bulgaria
A,TOTAL,TOTAL,RENT_MKT,PC,BG,2007,2.3,Bulgaria
A,TOTAL,TOTAL,RENT_MKT,PC,BG,2008,1.6,Bulgaria
A,TOTAL,TOTAL,RENT_MKT,PC,BG,2009,2.0,Bulgaria
A,TOTAL,TOTAL,RENT_MKT,PC,BG,2010,2.1,Bulgaria
A,TOTAL,TOTAL,RENT_MKT,PC,BG,2011,1.7,Bulgaria
A,TOTAL,TOTAL,RENT_MKT,PC,BG,2012,1.3,Bulgaria
A,TOTAL,TOTAL,RENT_MKT,PC,BG,2013,1.8,Bulgaria
A,TOTAL,TOTAL,RENT_MKT,PC,BG,2014,2.6,Bulgaria
A,TOTAL,TOTAL,RENT_MKT,PC,BG,2015,3.1,Bulgaria
A,TOTAL,TOTAL,RENT_MKT,PC,BG,2016,2.9,Bulgaria
A,TOTAL,TOTAL,RENT_MKT,PC,BG,2017,3.0,Bulgaria
A,TOTAL,TOTAL,RENT_MKT,PC,BG,2018,2.9,Bulgaria
A,TOTAL,TOTAL,RENT_MKT,PC,BG,2019,2.8,Bulgaria
A,TOTAL,TOTAL,RENT_MKT,PC,BG,2020,2.4,Bulgaria
A,TOTAL,TOTAL,RENT_MKT,PC,BG,2021,2.2,Bulgaria
A,TOTAL,TOTAL,RENT_MKT,PC,BG,2022,2.4,Bulgaria
A,TOTAL,TOTAL,RENT_MKT,PC,BG,2023,2.2,Bulgaria
A,TOTAL,TOTAL,RENT_MKT,PC,BG,2024,2.4,Bulgaria
A,TOTAL,TOTAL,RENT_MKT,PC,CH,2010,49.9,Switzerland
A,TOTAL,TOTAL,RENT_MKT,PC,CH,2011,51.4,Switzerland
A,TOTAL,TOTAL,RENT_MKT,PC,CH,2012,51.7,Switzerland
A,TOTAL,TOTAL,RENT_MKT,PC,CH,2013,51.8,Switzerland
A,TOTAL,TOTAL,RENT_MKT,PC,CH,2014,49.2,Switzerland
A,TOTAL,TOTAL,RENT_MKT,PC,CH,2015,49.2,Switzerland
A,TOTAL,TOTAL,RENT_MKT,PC,CH,2016,50.2,Switzerland
A,TOTAL,TOTAL,RENT_MKT,PC,CH,2017,50.9,Switzerland
A,TOTAL,TOTAL,RENT_MKT,PC,CH,2018,51.1,Switzerland
A,TOTAL,TOTAL,RENT_MKT,PC,CH,2019,52.8,Switzerland
A,TOTAL,TOTAL,RENT_MKT,PC,CH,2020,51.5,Switzerland
A,TOTAL,TOTAL,RENT_MKT,PC,CH,2021,52.4,Switzerland
A,TOTAL,TOTAL,RENT_MKT,PC,CH,2022,51.5,Switzerland
A,TOTAL,TOTAL,RENT_MKT,PC,CH,2023,52.3,Switzerland
A,TOTAL,TOTAL,RENT_MKT,PC,CH,2024,52.4,Switzerland
A,TOTAL,TOTAL,RENT_MKT,PC,CY,2007,9.9,Cyprus
A,TOTAL,TOTAL,RENT_MKT,PC,CY,2008,10.6,Cyprus
A,TOTAL,TOTAL,RENT_MKT,PC,CY,2009,9.4,Cyprus
A,TOTAL,TOTAL,RENT_MKT,PC,CY,2010,10.8,Cyprus
A,TOTAL,TOTAL,RENT_MKT,PC,CY,2011,10.4,Cyprus
A,TOTAL,TOTAL,RENT_MKT,PC,CY,2012,11.5,Cyprus
A,TOTAL,TOTAL,RENT_MKT,PC,CY,2013,10.9,Cyprus
A,TOTAL,TOTAL,RENT_MKT,PC,CY,2014,11.5,Cyprus
A,TOTAL,TOTAL,RENT_MKT,PC,CY,2015,12.7,Cyprus
A,TOTAL,TOTAL,RENT_MKT,PC,CY,2016,13.4,Cyprus
A,TOTAL,TOTAL,RENT_MKT,PC,CY,2017,14.4,Cyprus
A,TOTAL,TOTAL,RENT_MKT,PC,CY,2018,14.9,Cyprus
A,TOTAL,TOTAL,RENT_MKT,PC,CY,2019,14.7,Cyprus
A,TOTAL,TOTAL,RENT_MKT,PC,CY,2020,13.3,Cyprus
A,TOTAL,TOTAL,RENT_MKT,PC,CY,2021,12.8,Cyprus
A,TOTAL,TOTAL,RENT_MKT,PC,CY,2022,13.4,Cyprus
A,TOTAL,TOTAL,RENT_MKT,PC,CY,2023,13.3,Cyprus
A,TOTAL,TOTAL,RENT_MKT,PC,CY,2024,14.5,Cyprus
A,TOTAL,TOTAL,RENT_MKT,PC,CZ,2005,4.9,Czechia
A,TOTAL,TOTAL,RENT_MKT,PC,CZ,2006,4.7,Czechia
A,TOTAL,TOTAL,RENT_MKT,PC,CZ,2007,4.8,Czechia
A,TOTAL,TOTAL,RENT_MKT,PC,CZ,2008,5.0,Czechia
A,TOTAL,TOTAL,RENT_MKT,PC,CZ,2009,5.4,Czechia
A,TOTAL,TOTAL,RENT_MKT,PC,CZ,2010,5.0,Czechia
A,TOTAL,TOTAL,RENT_MKT,PC,CZ,2011,13.0,Czechia
A,TOTAL,TOTAL,RENT_MKT,PC,CZ,2012,13.2,Czechia
A,TOTAL,TOTAL,RENT_MKT,PC,CZ,2013,16.0,Czechia
A,TOTAL,TOTAL,RENT_MKT,PC,CZ,2014,16.6,Czechia
A,TOTAL,TOTAL,RENT_MKT,PC,CZ,2015,16.4,Czechia
A,TOTAL,TOTAL,RENT_MKT,PC,CZ,2016,16.0,Czechia
A,TOTAL,TOTAL,RENT_MKT,PC,CZ,2017,15.5,Czechia
A,TOTAL,TOTAL,RENT_MKT,PC,CZ,2018,15.7,Czechia
A,TOTAL,TOTAL,RENT_MKT,PC,CZ,2019,16.1,Czechia
A,TOTAL,TOTAL,RENT_MKT,PC,CZ,2020,15.7,Czechia
A,TOTAL,TOTAL,RENT_MKT,PC,CZ,2021,16.0,Czechia
A,TOTAL,TOTAL,RENT_MKT,PC,CZ,2022,16.3,Czechia
A,TOTAL,TOTAL,RENT_MKT,PC,CZ,2023,18.4,Czechia
A,TOTAL,TOTAL,RENT_MKT,PC,CZ,2024,19.0,Czechia
A,TOTAL,TOTAL,RENT_MKT,PC,DE,2005,36.8,Germany
A,TOTAL,TOTAL,RENT_MKT,PC,DE,2010,39.7,Germany
A,TOTAL,TOTAL,RENT_MKT,PC,DE,2011,39.9,Germany
A,TOTAL,TOTAL,RENT_MKT,PC,DE,2012,38.6,Germany
A,TOTAL,TOTAL,RENT_MKT,PC,DE,2013,38.9,Germany
A,TOTAL,TOTAL,RENT_MKT,PC,DE,2014,39.6,Germany
A,TOTAL,TOTAL,RENT_MKT,PC,DE,2015,39.9,Germany
A,TOTAL,TOTAL,RENT_MKT,PC,DE,2016,39.8,Germany
A,TOTAL,TOTAL,RENT_MKT,PC,DE,2017,40.0,Germany
A,TOTAL,TOTAL,RENT_MKT,PC,DE,2018,40.8,Germany
A,TOTAL,TOTAL,RENT_MKT,PC,DE,2019,41.1,Germany
A,TOTAL,TOTAL,RENT_MKT,PC,DE,2020,43.2,Germany
A,TOTAL,TOTAL,RENT_MKT,PC,DE,2021,47.3,Germany
A,TOTAL,TOTAL,RENT_MKT,PC,DE,2022,46.8,Germany
A,TOTAL,TOTAL,RENT_MKT,PC,DE,2023,46.8,Germany
A,TOTAL,TOTAL,RENT_MKT,PC,DE,2024,46.8,Germany
A,TOTAL,TOTAL,RENT_MKT,PC,DK,2003,34.0,Denmark
A,TOTAL,TOTAL,RENT_MKT,PC,DK,2004,32.8,Denmark
A,TOTAL,TOTAL,RENT_MKT,PC,DK,2005,33.4,Denmark
A,TOTAL,TOTAL,RENT_MKT,PC,DK,2006,32.6,Denmark
A,TOTAL,TOTAL,RENT_MKT,PC,DK,2007,32.9,Denmark
A,TOTAL,TOTAL,RENT_MKT,PC,DK,2008,33.5,Denmark
A,TOTAL,TOTAL,RENT_MKT,PC,DK,2009,33.7,Denmark
A,TOTAL,TOTAL,RENT_MKT,PC,DK,2010,33.3,Denmark
A,TOTAL,TOTAL,RENT_MKT,PC,DK,2011,17.7,Denmark
A,TOTAL,TOTAL,RENT_MKT,PC,DK,2012,21.1,Denmark
A,TOTAL,TOTAL,RENT_MKT,PC,DK,2013,35.4,Denmark
A,TOTAL,TOTAL,RENT_MKT,PC,DK,2014,36.6,Denmark
A,TOTAL,TOTAL,RENT_MKT,PC,DK,2015,37.3,Denmark
A,TOTAL,TOTAL,RENT_MKT,PC,DK,2016,38.3,Denmark
A,TOTAL,TOTAL,RENT_MKT,PC,DK,2017,37.7,Denmark
A,TOTAL,TOTAL,RENT_MKT,PC,DK,2018,39.4,Denmark
A,TOTAL,TOTAL,RENT_MKT,PC,DK,2019,39.1,Denmark
A,TOTAL,TOTAL,RENT_MKT,PC,DK,2020,40.6,Denmark
A,TOTAL,TOTAL,RENT_MKT,PC,DK,2021,40.7,Denmark
A,TOTAL,TOTAL,RENT_MKT,PC,DK,2022,40.4,Denmark
A,TOTAL,TOTAL,RENT_MKT,PC,DK,2023,39.9,Denmark
A,TOTAL,TOTAL,RENT_MKT,PC,DK,2024,38.9,Denmark
A,TOTAL,TOTAL,RENT_MKT,PC,EA,2011,21.9,"Euro area (EA11-1999, EA12-2001, EA13-2007, EA15-2008, EA16-2009, EA17-2011, EA18-2014, EA19-2015, EA20-2023, EA21-2026)"
A,TOTAL,TOTAL,RENT_MKT,PC,EA,2012,22.3,"Euro area (EA11-1999, EA12-2001, EA13-2007, EA15-2008, EA16-2009, EA17-2011, EA18-2014, EA19-2015, EA20-2023, EA21-2026)"
A,TOTAL,TOTAL,RENT_MKT,PC,EA,2013,22.6,"Euro area (EA11-1999, EA12-2001, EA13-2007, EA15-2008, EA16-2009, EA17-2011, EA18-2014, EA19-2015, EA20-2023, EA21-2026)"
A,TOTAL,TOTAL,RENT_MKT,PC,EA,2014,22.7,"Euro area (EA11-1999, EA12-2001, EA13-2007, EA15-2008, EA16-2009, EA17-2011, EA18-2014, EA19-2015, EA20-2023, EA21-2026)"
A,TOTAL,TOTAL,RENT_MKT,PC,EA,2015,23.0,"Euro area (EA11-1999, EA12-2001, EA13-2007, EA15-2008, EA16-2009, EA17-2011, EA18-2014, EA19-2015, EA20-2023, EA21-2026)"
A,TOTAL,TOTAL,RENT_MKT,PC,EA,2016,23.3,"Euro area (EA11-1999, EA12-2001, EA13-2007, EA15-2008, EA16-2009, EA17-2011, EA18-2014, EA19-2015, EA20-2023, EA21-2026)"
A,TOTAL,TOTAL,RENT_MKT,PC,EA,2017,23.6,"Euro area (EA11-1999, EA12-2001, EA13-2007, EA15-2008, EA16-2009, EA17-2011, EA18-2014, EA19-2015, EA20-2023, EA21-2026)"
A,TOTAL,TOTAL,RENT_MKT,PC,EA,2018,24.0,"Euro area (EA11-1999, EA12-2001, EA13-2007, EA15-2008, EA16-2009, EA17-2011, EA18-2014, EA19-2015, EA20-2023, EA21-2026)"
A,TOTAL,TOTAL,RENT_MKT,PC,EA,2019,24.3,"Euro area (EA11-1999, EA12-2001, EA13-2007, EA15-2008, EA16-2009, EA17-2011, EA18-2014, EA19-2015, EA20-2023, EA21-2026)"
A,TOTAL,TOTAL,RENT_MKT,PC,EA,2020,23.6,"Euro area (EA11-1999, EA12-2001, EA13-2007, EA15-2008, EA16-2009, EA17-2011, EA18-2014, EA19-2015, EA20-2023, EA21-2026)"
A,TOTAL,TOTAL,RENT_MKT,PC,EA,2021,23.3,"Euro area (EA11-1999, EA12-2001, EA13-2007, EA15-2008, EA16-2009, EA17-2011, EA18-2014, EA19-2015, EA20-2023, EA21-2026)"
A,TOTAL,TOTAL,RENT_MKT,PC,EA18,2005,23.8,Euro area - 18 countries (2014)
A,TOTAL,TOTAL,RENT_MKT,PC,EA18,2007,16.1,Euro area - 18 countries (2014)
A,TOTAL,TOTAL,RENT_MKT,PC,EA18,2008,15.1,Euro area - 18 countries (2014)
A,TOTAL,TOTAL,RENT_MKT,PC,EA18,2009,15.0,Euro area - 18 countries (2014)
A,TOTAL,TOTAL,RENT_MKT,PC,EA18,2010,21.8,Euro area - 18 countries (2014)
A,TOTAL,TOTAL,RENT_MKT,PC,EA18,2011,21.8,Euro area - 18 countries (2014)
A,TOTAL,TOTAL,RENT_MKT,PC,EA18,2012,22.2,Euro area - 18 countries (2014)
A,TOTAL,TOTAL,RENT_MKT,PC,EA18,2013,22.5,Euro area - 18 countries (2014)
A,TOTAL,TOTAL,RENT_MKT,PC,EA18,2014,22.7,Euro area - 18 countries (2014)
A,TOTAL,TOTAL,RENT_MKT,PC,EA18,2015,23.2,Euro area - 18 countries (2014)
A,TOTAL,TOTAL,RENT_MKT,PC,EA18,2016,23.5,Euro area - 18 countries (2014)
A,TOTAL,TOTAL,RENT_MKT,PC,EA18,2017,23.8,Euro area - 18 countries (2014)
A,TOTAL,TOTAL,RENT_MKT,PC,EA18,2018,24.2,Euro area - 18 countries (2014)
A,TOTAL,TOTAL,RENT_MKT,PC,EA18,2019,24.5,Euro area - 18 countries (2014)
A,TOTAL,TOTAL,RENT_MKT,PC,EA18,2020,23.8,Euro area - 18 countries (2014)
A,TOTAL,TOTAL,RENT_MKT,PC,EA19,2005,23.5,Euro area - 19 countries  (2015-2022)
A,TOTAL,TOTAL,RENT_MKT,PC,EA19,2007,15.9,Euro area - 19 countries  (2015-2022)
A,TOTAL,TOTAL,RENT_MKT,PC,EA19,2008,14.9,Euro area - 19 countries  (2015-2022)
A,TOTAL,TOTAL,RENT_MKT,PC,EA19,2009,14.8,Euro area - 19 countries  (2015-2022)
A,TOTAL,TOTAL,RENT_MKT,PC,EA19,2010,21.6,Euro area - 19 countries  (2015-2022)
A,TOTAL,TOTAL,RENT_MKT,PC,EA19,2011,21.6,Euro area - 19 countries  (2015-2022)
A,TOTAL,TOTAL,RENT_MKT,PC,EA19,2012,22.0,Euro area - 19 countries  (2015-2022)
A,TOTAL,TOTAL,RENT_MKT,PC,EA19,2013,22.3,Euro area - 19 countries  (2015-2022)
A,TOTAL,TOTAL,RENT_MKT,PC,EA19,2014,22.5,Euro area - 19 countries  (2015-2022)
A,TOTAL,TOTAL,RENT_MKT,PC,EA19,2015,23.0,Euro area - 19 countries  (2015-2022)
A,TOTAL,TOTAL,RENT_MKT,PC,EA19,2016,23.3,Euro area - 19 countries  (2015-2022)
A,TOTAL,TOTAL,RENT_MKT,PC,EA19,2017,23.6,Euro area - 19 countries  (2015-2022)
A,TOTAL,TOTAL,RENT_MKT,PC,EA19,2018,24.0,Euro area - 19 countries  (2015-2022)
A,TOTAL,TOTAL,RENT_MKT,PC,EA19,2019,24.3,Euro area - 19 countries  (2015-2022)
A,TOTAL,TOTAL,RENT_MKT,PC,EA19,2020,23.6,Euro area - 19 countries  (2015-2022)
A,TOTAL,TOTAL,RENT_MKT,PC,EA19,2021,23.3,Euro area - 19 countries  (2015-2022)
A,TOTAL,TOTAL,RENT_MKT,PC,EA20,2014,22.4,Euro area – 20 countries (2023-2025)
A,TOTAL,TOTAL,RENT_MKT,PC,EA20,2015,22.8,Euro area – 20 countries (2023-2025)
A,TOTAL,TOTAL,RENT_MKT,PC,EA20,2016,23.1,Euro area – 20 countries (2023-2025)
A,TOTAL,TOTAL,RENT_MKT,PC,EA20,2017,23.4,Euro area – 20 countries (2023-2025)
A,TOTAL,TOTAL,RENT_MKT,PC,EA20,2018,23.7,Euro area – 20 countries (2023-2025)
A,TOTAL,TOTAL,RENT_MKT,PC,EA20,2019,24.1,Euro area – 20 countries (2023-2025)
A,TOTAL,TOTAL,RENT_MKT,PC,EA20,2020,23.4,Euro area – 20 countries (2023-2025)
A,TOTAL,TOTAL,RENT_MKT,PC,EA20,2021,23.2,Euro area – 20 countries (2023-2025)
A,TOTAL,TOTAL,RENT_MKT,PC,EA20,2022,23.0,Euro area – 20 countries (2023-2025)
A,TOTAL,TOTAL,RENT_MKT,PC,EA20,2023,23.2,Euro area – 20 countries (2023-2025)
A,TOTAL,TOTAL,RENT_MKT,PC,EA20,2024,23.7,Euro area – 20 countries (2023-2025)
A,TOTAL,TOTAL,RENT_MKT,PC,EA21,2014,21.8,Euro area – 21 countries (from 2026)
A,TOTAL,TOTAL,RENT_MKT,PC,EA21,2015,22.4,Euro area – 21 countries (from 2026)
A,TOTAL,TOTAL,RENT_MKT,PC,EA21,2016,22.6,Euro area – 21 countries (from 2026)
A,TOTAL,TOTAL,RENT_MKT,PC,EA21,2017,23.0,Euro area – 21 countries (from 2026)
A,TOTAL,TOTAL,RENT_MKT,PC,EA21,2018,23.3,Euro area – 21 countries (from 2026)
A,TOTAL,TOTAL,RENT_MKT,PC,EA21,2019,23.6,Euro area – 21 countries (from 2026)
A,TOTAL,TOTAL,RENT_MKT,PC,EA21,2020,23.0,Euro area – 21 countries (from 2026)
A,TOTAL,TOTAL,RENT_MKT,PC,EA21,2021,22.8,Euro area – 21 countries (from 2026)
A,TOTAL,TOTAL,RENT_MKT,PC,EA21,2022,22.6,Euro area – 21 countries (from 2026)
A,TOTAL,TOTAL,RENT_MKT,PC,EA21,2023,22.9,Euro area – 21 countries (from 2026)
A,TOTAL,TOTAL,RENT_MKT,PC,EA21,2024,23.3,Euro area – 21 countries (from 2026)
A,TOTAL,TOTAL,RENT_MKT,PC,EE,2006,3.6,Estonia
A,TOTAL,TOTAL,RENT_MKT,PC,EE,2007,4.4,Estonia
A,TOTAL,TOTAL,RENT_MKT,PC,EE,2008,3.0,Estonia
A,TOTAL,TOTAL,RENT_MKT,PC,EE,2009,2.5,Estonia
A,TOTAL,TOTAL,RENT_MKT,PC,EE,2010,2.6,Estonia
A,TOTAL,TOTAL,RENT_MKT,PC,EE,2011,2.5,Estonia
A,TOTAL,TOTAL,RENT_MKT,PC,EE,2012,3.0,Estonia
A,TOTAL,TOTAL,RENT_MKT,PC,EE,2013,3.4,Estonia
A,TOTAL,TOTAL,RENT_MKT,PC,EE,2014,3.9,Estonia
A,TOTAL,TOTAL,RENT_MKT,PC,EE,2015,3.7,Estonia
A,TOTAL,TOTAL,RENT_MKT,PC,EE,2016,4.1,Estonia
A,TOTAL,TOTAL,RENT_MKT,PC,EE,2017,4.0,Estonia
A,TOTAL,TOTAL,RENT_MKT,PC,EE,2018,4.1,Estonia
A,TOTAL,TOTAL,RENT_MKT,PC,EE,2019,4.5,Estonia
A,TOTAL,TOTAL,RENT_MKT,PC,EE,2020,4.7,Estonia
A,TOTAL,TOTAL,RENT_MKT,PC,EE,2021,5.2,Estonia
A,TOTAL,TOTAL,RENT_MKT,PC,EE,2022,5.0,Estonia
A,TOTAL,TOTAL,RENT_MKT,PC,EE,2023,6.4,Estonia
A,TOTAL,TOTAL,RENT_MKT,PC,EE,2024,8.1,Estonia
A,TOTAL,TOTAL,RENT_MKT,PC,EL,2003,17.9,Greece
A,TOTAL,TOTAL,RENT_MKT,PC,EL,2007,17.9,Greece
A,TOTAL,TOTAL,RENT_MKT,PC,EL,2008,18.0,Greece
A,TOTAL,TOTAL,RENT_MKT,PC,EL,2009,17.9,Greece
A,TOTAL,TOTAL,RENT_MKT,PC,EL,2010,18.2,Greece
A,TOTAL,TOTAL,RENT_MKT,PC,EL,2011,17.2,Greece
A,TOTAL,TOTAL,RENT_MKT,PC,EL,2012,18.2,Greece
A,TOTAL,TOTAL,RENT_MKT,PC,EL,2013,18.9,Greece
A,TOTAL,TOTAL,RENT_MKT,PC,EL,2014,20.0,Greece
A,TOTAL,TOTAL,RENT_MKT,PC,EL,2015,19.8,Greece
A,TOTAL,TOTAL,RENT_MKT,PC,EL,2016,20.8,Greece
A,TOTAL,TOTAL,RENT_MKT,PC,EL,2017,21.0,Greece
A,TOTAL,TOTAL,RENT_MKT,PC,EL,2018,21.3,Greece
A,TOTAL,TOTAL,RENT_MKT,PC,EL,2019,20.0,Greece
A,TOTAL,TOTAL,RENT_MKT,PC,EL,2020,20.5,Greece
A,TOTAL,TOTAL,RENT_MKT,PC,EL,2021,20.3,Greece
A,TOTAL,TOTAL,RENT_MKT,PC,EL,2022,20.6,Greece
A,TOTAL,TOTAL,RENT_MKT,PC,EL,2023,22.7,Greece
A,TOTAL,TOTAL,RENT_MKT,PC,EL,2024,23.0,Greece
A,TOTAL,TOTAL,RENT_MKT,PC,ES,2007,10.7,Spain
A,TOTAL,TOTAL,RENT_MKT,PC,ES,2008,11.3,Spain
A,TOTAL,TOTAL,RENT_MKT,PC,ES,2009,12.0,Spain
A,TOTAL,TOTAL,RENT_MKT,PC,ES,2010,11.9,Spain
A,TOTAL,TOTAL,RENT_MKT,PC,ES,2011,12.4,Spain
A,TOTAL,TOTAL,RENT_MKT,PC,ES,2012,12.7,Spain
A,TOTAL,TOTAL,RENT_MKT,PC,ES,2013,13.2,Spain
A,TOTAL,TOTAL,RENT_MKT,PC,ES,2014,12.1,Spain
A,TOTAL,TOTAL,RENT_MKT,PC,ES,2015,12.7,Spain
A,TOTAL,TOTAL,RENT_MKT,PC,ES,2016,13.8,Spain
A,TOTAL,TOTAL,RENT_MKT,PC,ES,2017,14.4,Spain
A,TOTAL,TOTAL,RENT_MKT,PC,ES,2018,15.3,Spain
A,TOTAL,TOTAL,RENT_MKT,PC,ES,2019,15.8,Spain
A,TOTAL,TOTAL,RENT_MKT,PC,ES,2020,15.4,Spain
A,TOTAL,TOTAL,RENT_MKT,PC,ES,2021,15.7,Spain
A,TOTAL,TOTAL,RENT_MKT,PC,ES,2022,15.5,Spain
A,TOTAL,TOTAL,RENT_MKT,PC,ES,2023,15.9,Spain
A,TOTAL,TOTAL,RENT_MKT,PC,ES,2024,17.6,Spain
A,TOTAL,TOTAL,RENT_MKT,PC,EU,2011,17.6,"European Union (EU6-1958, EU9-1973, EU10-1981, EU12-1986, EU15-1995, EU25-2004, EU27-2007, EU28-2013, EU27-2020)"
A,TOTAL,TOTAL,RENT_MKT,PC,EU,2012,18.3,"European Union (EU6-1958, EU9-1973, EU10-1981, EU12-1986, EU15-1995, EU25-2004, EU27-2007, EU28-2013, EU27-2020)"
A,TOTAL,TOTAL,RENT_MKT,PC,EU,2013,19.0,"European Union (EU6-1958, EU9-1973, EU10-1981, EU12-1986, EU15-1995, EU25-2004, EU27-2007, EU28-2013, EU27-2020)"
A,TOTAL,TOTAL,RENT_MKT,PC,EU,2014,19.2,"European Union (EU6-1958, EU9-1973, EU10-1981, EU12-1986, EU15-1995, EU25-2004, EU27-2007, EU28-2013, EU27-2020)"
A,TOTAL,TOTAL,RENT_MKT,PC,EU,2015,19.8,"European Union (EU6-1958, EU9-1973, EU10-1981, EU12-1986, EU15-1995, EU25-2004, EU27-2007, EU28-2013, EU27-2020)"
A,TOTAL,TOTAL,RENT_MKT,PC,EU,2016,19.9,"European Union (EU6-1958, EU9-1973, EU10-1981, EU12-1986, EU15-1995, EU25-2004, EU27-2007, EU28-2013, EU27-2020)"
A,TOTAL,TOTAL,RENT_MKT,PC,EU,2017,20.0,"European Union (EU6-1958, EU9-1973, EU10-1981, EU12-1986, EU15-1995, EU25-2004, EU27-2007, EU28-2013, EU27-2020)"
A,TOTAL,TOTAL,RENT_MKT,PC,EU,2018,22.0,"European Union (EU6-1958, EU9-1973, EU10-1981, EU12-1986, EU15-1995, EU25-2004, EU27-2007, EU28-2013, EU27-2020)"
A,TOTAL,TOTAL,RENT_MKT,PC,EU,2019,22.2,"European Union (EU6-1958, EU9-1973, EU10-1981, EU12-1986, EU15-1995, EU25-2004, EU27-2007, EU28-2013, EU27-2020)"
A,TOTAL,TOTAL,RENT_MKT,PC,EU27_2007,2007,12.6,European Union - 27 countries (2007-2013)
A,TOTAL,TOTAL,RENT_MKT,PC,EU27_2007,2008,12.2,European Union - 27 countries (2007-2013)
A,TOTAL,TOTAL,RENT_MKT,PC,EU27_2007,2009,12.6,European Union - 27 countries (2007-2013)
A,TOTAL,TOTAL,RENT_MKT,PC,EU27_2007,2010,17.5,European Union - 27 countries (2007-2013)
A,TOTAL,TOTAL,RENT_MKT,PC,EU27_2007,2011,17.8,European Union - 27 countries (2007-2013)
A,TOTAL,TOTAL,RENT_MKT,PC,EU27_2007,2012,18.4,European Union - 27 countries (2007-2013)
A,TOTAL,TOTAL,RENT_MKT,PC,EU27_2007,2013,19.2,European Union - 27 countries (2007-2013)
A,TOTAL,TOTAL,RENT_MKT,PC,EU27_2007,2014,19.4,European Union - 27 countries (2007-2013)
A,TOTAL,TOTAL,RENT_MKT,PC,EU27_2007,2015,19.9,European Union - 27 countries (2007-2013)
A,TOTAL,TOTAL,RENT_MKT,PC,EU27_2007,2016,20.1,European Union - 27 countries (2007-2013)
A,TOTAL,TOTAL,RENT_MKT,PC,EU27_2007,2017,20.1,European Union - 27 countries (2007-2013)
A,TOTAL,TOTAL,RENT_MKT,PC,EU27_2007,2018,22.1,European Union - 27 countries (2007-2013)
A,TOTAL,TOTAL,RENT_MKT,PC,EU27_2007,2019,22.4,European Union - 27 countries (2007-2013)
A,TOTAL,TOTAL,RENT_MKT,PC,EU27_2020,2010,18.2,European Union - 27 countries (from 2020)
A,TOTAL,TOTAL,RENT_MKT,PC,EU27_2020,2011,18.3,European Union - 27 countries (from 2020)
A,TOTAL,TOTAL,RENT_MKT,PC,EU27_2020,2012,18.7,European Union - 27 countries (from 2020)
A,TOTAL,TOTAL,RENT_MKT,PC,EU27_2020,2013,19.3,European Union - 27 countries (from 2020)
A,TOTAL,TOTAL,RENT_MKT,PC,EU27_2020,2014,19.5,European Union - 27 countries (from 2020)
A,TOTAL,TOTAL,RENT_MKT,PC,EU27_2020,2015,20.0,European Union - 27 countries (from 2020)
A,TOTAL,TOTAL,RENT_MKT,PC,EU27_2020,2016,20.2,European Union - 27 countries (from 2020)
A,TOTAL,TOTAL,RENT_MKT,PC,EU27_2020,2017,20.4,European Union - 27 countries (from 2020)
A,TOTAL,TOTAL,RENT_MKT,PC,EU27_2020,2018,20.8,European Union - 27 countries (from 2020)
A,TOTAL,TOTAL,RENT_MKT,PC,EU27_2020,2019,21.1,European Union - 27 countries (from 2020)
A,TOTAL,TOTAL,RENT_MKT,PC,EU27_2020,2020,20.5,European Union - 27 countries (from 2020)
A,TOTAL,TOTAL,RENT_MKT,PC,EU27_2020,2021,20.3,European Union - 27 countries (from 2020)
A,TOTAL,TOTAL,RENT_MKT,PC,EU27_2020,2022,20.3,European Union - 27 countries (from 2020)
A,TOTAL,TOTAL,RENT_MKT,PC,EU27_2020,2023,20.6,European Union - 27 countries (from 2020)
A,TOTAL,TOTAL,RENT_MKT,PC,EU27_2020,2024,21.1,European Union - 27 countries (from 2020)
A,TOTAL,TOTAL,RENT_MKT,PC,EU28,2010,17.4,European Union - 28 countries (2013-2020)
A,TOTAL,TOTAL,RENT_MKT,PC,EU28,2011,17.7,European Union - 28 countries (2013-2020)
A,TOTAL,TOTAL,RENT_MKT,PC,EU28,2012,18.3,European Union - 28 countries (2013-2020)
A,TOTAL,TOTAL,RENT_MKT,PC,EU28,2013,19.0,European Union - 28 countries (2013-2020)
A,TOTAL,TOTAL,RENT_MKT,PC,EU28,2014,19.2,European Union - 28 countries (2013-2020)
A,TOTAL,TOTAL,RENT_MKT,PC,EU28,2015,19.8,European Union - 28 countries (2013-2020)
A,TOTAL,TOTAL,RENT_MKT,PC,EU28,2016,19.9,European Union - 28 countries (2013-2020)
A,TOTAL,TOTAL,RENT_MKT,PC,EU28,2017,20.0,European Union - 28 countries (2013-2020)
A,TOTAL,TOTAL,RENT_MKT,PC,EU28,2018,22.0,European Union - 28 countries (2013-2020)
A,TOTAL,TOTAL,RENT_MKT,PC,EU28,2019,22.2,European Union - 28 countries (2013-2020)
A,TOTAL,TOTAL,RENT_MKT,PC,FI,2004,11.7,Finland
A,TOTAL,TOTAL,RENT_MKT,PC,FI,2005,10.7,Finland
A,TOTAL,TOTAL,RENT_MKT,PC,FI,2006,9.7,Finland
A,TOTAL,TOTAL,RENT_MKT,PC,FI,2007,9.8,Finland
A,TOTAL,TOTAL,RENT_MKT,PC,FI,2008,10.1,Finland
A,TOTAL,TOTAL,RENT_MKT,PC,FI,2009,10.4,Finland
A,TOTAL,TOTAL,RENT_MKT,PC,FI,2010,10.1,Finland
A,TOTAL,TOTAL,RENT_MKT,PC,FI,2011,10.2,Finland
A,TOTAL,TOTAL,RENT_MKT,PC,FI,2012,10.5,Finland
A,TOTAL,TOTAL,RENT_MKT,PC,FI,2013,10.7,Finland
A,TOTAL,TOTAL,RENT_MKT,PC,FI,2014,10.9,Finland
A,TOTAL,TOTAL,RENT_MKT,PC,FI,2015,12.0,Finland
A,TOTAL,TOTAL,RENT_MKT,PC,FI,2016,13.0,Finland
A,TOTAL,TOTAL,RENT_MKT,PC,FI,2017,13.4,Finland
A,TOTAL,TOTAL,RENT_MKT,PC,FI,2018,13.6,Finland
A,TOTAL,TOTAL,RENT_MKT,PC,FI,2019,14.3,Finland
A,TOTAL,TOTAL,RENT_MKT,PC,FI,2020,14.5,Finland
A,TOTAL,TOTAL,RENT_MKT,PC,FI,2021,15.4,Finland
A,TOTAL,TOTAL,RENT_MKT,PC,FI,2022,16.1,Finland
A,TOTAL,TOTAL,RENT_MKT,PC,FI,2023,15.6,Finland
A,TOTAL,TOTAL,RENT_MKT,PC,FI,2024,20.1,Finland
A,TOTAL,TOTAL,RENT_MKT,PC,FR,2005,20.0,France
A,TOTAL,TOTAL,RENT_MKT,PC,FR,2006,19.1,France
A,TOTAL,TOTAL,RENT_MKT,PC,FR,2007,20.3,France
A,TOTAL,TOTAL,RENT_MKT,PC,FR,2008,15.4,France
A,TOTAL,TOTAL,RENT_MKT,PC,FR,2009,14.9,France
A,TOTAL,TOTAL,RENT_MKT,PC,FR,2010,15.4,France
A,TOTAL,TOTAL,RENT_MKT,PC,FR,2011,15.1,France
A,TOTAL,TOTAL,RENT_MKT,PC,FR,2012,19.5,France
A,TOTAL,TOTAL,RENT_MKT,PC,FR,2013,19.5,France
A,TOTAL,TOTAL,RENT_MKT,PC,FR,2014,19.3,France
A,TOTAL,TOTAL,RENT_MKT,PC,FR,2015,19.8,France
A,TOTAL,TOTAL,RENT_MKT,PC,FR,2016,19.2,France
A,TOTAL,TOTAL,RENT_MKT,PC,FR,2017,19.2,France
A,TOTAL,TOTAL,RENT_MKT,PC,FR,2018,18.6,France
A,TOTAL,TOTAL,RENT_MKT,PC,FR,2019,19.5,France
A,TOTAL,TOTAL,RENT_MKT,PC,FR,2020,15.4,France
A,TOTAL,TOTAL,RENT_MKT,PC,FR,2021,15.2,France
A,TOTAL,TOTAL,RENT_MKT,PC,FR,2022,15.7,France
A,TOTAL,TOTAL,RENT_MKT,PC,FR,2023,16.0,France
A,TOTAL,TOTAL,RENT_MKT,PC,FR,2024,16.9,France
A,TOTAL,TOTAL,RENT_MKT,PC,HR,2010,2.9,Croatia
A,TOTAL,TOTAL,RENT_MKT,PC,HR,2011,2.0,Croatia
A,TOTAL,TOTAL,RENT_MKT,PC,HR,2012,1.3,Croatia
A,TOTAL,TOTAL,RENT_MKT,PC,HR,2013,2.0,Croatia
A,TOTAL,TOTAL,RENT_MKT,PC,HR,2014,1.8,Croatia
A,TOTAL,TOTAL,RENT_MKT,PC,HR,2015,1.9,Croatia
A,TOTAL,TOTAL,RENT_MKT,PC,HR,2016,1.6,Croatia
A,TOTAL,TOTAL,RENT_MKT,PC,HR,2017,1.5,Croatia
A,TOTAL,TOTAL,RENT_MKT,PC,HR,2018,1.3,Croatia
A,TOTAL,TOTAL,RENT_MKT,PC,HR,2019,1.2,Croatia
A,TOTAL,TOTAL,RENT_MKT,PC,HR,2020,1.4,Croatia
A,TOTAL,TOTAL,RENT_MKT,PC,HR,2021,1.2,Croatia
A,TOTAL,TOTAL,RENT_MKT,PC,HR,2022,1.3,Croatia
A,TOTAL,TOTAL,RENT_MKT,PC,HR,2023,1.4,Croatia
A,TOTAL,TOTAL,RENT_MKT,PC,HR,2024,1.6,Croatia
A,TOTAL,TOTAL,RENT_MKT,PC,HU,2005,3.7,Hungary
A,TOTAL,TOTAL,RENT_MKT,PC,HU,2006,3.5,Hungary
A,TOTAL,TOTAL,RENT_MKT,PC,HU,2007,2.7,Hungary
A,TOTAL,TOTAL,RENT_MKT,PC,HU,2008,2.6,Hungary
A,TOTAL,TOTAL,RENT_MKT,PC,HU,2009,2.2,Hungary
A,TOTAL,TOTAL,RENT_MKT,PC,HU,2010,2.4,Hungary
A,TOTAL,TOTAL,RENT_MKT,PC,HU,2011,3.0,Hungary
A,TOTAL,TOTAL,RENT_MKT,PC,HU,2012,3.1,Hungary
A,TOTAL,TOTAL,RENT_MKT,PC,HU,2013,3.5,Hungary
A,TOTAL,TOTAL,RENT_MKT,PC,HU,2014,3.8,Hungary
A,TOTAL,TOTAL,RENT_MKT,PC,HU,2015,4.8,Hungary
A,TOTAL,TOTAL,RENT_MKT,PC,HU,2016,4.3,Hungary
A,TOTAL,TOTAL,RENT_MKT,PC,HU,2017,5.4,Hungary
A,TOTAL,TOTAL,RENT_MKT,PC,HU,2018,4.9,Hungary
A,TOTAL,TOTAL,RENT_MKT,PC,HU,2019,4.1,Hungary
A,TOTAL,TOTAL,RENT_MKT,PC,HU,2020,4.3,Hungary
A,TOTAL,TOTAL,RENT_MKT,PC,HU,2021,4.2,Hungary
A,TOTAL,TOTAL,RENT_MKT,PC,HU,2022,4.1,Hungary
A,TOTAL,TOTAL,RENT_MKT,PC,HU,2023,4.2,Hungary
A,TOTAL,TOTAL,RENT_MKT,PC,HU,2024,4.2,Hungary
A,TOTAL,TOTAL,RENT_MKT,PC,IE,2003,2.8,Ireland
A,TOTAL,TOTAL,RENT_MKT,PC,IE,2004,6.6,Ireland
A,TOTAL,TOTAL,RENT_MKT,PC,IE,2005,8.3,Ireland
A,TOTAL,TOTAL,RENT_MKT,PC,IE,2006,8.5,Ireland
A,TOTAL,TOTAL,RENT_MKT,PC,IE,2007,8.7,Ireland
A,TOTAL,TOTAL,RENT_MKT,PC,IE,2008,9.3,Ireland
A,TOTAL,TOTAL,RENT_MKT,PC,IE,2009,11.3,Ireland
A,TOTAL,TOTAL,RENT_MKT,PC,IE,2010,11.9,Ireland
A,TOTAL,TOTAL,RENT_MKT,PC,IE,2011,14.9,Ireland
A,TOTAL,TOTAL,RENT_MKT,PC,IE,2012,15.5,Ireland
A,TOTAL,TOTAL,RENT_MKT,PC,IE,2013,16.4,Ireland
A,TOTAL,TOTAL,RENT_MKT,PC,IE,2014,16.2,Ireland
A,TOTAL,TOTAL,RENT_MKT,PC,IE,2015,15.0,Ireland
A,TOTAL,TOTAL,RENT_MKT,PC,IE,2016,13.4,Ireland
A,TOTAL,TOTAL,RENT_MKT,PC,IE,2017,12.5,Ireland
A,TOTAL,TOTAL,RENT_MKT,PC,IE,2018,12.0,Ireland
A,TOTAL,TOTAL,RENT_MKT,PC,IE,2019,9.2,Ireland
A,TOTAL,TOTAL,RENT_MKT,PC,IE,2020,14.8,Ireland
A,TOTAL,TOTAL,RENT_MKT,PC,IE,2021,12.8,Ireland
A,TOTAL,TOTAL,RENT_MKT,PC,IE,2022,12.9,Ireland
A,TOTAL,TOTAL,RENT_MKT,PC,IE,2023,13.8,Ireland
A,TOTAL,TOTAL,RENT_MKT,PC,IE,2024,13.5,Ireland
A,TOTAL,TOTAL,RENT_MKT,PC,IS,2004,6.7,Iceland
A,TOTAL,TOTAL,RENT_MKT,PC,IS,2005,6.1,Iceland
A,TOTAL,TOTAL,RENT_MKT,PC,IS,2006,6.7,Iceland
A,TOTAL,TOTAL,RENT_MKT,PC,IS,2007,5.8,Iceland
A,TOTAL,TOTAL,RENT_MKT,PC,IS,2008,6.8,Iceland
A,TOTAL,TOTAL,RENT_MKT,PC,IS,2009,7.8,Iceland
A,TOTAL,TOTAL,RENT_MKT,PC,IS,2010,10.4,Iceland
A,TOTAL,TOTAL,RENT_MKT,PC,IS,2011,11.0,Iceland
A,TOTAL,TOTAL,RENT_MKT,PC,IS,2012,13.0,Iceland
A,TOTAL,TOTAL,RENT_MKT,PC,IS,2013,12.1,Iceland
A,TOTAL,TOTAL,RENT_MKT,PC,IS,2014,12.3,Iceland
A,TOTAL,TOTAL,RENT_MKT,PC,IS,2015,11.1,Iceland
A,TOTAL,TOTAL,RENT_MKT,PC,IS,2016,10.5,Iceland
A,TOTAL,TOTAL,RENT_MKT,PC,IS,2017,14.0,Iceland
A,TOTAL,TOTAL,RENT_MKT,PC,IS,2018,14.1,Iceland
A,TOTAL,TOTAL,RENT_MKT,PC,IS,2019,11.5,Iceland
A,TOTAL,TOTAL,RENT_MKT,PC,IS,2020,12.0,Iceland
A,TOTAL,TOTAL,RENT_MKT,PC,IT,2004,12.3,Italy
A,TOTAL,TOTAL,RENT_MKT,PC,IT,2005,12.0,Italy
A,TOTAL,TOTAL,RENT_MKT,PC,IT,2006,12.3,Italy
A,TOTAL,TOTAL,RENT_MKT,PC,IT,2007,12.2,Italy
A,TOTAL,TOTAL,RENT_MKT,PC,IT,2008,12.8,Italy
A,TOTAL,TOTAL,RENT_MKT,PC,IT,2009,12.8,Italy
A,TOTAL,TOTAL,RENT_MKT,PC,IT,2010,13.5,Italy
A,TOTAL,TOTAL,RENT_MKT,PC,IT,2011,13.2,Italy
A,TOTAL,TOTAL,RENT_MKT,PC,IT,2012,13.3,Italy
A,TOTAL,TOTAL,RENT_MKT,PC,IT,2013,14.0,Italy
A,TOTAL,TOTAL,RENT_MKT,PC,IT,2014,14.3,Italy
A,TOTAL,TOTAL,RENT_MKT,PC,IT,2015,15.4,Italy
A,TOTAL,TOTAL,RENT_MKT,PC,IT,2016,16.8,Italy
A,TOTAL,TOTAL,RENT_MKT,PC,IT,2017,18.0,Italy
A,TOTAL,TOTAL,RENT_MKT,PC,IT,2018,18.8,Italy
A,TOTAL,TOTAL,RENT_MKT,PC,IT,2019,19.0,Italy
A,TOTAL,TOTAL,RENT_MKT,PC,IT,2020,16.7,Italy
A,TOTAL,TOTAL,RENT_MKT,PC,IT,2021,17.5,Italy
A,TOTAL,TOTAL,RENT_MKT,PC,IT,2022,16.7,Italy
A,TOTAL,TOTAL,RENT_MKT,PC,IT,2023,16.7,Italy
A,TOTAL,TOTAL,RENT_MKT,PC,IT,2024,16.0,Italy
A,TOTAL,TOTAL,RENT_MKT,PC,LT,2005,1.5,Lithuania
A,TOTAL,TOTAL,RENT_MKT,PC,LT,2006,0.9,Lithuania
A,TOTAL,TOTAL,RENT_MKT,PC,LT,2007,1.2,Lithuania
A,TOTAL,TOTAL,RENT_MKT,PC,LT,2008,1.7,Lithuania
A,TOTAL,TOTAL,RENT_MKT,PC,LT,2009,1.6,Lithuania
A,TOTAL,TOTAL,RENT_MKT,PC,LT,2010,1.1,Lithuania
A,TOTAL,TOTAL,RENT_MKT,PC,LT,2011,1.2,Lithuania
A,TOTAL,TOTAL,RENT_MKT,PC,LT,2012,1.4,Lithuania
A,TOTAL,TOTAL,RENT_MKT,PC,LT,2013,1.4,Lithuania
A,TOTAL,TOTAL,RENT_MKT,PC,LT,2014,1.3,Lithuania
A,TOTAL,TOTAL,RENT_MKT,PC,LT,2015,1.4,Lithuania
A,TOTAL,TOTAL,RENT_MKT,PC,LT,2016,1.3,Lithuania
A,TOTAL,TOTAL,RENT_MKT,PC,LT,2017,1.5,Lithuania
A,TOTAL,TOTAL,RENT_MKT,PC,LT,2018,1.2,Lithuania
A,TOTAL,TOTAL,RENT_MKT,PC,LT,2019,1.1,Lithuania
A,TOTAL,TOTAL,RENT_MKT,PC,LT,2020,1.2,Lithuania
A,TOTAL,TOTAL,RENT_MKT,PC,LT,2021,1.4,Lithuania
A,TOTAL,TOTAL,RENT_MKT,PC,LT,2022,2.0,Lithuania
A,TOTAL,TOTAL,RENT_MKT,PC,LT,2023,2.3,Lithuania
A,TOTAL,TOTAL,RENT_MKT,PC,LT,2024,2.9,Lithuania
A,TOTAL,TOTAL,RENT_MKT,PC,LU,2007,19.7,Luxembourg
A,TOTAL,TOTAL,RENT_MKT,PC,LU,2008,19.4,Luxembourg
A,TOTAL,TOTAL,RENT_MKT,PC,LU,2009,22.3,Luxembourg
A,TOTAL,TOTAL,RENT_MKT,PC,LU,2010,27.6,Luxembourg
A,TOTAL,TOTAL,RENT_MKT,PC,LU,2011,27.0,Luxembourg
A,TOTAL,TOTAL,RENT_MKT,PC,LU,2012,24.6,Luxembourg
A,TOTAL,TOTAL,RENT_MKT,PC,LU,2013,21.8,Luxembourg
A,TOTAL,TOTAL,RENT_MKT,PC,LU,2014,22.0,Luxembourg
A,TOTAL,TOTAL,RENT_MKT,PC,LU,2015,21.7,Luxembourg
A,TOTAL,TOTAL,RENT_MKT,PC,LU,2016,21.5,Luxembourg
A,TOTAL,TOTAL,RENT_MKT,PC,LU,2017,20.8,Luxembourg
A,TOTAL,TOTAL,RENT_MKT,PC,LU,2018,23.4,Luxembourg
A,TOTAL,TOTAL,RENT_MKT,PC,LU,2019,22.7,Luxembourg
A,TOTAL,TOTAL,RENT_MKT,PC,LU,2020,24.5,Luxembourg
A,TOTAL,TOTAL,RENT_MKT,PC,LU,2021,21.0,Luxembourg
A,TOTAL,TOTAL,RENT_MKT,PC,LU,2022,20.9,Luxembourg
A,TOTAL,TOTAL,RENT_MKT,PC,LU,2023,21.8,Luxembourg
A,TOTAL,TOTAL,RENT_MKT,PC,LU,2024,28.2,Luxembourg
A,TOTAL,TOTAL,RENT_MKT,PC,LV,2007,5.1,Latvia
A,TOTAL,TOTAL,RENT_MKT,PC,LV,2008,6.7,Latvia
A,TOTAL,TOTAL,RENT_MKT,PC,LV,2009,6.2,Latvia
A,TOTAL,TOTAL,RENT_MKT,PC,LV,2010,6.5,Latvia
A,TOTAL,TOTAL,RENT_MKT,PC,LV,2011,7.7,Latvia
A,TOTAL,TOTAL,RENT_MKT,PC,LV,2012,7.8,Latvia
A,TOTAL,TOTAL,RENT_MKT,PC,LV,2013,8.3,Latvia
A,TOTAL,TOTAL,RENT_MKT,PC,LV,2014,8.7,Latvia
A,TOTAL,TOTAL,RENT_MKT,PC,LV,2015,8.7,Latvia
A,TOTAL,TOTAL,RENT_MKT,PC,LV,2016,8.7,Latvia
A,TOTAL,TOTAL,RENT_MKT,PC,LV,2017,7.9,Latvia
A,TOTAL,TOTAL,RENT_MKT,PC,LV,2018,7.5,Latvia
A,TOTAL,TOTAL,RENT_MKT,PC,LV,2019,7.7,Latvia
A,TOTAL,TOTAL,RENT_MKT,PC,LV,2020,7.2,Latvia
A,TOTAL,TOTAL,RENT_MKT,PC,LV,2021,6.6,Latvia
A,TOTAL,TOTAL,RENT_MKT,PC,LV,2022,7.2,Latvia
A,TOTAL,TOTAL,RENT_MKT,PC,LV,2023,6.4,Latvia
A,TOTAL,TOTAL,RENT_MKT,PC,LV,2024,6.1,Latvia
A,TOTAL,TOTAL,RENT_MKT,PC,ME,2013,7.6,Montenegro
A,TOTAL,TOTAL,RENT_MKT,PC,ME,2014,6.7,Montenegro
A,TOTAL,TOTAL,RENT_MKT,PC,ME,2015,6.1,Montenegro
A,TOTAL,TOTAL,RENT_MKT,PC,ME,2016,5.5,Montenegro
A,TOTAL,TOTAL,RENT_MKT,PC,ME,2017,6.0,Montenegro
A,TOTAL,TOTAL,RENT_MKT,PC,ME,2018,4.6,Montenegro
A,TOTAL,TOTAL,RENT_MKT,PC,ME,2019,3.8,Montenegro
A,TOTAL,TOTAL,RENT_MKT,PC,ME,2020,3.7,Montenegro
A,TOTAL,TOTAL,RENT_MKT,PC,ME,2021,3.0,Montenegro
A,TOTAL,TOTAL,RENT_MKT,PC,ME,2022,3.3,Montenegro
A,TOTAL,TOTAL,RENT_MKT,PC,ME,2023,4.3,Montenegro
A,TOTAL,TOTAL,RENT_MKT,PC,MK,2011,0.5,North Macedonia
A,TOTAL,TOTAL,RENT_MKT,PC,MK,2012,0.6,North Macedonia
A,TOTAL,TOTAL,RENT_MKT,PC,MK,2013,0.6,North Macedonia
A,TOTAL,TOTAL,RENT_MKT,PC,MK,2014,0.6,North Macedonia
A,TOTAL,TOTAL,RENT_MKT,PC,MK,2015,0.5,North Macedonia
A,TOTAL,TOTAL,RENT_MKT,PC,MK,2016,0.6,North Macedonia
A,TOTAL,TOTAL,RENT_MKT,PC,MK,2017,0.4,North Macedonia
A,TOTAL,TOTAL,RENT_MKT,PC,MK,2018,0.5,North Macedonia
A,TOTAL,TOTAL,RENT_MKT,PC,MK,2019,0.7,North Macedonia
A,TOTAL,TOTAL,RENT_MKT,PC,MK,2020,0.7,North Macedonia
A,TOTAL,TOTAL,RENT_MKT,PC,MK,2021,0.7,North Macedonia
A,TOTAL,TOTAL,RENT_MKT,PC,MK,2022,1.4,North Macedonia
A,TOTAL,TOTAL,RENT_MKT,PC,MK,2023,1.1,North Macedonia
A,TOTAL,TOTAL,RENT_MKT,PC,MK,2024,0.7,North Macedonia
A,TOTAL,TOTAL,RENT_MKT,PC,MT,2005,2.7,Malta
A,TOTAL,TOTAL,RENT_MKT,PC,MT,2006,3.0,Malta
A,TOTAL,TOTAL,RENT_MKT,PC,MT,2007,1.5,Malta
A,TOTAL,TOTAL,RENT_MKT,PC,MT,2008,1.5,Malta
A,TOTAL,TOTAL,RENT_MKT,PC,MT,2009,1.6,Malta
A,TOTAL,TOTAL,RENT_MKT,PC,MT,2010,1.5,Malta
A,TOTAL,TOTAL,RENT_MKT,PC,MT,2011,2.1,Malta
A,TOTAL,TOTAL,RENT_MKT,PC,MT,2012,2.4,Malta
A,TOTAL,TOTAL,RENT_MKT,PC,MT,2013,1.7,Malta
A,TOTAL,TOTAL,RENT_MKT,PC,MT,2014,2.2,Malta
A,TOTAL,TOTAL,RENT_MKT,PC,MT,2015,2.6,Malta
A,TOTAL,TOTAL,RENT_MKT,PC,MT,2016,3.0,Malta
A,TOTAL,TOTAL,RENT_MKT,PC,MT,2017,5.0,Malta
A,TOTAL,TOTAL,RENT_MKT,PC,MT,2018,6.8,Malta
A,TOTAL,TOTAL,RENT_MKT,PC,MT,2019,8.7,Malta
A,TOTAL,TOTAL,RENT_MKT,PC,MT,2020,8.9,Malta
A,TOTAL,TOTAL,RENT_MKT,PC,MT,2021,8.7,Malta
A,TOTAL,TOTAL,RENT_MKT,PC,MT,2022,7.5,Malta
A,TOTAL,TOTAL,RENT_MKT,PC,MT,2023,17.2,Malta
A,TOTAL,TOTAL,RENT_MKT,PC,MT,2024,20.0,Malta
A,TOTAL,TOTAL,RENT_MKT,PC,NL,2005,35.8,Netherlands
A,TOTAL,TOTAL,RENT_MKT,PC,NL,2006,34.2,Netherlands
A,TOTAL,TOTAL,RENT_MKT,PC,NL,2007,33.1,Netherlands
A,TOTAL,TOTAL,RENT_MKT,PC,NL,2008,32.2,Netherlands
A,TOTAL,TOTAL,RENT_MKT,PC,NL,2009,31.1,Netherlands
A,TOTAL,TOTAL,RENT_MKT,PC,NL,2010,32.5,Netherlands
A,TOTAL,TOTAL,RENT_MKT,PC,NL,2011,32.4,Netherlands
A,TOTAL,TOTAL,RENT_MKT,PC,NL,2012,32.1,Netherlands
A,TOTAL,TOTAL,RENT_MKT,PC,NL,2013,32.5,Netherlands
A,TOTAL,TOTAL,RENT_MKT,PC,NL,2014,32.6,Netherlands
A,TOTAL,TOTAL,RENT_MKT,PC,NL,2015,31.7,Netherlands
A,TOTAL,TOTAL,RENT_MKT,PC,NL,2016,30.3,Netherlands
A,TOTAL,TOTAL,RENT_MKT,PC,NL,2017,29.8,Netherlands
A,TOTAL,TOTAL,RENT_MKT,PC,NL,2018,30.2,Netherlands
A,TOTAL,TOTAL,RENT_MKT,PC,NL,2019,30.2,Netherlands
A,TOTAL,TOTAL,RENT_MKT,PC,NL,2020,30.1,Netherlands
A,TOTAL,TOTAL,RENT_MKT,PC,NL,2021,4.0,Netherlands
A,TOTAL,TOTAL,RENT_MKT,PC,NL,2022,4.0,Netherlands
A,TOTAL,TOTAL,RENT_MKT,PC,NL,2023,4.7,Netherlands
A,TOTAL,TOTAL,RENT_MKT,PC,NL,2024,5.3,Netherlands
A,TOTAL,TOTAL,RENT_MKT,PC,NO,2003,9.8,Norway
A,TOTAL,TOTAL,RENT_MKT,PC,NO,2004,10.9,Norway
A,TOTAL,TOTAL,RENT_MKT,PC,NO,2005,11.6,Norway
A,TOTAL,TOTAL,RENT_MKT,PC,NO,2006,11.1,Norway
A,TOTAL,TOTAL,RENT_MKT,PC,NO,2007,10.5,Norway
A,TOTAL,TOTAL,RENT_MKT,PC,NO,2008,10.0,Norway
A,TOTAL,TOTAL,RENT_MKT,PC,NO,2009,10.7,Norway
A,TOTAL,TOTAL,RENT_MKT,PC,NO,2010,10.9,Norway
A,TOTAL,TOTAL,RENT_MKT,PC,NO,2011,10.5,Norway
A,TOTAL,TOTAL,RENT_MKT,PC,NO,2012,9.1,Norway
A,TOTAL,TOTAL,RENT_MKT,PC,NO,2013,10.1,Norway
A,TOTAL,TOTAL,RENT_MKT,PC,NO,2014,9.1,Norway
A,TOTAL,TOTAL,RENT_MKT,PC,NO,2015,10.9,Norway
A,TOTAL,TOTAL,RENT_MKT,PC,NO,2016,11.0,Norway
A,TOTAL,TOTAL,RENT_MKT,PC,NO,2017,12.6,Norway
A,TOTAL,TOTAL,RENT_MKT,PC,NO,2018,16.7,Norway
A,TOTAL,TOTAL,RENT_MKT,PC,NO,2019,17.3,Norway
A,TOTAL,TOTAL,RENT_MKT,PC,NO,2020,17.2,Norway
A,TOTAL,TOTAL,RENT_MKT,PC,NO,2021,19.7,Norway
A,TOTAL,TOTAL,RENT_MKT,PC,NO,2022,18.9,Norway
A,TOTAL,TOTAL,RENT_MKT,PC,NO,2023,19.0,Norway
A,TOTAL,TOTAL,RENT_MKT,PC,NO,2024,19.3,Norway
A,TOTAL,TOTAL,RENT_MKT,PC,PL,2007,2.6,Poland
A,TOTAL,TOTAL,RENT_MKT,PC,PL,2008,2.3,Poland
A,TOTAL,TOTAL,RENT_MKT,PC,PL,2009,2.2,Poland
A,TOTAL,TOTAL,RENT_MKT,PC,PL,2010,2.5,Poland
A,TOTAL,TOTAL,RENT_MKT,PC,PL,2011,3.5,Poland
A,TOTAL,TOTAL,RENT_MKT,PC,PL,2012,4.0,Poland
A,TOTAL,TOTAL,RENT_MKT,PC,PL,2013,4.2,Poland
A,TOTAL,TOTAL,RENT_MKT,PC,PL,2014,4.3,Poland
A,TOTAL,TOTAL,RENT_MKT,PC,PL,2015,4.5,Poland
A,TOTAL,TOTAL,RENT_MKT,PC,PL,2016,4.5,Poland
A,TOTAL,TOTAL,RENT_MKT,PC,PL,2017,4.3,Poland
A,TOTAL,TOTAL,RENT_MKT,PC,PL,2018,4.3,Poland
A,TOTAL,TOTAL,RENT_MKT,PC,PL,2019,4.2,Poland
A,TOTAL,TOTAL,RENT_MKT,PC,PL,2020,3.3,Poland
A,TOTAL,TOTAL,RENT_MKT,PC,PL,2021,3.2,Poland
A,TOTAL,TOTAL,RENT_MKT,PC,PL,2022,3.4,Poland
A,TOTAL,TOTAL,RENT_MKT,PC,PL,2023,4.2,Poland
A,TOTAL,TOTAL,RENT_MKT,PC,PL,2024,4.8,Poland
A,TOTAL,TOTAL,RENT_MKT,PC,PT,2004,10.8,Portugal
A,TOTAL,TOTAL,RENT_MKT,PC,PT,2005,10.7,Portugal
A,TOTAL,TOTAL,RENT_MKT,PC,PT,2006,9.3,Portugal
A,TOTAL,TOTAL,RENT_MKT,PC,PT,2007,9.8,Portugal
A,TOTAL,TOTAL,RENT_MKT,PC,PT,2008,11.3,Portugal
A,TOTAL,TOTAL,RENT_MKT,PC,PT,2009,10.9,Portugal
A,TOTAL,TOTAL,RENT_MKT,PC,PT,2010,12.7,Portugal
A,TOTAL,TOTAL,RENT_MKT,PC,PT,2011,12.2,Portugal
A,TOTAL,TOTAL,RENT_MKT,PC,PT,2012,10.9,Portugal
A,TOTAL,TOTAL,RENT_MKT,PC,PT,2013,11.3,Portugal
A,TOTAL,TOTAL,RENT_MKT,PC,PT,2014,12.4,Portugal
A,TOTAL,TOTAL,RENT_MKT,PC,PT,2015,12.7,Portugal
A,TOTAL,TOTAL,RENT_MKT,PC,PT,2016,12.9,Portugal
A,TOTAL,TOTAL,RENT_MKT,PC,PT,2017,12.8,Portugal
A,TOTAL,TOTAL,RENT_MKT,PC,PT,2018,12.6,Portugal
A,TOTAL,TOTAL,RENT_MKT,PC,PT,2019,13.2,Portugal
A,TOTAL,TOTAL,RENT_MKT,PC,PT,2020,11.5,Portugal
A,TOTAL,TOTAL,RENT_MKT,PC,PT,2021,10.9,Portugal
A,TOTAL,TOTAL,RENT_MKT,PC,PT,2022,11.4,Portugal
A,TOTAL,TOTAL,RENT_MKT,PC,PT,2023,11.9,Portugal
A,TOTAL,TOTAL,RENT_MKT,PC,PT,2024,14.4,Portugal
A,TOTAL,TOTAL,RENT_MKT,PC,RO,2007,1.1,Romania
A,TOTAL,TOTAL,RENT_MKT,PC,RO,2008,0.9,Romania
A,TOTAL,TOTAL,RENT_MKT,PC,RO,2009,0.7,Romania
A,TOTAL,TOTAL,RENT_MKT,PC,RO,2010,0.9,Romania
A,TOTAL,TOTAL,RENT_MKT,PC,RO,2011,1.0,Romania
A,TOTAL,TOTAL,RENT_MKT,PC,RO,2012,0.8,Romania
A,TOTAL,TOTAL,RENT_MKT,PC,RO,2013,1.2,Romania
A,TOTAL,TOTAL,RENT_MKT,PC,RO,2014,0.8,Romania
A,TOTAL,TOTAL,RENT_MKT,PC,RO,2015,1.2,Romania
A,TOTAL,TOTAL,RENT_MKT,PC,RO,2016,1.5,Romania
A,TOTAL,TOTAL,RENT_MKT,PC,RO,2017,1.0,Romania
A,TOTAL,TOTAL,RENT_MKT,PC,RO,2018,1.2,Romania
A,TOTAL,TOTAL,RENT_MKT,PC,RO,2019,1.3,Romania
A,TOTAL,TOTAL,RENT_MKT,PC,RO,2020,1.3,Romania
A,TOTAL,TOTAL,RENT_MKT,PC,RO,2021,1.3,Romania
A,TOTAL,TOTAL,RENT_MKT,PC,RO,2022,1.4,Romania
A,TOTAL,TOTAL,RENT_MKT,PC,RO,2023,1.3,Romania
A,TOTAL,TOTAL,RENT_MKT,PC,RO,2024,2.1,Romania
A,TOTAL,TOTAL,RENT_MKT,PC,RS,2013,4.0,Serbia
A,TOTAL,TOTAL,RENT_MKT,PC,RS,2014,3.2,Serbia
A,TOTAL,TOTAL,RENT_MKT,PC,RS,2015,3.1,Serbia
A,TOTAL,TOTAL,RENT_MKT,PC,RS,2016,3.1,Serbia
A,TOTAL,TOTAL,RENT_MKT,PC,RS,2017,3.1,Serbia
A,TOTAL,TOTAL,RENT_MKT,PC,RS,2018,3.0,Serbia
A,TOTAL,TOTAL,RENT_MKT,PC,RS,2019,3.5,Serbia
A,TOTAL,TOTAL,RENT_MKT,PC,RS,2020,2.8,Serbia
A,TOTAL,TOTAL,RENT_MKT,PC,RS,2021,2.8,Serbia
A,TOTAL,TOTAL,RENT_MKT,PC,RS,2022,3.0,Serbia
A,TOTAL,TOTAL,RENT_MKT,PC,RS,2023,2.5,Serbia
A,TOTAL,TOTAL,RENT_MKT,PC,RS,2024,2.5,Serbia
A,TOTAL,TOTAL,RENT_MKT,PC,SE,2004,33.3,Sweden
A,TOTAL,TOTAL,RENT_MKT,PC,SE,2005,31.7,Sweden
A,TOTAL,TOTAL,RENT_MKT,PC,SE,2006,30.2,Sweden
A,TOTAL,TOTAL,RENT_MKT,PC,SE,2007,28.5,Sweden
A,TOTAL,TOTAL,RENT_MKT,PC,SE,2008,32.8,Sweden
A,TOTAL,TOTAL,RENT_MKT,PC,SE,2009,32.6,Sweden
A,TOTAL,TOTAL,RENT_MKT,PC,SE,2010,32.2,Sweden
A,TOTAL,TOTAL,RENT_MKT,PC,SE,2011,33.9,Sweden
A,TOTAL,TOTAL,RENT_MKT,PC,SE,2012,33.7,Sweden
A,TOTAL,TOTAL,RENT_MKT,PC,SE,2013,33.4,Sweden
A,TOTAL,TOTAL,RENT_MKT,PC,SE,2014,33.9,Sweden
A,TOTAL,TOTAL,RENT_MKT,PC,SE,2015,33.5,Sweden
A,TOTAL,TOTAL,RENT_MKT,PC,SE,2016,34.0,Sweden
A,TOTAL,TOTAL,RENT_MKT,PC,SE,2017,34.0,Sweden
A,TOTAL,TOTAL,RENT_MKT,PC,SE,2018,35.0,Sweden
A,TOTAL,TOTAL,RENT_MKT,PC,SE,2019,35.5,Sweden
A,TOTAL,TOTAL,RENT_MKT,PC,SE,2020,34.8,Sweden
A,TOTAL,TOTAL,RENT_MKT,PC,SE,2021,34.3,Sweden
A,TOTAL,TOTAL,RENT_MKT,PC,SE,2022,35.1,Sweden
A,TOTAL,TOTAL,RENT_MKT,PC,SE,2023,34.3,Sweden
A,TOTAL,TOTAL,RENT_MKT,PC,SE,2024,34.6,Sweden
A,TOTAL,TOTAL,RENT_MKT,PC,SI,2005,6.0,Slovenia
A,TOTAL,TOTAL,RENT_MKT,PC,SI,2006,4.2,Slovenia
A,TOTAL,TOTAL,RENT_MKT,PC,SI,2007,5.5,Slovenia
A,TOTAL,TOTAL,RENT_MKT,PC,SI,2008,4.9,Slovenia
A,TOTAL,TOTAL,RENT_MKT,PC,SI,2009,4.1,Slovenia
A,TOTAL,TOTAL,RENT_MKT,PC,SI,2010,5.0,Slovenia
A,TOTAL,TOTAL,RENT_MKT,PC,SI,2011,5.5,Slovenia
A,TOTAL,TOTAL,RENT_MKT,PC,SI,2012,5.5,Slovenia
A,TOTAL,TOTAL,RENT_MKT,PC,SI,2013,5.7,Slovenia
A,TOTAL,TOTAL,RENT_MKT,PC,SI,2014,5.9,Slovenia
A,TOTAL,TOTAL,RENT_MKT,PC,SI,2015,4.8,Slovenia
A,TOTAL,TOTAL,RENT_MKT,PC,SI,2016,5.3,Slovenia
A,TOTAL,TOTAL,RENT_MKT,PC,SI,2017,5.4,Slovenia
A,TOTAL,TOTAL,RENT_MKT,PC,SI,2018,6.0,Slovenia
A,TOTAL,TOTAL,RENT_MKT,PC,SI,2019,5.9,Slovenia
A,TOTAL,TOTAL,RENT_MKT,PC,SI,2020,5.6,Slovenia
A,TOTAL,TOTAL,RENT_MKT,PC,SI,2021,5.3,Slovenia
A,TOTAL,TOTAL,RENT_MKT,PC,SI,2022,6.0,Slovenia
A,TOTAL,TOTAL,RENT_MKT,PC,SI,2023,5.7,Slovenia
A,TOTAL,TOTAL,RENT_MKT,PC,SI,2024,6.8,Slovenia
A,TOTAL,TOTAL,RENT_MKT,PC,SK,2005,12.5,Slovakia
A,TOTAL,TOTAL,RENT_MKT,PC,SK,2006,9.5,Slovakia
A,TOTAL,TOTAL,RENT_MKT,PC,SK,2007,9.2,Slovakia
A,TOTAL,TOTAL,RENT_MKT,PC,SK,2008,9.1,Slovakia
A,TOTAL,TOTAL,RENT_MKT,PC,SK,2009,8.8,Slovakia
A,TOTAL,TOTAL,RENT_MKT,PC,SK,2010,8.4,Slovakia
A,TOTAL,TOTAL,RENT_MKT,PC,SK,2011,8.0,Slovakia
A,TOTAL,TOTAL,RENT_MKT,PC,SK,2012,7.8,Slovakia
A,TOTAL,TOTAL,RENT_MKT,PC,SK,2013,7.6,Slovakia
A,TOTAL,TOTAL,RENT_MKT,PC,SK,2014,7.9,Slovakia
A,TOTAL,TOTAL,RENT_MKT,PC,SK,2015,9.2,Slovakia
A,TOTAL,TOTAL,RENT_MKT,PC,SK,2016,8.9,Slovakia
A,TOTAL,TOTAL,RENT_MKT,PC,SK,2017,8.5,Slovakia
A,TOTAL,TOTAL,RENT_MKT,PC,SK,2018,7.4,Slovakia
A,TOTAL,TOTAL,RENT_MKT,PC,SK,2019,7.7,Slovakia
A,TOTAL,TOTAL,RENT_MKT,PC,SK,2020,6.1,Slovakia
A,TOTAL,TOTAL,RENT_MKT,PC,SK,2021,5.2,Slovakia
A,TOTAL,TOTAL,RENT_MKT,PC,SK,2022,4.3,Slovakia
A,TOTAL,TOTAL,RENT_MKT,PC,SK,2023,3.6,Slovakia
A,TOTAL,TOTAL,RENT_MKT,PC,SK,2024,4.1,Slovakia
A,TOTAL,TOTAL,RENT_MKT,PC,TR,2006,23.7,Türkiye
A,TOTAL,TOTAL,RENT_MKT,PC,TR,2007,22.3,Türkiye
A,TOTAL,TOTAL,RENT_MKT,PC,TR,2008,22.4,Türkiye
A,TOTAL,TOTAL,RENT_MKT,PC,TR,2009,22.1,Türkiye
A,TOTAL,TOTAL,RENT_MKT,PC,TR,2011,22.5,Türkiye
A,TOTAL,TOTAL,RENT_MKT,PC,TR,2012,21.1,Türkiye
A,TOTAL,TOTAL,RENT_MKT,PC,TR,2013,21.4,Türkiye
A,TOTAL,TOTAL,RENT_MKT,PC,TR,2014,22.1,Türkiye
A,TOTAL,TOTAL,RENT_MKT,PC,TR,2015,23.5,Türkiye
A,TOTAL,TOTAL,RENT_MKT,PC,TR,2016,24.5,Türkiye
A,TOTAL,TOTAL,RENT_MKT,PC,TR,2017,24.7,Türkiye
A,TOTAL,TOTAL,RENT_MKT,PC,TR,2018,25.2,Türkiye
A,TOTAL,TOTAL,RENT_MKT,PC,TR,2019,25.7,Türkiye
A,TOTAL,TOTAL,RENT_MKT,PC,TR,2020,26.3,Türkiye
A,TOTAL,TOTAL,RENT_MKT,PC,TR,2021,26.8,Türkiye
A,TOTAL,TOTAL,RENT_MKT,PC,TR,2022,27.2,Türkiye
A,TOTAL,TOTAL,RENT_MKT,PC,TR,2023,27.8,Türkiye
A,TOTAL,TOTAL,RENT_MKT,PC,TR,2024,28.2,Türkiye
A,TOTAL,TOTAL,RENT_MKT,PC,UK,2005,15.9,United Kingdom
A,TOTAL,TOTAL,RENT_MKT,PC,UK,2006,9.5,United Kingdom
A,TOTAL,TOTAL,RENT_MKT,PC,UK,2007,8.3,United Kingdom
A,TOTAL,TOTAL,RENT_MKT,PC,UK,2008,9.4,United Kingdom
A,TOTAL,TOTAL,RENT_MKT,PC,UK,2009,12.5,United Kingdom
A,TOTAL,TOTAL,RENT_MKT,PC,UK,2010,11.9,United Kingdom
A,TOTAL,TOTAL,RENT_MKT,PC,UK,2011,13.3,United Kingdom
A,TOTAL,TOTAL,RENT_MKT,PC,UK,2012,15.3,United Kingdom
A,TOTAL,TOTAL,RENT_MKT,PC,UK,2013,17.3,United Kingdom
A,TOTAL,TOTAL,RENT_MKT,PC,UK,2014,17.5,United Kingdom
A,TOTAL,TOTAL,RENT_MKT,PC,UK,2015,18.2,United Kingdom
A,TOTAL,TOTAL,RENT_MKT,PC,UK,2016,18.0,United Kingdom
A,TOTAL,TOTAL,RENT_MKT,PC,UK,2017,17.0,United Kingdom
A,TOTAL,TOTAL,RENT_MKT,PC,UK,2018,29.7,United Kingdom
A,TOTAL,TOTAL,RENT_MKT,PC,XK,2018,0.5,Kosovo*
A,TOTAL,TOTAL,TOTAL,PC,AL,2017,100.0,Albania
A,TOTAL,TOTAL,TOTAL,PC,AL,2018,100.0,Albania
A,TOTAL,TOTAL,TOTAL,PC,AL,2019,100.0,Albania
A,TOTAL,TOTAL,TOTAL,PC,AL,2020,100.0,Albania
A,TOTAL,TOTAL,TOTAL,PC,AL,2021,100.0,Albania
A,TOTAL,TOTAL,TOTAL,PC,AL,2022,100.0,Albania
A,TOTAL,TOTAL,TOTAL,PC,AL,2023,100.0,Albania
A,TOTAL,TOTAL,TOTAL,PC,AT,2007,100.0,Austria
A,TOTAL,TOTAL,TOTAL,PC,AT,2008,100.0,Austria
A,TOTAL,TOTAL,TOTAL,PC,AT,2009,100.0,Austria
A,TOTAL,TOTAL,TOTAL,PC,AT,2010,100.0,Austria
A,TOTAL,TOTAL,TOTAL,PC,AT,2011,100.0,Austria
A,TOTAL,TOTAL,TOTAL,PC,AT,2012,100.0,Austria
A,TOTAL,TOTAL,TOTAL,PC,AT,2013,100.0,Austria
A,TOTAL,TOTAL,TOTAL,PC,AT,2014,100.0,Austria
A,TOTAL,TOTAL,TOTAL,PC,AT,2015,100.0,Austria
A,TOTAL,TOTAL,TOTAL,PC,AT,2016,100.0,Austria
A,TOTAL,TOTAL,TOTAL,PC,AT,2017,100.0,Austria
A,TOTAL,TOTAL,TOTAL,PC,AT,2018,100.0,Austria
A,TOTAL,TOTAL,TOTAL,PC,AT,2019,100.0,Austria
A,TOTAL,TOTAL,TOTAL,PC,AT,2020,100.0,Austria
A,TOTAL,TOTAL,TOTAL,PC,AT,2021,100.0,Austria
A,TOTAL,TOTAL,TOTAL,PC,AT,2022,100.0,Austria
A,TOTAL,TOTAL,TOTAL,PC,AT,2023,100.0,Austria
A,TOTAL,TOTAL,TOTAL,PC,AT,2024,100.0,Austria
A,TOTAL,TOTAL,TOTAL,PC,BE,2003,100.0,Belgium
A,TOTAL,TOTAL,TOTAL,PC,BE,2004,100.0,Belgium
A,TOTAL,TOTAL,TOTAL,PC,BE,2005,100.0,Belgium
A,TOTAL,TOTAL,TOTAL,PC,BE,2006,100.0,Belgium
A,TOTAL,TOTAL,TOTAL,PC,BE,2007,100.0,Belgium
A,TOTAL,TOTAL,TOTAL,PC,BE,2008,100.0,Belgium
A,TOTAL,TOTAL,TOTAL,PC,BE,2009,100.0,Belgium
A,TOTAL,TOTAL,TOTAL,PC,BE,2010,100.0,Belgium
A,TOTAL,TOTAL,TOTAL,PC,BE,2011,100.0,Belgium
A,TOTAL,TOTAL,TOTAL,PC,BE,2012,100.0,Belgium
A,TOTAL,TOTAL,TOTAL,PC,BE,2013,100.0,Belgium
A,TOTAL,TOTAL,TOTAL,PC,BE,2014,100.0,Belgium
A,TOTAL,TOTAL,TOTAL,PC,BE,2015,100.0,Belgium
A,TOTAL,TOTAL,TOTAL,PC,BE,2016,100.0,Belgium
A,TOTAL,TOTAL,TOTAL,PC,BE,2017,100.0,Belgium
A,TOTAL,TOTAL,TOTAL,PC,BE,2018,100.0,Belgium
A,TOTAL,TOTAL,TOTAL,PC,BE,2019,100.0,Belgium
A,TOTAL,TOTAL,TOTAL,PC,BE,2020,100.0,Belgium
A,TOTAL,TOTAL,TOTAL,PC,BE,2021,100.0,Belgium
A,TOTAL,TOTAL,TOTAL,PC,BE,2022,100.0,Belgium
A,TOTAL,TOTAL,TOTAL,PC,BE,2023,100.0,Belgium
A,TOTAL,TOTAL,TOTAL,PC,BE,2024,100.0,Belgium
A,TOTAL,TOTAL,TOTAL,PC,BG,2005,100.0,Bulgaria
A,TOTAL,TOTAL,TOTAL,PC,BG,2006,100.0,Bulgaria
A,TOTAL,TOTAL,TOTAL,PC,BG,2007,100.0,Bulgaria
A,TOTAL,TOTAL,TOTAL,PC,BG,2008,100.0,Bulgaria
A,TOTAL,TOTAL,TOTAL,PC,BG,2009,100.0,Bulgaria
A,TOTAL,TOTAL,TOTAL,PC,BG,2010,100.0,Bulgaria
A,TOTAL,TOTAL,TOTAL,PC,BG,2011,100.0,Bulgaria
A,TOTAL,TOTAL,TOTAL,PC,BG,2012,100.0,Bulgaria
A,TOTAL,TOTAL,TOTAL,PC,BG,2013,100.0,Bulgaria
A,TOTAL,TOTAL,TOTAL,PC,BG,2014,100.0,Bulgaria
A,TOTAL,TOTAL,TOTAL,PC,BG,2015,100.0,Bulgaria
A,TOTAL,TOTAL,TOTAL,PC,BG,2016,100.0,Bulgaria
A,TOTAL,TOTAL,TOTAL,PC,BG,2017,100.0,Bulgaria
A,TOTAL,TOTAL,TOTAL,PC,BG,2018,100.0,Bulgaria
A,TOTAL,TOTAL,TOTAL,PC,BG,2019,100.0,Bulgaria
A,TOTAL,TOTAL,TOTAL,PC,BG,2020,100.0,Bulgaria
A,TOTAL,TOTAL,TOTAL,PC,BG,2021,100.0,Bulgaria
A,TOTAL,TOTAL,TOTAL,PC,BG,2022,100.0,Bulgaria
A,TOTAL,TOTAL,TOTAL,PC,BG,2023,100.0,Bulgaria
A,TOTAL,TOTAL,TOTAL,PC,BG,2024,100.0,Bulgaria
A,TOTAL,TOTAL,TOTAL,PC,CH,2010,100.0,Switzerland
A,TOTAL,TOTAL,TOTAL,PC,CH,2011,100.0,Switzerland
A,TOTAL,TOTAL,TOTAL,PC,CH,2012,100.0,Switzerland
A,TOTAL,TOTAL,TOTAL,PC,CH,2013,100.0,Switzerland
A,TOTAL,TOTAL,TOTAL,PC,CH,2014,100.0,Switzerland
A,TOTAL,TOTAL,TOTAL,PC,CH,2015,100.0,Switzerland
A,TOTAL,TOTAL,TOTAL,PC,CH,2016,100.0,Switzerland
A,TOTAL,TOTAL,TOTAL,PC,CH,2017,100.0,Switzerland
A,TOTAL,TOTAL,TOTAL,PC,CH,2018,100.0,Switzerland
A,TOTAL,TOTAL,TOTAL,PC,CH,2019,100.0,Switzerland
A,TOTAL,TOTAL,TOTAL,PC,CH,2020,100.0,Switzerland
A,TOTAL,TOTAL,TOTAL,PC,CH,2021,100.0,Switzerland
A,TOTAL,TOTAL,TOTAL,PC,CH,2022,100.0,Switzerland
A,TOTAL,TOTAL,TOTAL,PC,CH,2023,100.0,Switzerland
A,TOTAL,TOTAL,TOTAL,PC,CH,2024,100.0,Switzerland
A,TOTAL,TOTAL,TOTAL,PC,CY,2007,100.0,Cyprus
A,TOTAL,TOTAL,TOTAL,PC,CY,2008,100.0,Cyprus
A,TOTAL,TOTAL,TOTAL,PC,CY,2009,100.0,Cyprus
A,TOTAL,TOTAL,TOTAL,PC,CY,2010,100.0,Cyprus
A,TOTAL,TOTAL,TOTAL,PC,CY,2011,100.0,Cyprus
A,TOTAL,TOTAL,TOTAL,PC,CY,2012,100.0,Cyprus
A,TOTAL,TOTAL,TOTAL,PC,CY,2013,100.0,Cyprus
A,TOTAL,TOTAL,TOTAL,PC,CY,2014,100.0,Cyprus
A,TOTAL,TOTAL,TOTAL,PC,CY,2015,100.0,Cyprus
A,TOTAL,TOTAL,TOTAL,PC,CY,2016,100.0,Cyprus
A,TOTAL,TOTAL,TOTAL,PC,CY,2017,100.0,Cyprus
A,TOTAL,TOTAL,TOTAL,PC,CY,2018,100.0,Cyprus
A,TOTAL,TOTAL,TOTAL,PC,CY,2019,100.0,Cyprus
A,TOTAL,TOTAL,TOTAL,PC,CY,2020,100.0,Cyprus
A,TOTAL,TOTAL,TOTAL,PC,CY,2021,100.0,Cyprus
A,TOTAL,TOTAL,TOTAL,PC,CY,2022,100.0,Cyprus
A,TOTAL,TOTAL,TOTAL,PC,CY,2023,100.0,Cyprus
A,TOTAL,TOTAL,TOTAL,PC,CY,2024,100.0,Cyprus
A,TOTAL,TOTAL,TOTAL,PC,CZ,2005,100.0,Czechia
A,TOTAL,TOTAL,TOTAL,PC,CZ,2006,100.0,Czechia
A,TOTAL,TOTAL,TOTAL,PC,CZ,2007,100.0,Czechia
A,TOTAL,TOTAL,TOTAL,PC,CZ,2008,100.0,Czechia
A,TOTAL,TOTAL,TOTAL,PC,CZ,2009,100.0,Czechia
A,TOTAL,TOTAL,TOTAL,PC,CZ,2010,100.0,Czechia
A,TOTAL,TOTAL,TOTAL,PC,CZ,2011,100.0,Czechia
A,TOTAL,TOTAL,TOTAL,PC,CZ,2012,100.0,Czechia
A,TOTAL,TOTAL,TOTAL,PC,CZ,2013,100.0,Czechia
A,TOTAL,TOTAL,TOTAL,PC,CZ,2014,100.0,Czechia
A,TOTAL,TOTAL,TOTAL,PC,CZ,2015,100.0,Czechia
A,TOTAL,TOTAL,TOTAL,PC,CZ,2016,100.0,Czechia
A,TOTAL,TOTAL,TOTAL,PC,CZ,2017,100.0,Czechia
A,TOTAL,TOTAL,TOTAL,PC,CZ,2018,100.0,Czechia
A,TOTAL,TOTAL,TOTAL,PC,CZ,2019,100.0,Czechia
A,TOTAL,TOTAL,TOTAL,PC,CZ,2020,100.0,Czechia
A,TOTAL,TOTAL,TOTAL,PC,CZ,2021,100.0,Czechia
A,TOTAL,TOTAL,TOTAL,PC,CZ,2022,100.0,Czechia
A,TOTAL,TOTAL,TOTAL,PC,CZ,2023,100.0,Czechia
A,TOTAL,TOTAL,TOTAL,PC,CZ,2024,100.0,Czechia
A,TOTAL,TOTAL,TOTAL,PC,DE,2005,100.0,Germany
A,TOTAL,TOTAL,TOTAL,PC,DE,2010,100.0,Germany
A,TOTAL,TOTAL,TOTAL,PC,DE,2011,100.0,Germany
A,TOTAL,TOTAL,TOTAL,PC,DE,2012,100.0,Germany
A,TOTAL,TOTAL,TOTAL,PC,DE,2013,100.0,Germany
A,TOTAL,TOTAL,TOTAL,PC,DE,2014,100.0,Germany
A,TOTAL,TOTAL,TOTAL,PC,DE,2015,100.0,Germany
A,TOTAL,TOTAL,TOTAL,PC,DE,2016,100.0,Germany
A,TOTAL,TOTAL,TOTAL,PC,DE,2017,100.0,Germany
A,TOTAL,TOTAL,TOTAL,PC,DE,2018,100.0,Germany
A,TOTAL,TOTAL,TOTAL,PC,DE,2019,100.0,Germany
A,TOTAL,TOTAL,TOTAL,PC,DE,2020,100.0,Germany
A,TOTAL,TOTAL,TOTAL,PC,DE,2021,100.0,Germany
A,TOTAL,TOTAL,TOTAL,PC,DE,2022,100.0,Germany
A,TOTAL,TOTAL,TOTAL,PC,DE,2023,100.0,Germany
A,TOTAL,TOTAL,TOTAL,PC,DE,2024,100.0,Germany
A,TOTAL,TOTAL,TOTAL,PC,DK,2003,100.0,Denmark
A,TOTAL,TOTAL,TOTAL,PC,DK,2004,100.0,Denmark
A,TOTAL,TOTAL,TOTAL,PC,DK,2005,100.0,Denmark
A,TOTAL,TOTAL,TOTAL,PC,DK,2006,100.0,Denmark
A,TOTAL,TOTAL,TOTAL,PC,DK,2007,100.0,Denmark
A,TOTAL,TOTAL,TOTAL,PC,DK,2008,100.0,Denmark
A,TOTAL,TOTAL,TOTAL,PC,DK,2009,100.0,Denmark
A,TOTAL,TOTAL,TOTAL,PC,DK,2010,100.0,Denmark
A,TOTAL,TOTAL,TOTAL,PC,DK,2011,100.0,Denmark
A,TOTAL,TOTAL,TOTAL,PC,DK,2012,100.0,Denmark
A,TOTAL,TOTAL,TOTAL,PC,DK,2013,100.0,Denmark
A,TOTAL,TOTAL,TOTAL,PC,DK,2014,100.0,Denmark
A,TOTAL,TOTAL,TOTAL,PC,DK,2015,100.0,Denmark
A,TOTAL,TOTAL,TOTAL,PC,DK,2016,100.0,Denmark
A,TOTAL,TOTAL,TOTAL,PC,DK,2017,100.0,Denmark
A,TOTAL,TOTAL,TOTAL,PC,DK,2018,100.0,Denmark
A,TOTAL,TOTAL,TOTAL,PC,DK,2019,100.0,Denmark
A,TOTAL,TOTAL,TOTAL,PC,DK,2020,100.0,Denmark
A,TOTAL,TOTAL,TOTAL,PC,DK,2021,100.0,Denmark
A,TOTAL,TOTAL,TOTAL,PC,DK,2022,100.0,Denmark
A,TOTAL,TOTAL,TOTAL,PC,DK,2023,100.0,Denmark
A,TOTAL,TOTAL,TOTAL,PC,DK,2024,100.0,Denmark
A,TOTAL,TOTAL,TOTAL,PC,EA,2011,100.0,"Euro area (EA11-1999, EA12-2001, EA13-2007, EA15-2008, EA16-2009, EA17-2011, EA18-2014, EA19-2015, EA20-2023, EA21-2026)"
A,TOTAL,TOTAL,TOTAL,PC,EA,2012,100.0,"Euro area (EA11-1999, EA12-2001, EA13-2007, EA15-2008, EA16-2009, EA17-2011, EA18-2014, EA19-2015, EA20-2023, EA21-2026)"
A,TOTAL,TOTAL,TOTAL,PC,EA,2013,100.0,"Euro area (EA11-1999, EA12-2001, EA13-2007, EA15-2008, EA16-2009, EA17-2011, EA18-2014, EA19-2015, EA20-2023, EA21-2026)"
A,TOTAL,TOTAL,TOTAL,PC,EA,2014,100.0,"Euro area (EA11-1999, EA12-2001, EA13-2007, EA15-2008, EA16-2009, EA17-2011, EA18-2014, EA19-2015, EA20-2023, EA21-2026)"
A,TOTAL,TOTAL,TOTAL,PC,EA,2015,100.0,"Euro area (EA11-1999, EA12-2001, EA13-2007, EA15-2008, EA16-2009, EA17-2011, EA18-2014, EA19-2015, EA20-2023, EA21-2026)"
A,TOTAL,TOTAL,TOTAL,PC,EA,2016,100.0,"Euro area (EA11-1999, EA12-2001, EA13-2007, EA15-2008, EA16-2009, EA17-2011, EA18-2014, EA19-2015, EA20-2023, EA21-2026)"
A,TOTAL,TOTAL,TOTAL,PC,EA,2017,100.0,"Euro area (EA11-1999, EA12-2001, EA13-2007, EA15-2008, EA16-2009, EA17-2011, EA18-2014, EA19-2015, EA20-2023, EA21-2026)"
A,TOTAL,TOTAL,TOTAL,PC,EA,2018,100.0,"Euro area (EA11-1999, EA12-2001, EA13-2007, EA15-2008, EA16-2009, EA17-2011, EA18-2014, EA19-2015, EA20-2023, EA21-2026)"
A,TOTAL,TOTAL,TOTAL,PC,EA,2019,100.0,"Euro area (EA11-1999, EA12-2001, EA13-2007, EA15-2008, EA16-2009, EA17-2011, EA18-2014, EA19-2015, EA20-2023, EA21-2026)"
A,TOTAL,TOTAL,TOTAL,PC,EA,2020,100.0,"Euro area (EA11-1999, EA12-2001, EA13-2007, EA15-2008, EA16-2009, EA17-2011, EA18-2014, EA19-2015, EA20-2023, EA21-2026)"
A,TOTAL,TOTAL,TOTAL,PC,EA,2021,100.0,"Euro area (EA11-1999, EA12-2001, EA13-2007, EA15-2008, EA16-2009, EA17-2011, EA18-2014, EA19-2015, EA20-2023, EA21-2026)"
A,TOTAL,TOTAL,TOTAL,PC,EA18,2005,100.0,Euro area - 18 countries (2014)
A,TOTAL,TOTAL,TOTAL,PC,EA18,2007,100.0,Euro area - 18 countries (2014)
A,TOTAL,TOTAL,TOTAL,PC,EA18,2008,100.0,Euro area - 18 countries (2014)
A,TOTAL,TOTAL,TOTAL,PC,EA18,2009,100.0,Euro area - 18 countries (2014)
A,TOTAL,TOTAL,TOTAL,PC,EA18,2010,100.0,Euro area - 18 countries (2014)
A,TOTAL,TOTAL,TOTAL,PC,EA18,2011,100.0,Euro area - 18 countries (2014)
A,TOTAL,TOTAL,TOTAL,PC,EA18,2012,100.0,Euro area - 18 countries (2014)
A,TOTAL,TOTAL,TOTAL,PC,EA18,2013,100.0,Euro area - 18 countries (2014)
A,TOTAL,TOTAL,TOTAL,PC,EA18,2014,100.0,Euro area - 18 countries (2014)
A,TOTAL,TOTAL,TOTAL,PC,EA18,2015,100.0,Euro area - 18 countries (2014)
A,TOTAL,TOTAL,TOTAL,PC,EA18,2016,100.0,Euro area - 18 countries (2014)
A,TOTAL,TOTAL,TOTAL,PC,EA18,2017,100.0,Euro area - 18 countries (2014)
A,TOTAL,TOTAL,TOTAL,PC,EA18,2018,100.0,Euro area - 18 countries (2014)
A,TOTAL,TOTAL,TOTAL,PC,EA18,2019,100.0,Euro area - 18 countries (2014)
A,TOTAL,TOTAL,TOTAL,PC,EA18,2020,100.0,Euro area - 18 countries (2014)
A,TOTAL,TOTAL,TOTAL,PC,EA19,2005,100.0,Euro area - 19 countries  (2015-2022)
A,TOTAL,TOTAL,TOTAL,PC,EA19,2007,100.0,Euro area - 19 countries  (2015-2022)
A,TOTAL,TOTAL,TOTAL,PC,EA19,2008,100.0,Euro area - 19 countries  (2015-2022)
A,TOTAL,TOTAL,TOTAL,PC,EA19,2009,100.0,Euro area - 19 countries  (2015-2022)
A,TOTAL,TOTAL,TOTAL,PC,EA19,2010,100.0,Euro area - 19 countries  (2015-2022)
A,TOTAL,TOTAL,TOTAL,PC,EA19,2011,100.0,Euro area - 19 countries  (2015-2022)
A,TOTAL,TOTAL,TOTAL,PC,EA19,2012,100.0,Euro area - 19 countries  (2015-2022)
A,TOTAL,TOTAL,TOTAL,PC,EA19,2013,100.0,Euro area - 19 countries  (2015-2022)
A,TOTAL,TOTAL,TOTAL,PC,EA19,2014,100.0,Euro area - 19 countries  (2015-2022)
A,TOTAL,TOTAL,TOTAL,PC,EA19,2015,100.0,Euro area - 19 countries  (2015-2022)
A,TOTAL,TOTAL,TOTAL,PC,EA19,2016,100.0,Euro area - 19 countries  (2015-2022)
A,TOTAL,TOTAL,TOTAL,PC,EA19,2017,100.0,Euro area - 19 countries  (2015-2022)
A,TOTAL,TOTAL,TOTAL,PC,EA19,2018,100.0,Euro area - 19 countries  (2015-2022)
A,TOTAL,TOTAL,TOTAL,PC,EA19,2019,100.0,Euro area - 19 countries  (2015-2022)
A,TOTAL,TOTAL,TOTAL,PC,EA19,2020,100.0,Euro area - 19 countries  (2015-2022)
A,TOTAL,TOTAL,TOTAL,PC,EA19,2021,100.0,Euro area - 19 countries  (2015-2022)
A,TOTAL,TOTAL,TOTAL,PC,EA20,2014,100.0,Euro area – 20 countries (2023-2025)
A,TOTAL,TOTAL,TOTAL,PC,EA20,2015,100.0,Euro area – 20 countries (2023-2025)
A,TOTAL,TOTAL,TOTAL,PC,EA20,2016,100.0,Euro area – 20 countries (2023-2025)
A,TOTAL,TOTAL,TOTAL,PC,EA20,2017,100.0,Euro area – 20 countries (2023-2025)
A,TOTAL,TOTAL,TOTAL,PC,EA20,2018,100.0,Euro area – 20 countries (2023-2025)
A,TOTAL,TOTAL,TOTAL,PC,EA20,2019,100.0,Euro area – 20 countries (2023-2025)
A,TOTAL,TOTAL,TOTAL,PC,EA20,2020,100.0,Euro area – 20 countries (2023-2025)
A,TOTAL,TOTAL,TOTAL,PC,EA20,2021,100.0,Euro area – 20 countries (2023-2025)
A,TOTAL,TOTAL,TOTAL,PC,EA20,2022,100.0,Euro area – 20 countries (2023-2025)
A,TOTAL,TOTAL,TOTAL,PC,EA20,2023,100.0,Euro area – 20 countries (2023-2025)
A,TOTAL,TOTAL,TOTAL,PC,EA20,2024,100.0,Euro area – 20 countries (2023-2025)
A,TOTAL,TOTAL,TOTAL,PC,EA21,2014,100.0,Euro area – 21 countries (from 2026)
A,TOTAL,TOTAL,TOTAL,PC,EA21,2015,100.0,Euro area – 21 countries (from 2026)
A,TOTAL,TOTAL,TOTAL,PC,EA21,2016,100.0,Euro area – 21 countries (from 2026)
A,TOTAL,TOTAL,TOTAL,PC,EA21,2017,100.0,Euro area – 21 countries (from 2026)
A,TOTAL,TOTAL,TOTAL,PC,EA21,2018,100.0,Euro area – 21 countries (from 2026)
A,TOTAL,TOTAL,TOTAL,PC,EA21,2019,100.0,Euro area – 21 countries (from 2026)
A,TOTAL,TOTAL,TOTAL,PC,EA21,2020,100.0,Euro area – 21 countries (from 2026)
A,TOTAL,TOTAL,TOTAL,PC,EA21,2021,100.0,Euro area – 21 countries (from 2026)
A,TOTAL,TOTAL,TOTAL,PC,EA21,2022,100.0,Euro area – 21 countries (from 2026)
A,TOTAL,TOTAL,TOTAL,PC,EA21,2023,100.0,Euro area – 21 countries (from 2026)
A,TOTAL,TOTAL,TOTAL,PC,EA21,2024,100.0,Euro area – 21 countries (from 2026)
A,TOTAL,TOTAL,TOTAL,PC,EE,2006,100.0,Estonia
A,TOTAL,TOTAL,TOTAL,PC,EE,2007,100.0,Estonia
A,TOTAL,TOTAL,TOTAL,PC,EE,2008,100.0,Estonia
A,TOTAL,TOTAL,TOTAL,PC,EE,2009,100.0,Estonia
A,TOTAL,TOTAL,TOTAL,PC,EE,2010,100.0,Estonia
A,TOTAL,TOTAL,TOTAL,PC,EE,2011,100.0,Estonia
A,TOTAL,TOTAL,TOTAL,PC,EE,2012,100.0,Estonia
A,TOTAL,TOTAL,TOTAL,PC,EE,2013,100.0,Estonia
A,TOTAL,TOTAL,TOTAL,PC,EE,2014,100.0,Estonia
A,TOTAL,TOTAL,TOTAL,PC,EE,2015,100.0,Estonia
A,TOTAL,TOTAL,TOTAL,PC,EE,2016,100.0,Estonia
A,TOTAL,TOTAL,TOTAL,PC,EE,2017,100.0,Estonia
A,TOTAL,TOTAL,TOTAL,PC,EE,2018,100.0,Estonia
A,TOTAL,TOTAL,TOTAL,PC,EE,2019,100.0,Estonia
A,TOTAL,TOTAL,TOTAL,PC,EE,2020,100.0,Estonia
A,TOTAL,TOTAL,TOTAL,PC,EE,2021,100.0,Estonia
A,TOTAL,TOTAL,TOTAL,PC,EE,2022,100.0,Estonia
A,TOTAL,TOTAL,TOTAL,PC,EE,2023,100.0,Estonia
A,TOTAL,TOTAL,TOTAL,PC,EE,2024,100.0,Estonia
A,TOTAL,TOTAL,TOTAL,PC,EL,2003,100.0,Greece
A,TOTAL,TOTAL,TOTAL,PC,EL,2007,100.0,Greece
A,TOTAL,TOTAL,TOTAL,PC,EL,2008,100.0,Greece
A,TOTAL,TOTAL,TOTAL,PC,EL,2009,100.0,Greece
A,TOTAL,TOTAL,TOTAL,PC,EL,2010,100.0,Greece
A,TOTAL,TOTAL,TOTAL,PC,EL,2011,100.0,Greece
A,TOTAL,TOTAL,TOTAL,PC,EL,2012,100.0,Greece
A,TOTAL,TOTAL,TOTAL,PC,EL,2013,100.0,Greece
A,TOTAL,TOTAL,TOTAL,PC,EL,2014,100.0,Greece
A,TOTAL,TOTAL,TOTAL,PC,EL,2015,100.0,Greece
A,TOTAL,TOTAL,TOTAL,PC,EL,2016,100.0,Greece
A,TOTAL,TOTAL,TOTAL,PC,EL,2017,100.0,Greece
A,TOTAL,TOTAL,TOTAL,PC,EL,2018,100.0,Greece
A,TOTAL,TOTAL,TOTAL,PC,EL,2019,100.0,Greece
A,TOTAL,TOTAL,TOTAL,PC,EL,2020,100.0,Greece
A,TOTAL,TOTAL,TOTAL,PC,EL,2021,100.0,Greece
A,TOTAL,TOTAL,TOTAL,PC,EL,2022,100.0,Greece
A,TOTAL,TOTAL,TOTAL,PC,EL,2023,100.0,Greece
A,TOTAL,TOTAL,TOTAL,PC,EL,2024,100.0,Greece
A,TOTAL,TOTAL,TOTAL,PC,ES,2007,100.0,Spain
A,TOTAL,TOTAL,TOTAL,PC,ES,2008,100.0,Spain
A,TOTAL,TOTAL,TOTAL,PC,ES,2009,100.0,Spain
A,TOTAL,TOTAL,TOTAL,PC,ES,2010,100.0,Spain
A,TOTAL,TOTAL,TOTAL,PC,ES,2011,100.0,Spain
A,TOTAL,TOTAL,TOTAL,PC,ES,2012,100.0,Spain
A,TOTAL,TOTAL,TOTAL,PC,ES,2013,100.0,Spain
A,TOTAL,TOTAL,TOTAL,PC,ES,2014,100.0,Spain
A,TOTAL,TOTAL,TOTAL,PC,ES,2015,100.0,Spain
A,TOTAL,TOTAL,TOTAL,PC,ES,2016,100.0,Spain
A,TOTAL,TOTAL,TOTAL,PC,ES,2017,100.0,Spain
A,TOTAL,TOTAL,TOTAL,PC,ES,2018,100.0,Spain
A,TOTAL,TOTAL,TOTAL,PC,ES,2019,100.0,Spain
A,TOTAL,TOTAL,TOTAL,PC,ES,2020,100.0,Spain
A,TOTAL,TOTAL,TOTAL,PC,ES,2021,100.0,Spain
A,TOTAL,TOTAL,TOTAL,PC,ES,2022,100.0,Spain
A,TOTAL,TOTAL,TOTAL,PC,ES,2023,100.0,Spain
A,TOTAL,TOTAL,TOTAL,PC,ES,2024,100.0,Spain
A,TOTAL,TOTAL,TOTAL,PC,EU,2011,100.0,"European Union (EU6-1958, EU9-1973, EU10-1981, EU12-1986, EU15-1995, EU25-2004, EU27-2007, EU28-2013, EU27-2020)"
A,TOTAL,TOTAL,TOTAL,PC,EU,2012,100.0,"European Union (EU6-1958, EU9-1973, EU10-1981, EU12-1986, EU15-1995, EU25-2004, EU27-2007, EU28-2013, EU27-2020)"
A,TOTAL,TOTAL,TOTAL,PC,EU,2013,100.0,"European Union (EU6-1958, EU9-1973, EU10-1981, EU12-1986, EU15-1995, EU25-2004, EU27-2007, EU28-2013, EU27-2020)"
A,TOTAL,TOTAL,TOTAL,PC,EU,2014,100.0,"European Union (EU6-1958, EU9-1973, EU10-1981, EU12-1986, EU15-1995, EU25-2004, EU27-2007, EU28-2013, EU27-2020)"
A,TOTAL,TOTAL,TOTAL,PC,EU,2015,100.0,"European Union (EU6-1958, EU9-1973, EU10-1981, EU12-1986, EU15-1995, EU25-2004, EU27-2007, EU28-2013, EU27-2020)"
A,TOTAL,TOTAL,TOTAL,PC,EU,2016,100.0,"European Union (EU6-1958, EU9-1973, EU10-1981, EU12-1986, EU15-1995, EU25-2004, EU27-2007, EU28-2013, EU27-2020)"
A,TOTAL,TOTAL,TOTAL,PC,EU,2017,100.0,"European Union (EU6-1958, EU9-1973, EU10-1981, EU12-1986, EU15-1995, EU25-2004, EU27-2007, EU28-2013, EU27-2020)"
A,TOTAL,TOTAL,TOTAL,PC,EU,2018,100.0,"European Union (EU6-1958, EU9-1973, EU10-1981, EU12-1986, EU15-1995, EU25-2004, EU27-2007, EU28-2013, EU27-2020)"
A,TOTAL,TOTAL,TOTAL,PC,EU,2019,100.0,"European Union (EU6-1958, EU9-1973, EU10-1981, EU12-1986, EU15-1995, EU25-2004, EU27-2007, EU28-2013, EU27-2020)"
A,TOTAL,TOTAL,TOTAL,PC,EU27_2007,2007,100.0,European Union - 27 countries (2007-2013)
A,TOTAL,TOTAL,TOTAL,PC,EU27_2007,2008,100.0,European Union - 27 countries (2007-2013)
A,TOTAL,TOTAL,TOTAL,PC,EU27_2007,2009,100.0,European Union - 27 countries (2007-2013)
A,TOTAL,TOTAL,TOTAL,PC,EU27_2007,2010,100.0,European Union - 27 countries (2007-2013)
A,TOTAL,TOTAL,TOTAL,PC,EU27_2007,2011,100.0,European Union - 27 countries (2007-2013)
A,TOTAL,TOTAL,TOTAL,PC,EU27_2007,2012,100.0,European Union - 27 countries (2007-2013)
A,TOTAL,TOTAL,TOTAL,PC,EU27_2007,2013,100.0,European Union - 27 countries (2007-2013)
A,TOTAL,TOTAL,TOTAL,PC,EU27_2007,2014,100.0,European Union - 27 countries (2007-2013)
A,TOTAL,TOTAL,TOTAL,PC,EU27_2007,2015,100.0,European Union - 27 countries (2007-2013)
A,TOTAL,TOTAL,TOTAL,PC,EU27_2007,2016,100.0,European Union - 27 countries (2007-2013)
A,TOTAL,TOTAL,TOTAL,PC,EU27_2007,2017,100.0,European Union - 27 countries (2007-2013)
A,TOTAL,TOTAL,TOTAL,PC,EU27_2007,2018,100.0,European Union - 27 countries (2007-2013)
A,TOTAL,TOTAL,TOTAL,PC,EU27_2007,2019,100.0,European Union - 27 countries (2007-2013)
A,TOTAL,TOTAL,TOTAL,PC,EU27_2020,2010,100.0,European Union - 27 countries (from 2020)
A,TOTAL,TOTAL,TOTAL,PC,EU27_2020,2011,100.0,European Union - 27 countries (from 2020)
A,TOTAL,TOTAL,TOTAL,PC,EU27_2020,2012,100.0,European Union - 27 countries (from 2020)
A,TOTAL,TOTAL,TOTAL,PC,EU27_2020,2013,100.0,European Union - 27 countries (from 2020)
A,TOTAL,TOTAL,TOTAL,PC,EU27_2020,2014,100.0,European Union - 27 countries (from 2020)
A,TOTAL,TOTAL,TOTAL,PC,EU27_2020,2015,100.0,European Union - 27 countries (from 2020)
A,TOTAL,TOTAL,TOTAL,PC,EU27_2020,2016,100.0,European Union - 27 countries (from 2020)
A,TOTAL,TOTAL,TOTAL,PC,EU27_2020,2017,100.0,European Union - 27 countries (from 2020)
A,TOTAL,TOTAL,TOTAL,PC,EU27_2020,2018,100.0,European Union - 27 countries (from 2020)
A,TOTAL,TOTAL,TOTAL,PC,EU27_2020,2019,100.0,European Union - 27 countries (from 2020)
A,TOTAL,TOTAL,TOTAL,PC,EU27_2020,2020,100.0,European Union - 27 countries (from 2020)
A,TOTAL,TOTAL,TOTAL,PC,EU27_2020,2021,100.0,European Union - 27 countries (from 2020)
A,TOTAL,TOTAL,TOTAL,PC,EU27_2020,2022,100.0,European Union - 27 countries (from 2020)
A,TOTAL,TOTAL,TOTAL,PC,EU27_2020,2023,100.0,European Union - 27 countries (from 2020)
A,TOTAL,TOTAL,TOTAL,PC,EU27_2020,2024,100.0,European Union - 27 countries (from 2020)
A,TOTAL,TOTAL,TOTAL,PC,EU28,2010,100.0,European Union - 28 countries (2013-2020)
A,TOTAL,TOTAL,TOTAL,PC,EU28,2011,100.0,European Union - 28 countries (2013-2020)
A,TOTAL,TOTAL,TOTAL,PC,EU28,2012,100.0,European Union - 28 countries (2013-2020)
A,TOTAL,TOTAL,TOTAL,PC,EU28,2013,100.0,European Union - 28 countries (2013-2020)
A,TOTAL,TOTAL,TOTAL,PC,EU28,2014,100.0,European Union - 28 countries (2013-2020)
A,TOTAL,TOTAL,TOTAL,PC,EU28,2015,100.0,European Union - 28 countries (2013-2020)
A,TOTAL,TOTAL,TOTAL,PC,EU28,2016,100.0,European Union - 28 countries (2013-2020)
A,TOTAL,TOTAL,TOTAL,PC,EU28,2017,100.0,European Union - 28 countries (2013-2020)
A,TOTAL,TOTAL,TOTAL,PC,EU28,2018,100.0,European Union - 28 countries (2013-2020)
A,TOTAL,TOTAL,TOTAL,PC,EU28,2019,100.0,European Union - 28 countries (2013-2020)
A,TOTAL,TOTAL,TOTAL,PC,FI,2004,100.0,Finland
A,TOTAL,TOTAL,TOTAL,PC,FI,2005,100.0,Finland
A,TOTAL,TOTAL,TOTAL,PC,FI,2006,100.0,Finland
A,TOTAL,TOTAL,TOTAL,PC,FI,2007,100.0,Finland
A,TOTAL,TOTAL,TOTAL,PC,FI,2008,100.0,Finland
A,TOTAL,TOTAL,TOTAL,PC,FI,2009,100.0,Finland
A,TOTAL,TOTAL,TOTAL,PC,FI,2010,100.0,Finland
A,TOTAL,TOTAL,TOTAL,PC,FI,2011,100.0,Finland
A,TOTAL,TOTAL,TOTAL,PC,FI,2012,100.0,Finland
A,TOTAL,TOTAL,TOTAL,PC,FI,2013,100.0,Finland
A,TOTAL,TOTAL,TOTAL,PC,FI,2014,100.0,Finland
A,TOTAL,TOTAL,TOTAL,PC,FI,2015,100.0,Finland
A,TOTAL,TOTAL,TOTAL,PC,FI,2016,100.0,Finland
A,TOTAL,TOTAL,TOTAL,PC,FI,2017,100.0,Finland
A,TOTAL,TOTAL,TOTAL,PC,FI,2018,100.0,Finland
A,TOTAL,TOTAL,TOTAL,PC,FI,2019,100.0,Finland
A,TOTAL,TOTAL,TOTAL,PC,FI,2020,100.0,Finland
A,TOTAL,TOTAL,TOTAL,PC,FI,2021,100.0,Finland
A,TOTAL,TOTAL,TOTAL,PC,FI,2022,100.0,Finland
A,TOTAL,TOTAL,TOTAL,PC,FI,2023,100.0,Finland
A,TOTAL,TOTAL,TOTAL,PC,FI,2024,100.0,Finland
A,TOTAL,TOTAL,TOTAL,PC,FR,2005,100.0,France
A,TOTAL,TOTAL,TOTAL,PC,FR,2006,100.0,France
A,TOTAL,TOTAL,TOTAL,PC,FR,2007,100.0,France
A,TOTAL,TOTAL,TOTAL,PC,FR,2008,100.0,France
A,TOTAL,TOTAL,TOTAL,PC,FR,2009,100.0,France
A,TOTAL,TOTAL,TOTAL,PC,FR,2010,100.0,France
A,TOTAL,TOTAL,TOTAL,PC,FR,2011,100.0,France
A,TOTAL,TOTAL,TOTAL,PC,FR,2012,100.0,France
A,TOTAL,TOTAL,TOTAL,PC,FR,2013,100.0,France
A,TOTAL,TOTAL,TOTAL,PC,FR,2014,100.0,France
A,TOTAL,TOTAL,TOTAL,PC,FR,2015,100.0,France
A,TOTAL,TOTAL,TOTAL,PC,FR,2016,100.0,France
A,TOTAL,TOTAL,TOTAL,PC,FR,2017,100.0,France
A,TOTAL,TOTAL,TOTAL,PC,FR,2018,100.0,France
A,TOTAL,TOTAL,TOTAL,PC,FR,2019,100.0,France
A,TOTAL,TOTAL,TOTAL,PC,FR,2020,100.0,France
A,TOTAL,TOTAL,TOTAL,PC,FR,2021,100.0,France
A,TOTAL,TOTAL,TOTAL,PC,FR,2022,100.0,France
A,TOTAL,TOTAL,TOTAL,PC,FR,2023,100.0,France
A,TOTAL,TOTAL,TOTAL,PC,FR,2024,100.0,France
A,TOTAL,TOTAL,TOTAL,PC,HR,2010,100.0,Croatia
A,TOTAL,TOTAL,TOTAL,PC,HR,2011,100.0,Croatia
A,TOTAL,TOTAL,TOTAL,PC,HR,2012,100.0,Croatia
A,TOTAL,TOTAL,TOTAL,PC,HR,2013,100.0,Croatia
A,TOTAL,TOTAL,TOTAL,PC,HR,2014,100.0,Croatia
A,TOTAL,TOTAL,TOTAL,PC,HR,2015,100.0,Croatia
A,TOTAL,TOTAL,TOTAL,PC,HR,2016,100.0,Croatia
A,TOTAL,TOTAL,TOTAL,PC,HR,2017,100.0,Croatia
A,TOTAL,TOTAL,TOTAL,PC,HR,2018,100.0,Croatia
A,TOTAL,TOTAL,TOTAL,PC,HR,2019,100.0,Croatia
A,TOTAL,TOTAL,TOTAL,PC,HR,2020,100.0,Croatia
A,TOTAL,TOTAL,TOTAL,PC,HR,2021,100.0,Croatia
A,TOTAL,TOTAL,TOTAL,PC,HR,2022,100.0,Croatia
A,TOTAL,TOTAL,TOTAL,PC,HR,2023,100.0,Croatia
A,TOTAL,TOTAL,TOTAL,PC,HR,2024,100.0,Croatia
A,TOTAL,TOTAL,TOTAL,PC,HU,2005,100.0,Hungary
A,TOTAL,TOTAL,TOTAL,PC,HU,2006,100.0,Hungary
A,TOTAL,TOTAL,TOTAL,PC,HU,2007,100.0,Hungary
A,TOTAL,TOTAL,TOTAL,PC,HU,2008,100.0,Hungary
A,TOTAL,TOTAL,TOTAL,PC,HU,2009,100.0,Hungary
A,TOTAL,TOTAL,TOTAL,PC,HU,2010,100.0,Hungary
A,TOTAL,TOTAL,TOTAL,PC,HU,2011,100.0,Hungary
A,TOTAL,TOTAL,TOTAL,PC,HU,2012,100.0,Hungary
A,TOTAL,TOTAL,TOTAL,PC,HU,2013,100.0,Hungary
A,TOTAL,TOTAL,TOTAL,PC,HU,2014,100.0,Hungary
A,TOTAL,TOTAL,TOTAL,PC,HU,2015,100.0,Hungary
A,TOTAL,TOTAL,TOTAL,PC,HU,2016,100.0,Hungary
A,TOTAL,TOTAL,TOTAL,PC,HU,2017,100.0,Hungary
A,TOTAL,TOTAL,TOTAL,PC,HU,2018,100.0,Hungary
A,TOTAL,TOTAL,TOTAL,PC,HU,2019,100.0,Hungary
A,TOTAL,TOTAL,TOTAL,PC,HU,2020,100.0,Hungary
A,TOTAL,TOTAL,TOTAL,PC,HU,2021,100.0,Hungary
A,TOTAL,TOTAL,TOTAL,PC,HU,2022,100.0,Hungary
A,TOTAL,TOTAL,TOTAL,PC,HU,2023,100.0,Hungary
A,TOTAL,TOTAL,TOTAL,PC,HU,2024,100.0,Hungary
A,TOTAL,TOTAL,TOTAL,PC,IE,2003,100.0,Ireland
A,TOTAL,TOTAL,TOTAL,PC,IE,2004,100.0,Ireland
A,TOTAL,TOTAL,TOTAL,PC,IE,2005,100.0,Ireland
A,TOTAL,TOTAL,TOTAL,PC,IE,2006,100.0,Ireland
A,TOTAL,TOTAL,TOTAL,PC,IE,2007,100.0,Ireland
A,TOTAL,TOTAL,TOTAL,PC,IE,2008,100.0,Ireland
A,TOTAL,TOTAL,TOTAL,PC,IE,2009,100.0,Ireland
A,TOTAL,TOTAL,TOTAL,PC,IE,2010,100.0,Ireland
A,TOTAL,TOTAL,TOTAL,PC,IE,2011,100.0,Ireland
A,TOTAL,TOTAL,TOTAL,PC,IE,2012,100.0,Ireland
A,TOTAL,TOTAL,TOTAL,PC,IE,2013,100.0,Ireland
A,TOTAL,TOTAL,TOTAL,PC,IE,2014,100.0,Ireland
A,TOTAL,TOTAL,TOTAL,PC,IE,2015,100.0,Ireland
A,TOTAL,TOTAL,TOTAL,PC,IE,2016,100.0,Ireland
A,TOTAL,TOTAL,TOTAL,PC,IE,2017,100.0,Ireland
A,TOTAL,TOTAL,TOTAL,PC,IE,2018,100.0,Ireland
A,TOTAL,TOTAL,TOTAL,PC,IE,2019,100.0,Ireland
A,TOTAL,TOTAL,TOTAL,PC,IE,2020,100.0,Ireland
A,TOTAL,TOTAL,TOTAL,PC,IE,2021,100.0,Ireland
A,TOTAL,TOTAL,TOTAL,PC,IE,2022,100.0,Ireland
A,TOTAL,TOTAL,TOTAL,PC,IE,2023,100.0,Ireland
A,TOTAL,TOTAL,TOTAL,PC,IE,2024,100.0,Ireland
A,TOTAL,TOTAL,TOTAL,PC,IS,2004,100.0,Iceland
A,TOTAL,TOTAL,TOTAL,PC,IS,2005,100.0,Iceland
A,TOTAL,TOTAL,TOTAL,PC,IS,2006,100.0,Iceland
A,TOTAL,TOTAL,TOTAL,PC,IS,2007,100.0,Iceland
A,TOTAL,TOTAL,TOTAL,PC,IS,2008,100.0,Iceland
A,TOTAL,TOTAL,TOTAL,PC,IS,2009,100.0,Iceland
A,TOTAL,TOTAL,TOTAL,PC,IS,2010,100.0,Iceland
A,TOTAL,TOTAL,TOTAL,PC,IS,2011,100.0,Iceland
A,TOTAL,TOTAL,TOTAL,PC,IS,2012,100.0,Iceland
A,TOTAL,TOTAL,TOTAL,PC,IS,2013,100.0,Iceland
A,TOTAL,TOTAL,TOTAL,PC,IS,2014,100.0,Iceland
A,TOTAL,TOTAL,TOTAL,PC,IS,2015,100.0,Iceland
A,TOTAL,TOTAL,TOTAL,PC,IS,2016,100.0,Iceland
A,TOTAL,TOTAL,TOTAL,PC,IS,2017,100.0,Iceland
A,TOTAL,TOTAL,TOTAL,PC,IS,2018,100.0,Iceland
A,TOTAL,TOTAL,TOTAL,PC,IS,2019,100.0,Iceland
A,TOTAL,TOTAL,TOTAL,PC,IS,2020,100.0,Iceland
A,TOTAL,TOTAL,TOTAL,PC,IT,2004,100.0,Italy
A,TOTAL,TOTAL,TOTAL,PC,IT,2005,100.0,Italy
A,TOTAL,TOTAL,TOTAL,PC,IT,2006,100.0,Italy
A,TOTAL,TOTAL,TOTAL,PC,IT,2007,100.0,Italy
A,TOTAL,TOTAL,TOTAL,PC,IT,2008,100.0,Italy
A,TOTAL,TOTAL,TOTAL,PC,IT,2009,100.0,Italy
A,TOTAL,TOTAL,TOTAL,PC,IT,2010,100.0,Italy
A,TOTAL,TOTAL,TOTAL,PC,IT,2011,100.0,Italy
A,TOTAL,TOTAL,TOTAL,PC,IT,2012,100.0,Italy
A,TOTAL,TOTAL,TOTAL,PC,IT,2013,100.0,Italy
A,TOTAL,TOTAL,TOTAL,PC,IT,2014,100.0,Italy
A,TOTAL,TOTAL,TOTAL,PC,IT,2015,100.0,Italy
A,TOTAL,TOTAL,TOTAL,PC,IT,2016,100.0,Italy
A,TOTAL,TOTAL,TOTAL,PC,IT,2017,100.0,Italy
A,TOTAL,TOTAL,TOTAL,PC,IT,2018,100.0,Italy
A,TOTAL,TOTAL,TOTAL,PC,IT,2019,100.0,Italy
A,TOTAL,TOTAL,TOTAL,PC,IT,2020,100.0,Italy
A,TOTAL,TOTAL,TOTAL,PC,IT,2021,100.0,Italy
A,TOTAL,TOTAL,TOTAL,PC,IT,2022,100.0,Italy
A,TOTAL,TOTAL,TOTAL,PC,IT,2023,100.0,Italy
A,TOTAL,TOTAL,TOTAL,PC,IT,2024,100.0,Italy
A,TOTAL,TOTAL,TOTAL,PC,LT,2005,100.0,Lithuania
A,TOTAL,TOTAL,TOTAL,PC,LT,2006,100.0,Lithuania
A,TOTAL,TOTAL,TOTAL,PC,LT,2007,100.0,Lithuania
A,TOTAL,TOTAL,TOTAL,PC,LT,2008,100.0,Lithuania
A,TOTAL,TOTAL,TOTAL,PC,LT,2009,100.0,Lithuania
A,TOTAL,TOTAL,TOTAL,PC,LT,2010,100.0,Lithuania
A,TOTAL,TOTAL,TOTAL,PC,LT,2011,100.0,Lithuania
A,TOTAL,TOTAL,TOTAL,PC,LT,2012,100.0,Lithuania
A,TOTAL,TOTAL,TOTAL,PC,LT,2013,100.0,Lithuania
A,TOTAL,TOTAL,TOTAL,PC,LT,2014,100.0,Lithuania
A,TOTAL,TOTAL,TOTAL,PC,LT,2015,100.0,Lithuania
A,TOTAL,TOTAL,TOTAL,PC,LT,2016,100.0,Lithuania
A,TOTAL,TOTAL,TOTAL,PC,LT,2017,100.0,Lithuania
A,TOTAL,TOTAL,TOTAL,PC,LT,2018,100.0,Lithuania
A,TOTAL,TOTAL,TOTAL,PC,LT,2019,100.0,Lithuania
A,TOTAL,TOTAL,TOTAL,PC,LT,2020,100.0,Lithuania
A,TOTAL,TOTAL,TOTAL,PC,LT,2021,100.0,Lithuania
A,TOTAL,TOTAL,TOTAL,PC,LT,2022,100.0,Lithuania
A,TOTAL,TOTAL,TOTAL,PC,LT,2023,100.0,Lithuania
A,TOTAL,TOTAL,TOTAL,PC,LT,2024,100.0,Lithuania
A,TOTAL,TOTAL,TOTAL,PC,LU,2007,100.0,Luxembourg
A,TOTAL,TOTAL,TOTAL,PC,LU,2008,100.0,Luxembourg
A,TOTAL,TOTAL,TOTAL,PC,LU,2009,100.0,Luxembourg
A,TOTAL,TOTAL,TOTAL,PC,LU,2010,100.0,Luxembourg
A,TOTAL,TOTAL,TOTAL,PC,LU,2011,100.0,Luxembourg
A,TOTAL,TOTAL,TOTAL,PC,LU,2012,100.0,Luxembourg
A,TOTAL,TOTAL,TOTAL,PC,LU,2013,100.0,Luxembourg
A,TOTAL,TOTAL,TOTAL,PC,LU,2014,100.0,Luxembourg
A,TOTAL,TOTAL,TOTAL,PC,LU,2015,100.0,Luxembourg
A,TOTAL,TOTAL,TOTAL,PC,LU,2016,100.0,Luxembourg
A,TOTAL,TOTAL,TOTAL,PC,LU,2017,100.0,Luxembourg
A,TOTAL,TOTAL,TOTAL,PC,LU,2018,100.0,Luxembourg
A,TOTAL,TOTAL,TOTAL,PC,LU,2019,100.0,Luxembourg
A,TOTAL,TOTAL,TOTAL,PC,LU,2020,100.0,Luxembourg
A,TOTAL,TOTAL,TOTAL,PC,LU,2021,100.0,Luxembourg
A,TOTAL,TOTAL,TOTAL,PC,LU,2022,100.0,Luxembourg
A,TOTAL,TOTAL,TOTAL,PC,LU,2023,100.0,Luxembourg
A,TOTAL,TOTAL,TOTAL,PC,LU,2024,100.0,Luxembourg
A,TOTAL,TOTAL,TOTAL,PC,LV,2007,100.0,Latvia
A,TOTAL,TOTAL,TOTAL,PC,LV,2008,100.0,Latvia
A,TOTAL,TOTAL,TOTAL,PC,LV,2009,100.0,Latvia
A,TOTAL,TOTAL,TOTAL,PC,LV,2010,100.0,Latvia
A,TOTAL,TOTAL,TOTAL,PC,LV,2011,100.0,Latvia
A,TOTAL,TOTAL,TOTAL,PC,LV,2012,100.0,Latvia
A,TOTAL,TOTAL,TOTAL,PC,LV,2013,100.0,Latvia
A,TOTAL,TOTAL,TOTAL,PC,LV,2014,100.0,Latvia
A,TOTAL,TOTAL,TOTAL,PC,LV,2015,100.0,Latvia
A,TOTAL,TOTAL,TOTAL,PC,LV,2016,100.0,Latvia
A,TOTAL,TOTAL,TOTAL,PC,LV,2017,100.0,Latvia
A,TOTAL,TOTAL,TOTAL,PC,LV,2018,100.0,Latvia
A,TOTAL,TOTAL,TOTAL,PC,LV,2019,100.0,Latvia
A,TOTAL,TOTAL,TOTAL,PC,LV,2020,100.0,Latvia
A,TOTAL,TOTAL,TOTAL,PC,LV,2021,100.0,Latvia
A,TOTAL,TOTAL,TOTAL,PC,LV,2022,100.0,Latvia
A,TOTAL,TOTAL,TOTAL,PC,LV,2023,100.0,Latvia
A,TOTAL,TOTAL,TOTAL,PC,LV,2024,100.0,Latvia
A,TOTAL,TOTAL,TOTAL,PC,ME,2013,100.0,Montenegro
A,TOTAL,TOTAL,TOTAL,PC,ME,2014,100.0,Montenegro
A,TOTAL,TOTAL,TOTAL,PC,ME,2015,100.0,Montenegro
A,TOTAL,TOTAL,TOTAL,PC,ME,2016,100.0,Montenegro
A,TOTAL,TOTAL,TOTAL,PC,ME,2017,100.0,Montenegro
A,TOTAL,TOTAL,TOTAL,PC,ME,2018,100.0,Montenegro
A,TOTAL,TOTAL,TOTAL,PC,ME,2019,100.0,Montenegro
A,TOTAL,TOTAL,TOTAL,PC,ME,2020,100.0,Montenegro
A,TOTAL,TOTAL,TOTAL,PC,ME,2021,100.0,Montenegro
A,TOTAL,TOTAL,TOTAL,PC,ME,2022,100.0,Montenegro
A,TOTAL,TOTAL,TOTAL,PC,ME,2023,100.0,Montenegro
A,TOTAL,TOTAL,TOTAL,PC,MK,2011,100.0,North Macedonia
A,TOTAL,TOTAL,TOTAL,PC,MK,2012,100.0,North Macedonia
A,TOTAL,TOTAL,TOTAL,PC,MK,2013,100.0,North Macedonia
A,TOTAL,TOTAL,TOTAL,PC,MK,2014,100.0,North Macedonia
A,TOTAL,TOTAL,TOTAL,PC,MK,2015,100.0,North Macedonia
A,TOTAL,TOTAL,TOTAL,PC,MK,2016,100.0,North Macedonia
A,TOTAL,TOTAL,TOTAL,PC,MK,2017,100.0,North Macedonia
A,TOTAL,TOTAL,TOTAL,PC,MK,2018,100.0,North Macedonia
A,TOTAL,TOTAL,TOTAL,PC,MK,2019,100.0,North Macedonia
A,TOTAL,TOTAL,TOTAL,PC,MK,2020,100.0,North Macedonia
A,TOTAL,TOTAL,TOTAL,PC,MK,2021,100.0,North Macedonia
A,TOTAL,TOTAL,TOTAL,PC,MK,2022,100.0,North Macedonia
A,TOTAL,TOTAL,TOTAL,PC,MK,2023,100.0,North Macedonia
A,TOTAL,TOTAL,TOTAL,PC,MK,2024,100.0,North Macedonia
A,TOTAL,TOTAL,TOTAL,PC,MT,2005,100.0,Malta
A,TOTAL,TOTAL,TOTAL,PC,MT,2006,100.0,Malta
A,TOTAL,TOTAL,TOTAL,PC,MT,2007,100.0,Malta
A,TOTAL,TOTAL,TOTAL,PC,MT,2008,100.0,Malta
A,TOTAL,TOTAL,TOTAL,PC,MT,2009,100.0,Malta
A,TOTAL,TOTAL,TOTAL,PC,MT,2010,100.0,Malta
A,TOTAL,TOTAL,TOTAL,PC,MT,2011,100.0,Malta
A,TOTAL,TOTAL,TOTAL,PC,MT,2012,100.0,Malta
A,TOTAL,TOTAL,TOTAL,PC,MT,2013,100.0,Malta
A,TOTAL,TOTAL,TOTAL,PC,MT,2014,100.0,Malta
A,TOTAL,TOTAL,TOTAL,PC,MT,2015,100.0,Malta
A,TOTAL,TOTAL,TOTAL,PC,MT,2016,100.0,Malta
A,TOTAL,TOTAL,TOTAL,PC,MT,2017,100.0,Malta
A,TOTAL,TOTAL,TOTAL,PC,MT,2018,100.0,Malta
A,TOTAL,TOTAL,TOTAL,PC,MT,2019,100.0,Malta
A,TOTAL,TOTAL,TOTAL,PC,MT,2020,100.0,Malta
A,TOTAL,TOTAL,TOTAL,PC,MT,2021,100.0,Malta
A,TOTAL,TOTAL,TOTAL,PC,MT,2022,100.0,Malta
A,TOTAL,TOTAL,TOTAL,PC,MT,2023,100.0,Malta
A,TOTAL,TOTAL,TOTAL,PC,MT,2024,100.0,Malta
A,TOTAL,TOTAL,TOTAL,PC,NL,2005,100.0,Netherlands
A,TOTAL,TOTAL,TOTAL,PC,NL,2006,100.0,Netherlands
A,TOTAL,TOTAL,TOTAL,PC,NL,2007,100.0,Netherlands
A,TOTAL,TOTAL,TOTAL,PC,NL,2008,100.0,Netherlands
A,TOTAL,TOTAL,TOTAL,PC,NL,2009,100.0,Netherlands
A,TOTAL,TOTAL,TOTAL,PC,NL,2010,100.0,Netherlands
A,TOTAL,TOTAL,TOTAL,PC,NL,2011,100.0,Netherlands
A,TOTAL,TOTAL,TOTAL,PC,NL,2012,100.0,Netherlands
A,TOTAL,TOTAL,TOTAL,PC,NL,2013,100.0,Netherlands
A,TOTAL,TOTAL,TOTAL,PC,NL,2014,100.0,Netherlands
A,TOTAL,TOTAL,TOTAL,PC,NL,2015,100.0,Netherlands
A,TOTAL,TOTAL,TOTAL,PC,NL,2016,100.0,Netherlands
A,TOTAL,TOTAL,TOTAL,PC,NL,2017,100.0,Netherlands
A,TOTAL,TOTAL,TOTAL,PC,NL,2018,100.0,Netherlands
A,TOTAL,TOTAL,TOTAL,PC,NL,2019,100.0,Netherlands
A,TOTAL,TOTAL,TOTAL,PC,NL,2020,100.0,Netherlands
A,TOTAL,TOTAL,TOTAL,PC,NL,2021,100.0,Netherlands
A,TOTAL,TOTAL,TOTAL,PC,NL,2022,100.0,Netherlands
A,TOTAL,TOTAL,TOTAL,PC,NL,2023,100.0,Netherlands
A,TOTAL,TOTAL,TOTAL,PC,NL,2024,100.0,Netherlands
A,TOTAL,TOTAL,TOTAL,PC,NO,2003,100.0,Norway
A,TOTAL,TOTAL,TOTAL,PC,NO,2004,100.0,Norway
A,TOTAL,TOTAL,TOTAL,PC,NO,2005,100.0,Norway
A,TOTAL,TOTAL,TOTAL,PC,NO,2006,100.0,Norway
A,TOTAL,TOTAL,TOTAL,PC,NO,2007,100.0,Norway
A,TOTAL,TOTAL,TOTAL,PC,NO,2008,100.0,Norway
A,TOTAL,TOTAL,TOTAL,PC,NO,2009,100.0,Norway
A,TOTAL,TOTAL,TOTAL,PC,NO,2010,100.0,Norway
A,TOTAL,TOTAL,TOTAL,PC,NO,2011,100.0,Norway
A,TOTAL,TOTAL,TOTAL,PC,NO,2012,100.0,Norway
A,TOTAL,TOTAL,TOTAL,PC,NO,2013,100.0,Norway
A,TOTAL,TOTAL,TOTAL,PC,NO,2014,100.0,Norway
A,TOTAL,TOTAL,TOTAL,PC,NO,2015,100.0,Norway
A,TOTAL,TOTAL,TOTAL,PC,NO,2016,100.0,Norway
A,TOTAL,TOTAL,TOTAL,PC,NO,2017,100.0,Norway
A,TOTAL,TOTAL,TOTAL,PC,NO,2018,100.0,Norway
A,TOTAL,TOTAL,TOTAL,PC,NO,2019,100.0,Norway
A,TOTAL,TOTAL,TOTAL,PC,NO,2020,100.0,Norway
A,TOTAL,TOTAL,TOTAL,PC,NO,2021,100.0,Norway
A,TOTAL,TOTAL,TOTAL,PC,NO,2022,100.0,Norway
A,TOTAL,TOTAL,TOTAL,PC,NO,2023,100.0,Norway
A,TOTAL,TOTAL,TOTAL,PC,NO,2024,100.0,Norway
A,TOTAL,TOTAL,TOTAL,PC,PL,2007,100.0,Poland
A,TOTAL,TOTAL,TOTAL,PC,PL,2008,100.0,Poland
A,TOTAL,TOTAL,TOTAL,PC,PL,2009,100.0,Poland
A,TOTAL,TOTAL,TOTAL,PC,PL,2010,100.0,Poland
A,TOTAL,TOTAL,TOTAL,PC,PL,2011,100.0,Poland
A,TOTAL,TOTAL,TOTAL,PC,PL,2012,100.0,Poland
A,TOTAL,TOTAL,TOTAL,PC,PL,2013,100.0,Poland
A,TOTAL,TOTAL,TOTAL,PC,PL,2014,100.0,Poland
A,TOTAL,TOTAL,TOTAL,PC,PL,2015,100.0,Poland
A,TOTAL,TOTAL,TOTAL,PC,PL,2016,100.0,Poland
A,TOTAL,TOTAL,TOTAL,PC,PL,2017,100.0,Poland
A,TOTAL,TOTAL,TOTAL,PC,PL,2018,100.0,Poland
A,TOTAL,TOTAL,TOTAL,PC,PL,2019,100.0,Poland
A,TOTAL,TOTAL,TOTAL,PC,PL,2020,100.0,Poland
A,TOTAL,TOTAL,TOTAL,PC,PL,2021,100.0,Poland
A,TOTAL,TOTAL,TOTAL,PC,PL,2022,100.0,Poland
A,TOTAL,TOTAL,TOTAL,PC,PL,2023,100.0,Poland
A,TOTAL,TOTAL,TOTAL,PC,PL,2024,100.0,Poland
A,TOTAL,TOTAL,TOTAL,PC,PT,2004,100.0,Portugal
A,TOTAL,TOTAL,TOTAL,PC,PT,2005,100.0,Portugal
A,TOTAL,TOTAL,TOTAL,PC,PT,2006,100.0,Portugal
A,TOTAL,TOTAL,TOTAL,PC,PT,2007,100.0,Portugal
A,TOTAL,TOTAL,TOTAL,PC,PT,2008,100.0,Portugal
A,TOTAL,TOTAL,TOTAL,PC,PT,2009,100.0,Portugal
A,TOTAL,TOTAL,TOTAL,PC,PT,2010,100.0,Portugal
A,TOTAL,TOTAL,TOTAL,PC,PT,2011,100.0,Portugal
A,TOTAL,TOTAL,TOTAL,PC,PT,2012,100.0,Portugal
A,TOTAL,TOTAL,TOTAL,PC,PT,2013,100.0,Portugal
A,TOTAL,TOTAL,TOTAL,PC,PT,2014,100.0,Portugal
A,TOTAL,TOTAL,TOTAL,PC,PT,2015,100.0,Portugal
A,TOTAL,TOTAL,TOTAL,PC,PT,2016,100.0,Portugal
A,TOTAL,TOTAL,TOTAL,PC,PT,2017,100.0,Portugal
A,TOTAL,TOTAL,TOTAL,PC,PT,2018,100.0,Portugal
A,TOTAL,TOTAL,TOTAL,PC,PT,2019,100.0,Portugal
A,TOTAL,TOTAL,TOTAL,PC,PT,2020,100.0,Portugal
A,TOTAL,TOTAL,TOTAL,PC,PT,2021,100.0,Portugal
A,TOTAL,TOTAL,TOTAL,PC,PT,2022,100.0,Portugal
A,TOTAL,TOTAL,TOTAL,PC,PT,2023,100.0,Portugal
A,TOTAL,TOTAL,TOTAL,PC,PT,2024,100.0,Portugal
A,TOTAL,TOTAL,TOTAL,PC,RO,2007,100.0,Romania
A,TOTAL,TOTAL,TOTAL,PC,RO,2008,100.0,Romania
A,TOTAL,TOTAL,TOTAL,PC,RO,2009,100.0,Romania
A,TOTAL,TOTAL,TOTAL,PC,RO,2010,100.0,Romania
A,TOTAL,TOTAL,TOTAL,PC,RO,2011,100.0,Romania
A,TOTAL,TOTAL,TOTAL,PC,RO,2012,100.0,Romania
A,TOTAL,TOTAL,TOTAL,PC,RO,2013,100.0,Romania
A,TOTAL,TOTAL,TOTAL,PC,RO,2014,100.0,Romania
A,TOTAL,TOTAL,TOTAL,PC,RO,2015,100.0,Romania
A,TOTAL,TOTAL,TOTAL,PC,RO,2016,100.0,Romania
A,TOTAL,TOTAL,TOTAL,PC,RO,2017,100.0,Romania
A,TOTAL,TOTAL,TOTAL,PC,RO,2018,100.0,Romania
A,TOTAL,TOTAL,TOTAL,PC,RO,2019,100.0,Romania
A,TOTAL,TOTAL,TOTAL,PC,RO,2020,100.0,Romania
A,TOTAL,TOTAL,TOTAL,PC,RO,2021,100.0,Romania
A,TOTAL,TOTAL,TOTAL,PC,RO,2022,100.0,Romania
A,TOTAL,TOTAL,TOTAL,PC,RO,2023,100.0,Romania
A,TOTAL,TOTAL,TOTAL,PC,RO,2024,100.0,Romania
A,TOTAL,TOTAL,TOTAL,PC,RS,2013,100.0,Serbia
A,TOTAL,TOTAL,TOTAL,PC,RS,2014,100.0,Serbia
A,TOTAL,TOTAL,TOTAL,PC,RS,2015,100.0,Serbia
A,TOTAL,TOTAL,TOTAL,PC,RS,2016,100.0,Serbia
A,TOTAL,TOTAL,TOTAL,PC,RS,2017,100.0,Serbia
A,TOTAL,TOTAL,TOTAL,PC,RS,2018,100.0,Serbia
A,TOTAL,TOTAL,TOTAL,PC,RS,2019,100.0,Serbia
A,TOTAL,TOTAL,TOTAL,PC,RS,2020,100.0,Serbia
A,TOTAL,TOTAL,TOTAL,PC,RS,2021,100.0,Serbia
A,TOTAL,TOTAL,TOTAL,PC,RS,2022,100.0,Serbia
A,TOTAL,TOTAL,TOTAL,PC,RS,2023,100.0,Serbia
A,TOTAL,TOTAL,TOTAL,PC,RS,2024,100.0,Serbia
A,TOTAL,TOTAL,TOTAL,PC,SE,2004,100.0,Sweden
A,TOTAL,TOTAL,TOTAL,PC,SE,2005,100.0,Sweden
A,TOTAL,TOTAL,TOTAL,PC,SE,2006,100.0,Sweden
A,TOTAL,TOTAL,TOTAL,PC,SE,2007,100.0,Sweden
A,TOTAL,TOTAL,TOTAL,PC,SE,2008,100.0,Sweden
A,TOTAL,TOTAL,TOTAL,PC,SE,2009,100.0,Sweden
A,TOTAL,TOTAL,TOTAL,PC,SE,2010,100.0,Sweden
A,TOTAL,TOTAL,TOTAL,PC,SE,2011,100.0,Sweden
A,TOTAL,TOTAL,TOTAL,PC,SE,2012,100.0,Sweden
A,TOTAL,TOTAL,TOTAL,PC,SE,2013,100.0,Sweden
A,TOTAL,TOTAL,TOTAL,PC,SE,2014,100.0,Sweden
A,TOTAL,TOTAL,TOTAL,PC,SE,2015,100.0,Sweden
A,TOTAL,TOTAL,TOTAL,PC,SE,2016,100.0,Sweden
A,TOTAL,TOTAL,TOTAL,PC,SE,2017,100.0,Sweden
A,TOTAL,TOTAL,TOTAL,PC,SE,2018,100.0,Sweden
A,TOTAL,TOTAL,TOTAL,PC,SE,2019,100.0,Sweden
A,TOTAL,TOTAL,TOTAL,PC,SE,2020,100.0,Sweden
A,TOTAL,TOTAL,TOTAL,PC,SE,2021,100.0,Sweden
A,TOTAL,TOTAL,TOTAL,PC,SE,2022,100.0,Sweden
A,TOTAL,TOTAL,TOTAL,PC,SE,2023,100.0,Sweden
A,TOTAL,TOTAL,TOTAL,PC,SE,2024,100.0,Sweden
A,TOTAL,TOTAL,TOTAL,PC,SI,2005,100.0,Slovenia
A,TOTAL,TOTAL,TOTAL,PC,SI,2006,100.0,Slovenia
A,TOTAL,TOTAL,TOTAL,PC,SI,2007,100.0,Slovenia
A,TOTAL,TOTAL,TOTAL,PC,SI,2008,100.0,Slovenia
A,TOTAL,TOTAL,TOTAL,PC,SI,2009,100.0,Slovenia
A,TOTAL,TOTAL,TOTAL,PC,SI,2010,100.0,Slovenia
A,TOTAL,TOTAL,TOTAL,PC,SI,2011,100.0,Slovenia
A,TOTAL,TOTAL,TOTAL,PC,SI,2012,100.0,Slovenia
A,TOTAL,TOTAL,TOTAL,PC,SI,2013,100.0,Slovenia
A,TOTAL,TOTAL,TOTAL,PC,SI,2014,100.0,Slovenia
A,TOTAL,TOTAL,TOTAL,PC,SI,2015,100.0,Slovenia
A,TOTAL,TOTAL,TOTAL,PC,SI,2016,100.0,Slovenia
A,TOTAL,TOTAL,TOTAL,PC,SI,2017,100.0,Slovenia
A,TOTAL,TOTAL,TOTAL,PC,SI,2018,100.0,Slovenia
A,TOTAL,TOTAL,TOTAL,PC,SI,2019,100.0,Slovenia
A,TOTAL,TOTAL,TOTAL,PC,SI,2020,100.0,Slovenia
A,TOTAL,TOTAL,TOTAL,PC,SI,2021,100.0,Slovenia
A,TOTAL,TOTAL,TOTAL,PC,SI,2022,100.0,Slovenia
A,TOTAL,TOTAL,TOTAL,PC,SI,2023,100.0,Slovenia
A,TOTAL,TOTAL,TOTAL,PC,SI,2024,100.0,Slovenia
A,TOTAL,TOTAL,TOTAL,PC,SK,2005,100.0,Slovakia
A,TOTAL,TOTAL,TOTAL,PC,SK,2006,100.0,Slovakia
A,TOTAL,TOTAL,TOTAL,PC,SK,2007,100.0,Slovakia
A,TOTAL,TOTAL,TOTAL,PC,SK,2008,100.0,Slovakia
A,TOTAL,TOTAL,TOTAL,PC,SK,2009,100.0,Slovakia
A,TOTAL,TOTAL,TOTAL,PC,SK,2010,100.0,Slovakia
A,TOTAL,TOTAL,TOTAL,PC,SK,2011,100.0,Slovakia
A,TOTAL,TOTAL,TOTAL,PC,SK,2012,100.0,Slovakia
A,TOTAL,TOTAL,TOTAL,PC,SK,2013,100.0,Slovakia
A,TOTAL,TOTAL,TOTAL,PC,SK,2014,100.0,Slovakia
A,TOTAL,TOTAL,TOTAL,PC,SK,2015,100.0,Slovakia
A,TOTAL,TOTAL,TOTAL,PC,SK,2016,100.0,Slovakia
A,TOTAL,TOTAL,TOTAL,PC,SK,2017,100.0,Slovakia
A,TOTAL,TOTAL,TOTAL,PC,SK,2018,100.0,Slovakia
A,TOTAL,TOTAL,TOTAL,PC,SK,2019,100.0,Slovakia
A,TOTAL,TOTAL,TOTAL,PC,SK,2020,100.0,Slovakia
A,TOTAL,TOTAL,TOTAL,PC,SK,2021,100.0,Slovakia
A,TOTAL,TOTAL,TOTAL,PC,SK,2022,100.0,Slovakia
A,TOTAL,TOTAL,TOTAL,PC,SK,2023,100.0,Slovakia
A,TOTAL,TOTAL,TOTAL,PC,SK,2024,100.0,Slovakia
A,TOTAL,TOTAL,TOTAL,PC,TR,2006,100.0,Türkiye
A,TOTAL,TOTAL,TOTAL,PC,TR,2007,100.0,Türkiye
A,TOTAL,TOTAL,TOTAL,PC,TR,2008,100.0,Türkiye
A,TOTAL,TOTAL,TOTAL,PC,TR,2009,100.0,Türkiye
A,TOTAL,TOTAL,TOTAL,PC,TR,2011,100.0,Türkiye
A,TOTAL,TOTAL,TOTAL,PC,TR,2012,100.0,Türkiye
A,TOTAL,TOTAL,TOTAL,PC,TR,2013,100.0,Türkiye
A,TOTAL,TOTAL,TOTAL,PC,TR,2014,100.0,Türkiye
A,TOTAL,TOTAL,TOTAL,PC,TR,2015,100.0,Türkiye
A,TOTAL,TOTAL,TOTAL,PC,TR,2016,100.0,Türkiye
A,TOTAL,TOTAL,TOTAL,PC,TR,2017,100.0,Türkiye
A,TOTAL,TOTAL,TOTAL,PC,TR,2018,100.0,Türkiye
A,TOTAL,TOTAL,TOTAL,PC,TR,2019,100.0,Türkiye
A,TOTAL,TOTAL,TOTAL,PC,TR,2020,100.0,Türkiye
A,TOTAL,TOTAL,TOTAL,PC,TR,2021,100.0,Türkiye
A,TOTAL,TOTAL,TOTAL,PC,TR,2022,100.0,Türkiye
A,TOTAL,TOTAL,TOTAL,PC,TR,2023,100.0,Türkiye
A,TOTAL,TOTAL,TOTAL,PC,TR,2024,100.0,Türkiye
A,TOTAL,TOTAL,TOTAL,PC,UK,2005,100.0,United Kingdom
A,TOTAL,TOTAL,TOTAL,PC,UK,2006,100.0,United Kingdom
A,TOTAL,TOTAL,TOTAL,PC,UK,2007,100.0,United Kingdom
A,TOTAL,TOTAL,TOTAL,PC,UK,2008,100.0,United Kingdom
A,TOTAL,TOTAL,TOTAL,PC,UK,2009,100.0,United Kingdom
A,TOTAL,TOTAL,TOTAL,PC,UK,2010,100.0,United Kingdom
A,TOTAL,TOTAL,TOTAL,PC,UK,2011,100.0,United Kingdom
A,TOTAL,TOTAL,TOTAL,PC,UK,2012,100.0,United Kingdom
A,TOTAL,TOTAL,TOTAL,PC,UK,2013,100.0,United Kingdom
A,TOTAL,TOTAL,TOTAL,PC,UK,2014,100.0,United Kingdom
A,TOTAL,TOTAL,TOTAL,PC,UK,2015,100.0,United Kingdom
A,TOTAL,TOTAL,TOTAL,PC,UK,2016,100.0,United Kingdom
A,TOTAL,TOTAL,TOTAL,PC,UK,2017,100.0,United Kingdom
A,TOTAL,TOTAL,TOTAL,PC,UK,2018,100.0,United Kingdom
A,TOTAL,TOTAL,TOTAL,PC,XK,2018,100.0,Kosovo*
