freq,unit,na_item,geo,time,value,geo_label
A,CP_MPPS_EU27_2020,NLPR_HW,AT,2000,28.8,Austria
A,CP_MPPS_EU27_2020,NLPR_HW,AT,2001,29.2,Austria
A,CP_MPPS_EU27_2020,NLPR_HW,AT,2002,30.5,Austria
A,CP_MPPS_EU27_2020,NLPR_HW,AT,2003,31.6,Austria
A,CP_MPPS_EU27_2020,NLPR_HW,AT,2004,32.9,Austria
A,CP_MPPS_EU27_2020,NLPR_HW,AT,2005,34.6,Austria
A,CP_MPPS_EU27_2020,NLPR_HW,AT,2006,36.0,Austria
A,CP_MPPS_EU27_2020,NLPR_HW,AT,2007,37.1,Austria
A,CP_MPPS_EU27_2020,NLPR_HW,AT,2008,37.8,Austria
A,CP_MPPS_EU27_2020,NLPR_HW,AT,2009,37.7,Austria
A,CP_MPPS_EU27_2020,NLPR_HW,AT,2010,38.8,Austria
A,CP_MPPS_EU27_2020,NLPR_HW,AT,2011,39.8,Austria
A,CP_MPPS_EU27_2020,NLPR_HW,AT,2012,41.5,Austria
A,CP_MPPS_EU27_2020,NLPR_HW,AT,2013,42.3,Austria
A,CP_MPPS_EU27_2020,NLPR_HW,AT,2014,42.8,Austria
A,CP_MPPS_EU27_2020,NLPR_HW,AT,2015,44.9,Austria
A,CP_MPPS_EU27_2020,NLPR_HW,AT,2016,45.4,Austria
A,CP_MPPS_EU27_2020,NLPR_HW,AT,2017,46.0,Austria
A,CP_MPPS_EU27_2020,NLPR_HW,AT,2018,47.0,Austria
A,CP_MPPS_EU27_2020,NLPR_HW,AT,2019,47.5,Austria
A,CP_MPPS_EU27_2020,NLPR_HW,AT,2020,49.8,Austria
A,CP_MPPS_EU27_2020,NLPR_HW,AT,2021,51.2,Austria
A,CP_MPPS_EU27_2020,NLPR_HW,AT,2022,56.0,Austria
A,CP_MPPS_EU27_2020,NLPR_HW,AT,2023,58.4,Austria
A,CP_MPPS_EU27_2020,NLPR_HW,AT,2024,60.0,Austria
A,CP_MPPS_EU27_2020,NLPR_HW,BE,2000,36.2,Belgium
A,CP_MPPS_EU27_2020,NLPR_HW,BE,2001,37.2,Belgium
A,CP_MPPS_EU27_2020,NLPR_HW,BE,2002,38.6,Belgium
A,CP_MPPS_EU27_2020,NLPR_HW,BE,2003,39.5,Belgium
A,CP_MPPS_EU27_2020,NLPR_HW,BE,2004,40.8,Belgium
A,CP_MPPS_EU27_2020,NLPR_HW,BE,2005,42.2,Belgium
A,CP_MPPS_EU27_2020,NLPR_HW,BE,2006,43.0,Belgium
A,CP_MPPS_EU27_2020,NLPR_HW,BE,2007,44.1,Belgium
A,CP_MPPS_EU27_2020,NLPR_HW,BE,2008,44.5,Belgium
A,CP_MPPS_EU27_2020,NLPR_HW,BE,2009,44.2,Belgium
A,CP_MPPS_EU27_2020,NLPR_HW,BE,2010,46.3,Belgium
A,CP_MPPS_EU27_2020,NLPR_HW,BE,2011,46.7,Belgium
A,CP_MPPS_EU27_2020,NLPR_HW,BE,2012,47.9,Belgium
A,CP_MPPS_EU27_2020,NLPR_HW,BE,2013,48.8,Belgium
A,CP_MPPS_EU27_2020,NLPR_HW,BE,2014,50.0,Belgium
A,CP_MPPS_EU27_2020,NLPR_HW,BE,2015,51.2,Belgium
A,CP_MPPS_EU27_2020,NLPR_HW,BE,2016,51.6,Belgium
A,CP_MPPS_EU27_2020,NLPR_HW,BE,2017,52.3,Belgium
A,CP_MPPS_EU27_2020,NLPR_HW,BE,2018,53.3,Belgium
A,CP_MPPS_EU27_2020,NLPR_HW,BE,2019,54.7,Belgium
A,CP_MPPS_EU27_2020,NLPR_HW,BE,2020,58.2,Belgium
A,CP_MPPS_EU27_2020,NLPR_HW,BE,2021,58.3,Belgium
A,CP_MPPS_EU27_2020,NLPR_HW,BE,2022,61.8,Belgium
A,CP_MPPS_EU27_2020,NLPR_HW,BE,2023,66.0,Belgium
A,CP_MPPS_EU27_2020,NLPR_HW,BE,2024,68.3,Belgium
A,CP_MPPS_EU27_2020,NLPR_HW,BG,2000,8.2,Bulgaria
A,CP_MPPS_EU27_2020,NLPR_HW,BG,2001,8.7,Bulgaria
A,CP_MPPS_EU27_2020,NLPR_HW,BG,2002,9.4,Bulgaria
A,CP_MPPS_EU27_2020,NLPR_HW,BG,2003,9.9,Bulgaria
A,CP_MPPS_EU27_2020,NLPR_HW,BG,2004,10.2,Bulgaria
A,CP_MPPS_EU27_2020,NLPR_HW,BG,2005,11.1,Bulgaria
A,CP_MPPS_EU27_2020,NLPR_HW,BG,2006,11.5,Bulgaria
A,CP_MPPS_EU27_2020,NLPR_HW,BG,2007,12.4,Bulgaria
A,CP_MPPS_EU27_2020,NLPR_HW,BG,2008,12.9,Bulgaria
A,CP_MPPS_EU27_2020,NLPR_HW,BG,2009,12.9,Bulgaria
A,CP_MPPS_EU27_2020,NLPR_HW,BG,2010,14.1,Bulgaria
A,CP_MPPS_EU27_2020,NLPR_HW,BG,2011,14.9,Bulgaria
A,CP_MPPS_EU27_2020,NLPR_HW,BG,2012,15.6,Bulgaria
A,CP_MPPS_EU27_2020,NLPR_HW,BG,2013,15.5,Bulgaria
A,CP_MPPS_EU27_2020,NLPR_HW,BG,2014,16.2,Bulgaria
A,CP_MPPS_EU27_2020,NLPR_HW,BG,2015,16.7,Bulgaria
A,CP_MPPS_EU27_2020,NLPR_HW,BG,2016,17.5,Bulgaria
A,CP_MPPS_EU27_2020,NLPR_HW,BG,2017,18.0,Bulgaria
A,CP_MPPS_EU27_2020,NLPR_HW,BG,2018,18.9,Bulgaria
A,CP_MPPS_EU27_2020,NLPR_HW,BG,2019,20.2,Bulgaria
A,CP_MPPS_EU27_2020,NLPR_HW,BG,2020,20.9,Bulgaria
A,CP_MPPS_EU27_2020,NLPR_HW,BG,2021,23.3,Bulgaria
A,CP_MPPS_EU27_2020,NLPR_HW,BG,2022,26.0,Bulgaria
A,CP_MPPS_EU27_2020,NLPR_HW,BG,2023,27.1,Bulgaria
A,CP_MPPS_EU27_2020,NLPR_HW,BG,2024,29.7,Bulgaria
A,CP_MPPS_EU27_2020,NLPR_HW,CY,2000,20.2,Cyprus
A,CP_MPPS_EU27_2020,NLPR_HW,CY,2001,21.2,Cyprus
A,CP_MPPS_EU27_2020,NLPR_HW,CY,2002,21.7,Cyprus
A,CP_MPPS_EU27_2020,NLPR_HW,CY,2003,22.0,Cyprus
A,CP_MPPS_EU27_2020,NLPR_HW,CY,2004,23.2,Cyprus
A,CP_MPPS_EU27_2020,NLPR_HW,CY,2005,24.8,Cyprus
A,CP_MPPS_EU27_2020,NLPR_HW,CY,2006,26.2,Cyprus
A,CP_MPPS_EU27_2020,NLPR_HW,CY,2007,27.4,Cyprus
A,CP_MPPS_EU27_2020,NLPR_HW,CY,2008,28.2,Cyprus
A,CP_MPPS_EU27_2020,NLPR_HW,CY,2009,27.7,Cyprus
A,CP_MPPS_EU27_2020,NLPR_HW,CY,2010,28.1,Cyprus
A,CP_MPPS_EU27_2020,NLPR_HW,CY,2011,28.2,Cyprus
A,CP_MPPS_EU27_2020,NLPR_HW,CY,2012,28.1,Cyprus
A,CP_MPPS_EU27_2020,NLPR_HW,CY,2013,28.2,Cyprus
A,CP_MPPS_EU27_2020,NLPR_HW,CY,2014,27.9,Cyprus
A,CP_MPPS_EU27_2020,NLPR_HW,CY,2015,28.9,Cyprus
A,CP_MPPS_EU27_2020,NLPR_HW,CY,2016,29.9,Cyprus
A,CP_MPPS_EU27_2020,NLPR_HW,CY,2017,30.6,Cyprus
A,CP_MPPS_EU27_2020,NLPR_HW,CY,2018,31.0,Cyprus
A,CP_MPPS_EU27_2020,NLPR_HW,CY,2019,31.6,Cyprus
A,CP_MPPS_EU27_2020,NLPR_HW,CY,2020,31.8,Cyprus
A,CP_MPPS_EU27_2020,NLPR_HW,CY,2021,33.2,Cyprus
A,CP_MPPS_EU27_2020,NLPR_HW,CY,2022,36.6,Cyprus
A,CP_MPPS_EU27_2020,NLPR_HW,CY,2023,39.3,Cyprus
A,CP_MPPS_EU27_2020,NLPR_HW,CY,2024,41.2,Cyprus
A,CP_MPPS_EU27_2020,NLPR_HW,CZ,2000,15.1,Czechia
A,CP_MPPS_EU27_2020,NLPR_HW,CZ,2001,17.0,Czechia
A,CP_MPPS_EU27_2020,NLPR_HW,CZ,2002,17.4,Czechia
A,CP_MPPS_EU27_2020,NLPR_HW,CZ,2003,18.9,Czechia
A,CP_MPPS_EU27_2020,NLPR_HW,CZ,2004,20.0,Czechia
A,CP_MPPS_EU27_2020,NLPR_HW,CZ,2005,20.8,Czechia
A,CP_MPPS_EU27_2020,NLPR_HW,CZ,2006,21.8,Czechia
A,CP_MPPS_EU27_2020,NLPR_HW,CZ,2007,23.6,Czechia
A,CP_MPPS_EU27_2020,NLPR_HW,CZ,2008,24.2,Czechia
A,CP_MPPS_EU27_2020,NLPR_HW,CZ,2009,24.0,Czechia
A,CP_MPPS_EU27_2020,NLPR_HW,CZ,2010,24.5,Czechia
A,CP_MPPS_EU27_2020,NLPR_HW,CZ,2011,25.2,Czechia
A,CP_MPPS_EU27_2020,NLPR_HW,CZ,2012,25.5,Czechia
A,CP_MPPS_EU27_2020,NLPR_HW,CZ,2013,26.3,Czechia
A,CP_MPPS_EU27_2020,NLPR_HW,CZ,2014,27.3,Czechia
A,CP_MPPS_EU27_2020,NLPR_HW,CZ,2015,28.6,Czechia
A,CP_MPPS_EU27_2020,NLPR_HW,CZ,2016,28.9,Czechia
A,CP_MPPS_EU27_2020,NLPR_HW,CZ,2017,30.4,Czechia
A,CP_MPPS_EU27_2020,NLPR_HW,CZ,2018,31.4,Czechia
A,CP_MPPS_EU27_2020,NLPR_HW,CZ,2019,33.2,Czechia
A,CP_MPPS_EU27_2020,NLPR_HW,CZ,2020,35.0,Czechia
A,CP_MPPS_EU27_2020,NLPR_HW,CZ,2021,35.2,Czechia
A,CP_MPPS_EU27_2020,NLPR_HW,CZ,2022,36.8,Czechia
A,CP_MPPS_EU27_2020,NLPR_HW,CZ,2023,39.4,Czechia
A,CP_MPPS_EU27_2020,NLPR_HW,CZ,2024,40.2,Czechia
A,CP_MPPS_EU27_2020,NLPR_HW,DE,2000,32.0,Germany
A,CP_MPPS_EU27_2020,NLPR_HW,DE,2001,33.6,Germany
A,CP_MPPS_EU27_2020,NLPR_HW,DE,2002,34.7,Germany
A,CP_MPPS_EU27_2020,NLPR_HW,DE,2003,36.3,Germany
A,CP_MPPS_EU27_2020,NLPR_HW,DE,2004,37.7,Germany
A,CP_MPPS_EU27_2020,NLPR_HW,DE,2005,38.8,Germany
A,CP_MPPS_EU27_2020,NLPR_HW,DE,2006,39.6,Germany
A,CP_MPPS_EU27_2020,NLPR_HW,DE,2007,40.9,Germany
A,CP_MPPS_EU27_2020,NLPR_HW,DE,2008,41.4,Germany
A,CP_MPPS_EU27_2020,NLPR_HW,DE,2009,40.4,Germany
A,CP_MPPS_EU27_2020,NLPR_HW,DE,2010,42.0,Germany
A,CP_MPPS_EU27_2020,NLPR_HW,DE,2011,43.7,Germany
A,CP_MPPS_EU27_2020,NLPR_HW,DE,2012,44.4,Germany
A,CP_MPPS_EU27_2020,NLPR_HW,DE,2013,45.1,Germany
A,CP_MPPS_EU27_2020,NLPR_HW,DE,2014,46.5,Germany
A,CP_MPPS_EU27_2020,NLPR_HW,DE,2015,47.2,Germany
A,CP_MPPS_EU27_2020,NLPR_HW,DE,2016,48.4,Germany
A,CP_MPPS_EU27_2020,NLPR_HW,DE,2017,50.0,Germany
A,CP_MPPS_EU27_2020,NLPR_HW,DE,2018,51.1,Germany
A,CP_MPPS_EU27_2020,NLPR_HW,DE,2019,51.6,Germany
A,CP_MPPS_EU27_2020,NLPR_HW,DE,2020,52.8,Germany
A,CP_MPPS_EU27_2020,NLPR_HW,DE,2021,55.0,Germany
A,CP_MPPS_EU27_2020,NLPR_HW,DE,2022,58.2,Germany
A,CP_MPPS_EU27_2020,NLPR_HW,DE,2023,61.0,Germany
A,CP_MPPS_EU27_2020,NLPR_HW,DE,2024,62.7,Germany
A,CP_MPPS_EU27_2020,NLPR_HW,DK,2000,31.5,Denmark
A,CP_MPPS_EU27_2020,NLPR_HW,DK,2001,32.0,Denmark
A,CP_MPPS_EU27_2020,NLPR_HW,DK,2002,33.2,Denmark
A,CP_MPPS_EU27_2020,NLPR_HW,DK,2003,34.0,Denmark
A,CP_MPPS_EU27_2020,NLPR_HW,DK,2004,36.4,Denmark
A,CP_MPPS_EU27_2020,NLPR_HW,DK,2005,37.6,Denmark
A,CP_MPPS_EU27_2020,NLPR_HW,DK,2006,39.0,Denmark
A,CP_MPPS_EU27_2020,NLPR_HW,DK,2007,40.4,Denmark
A,CP_MPPS_EU27_2020,NLPR_HW,DK,2008,41.9,Denmark
A,CP_MPPS_EU27_2020,NLPR_HW,DK,2009,41.8,Denmark
A,CP_MPPS_EU27_2020,NLPR_HW,DK,2010,45.6,Denmark
A,CP_MPPS_EU27_2020,NLPR_HW,DK,2011,46.1,Denmark
A,CP_MPPS_EU27_2020,NLPR_HW,DK,2012,46.9,Denmark
A,CP_MPPS_EU27_2020,NLPR_HW,DK,2013,48.1,Denmark
A,CP_MPPS_EU27_2020,NLPR_HW,DK,2014,49.2,Denmark
A,CP_MPPS_EU27_2020,NLPR_HW,DK,2015,50.2,Denmark
A,CP_MPPS_EU27_2020,NLPR_HW,DK,2016,50.8,Denmark
A,CP_MPPS_EU27_2020,NLPR_HW,DK,2017,53.4,Denmark
A,CP_MPPS_EU27_2020,NLPR_HW,DK,2018,55.0,Denmark
A,CP_MPPS_EU27_2020,NLPR_HW,DK,2019,55.6,Denmark
A,CP_MPPS_EU27_2020,NLPR_HW,DK,2020,58.6,Denmark
A,CP_MPPS_EU27_2020,NLPR_HW,DK,2021,61.4,Denmark
A,CP_MPPS_EU27_2020,NLPR_HW,DK,2022,65.4,Denmark
A,CP_MPPS_EU27_2020,NLPR_HW,DK,2023,65.4,Denmark
A,CP_MPPS_EU27_2020,NLPR_HW,DK,2024,70.5,Denmark
A,CP_MPPS_EU27_2020,NLPR_HW,EE,2000,9.4,Estonia
A,CP_MPPS_EU27_2020,NLPR_HW,EE,2001,10.2,Estonia
A,CP_MPPS_EU27_2020,NLPR_HW,EE,2002,11.4,Estonia
A,CP_MPPS_EU27_2020,NLPR_HW,EE,2003,12.4,Estonia
A,CP_MPPS_EU27_2020,NLPR_HW,EE,2004,13.6,Estonia
A,CP_MPPS_EU27_2020,NLPR_HW,EE,2005,15.0,Estonia
A,CP_MPPS_EU27_2020,NLPR_HW,EE,2006,16.1,Estonia
A,CP_MPPS_EU27_2020,NLPR_HW,EE,2007,18.3,Estonia
A,CP_MPPS_EU27_2020,NLPR_HW,EE,2008,18.7,Estonia
A,CP_MPPS_EU27_2020,NLPR_HW,EE,2009,19.5,Estonia
A,CP_MPPS_EU27_2020,NLPR_HW,EE,2010,21.2,Estonia
A,CP_MPPS_EU27_2020,NLPR_HW,EE,2011,21.8,Estonia
A,CP_MPPS_EU27_2020,NLPR_HW,EE,2012,22.9,Estonia
A,CP_MPPS_EU27_2020,NLPR_HW,EE,2013,23.6,Estonia
A,CP_MPPS_EU27_2020,NLPR_HW,EE,2014,24.6,Estonia
A,CP_MPPS_EU27_2020,NLPR_HW,EE,2015,24.4,Estonia
A,CP_MPPS_EU27_2020,NLPR_HW,EE,2016,25.2,Estonia
A,CP_MPPS_EU27_2020,NLPR_HW,EE,2017,26.2,Estonia
A,CP_MPPS_EU27_2020,NLPR_HW,EE,2018,28.7,Estonia
A,CP_MPPS_EU27_2020,NLPR_HW,EE,2019,30.0,Estonia
A,CP_MPPS_EU27_2020,NLPR_HW,EE,2020,31.5,Estonia
A,CP_MPPS_EU27_2020,NLPR_HW,EE,2021,34.5,Estonia
A,CP_MPPS_EU27_2020,NLPR_HW,EE,2022,35.6,Estonia
A,CP_MPPS_EU27_2020,NLPR_HW,EE,2023,36.0,Estonia
A,CP_MPPS_EU27_2020,NLPR_HW,EE,2024,37.1,Estonia
A,CP_MPPS_EU27_2020,NLPR_HW,EL,2000,18.2,Greece
A,CP_MPPS_EU27_2020,NLPR_HW,EL,2001,19.7,Greece
A,CP_MPPS_EU27_2020,NLPR_HW,EL,2002,20.8,Greece
A,CP_MPPS_EU27_2020,NLPR_HW,EL,2003,21.8,Greece
A,CP_MPPS_EU27_2020,NLPR_HW,EL,2004,22.8,Greece
A,CP_MPPS_EU27_2020,NLPR_HW,EL,2005,22.3,Greece
A,CP_MPPS_EU27_2020,NLPR_HW,EL,2006,24.1,Greece
A,CP_MPPS_EU27_2020,NLPR_HW,EL,2007,24.5,Greece
A,CP_MPPS_EU27_2020,NLPR_HW,EL,2008,25.3,Greece
A,CP_MPPS_EU27_2020,NLPR_HW,EL,2009,24.8,Greece
A,CP_MPPS_EU27_2020,NLPR_HW,EL,2010,24.4,Greece
A,CP_MPPS_EU27_2020,NLPR_HW,EL,2011,22.9,Greece
A,CP_MPPS_EU27_2020,NLPR_HW,EL,2012,22.1,Greece
A,CP_MPPS_EU27_2020,NLPR_HW,EL,2013,22.5,Greece
A,CP_MPPS_EU27_2020,NLPR_HW,EL,2014,22.5,Greece
A,CP_MPPS_EU27_2020,NLPR_HW,EL,2015,23.5,Greece
A,CP_MPPS_EU27_2020,NLPR_HW,EL,2016,22.5,Greece
A,CP_MPPS_EU27_2020,NLPR_HW,EL,2017,23.2,Greece
A,CP_MPPS_EU27_2020,NLPR_HW,EL,2018,22.5,Greece
A,CP_MPPS_EU27_2020,NLPR_HW,EL,2019,23.2,Greece
A,CP_MPPS_EU27_2020,NLPR_HW,EL,2020,23.8,Greece
A,CP_MPPS_EU27_2020,NLPR_HW,EL,2021,23.8,Greece
A,CP_MPPS_EU27_2020,NLPR_HW,EL,2022,25.3,Greece
A,CP_MPPS_EU27_2020,NLPR_HW,EL,2023,27.0,Greece
A,CP_MPPS_EU27_2020,NLPR_HW,EL,2024,27.7,Greece
A,CP_MPPS_EU27_2020,NLPR_HW,ES,2000,24.8,Spain
A,CP_MPPS_EU27_2020,NLPR_HW,ES,2001,25.5,Spain
A,CP_MPPS_EU27_2020,NLPR_HW,ES,2002,26.5,Spain
A,CP_MPPS_EU27_2020,NLPR_HW,ES,2003,27.1,Spain
A,CP_MPPS_EU27_2020,NLPR_HW,ES,2004,27.8,Spain
A,CP_MPPS_EU27_2020,NLPR_HW,ES,2005,29.0,Spain
A,CP_MPPS_EU27_2020,NLPR_HW,ES,2006,30.8,Spain
A,CP_MPPS_EU27_2020,NLPR_HW,ES,2007,32.2,Spain
A,CP_MPPS_EU27_2020,NLPR_HW,ES,2008,32.7,Spain
A,CP_MPPS_EU27_2020,NLPR_HW,ES,2009,33.0,Spain
A,CP_MPPS_EU27_2020,NLPR_HW,ES,2010,33.6,Spain
A,CP_MPPS_EU27_2020,NLPR_HW,ES,2011,34.1,Spain
A,CP_MPPS_EU27_2020,NLPR_HW,ES,2012,35.4,Spain
A,CP_MPPS_EU27_2020,NLPR_HW,ES,2013,36.3,Spain
A,CP_MPPS_EU27_2020,NLPR_HW,ES,2014,36.8,Spain
A,CP_MPPS_EU27_2020,NLPR_HW,ES,2015,37.4,Spain
A,CP_MPPS_EU27_2020,NLPR_HW,ES,2016,37.6,Spain
A,CP_MPPS_EU27_2020,NLPR_HW,ES,2017,38.7,Spain
A,CP_MPPS_EU27_2020,NLPR_HW,ES,2018,38.5,Spain
A,CP_MPPS_EU27_2020,NLPR_HW,ES,2019,39.3,Spain
A,CP_MPPS_EU27_2020,NLPR_HW,ES,2020,38.9,Spain
A,CP_MPPS_EU27_2020,NLPR_HW,ES,2021,40.8,Spain
A,CP_MPPS_EU27_2020,NLPR_HW,ES,2022,44.1,Spain
A,CP_MPPS_EU27_2020,NLPR_HW,ES,2023,47.5,Spain
A,CP_MPPS_EU27_2020,NLPR_HW,ES,2024,49.2,Spain
A,CP_MPPS_EU27_2020,NLPR_HW,EU27_2020,2000,24.6,European Union - 27 countries (from 2020)
A,CP_MPPS_EU27_2020,NLPR_HW,EU27_2020,2001,25.8,European Union - 27 countries (from 2020)
A,CP_MPPS_EU27_2020,NLPR_HW,EU27_2020,2002,27.0,European Union - 27 countries (from 2020)
A,CP_MPPS_EU27_2020,NLPR_HW,EU27_2020,2003,27.7,European Union - 27 countries (from 2020)
A,CP_MPPS_EU27_2020,NLPR_HW,EU27_2020,2004,28.7,European Union - 27 countries (from 2020)
A,CP_MPPS_EU27_2020,NLPR_HW,EU27_2020,2005,29.8,European Union - 27 countries (from 2020)
A,CP_MPPS_EU27_2020,NLPR_HW,EU27_2020,2006,31.0,European Union - 27 countries (from 2020)
A,CP_MPPS_EU27_2020,NLPR_HW,EU27_2020,2007,32.2,European Union - 27 countries (from 2020)
A,CP_MPPS_EU27_2020,NLPR_HW,EU27_2020,2008,32.9,European Union - 27 countries (from 2020)
A,CP_MPPS_EU27_2020,NLPR_HW,EU27_2020,2009,32.5,European Union - 27 countries (from 2020)
A,CP_MPPS_EU27_2020,NLPR_HW,EU27_2020,2010,34.0,European Union - 27 countries (from 2020)
A,CP_MPPS_EU27_2020,NLPR_HW,EU27_2020,2011,35.1,European Union - 27 countries (from 2020)
A,CP_MPPS_EU27_2020,NLPR_HW,EU27_2020,2012,35.7,European Union - 27 countries (from 2020)
A,CP_MPPS_EU27_2020,NLPR_HW,EU27_2020,2013,36.4,European Union - 27 countries (from 2020)
A,CP_MPPS_EU27_2020,NLPR_HW,EU27_2020,2014,37.0,European Union - 27 countries (from 2020)
A,CP_MPPS_EU27_2020,NLPR_HW,EU27_2020,2015,38.0,European Union - 27 countries (from 2020)
A,CP_MPPS_EU27_2020,NLPR_HW,EU27_2020,2016,38.4,European Union - 27 countries (from 2020)
A,CP_MPPS_EU27_2020,NLPR_HW,EU27_2020,2017,39.6,European Union - 27 countries (from 2020)
A,CP_MPPS_EU27_2020,NLPR_HW,EU27_2020,2018,40.5,European Union - 27 countries (from 2020)
A,CP_MPPS_EU27_2020,NLPR_HW,EU27_2020,2019,41.5,European Union - 27 countries (from 2020)
A,CP_MPPS_EU27_2020,NLPR_HW,EU27_2020,2020,42.8,European Union - 27 countries (from 2020)
A,CP_MPPS_EU27_2020,NLPR_HW,EU27_2020,2021,44.1,European Union - 27 countries (from 2020)
A,CP_MPPS_EU27_2020,NLPR_HW,EU27_2020,2022,46.8,European Union - 27 countries (from 2020)
A,CP_MPPS_EU27_2020,NLPR_HW,EU27_2020,2023,49.3,European Union - 27 countries (from 2020)
A,CP_MPPS_EU27_2020,NLPR_HW,EU27_2020,2024,51.1,European Union - 27 countries (from 2020)
A,CP_MPPS_EU27_2020,NLPR_HW,FI,2000,29.4,Finland
A,CP_MPPS_EU27_2020,NLPR_HW,FI,2001,30.2,Finland
A,CP_MPPS_EU27_2020,NLPR_HW,FI,2002,30.6,Finland
A,CP_MPPS_EU27_2020,NLPR_HW,FI,2003,31.3,Finland
A,CP_MPPS_EU27_2020,NLPR_HW,FI,2004,33.3,Finland
A,CP_MPPS_EU27_2020,NLPR_HW,FI,2005,34.2,Finland
A,CP_MPPS_EU27_2020,NLPR_HW,FI,2006,35.2,Finland
A,CP_MPPS_EU27_2020,NLPR_HW,FI,2007,37.8,Finland
A,CP_MPPS_EU27_2020,NLPR_HW,FI,2008,38.8,Finland
A,CP_MPPS_EU27_2020,NLPR_HW,FI,2009,37.4,Finland
A,CP_MPPS_EU27_2020,NLPR_HW,FI,2010,38.7,Finland
A,CP_MPPS_EU27_2020,NLPR_HW,FI,2011,39.8,Finland
A,CP_MPPS_EU27_2020,NLPR_HW,FI,2012,39.6,Finland
A,CP_MPPS_EU27_2020,NLPR_HW,FI,2013,39.9,Finland
A,CP_MPPS_EU27_2020,NLPR_HW,FI,2014,40.3,Finland
A,CP_MPPS_EU27_2020,NLPR_HW,FI,2015,41.2,Finland
A,CP_MPPS_EU27_2020,NLPR_HW,FI,2016,41.9,Finland
A,CP_MPPS_EU27_2020,NLPR_HW,FI,2017,43.9,Finland
A,CP_MPPS_EU27_2020,NLPR_HW,FI,2018,44.2,Finland
A,CP_MPPS_EU27_2020,NLPR_HW,FI,2019,44.6,Finland
A,CP_MPPS_EU27_2020,NLPR_HW,FI,2020,46.1,Finland
A,CP_MPPS_EU27_2020,NLPR_HW,FI,2021,48.1,Finland
A,CP_MPPS_EU27_2020,NLPR_HW,FI,2022,49.8,Finland
A,CP_MPPS_EU27_2020,NLPR_HW,FI,2023,51.6,Finland
A,CP_MPPS_EU27_2020,NLPR_HW,FI,2024,54.0,Finland
A,CP_MPPS_EU27_2020,NLPR_HW,FR,2000,33.2,France
A,CP_MPPS_EU27_2020,NLPR_HW,FR,2001,35.0,France
A,CP_MPPS_EU27_2020,NLPR_HW,FR,2002,36.8,France
A,CP_MPPS_EU27_2020,NLPR_HW,FR,2003,36.6,France
A,CP_MPPS_EU27_2020,NLPR_HW,FR,2004,37.2,France
A,CP_MPPS_EU27_2020,NLPR_HW,FR,2005,39.3,France
A,CP_MPPS_EU27_2020,NLPR_HW,FR,2006,40.9,France
A,CP_MPPS_EU27_2020,NLPR_HW,FR,2007,41.7,France
A,CP_MPPS_EU27_2020,NLPR_HW,FR,2008,42.0,France
A,CP_MPPS_EU27_2020,NLPR_HW,FR,2009,41.4,France
A,CP_MPPS_EU27_2020,NLPR_HW,FR,2010,42.9,France
A,CP_MPPS_EU27_2020,NLPR_HW,FR,2011,43.9,France
A,CP_MPPS_EU27_2020,NLPR_HW,FR,2012,43.9,France
A,CP_MPPS_EU27_2020,NLPR_HW,FR,2013,45.7,France
A,CP_MPPS_EU27_2020,NLPR_HW,FR,2014,46.3,France
A,CP_MPPS_EU27_2020,NLPR_HW,FR,2015,47.3,France
A,CP_MPPS_EU27_2020,NLPR_HW,FR,2016,47.6,France
A,CP_MPPS_EU27_2020,NLPR_HW,FR,2017,48.8,France
A,CP_MPPS_EU27_2020,NLPR_HW,FR,2018,49.7,France
A,CP_MPPS_EU27_2020,NLPR_HW,FR,2019,52.0,France
A,CP_MPPS_EU27_2020,NLPR_HW,FR,2020,53.6,France
A,CP_MPPS_EU27_2020,NLPR_HW,FR,2021,52.6,France
A,CP_MPPS_EU27_2020,NLPR_HW,FR,2022,53.3,France
A,CP_MPPS_EU27_2020,NLPR_HW,FR,2023,57.2,France
A,CP_MPPS_EU27_2020,NLPR_HW,FR,2024,58.4,France
A,CP_MPPS_EU27_2020,NLPR_HW,HR,2000,13.3,Croatia
A,CP_MPPS_EU27_2020,NLPR_HW,HR,2001,14.0,Croatia
A,CP_MPPS_EU27_2020,NLPR_HW,HR,2002,15.1,Croatia
A,CP_MPPS_EU27_2020,NLPR_HW,HR,2003,15.9,Croatia
A,CP_MPPS_EU27_2020,NLPR_HW,HR,2004,16.8,Croatia
A,CP_MPPS_EU27_2020,NLPR_HW,HR,2005,17.6,Croatia
A,CP_MPPS_EU27_2020,NLPR_HW,HR,2006,18.9,Croatia
A,CP_MPPS_EU27_2020,NLPR_HW,HR,2007,20.1,Croatia
A,CP_MPPS_EU27_2020,NLPR_HW,HR,2008,20.8,Croatia
A,CP_MPPS_EU27_2020,NLPR_HW,HR,2009,19.8,Croatia
A,CP_MPPS_EU27_2020,NLPR_HW,HR,2010,20.2,Croatia
A,CP_MPPS_EU27_2020,NLPR_HW,HR,2011,21.7,Croatia
A,CP_MPPS_EU27_2020,NLPR_HW,HR,2012,21.6,Croatia
A,CP_MPPS_EU27_2020,NLPR_HW,HR,2013,22.5,Croatia
A,CP_MPPS_EU27_2020,NLPR_HW,HR,2014,22.0,Croatia
A,CP_MPPS_EU27_2020,NLPR_HW,HR,2015,23.0,Croatia
A,CP_MPPS_EU27_2020,NLPR_HW,HR,2016,23.8,Croatia
A,CP_MPPS_EU27_2020,NLPR_HW,HR,2017,24.5,Croatia
A,CP_MPPS_EU27_2020,NLPR_HW,HR,2018,25.5,Croatia
A,CP_MPPS_EU27_2020,NLPR_HW,HR,2019,26.5,Croatia
A,CP_MPPS_EU27_2020,NLPR_HW,HR,2020,25.2,Croatia
A,CP_MPPS_EU27_2020,NLPR_HW,HR,2021,28.7,Croatia
A,CP_MPPS_EU27_2020,NLPR_HW,HR,2022,31.1,Croatia
A,CP_MPPS_EU27_2020,NLPR_HW,HR,2023,34.9,Croatia
A,CP_MPPS_EU27_2020,NLPR_HW,HR,2024,34.8,Croatia
A,CP_MPPS_EU27_2020,NLPR_HW,HU,2000,12.7,Hungary
A,CP_MPPS_EU27_2020,NLPR_HW,HU,2001,14.3,Hungary
A,CP_MPPS_EU27_2020,NLPR_HW,HU,2002,15.7,Hungary
A,CP_MPPS_EU27_2020,NLPR_HW,HU,2003,16.6,Hungary
A,CP_MPPS_EU27_2020,NLPR_HW,HU,2004,17.5,Hungary
A,CP_MPPS_EU27_2020,NLPR_HW,HU,2005,18.8,Hungary
A,CP_MPPS_EU27_2020,NLPR_HW,HU,2006,19.6,Hungary
A,CP_MPPS_EU27_2020,NLPR_HW,HU,2007,20.6,Hungary
A,CP_MPPS_EU27_2020,NLPR_HW,HU,2008,22.3,Hungary
A,CP_MPPS_EU27_2020,NLPR_HW,HU,2009,22.5,Hungary
A,CP_MPPS_EU27_2020,NLPR_HW,HU,2010,23.7,Hungary
A,CP_MPPS_EU27_2020,NLPR_HW,HU,2011,24.8,Hungary
A,CP_MPPS_EU27_2020,NLPR_HW,HU,2012,24.7,Hungary
A,CP_MPPS_EU27_2020,NLPR_HW,HU,2013,25.2,Hungary
A,CP_MPPS_EU27_2020,NLPR_HW,HU,2014,24.8,Hungary
A,CP_MPPS_EU27_2020,NLPR_HW,HU,2015,25.3,Hungary
A,CP_MPPS_EU27_2020,NLPR_HW,HU,2016,24.4,Hungary
A,CP_MPPS_EU27_2020,NLPR_HW,HU,2017,25.2,Hungary
A,CP_MPPS_EU27_2020,NLPR_HW,HU,2018,26.7,Hungary
A,CP_MPPS_EU27_2020,NLPR_HW,HU,2019,28.0,Hungary
A,CP_MPPS_EU27_2020,NLPR_HW,HU,2020,29.0,Hungary
A,CP_MPPS_EU27_2020,NLPR_HW,HU,2021,30.2,Hungary
A,CP_MPPS_EU27_2020,NLPR_HW,HU,2022,32.5,Hungary
A,CP_MPPS_EU27_2020,NLPR_HW,HU,2023,34.8,Hungary
A,CP_MPPS_EU27_2020,NLPR_HW,HU,2024,36.3,Hungary
A,CP_MPPS_EU27_2020,NLPR_HW,IE,2000,28.5,Ireland
A,CP_MPPS_EU27_2020,NLPR_HW,IE,2001,30.6,Ireland
A,CP_MPPS_EU27_2020,NLPR_HW,IE,2002,33.1,Ireland
A,CP_MPPS_EU27_2020,NLPR_HW,IE,2003,34.7,Ireland
A,CP_MPPS_EU27_2020,NLPR_HW,IE,2004,36.6,Ireland
A,CP_MPPS_EU27_2020,NLPR_HW,IE,2005,37.4,Ireland
A,CP_MPPS_EU27_2020,NLPR_HW,IE,2006,39.4,Ireland
A,CP_MPPS_EU27_2020,NLPR_HW,IE,2007,41.5,Ireland
A,CP_MPPS_EU27_2020,NLPR_HW,IE,2008,40.5,Ireland
A,CP_MPPS_EU27_2020,NLPR_HW,IE,2009,42.0,Ireland
A,CP_MPPS_EU27_2020,NLPR_HW,IE,2010,46.1,Ireland
A,CP_MPPS_EU27_2020,NLPR_HW,IE,2011,48.9,Ireland
A,CP_MPPS_EU27_2020,NLPR_HW,IE,2012,50.3,Ireland
A,CP_MPPS_EU27_2020,NLPR_HW,IE,2013,49.7,Ireland
A,CP_MPPS_EU27_2020,NLPR_HW,IE,2014,51.8,Ireland
A,CP_MPPS_EU27_2020,NLPR_HW,IE,2015,69.3,Ireland
A,CP_MPPS_EU27_2020,NLPR_HW,IE,2016,65.7,Ireland
A,CP_MPPS_EU27_2020,NLPR_HW,IE,2017,69.5,Ireland
A,CP_MPPS_EU27_2020,NLPR_HW,IE,2018,72.0,Ireland
A,CP_MPPS_EU27_2020,NLPR_HW,IE,2019,72.4,Ireland
A,CP_MPPS_EU27_2020,NLPR_HW,IE,2020,84.1,Ireland
A,CP_MPPS_EU27_2020,NLPR_HW,IE,2021,94.8,Ireland
A,CP_MPPS_EU27_2020,NLPR_HW,IE,2022,102.4,Ireland
A,CP_MPPS_EU27_2020,NLPR_HW,IE,2023,98.8,Ireland
A,CP_MPPS_EU27_2020,NLPR_HW,IE,2024,104.8,Ireland
A,CP_MPPS_EU27_2020,NLPR_HW,IT,2000,30.8,Italy
A,CP_MPPS_EU27_2020,NLPR_HW,IT,2001,31.4,Italy
A,CP_MPPS_EU27_2020,NLPR_HW,IT,2002,31.7,Italy
A,CP_MPPS_EU27_2020,NLPR_HW,IT,2003,32.1,Italy
A,CP_MPPS_EU27_2020,NLPR_HW,IT,2004,32.4,Italy
A,CP_MPPS_EU27_2020,NLPR_HW,IT,2005,33.2,Italy
A,CP_MPPS_EU27_2020,NLPR_HW,IT,2006,34.1,Italy
A,CP_MPPS_EU27_2020,NLPR_HW,IT,2007,35.3,Italy
A,CP_MPPS_EU27_2020,NLPR_HW,IT,2008,36.4,Italy
A,CP_MPPS_EU27_2020,NLPR_HW,IT,2009,36.0,Italy
A,CP_MPPS_EU27_2020,NLPR_HW,IT,2010,36.9,Italy
A,CP_MPPS_EU27_2020,NLPR_HW,IT,2011,38.0,Italy
A,CP_MPPS_EU27_2020,NLPR_HW,IT,2012,38.6,Italy
A,CP_MPPS_EU27_2020,NLPR_HW,IT,2013,39.0,Italy
A,CP_MPPS_EU27_2020,NLPR_HW,IT,2014,39.0,Italy
A,CP_MPPS_EU27_2020,NLPR_HW,IT,2015,39.5,Italy
A,CP_MPPS_EU27_2020,NLPR_HW,IT,2016,40.5,Italy
A,CP_MPPS_EU27_2020,NLPR_HW,IT,2017,41.2,Italy
A,CP_MPPS_EU27_2020,NLPR_HW,IT,2018,41.6,Italy
A,CP_MPPS_EU27_2020,NLPR_HW,IT,2019,42.6,Italy
A,CP_MPPS_EU27_2020,NLPR_HW,IT,2020,44.9,Italy
A,CP_MPPS_EU27_2020,NLPR_HW,IT,2021,45.4,Italy
A,CP_MPPS_EU27_2020,NLPR_HW,IT,2022,48.3,Italy
A,CP_MPPS_EU27_2020,NLPR_HW,IT,2023,49.9,Italy
A,CP_MPPS_EU27_2020,NLPR_HW,IT,2024,50.6,Italy
A,CP_MPPS_EU27_2020,NLPR_HW,LT,2000,9.4,Lithuania
A,CP_MPPS_EU27_2020,NLPR_HW,LT,2001,10.8,Lithuania
A,CP_MPPS_EU27_2020,NLPR_HW,LT,2002,11.6,Lithuania
A,CP_MPPS_EU27_2020,NLPR_HW,LT,2003,13.1,Lithuania
A,CP_MPPS_EU27_2020,NLPR_HW,LT,2004,13.4,Lithuania
A,CP_MPPS_EU27_2020,NLPR_HW,LT,2005,14.5,Lithuania
A,CP_MPPS_EU27_2020,NLPR_HW,LT,2006,15.9,Lithuania
A,CP_MPPS_EU27_2020,NLPR_HW,LT,2007,17.5,Lithuania
A,CP_MPPS_EU27_2020,NLPR_HW,LT,2008,18.4,Lithuania
A,CP_MPPS_EU27_2020,NLPR_HW,LT,2009,17.4,Lithuania
A,CP_MPPS_EU27_2020,NLPR_HW,LT,2010,19.4,Lithuania
A,CP_MPPS_EU27_2020,NLPR_HW,LT,2011,21.5,Lithuania
A,CP_MPPS_EU27_2020,NLPR_HW,LT,2012,22.4,Lithuania
A,CP_MPPS_EU27_2020,NLPR_HW,LT,2013,23.3,Lithuania
A,CP_MPPS_EU27_2020,NLPR_HW,LT,2014,23.8,Lithuania
A,CP_MPPS_EU27_2020,NLPR_HW,LT,2015,23.7,Lithuania
A,CP_MPPS_EU27_2020,NLPR_HW,LT,2016,23.3,Lithuania
A,CP_MPPS_EU27_2020,NLPR_HW,LT,2017,25.6,Lithuania
A,CP_MPPS_EU27_2020,NLPR_HW,LT,2018,26.8,Lithuania
A,CP_MPPS_EU27_2020,NLPR_HW,LT,2019,28.3,Lithuania
A,CP_MPPS_EU27_2020,NLPR_HW,LT,2020,30.0,Lithuania
A,CP_MPPS_EU27_2020,NLPR_HW,LT,2021,32.3,Lithuania
A,CP_MPPS_EU27_2020,NLPR_HW,LT,2022,33.1,Lithuania
A,CP_MPPS_EU27_2020,NLPR_HW,LT,2023,34.5,Lithuania
A,CP_MPPS_EU27_2020,NLPR_HW,LT,2024,35.8,Lithuania
A,CP_MPPS_EU27_2020,NLPR_HW,LU,2000,47.2,Luxembourg
A,CP_MPPS_EU27_2020,NLPR_HW,LU,2001,46.2,Luxembourg
A,CP_MPPS_EU27_2020,NLPR_HW,LU,2002,47.1,Luxembourg
A,CP_MPPS_EU27_2020,NLPR_HW,LU,2003,48.1,Luxembourg
A,CP_MPPS_EU27_2020,NLPR_HW,LU,2004,51.0,Luxembourg
A,CP_MPPS_EU27_2020,NLPR_HW,LU,2005,54.4,Luxembourg
A,CP_MPPS_EU27_2020,NLPR_HW,LU,2006,59.2,Luxembourg
A,CP_MPPS_EU27_2020,NLPR_HW,LU,2007,61.2,Luxembourg
A,CP_MPPS_EU27_2020,NLPR_HW,LU,2008,62.5,Luxembourg
A,CP_MPPS_EU27_2020,NLPR_HW,LU,2009,61.0,Luxembourg
A,CP_MPPS_EU27_2020,NLPR_HW,LU,2010,63.5,Luxembourg
A,CP_MPPS_EU27_2020,NLPR_HW,LU,2011,65.0,Luxembourg
A,CP_MPPS_EU27_2020,NLPR_HW,LU,2012,66.1,Luxembourg
A,CP_MPPS_EU27_2020,NLPR_HW,LU,2013,68.2,Luxembourg
A,CP_MPPS_EU27_2020,NLPR_HW,LU,2014,70.3,Luxembourg
A,CP_MPPS_EU27_2020,NLPR_HW,LU,2015,71.7,Luxembourg
A,CP_MPPS_EU27_2020,NLPR_HW,LU,2016,72.3,Luxembourg
A,CP_MPPS_EU27_2020,NLPR_HW,LU,2017,72.3,Luxembourg
A,CP_MPPS_EU27_2020,NLPR_HW,LU,2018,71.7,Luxembourg
A,CP_MPPS_EU27_2020,NLPR_HW,LU,2019,70.7,Luxembourg
A,CP_MPPS_EU27_2020,NLPR_HW,LU,2020,75.1,Luxembourg
A,CP_MPPS_EU27_2020,NLPR_HW,LU,2021,78.0,Luxembourg
A,CP_MPPS_EU27_2020,NLPR_HW,LU,2022,80.3,Luxembourg
A,CP_MPPS_EU27_2020,NLPR_HW,LU,2023,84.8,Luxembourg
A,CP_MPPS_EU27_2020,NLPR_HW,LU,2024,87.5,Luxembourg
A,CP_MPPS_EU27_2020,NLPR_HW,LV,2000,7.8,Latvia
A,CP_MPPS_EU27_2020,NLPR_HW,LV,2001,8.5,Latvia
A,CP_MPPS_EU27_2020,NLPR_HW,LV,2002,9.2,Latvia
A,CP_MPPS_EU27_2020,NLPR_HW,LV,2003,9.9,Latvia
A,CP_MPPS_EU27_2020,NLPR_HW,LV,2004,11.0,Latvia
A,CP_MPPS_EU27_2020,NLPR_HW,LV,2005,12.0,Latvia
A,CP_MPPS_EU27_2020,NLPR_HW,LV,2006,12.4,Latvia
A,CP_MPPS_EU27_2020,NLPR_HW,LV,2007,13.8,Latvia
A,CP_MPPS_EU27_2020,NLPR_HW,LV,2008,14.9,Latvia
A,CP_MPPS_EU27_2020,NLPR_HW,LV,2009,15.2,Latvia
A,CP_MPPS_EU27_2020,NLPR_HW,LV,2010,16.9,Latvia
A,CP_MPPS_EU27_2020,NLPR_HW,LV,2011,17.1,Latvia
A,CP_MPPS_EU27_2020,NLPR_HW,LV,2012,18.3,Latvia
A,CP_MPPS_EU27_2020,NLPR_HW,LV,2013,18.5,Latvia
A,CP_MPPS_EU27_2020,NLPR_HW,LV,2014,19.3,Latvia
A,CP_MPPS_EU27_2020,NLPR_HW,LV,2015,20.3,Latvia
A,CP_MPPS_EU27_2020,NLPR_HW,LV,2016,20.8,Latvia
A,CP_MPPS_EU27_2020,NLPR_HW,LV,2017,22.1,Latvia
A,CP_MPPS_EU27_2020,NLPR_HW,LV,2018,22.7,Latvia
A,CP_MPPS_EU27_2020,NLPR_HW,LV,2019,22.9,Latvia
A,CP_MPPS_EU27_2020,NLPR_HW,LV,2020,24.2,Latvia
A,CP_MPPS_EU27_2020,NLPR_HW,LV,2021,26.9,Latvia
A,CP_MPPS_EU27_2020,NLPR_HW,LV,2022,27.9,Latvia
A,CP_MPPS_EU27_2020,NLPR_HW,LV,2023,29.8,Latvia
A,CP_MPPS_EU27_2020,NLPR_HW,LV,2024,30.7,Latvia
A,CP_MPPS_EU27_2020,NLPR_HW,MT,2000,18.0,Malta
A,CP_MPPS_EU27_2020,NLPR_HW,MT,2001,18.3,Malta
A,CP_MPPS_EU27_2020,NLPR_HW,MT,2002,19.3,Malta
A,CP_MPPS_EU27_2020,NLPR_HW,MT,2003,20.7,Malta
A,CP_MPPS_EU27_2020,NLPR_HW,MT,2004,22.2,Malta
A,CP_MPPS_EU27_2020,NLPR_HW,MT,2005,22.9,Malta
A,CP_MPPS_EU27_2020,NLPR_HW,MT,2006,22.8,Malta
A,CP_MPPS_EU27_2020,NLPR_HW,MT,2007,23.6,Malta
A,CP_MPPS_EU27_2020,NLPR_HW,MT,2008,24.3,Malta
A,CP_MPPS_EU27_2020,NLPR_HW,MT,2009,23.9,Malta
A,CP_MPPS_EU27_2020,NLPR_HW,MT,2010,26.2,Malta
A,CP_MPPS_EU27_2020,NLPR_HW,MT,2011,26.4,Malta
A,CP_MPPS_EU27_2020,NLPR_HW,MT,2012,27.4,Malta
A,CP_MPPS_EU27_2020,NLPR_HW,MT,2013,28.2,Malta
A,CP_MPPS_EU27_2020,NLPR_HW,MT,2014,29.5,Malta
A,CP_MPPS_EU27_2020,NLPR_HW,MT,2015,31.8,Malta
A,CP_MPPS_EU27_2020,NLPR_HW,MT,2016,30.9,Malta
A,CP_MPPS_EU27_2020,NLPR_HW,MT,2017,33.7,Malta
A,CP_MPPS_EU27_2020,NLPR_HW,MT,2018,33.5,Malta
A,CP_MPPS_EU27_2020,NLPR_HW,MT,2019,32.6,Malta
A,CP_MPPS_EU27_2020,NLPR_HW,MT,2020,33.5,Malta
A,CP_MPPS_EU27_2020,NLPR_HW,MT,2021,36.9,Malta
A,CP_MPPS_EU27_2020,NLPR_HW,MT,2022,37.1,Malta
A,CP_MPPS_EU27_2020,NLPR_HW,MT,2023,40.4,Malta
A,CP_MPPS_EU27_2020,NLPR_HW,MT,2024,42.0,Malta
A,CP_MPPS_EU27_2020,NLPR_HW,NL,2000,34.9,Netherlands
A,CP_MPPS_EU27_2020,NLPR_HW,NL,2001,36.0,Netherlands
A,CP_MPPS_EU27_2020,NLPR_HW,NL,2002,37.5,Netherlands
A,CP_MPPS_EU27_2020,NLPR_HW,NL,2003,37.9,Netherlands
A,CP_MPPS_EU27_2020,NLPR_HW,NL,2004,39.6,Netherlands
A,CP_MPPS_EU27_2020,NLPR_HW,NL,2005,41.9,Netherlands
A,CP_MPPS_EU27_2020,NLPR_HW,NL,2006,43.6,Netherlands
A,CP_MPPS_EU27_2020,NLPR_HW,NL,2007,45.3,Netherlands
A,CP_MPPS_EU27_2020,NLPR_HW,NL,2008,46.5,Netherlands
A,CP_MPPS_EU27_2020,NLPR_HW,NL,2009,44.4,Netherlands
A,CP_MPPS_EU27_2020,NLPR_HW,NL,2010,45.4,Netherlands
A,CP_MPPS_EU27_2020,NLPR_HW,NL,2011,46.2,Netherlands
A,CP_MPPS_EU27_2020,NLPR_HW,NL,2012,47.0,Netherlands
A,CP_MPPS_EU27_2020,NLPR_HW,NL,2013,48.4,Netherlands
A,CP_MPPS_EU27_2020,NLPR_HW,NL,2014,48.0,Netherlands
A,CP_MPPS_EU27_2020,NLPR_HW,NL,2015,49.2,Netherlands
A,CP_MPPS_EU27_2020,NLPR_HW,NL,2016,48.6,Netherlands
A,CP_MPPS_EU27_2020,NLPR_HW,NL,2017,49.8,Netherlands
A,CP_MPPS_EU27_2020,NLPR_HW,NL,2018,50.6,Netherlands
A,CP_MPPS_EU27_2020,NLPR_HW,NL,2019,50.4,Netherlands
A,CP_MPPS_EU27_2020,NLPR_HW,NL,2020,52.2,Netherlands
A,CP_MPPS_EU27_2020,NLPR_HW,NL,2021,54.9,Netherlands
A,CP_MPPS_EU27_2020,NLPR_HW,NL,2022,59.2,Netherlands
A,CP_MPPS_EU27_2020,NLPR_HW,NL,2023,61.1,Netherlands
A,CP_MPPS_EU27_2020,NLPR_HW,NL,2024,64.0,Netherlands
A,CP_MPPS_EU27_2020,NLPR_HW,PL,2000,11.3,Poland
A,CP_MPPS_EU27_2020,NLPR_HW,PL,2001,12.0,Poland
A,CP_MPPS_EU27_2020,NLPR_HW,PL,2002,13.0,Poland
A,CP_MPPS_EU27_2020,NLPR_HW,PL,2003,13.6,Poland
A,CP_MPPS_EU27_2020,NLPR_HW,PL,2004,14.6,Poland
A,CP_MPPS_EU27_2020,NLPR_HW,PL,2005,14.9,Poland
A,CP_MPPS_EU27_2020,NLPR_HW,PL,2006,15.3,Poland
A,CP_MPPS_EU27_2020,NLPR_HW,PL,2007,16.1,Poland
A,CP_MPPS_EU27_2020,NLPR_HW,PL,2008,16.7,Poland
A,CP_MPPS_EU27_2020,NLPR_HW,PL,2009,17.1,Poland
A,CP_MPPS_EU27_2020,NLPR_HW,PL,2010,19.2,Poland
A,CP_MPPS_EU27_2020,NLPR_HW,PL,2011,20.5,Poland
A,CP_MPPS_EU27_2020,NLPR_HW,PL,2012,21.1,Poland
A,CP_MPPS_EU27_2020,NLPR_HW,PL,2013,21.3,Poland
A,CP_MPPS_EU27_2020,NLPR_HW,PL,2014,21.6,Poland
A,CP_MPPS_EU27_2020,NLPR_HW,PL,2015,22.5,Poland
A,CP_MPPS_EU27_2020,NLPR_HW,PL,2016,22.6,Poland
A,CP_MPPS_EU27_2020,NLPR_HW,PL,2017,23.8,Poland
A,CP_MPPS_EU27_2020,NLPR_HW,PL,2018,25.4,Poland
A,CP_MPPS_EU27_2020,NLPR_HW,PL,2019,26.2,Poland
A,CP_MPPS_EU27_2020,NLPR_HW,PL,2020,26.5,Poland
A,CP_MPPS_EU27_2020,NLPR_HW,PL,2021,27.3,Poland
A,CP_MPPS_EU27_2020,NLPR_HW,PL,2022,29.8,Poland
A,CP_MPPS_EU27_2020,NLPR_HW,PL,2023,31.3,Poland
A,CP_MPPS_EU27_2020,NLPR_HW,PL,2024,33.9,Poland
A,CP_MPPS_EU27_2020,NLPR_HW,PT,2000,16.7,Portugal
A,CP_MPPS_EU27_2020,NLPR_HW,PT,2001,17.2,Portugal
A,CP_MPPS_EU27_2020,NLPR_HW,PT,2002,17.8,Portugal
A,CP_MPPS_EU27_2020,NLPR_HW,PT,2003,18.6,Portugal
A,CP_MPPS_EU27_2020,NLPR_HW,PT,2004,19.2,Portugal
A,CP_MPPS_EU27_2020,NLPR_HW,PT,2005,20.4,Portugal
A,CP_MPPS_EU27_2020,NLPR_HW,PT,2006,21.6,Portugal
A,CP_MPPS_EU27_2020,NLPR_HW,PT,2007,22.2,Portugal
A,CP_MPPS_EU27_2020,NLPR_HW,PT,2008,22.8,Portugal
A,CP_MPPS_EU27_2020,NLPR_HW,PT,2009,22.6,Portugal
A,CP_MPPS_EU27_2020,NLPR_HW,PT,2010,23.7,Portugal
A,CP_MPPS_EU27_2020,NLPR_HW,PT,2011,23.6,Portugal
A,CP_MPPS_EU27_2020,NLPR_HW,PT,2012,24.3,Portugal
A,CP_MPPS_EU27_2020,NLPR_HW,PT,2013,25.6,Portugal
A,CP_MPPS_EU27_2020,NLPR_HW,PT,2014,25.5,Portugal
A,CP_MPPS_EU27_2020,NLPR_HW,PT,2015,25.7,Portugal
A,CP_MPPS_EU27_2020,NLPR_HW,PT,2016,25.9,Portugal
A,CP_MPPS_EU27_2020,NLPR_HW,PT,2017,25.9,Portugal
A,CP_MPPS_EU27_2020,NLPR_HW,PT,2018,26.3,Portugal
A,CP_MPPS_EU27_2020,NLPR_HW,PT,2019,27.1,Portugal
A,CP_MPPS_EU27_2020,NLPR_HW,PT,2020,27.5,Portugal
A,CP_MPPS_EU27_2020,NLPR_HW,PT,2021,28.5,Portugal
A,CP_MPPS_EU27_2020,NLPR_HW,PT,2022,30.6,Portugal
A,CP_MPPS_EU27_2020,NLPR_HW,PT,2023,32.9,Portugal
A,CP_MPPS_EU27_2020,NLPR_HW,PT,2024,34.9,Portugal
A,CP_MPPS_EU27_2020,NLPR_HW,RO,2000,5.5,Romania
A,CP_MPPS_EU27_2020,NLPR_HW,RO,2001,6.1,Romania
A,CP_MPPS_EU27_2020,NLPR_HW,RO,2002,7.1,Romania
A,CP_MPPS_EU27_2020,NLPR_HW,RO,2003,7.6,Romania
A,CP_MPPS_EU27_2020,NLPR_HW,RO,2004,9.1,Romania
A,CP_MPPS_EU27_2020,NLPR_HW,RO,2005,9.8,Romania
A,CP_MPPS_EU27_2020,NLPR_HW,RO,2006,11.3,Romania
A,CP_MPPS_EU27_2020,NLPR_HW,RO,2007,12.9,Romania
A,CP_MPPS_EU27_2020,NLPR_HW,RO,2008,15.6,Romania
A,CP_MPPS_EU27_2020,NLPR_HW,RO,2009,15.6,Romania
A,CP_MPPS_EU27_2020,NLPR_HW,RO,2010,16.6,Romania
A,CP_MPPS_EU27_2020,NLPR_HW,RO,2011,17.9,Romania
A,CP_MPPS_EU27_2020,NLPR_HW,RO,2012,18.7,Romania
A,CP_MPPS_EU27_2020,NLPR_HW,RO,2013,18.3,Romania
A,CP_MPPS_EU27_2020,NLPR_HW,RO,2014,19.0,Romania
A,CP_MPPS_EU27_2020,NLPR_HW,RO,2015,20.2,Romania
A,CP_MPPS_EU27_2020,NLPR_HW,RO,2016,21.5,Romania
A,CP_MPPS_EU27_2020,NLPR_HW,RO,2017,23.5,Romania
A,CP_MPPS_EU27_2020,NLPR_HW,RO,2018,25.1,Romania
A,CP_MPPS_EU27_2020,NLPR_HW,RO,2019,27.0,Romania
A,CP_MPPS_EU27_2020,NLPR_HW,RO,2020,28.3,Romania
A,CP_MPPS_EU27_2020,NLPR_HW,RO,2021,29.4,Romania
A,CP_MPPS_EU27_2020,NLPR_HW,RO,2022,31.8,Romania
A,CP_MPPS_EU27_2020,NLPR_HW,RO,2023,36.1,Romania
A,CP_MPPS_EU27_2020,NLPR_HW,RO,2024,37.2,Romania
A,CP_MPPS_EU27_2020,NLPR_HW,SE,2000,30.6,Sweden
A,CP_MPPS_EU27_2020,NLPR_HW,SE,2001,30.7,Sweden
A,CP_MPPS_EU27_2020,NLPR_HW,SE,2002,32.0,Sweden
A,CP_MPPS_EU27_2020,NLPR_HW,SE,2003,33.4,Sweden
A,CP_MPPS_EU27_2020,NLPR_HW,SE,2004,35.2,Sweden
A,CP_MPPS_EU27_2020,NLPR_HW,SE,2005,35.9,Sweden
A,CP_MPPS_EU27_2020,NLPR_HW,SE,2006,37.9,Sweden
A,CP_MPPS_EU27_2020,NLPR_HW,SE,2007,39.8,Sweden
A,CP_MPPS_EU27_2020,NLPR_HW,SE,2008,40.0,Sweden
A,CP_MPPS_EU27_2020,NLPR_HW,SE,2009,38.7,Sweden
A,CP_MPPS_EU27_2020,NLPR_HW,SE,2010,40.0,Sweden
A,CP_MPPS_EU27_2020,NLPR_HW,SE,2011,40.9,Sweden
A,CP_MPPS_EU27_2020,NLPR_HW,SE,2012,41.7,Sweden
A,CP_MPPS_EU27_2020,NLPR_HW,SE,2013,41.7,Sweden
A,CP_MPPS_EU27_2020,NLPR_HW,SE,2014,41.9,Sweden
A,CP_MPPS_EU27_2020,NLPR_HW,SE,2015,43.5,Sweden
A,CP_MPPS_EU27_2020,NLPR_HW,SE,2016,42.6,Sweden
A,CP_MPPS_EU27_2020,NLPR_HW,SE,2017,43.0,Sweden
A,CP_MPPS_EU27_2020,NLPR_HW,SE,2018,43.6,Sweden
A,CP_MPPS_EU27_2020,NLPR_HW,SE,2019,45.5,Sweden
A,CP_MPPS_EU27_2020,NLPR_HW,SE,2020,46.9,Sweden
A,CP_MPPS_EU27_2020,NLPR_HW,SE,2021,49.8,Sweden
A,CP_MPPS_EU27_2020,NLPR_HW,SE,2022,50.3,Sweden
A,CP_MPPS_EU27_2020,NLPR_HW,SE,2023,52.1,Sweden
A,CP_MPPS_EU27_2020,NLPR_HW,SE,2024,55.4,Sweden
A,CP_MPPS_EU27_2020,NLPR_HW,SI,2000,18.9,Slovenia
A,CP_MPPS_EU27_2020,NLPR_HW,SI,2001,19.8,Slovenia
A,CP_MPPS_EU27_2020,NLPR_HW,SI,2002,20.4,Slovenia
A,CP_MPPS_EU27_2020,NLPR_HW,SI,2003,21.4,Slovenia
A,CP_MPPS_EU27_2020,NLPR_HW,SI,2004,22.7,Slovenia
A,CP_MPPS_EU27_2020,NLPR_HW,SI,2005,24.6,Slovenia
A,CP_MPPS_EU27_2020,NLPR_HW,SI,2006,25.9,Slovenia
A,CP_MPPS_EU27_2020,NLPR_HW,SI,2007,27.1,Slovenia
A,CP_MPPS_EU27_2020,NLPR_HW,SI,2008,27.6,Slovenia
A,CP_MPPS_EU27_2020,NLPR_HW,SI,2009,25.4,Slovenia
A,CP_MPPS_EU27_2020,NLPR_HW,SI,2010,26.4,Slovenia
A,CP_MPPS_EU27_2020,NLPR_HW,SI,2011,27.9,Slovenia
A,CP_MPPS_EU27_2020,NLPR_HW,SI,2012,28.3,Slovenia
A,CP_MPPS_EU27_2020,NLPR_HW,SI,2013,28.6,Slovenia
A,CP_MPPS_EU27_2020,NLPR_HW,SI,2014,28.8,Slovenia
A,CP_MPPS_EU27_2020,NLPR_HW,SI,2015,29.2,Slovenia
A,CP_MPPS_EU27_2020,NLPR_HW,SI,2016,30.3,Slovenia
A,CP_MPPS_EU27_2020,NLPR_HW,SI,2017,32.0,Slovenia
A,CP_MPPS_EU27_2020,NLPR_HW,SI,2018,33.2,Slovenia
A,CP_MPPS_EU27_2020,NLPR_HW,SI,2019,34.4,Slovenia
A,CP_MPPS_EU27_2020,NLPR_HW,SI,2020,35.2,Slovenia
A,CP_MPPS_EU27_2020,NLPR_HW,SI,2021,36.8,Slovenia
A,CP_MPPS_EU27_2020,NLPR_HW,SI,2022,39.1,Slovenia
A,CP_MPPS_EU27_2020,NLPR_HW,SI,2023,42.6,Slovenia
A,CP_MPPS_EU27_2020,NLPR_HW,SI,2024,43.0,Slovenia
A,CP_MPPS_EU27_2020,NLPR_HW,SK,2000,13.8,Slovakia
A,CP_MPPS_EU27_2020,NLPR_HW,SK,2001,15.0,Slovakia
A,CP_MPPS_EU27_2020,NLPR_HW,SK,2002,16.4,Slovakia
A,CP_MPPS_EU27_2020,NLPR_HW,SK,2003,17.8,Slovakia
A,CP_MPPS_EU27_2020,NLPR_HW,SK,2004,18.6,Slovakia
A,CP_MPPS_EU27_2020,NLPR_HW,SK,2005,19.7,Slovakia
A,CP_MPPS_EU27_2020,NLPR_HW,SK,2006,21.3,Slovakia
A,CP_MPPS_EU27_2020,NLPR_HW,SK,2007,23.1,Slovakia
A,CP_MPPS_EU27_2020,NLPR_HW,SK,2008,24.6,Slovakia
A,CP_MPPS_EU27_2020,NLPR_HW,SK,2009,23.9,Slovakia
A,CP_MPPS_EU27_2020,NLPR_HW,SK,2010,26.4,Slovakia
A,CP_MPPS_EU27_2020,NLPR_HW,SK,2011,26.6,Slovakia
A,CP_MPPS_EU27_2020,NLPR_HW,SK,2012,27.3,Slovakia
A,CP_MPPS_EU27_2020,NLPR_HW,SK,2013,28.2,Slovakia
A,CP_MPPS_EU27_2020,NLPR_HW,SK,2014,28.9,Slovakia
A,CP_MPPS_EU27_2020,NLPR_HW,SK,2015,29.6,Slovakia
A,CP_MPPS_EU27_2020,NLPR_HW,SK,2016,27.9,Slovakia
A,CP_MPPS_EU27_2020,NLPR_HW,SK,2017,27.8,Slovakia
A,CP_MPPS_EU27_2020,NLPR_HW,SK,2018,28.2,Slovakia
A,CP_MPPS_EU27_2020,NLPR_HW,SK,2019,29.1,Slovakia
A,CP_MPPS_EU27_2020,NLPR_HW,SK,2020,32.7,Slovakia
A,CP_MPPS_EU27_2020,NLPR_HW,SK,2021,35.3,Slovakia
A,CP_MPPS_EU27_2020,NLPR_HW,SK,2022,35.6,Slovakia
A,CP_MPPS_EU27_2020,NLPR_HW,SK,2023,39.3,Slovakia
A,CP_MPPS_EU27_2020,NLPR_HW,SK,2024,41.1,Slovakia
A,EUR,D1_SAL_HW,AT,2000,19.4,Austria
A,EUR,D1_SAL_HW,AT,2001,19.8,Austria
A,EUR,D1_SAL_HW,AT,2002,20.2,Austria
A,EUR,D1_SAL_HW,AT,2003,20.7,Austria
A,EUR,D1_SAL_HW,AT,2004,21.0,Austria
A,EUR,D1_SAL_HW,AT,2005,21.6,Austria
A,EUR,D1_SAL_HW,AT,2006,22.4,Austria
A,EUR,D1_SAL_HW,AT,2007,23.1,Austria
A,EUR,D1_SAL_HW,AT,2008,23.9,Austria
A,EUR,D1_SAL_HW,AT,2009,24.9,Austria
A,EUR,D1_SAL_HW,AT,2010,25.1,Austria
A,EUR,D1_SAL_HW,AT,2011,25.6,Austria
A,EUR,D1_SAL_HW,AT,2012,26.6,Austria
A,EUR,D1_SAL_HW,AT,2013,27.3,Austria
A,EUR,D1_SAL_HW,AT,2014,27.8,Austria
A,EUR,D1_SAL_HW,AT,2015,28.9,Austria
A,EUR,D1_SAL_HW,AT,2016,29.3,Austria
A,EUR,D1_SAL_HW,AT,2017,30.0,Austria
A,EUR,D1_SAL_HW,AT,2018,30.8,Austria
A,EUR,D1_SAL_HW,AT,2019,31.5,Austria
A,EUR,D1_SAL_HW,AT,2020,34.7,Austria
A,EUR,D1_SAL_HW,AT,2021,34.4,Austria
A,EUR,D1_SAL_HW,AT,2022,36.1,Austria
A,EUR,D1_SAL_HW,AT,2023,38.6,Austria
A,EUR,D1_SAL_HW,AT,2024,41.4,Austria
A,EUR,D1_SAL_HW,BE,2000,25.9,Belgium
A,EUR,D1_SAL_HW,BE,2001,26.9,Belgium
A,EUR,D1_SAL_HW,BE,2002,27.9,Belgium
A,EUR,D1_SAL_HW,BE,2003,28.3,Belgium
A,EUR,D1_SAL_HW,BE,2004,28.9,Belgium
A,EUR,D1_SAL_HW,BE,2005,29.6,Belgium
A,EUR,D1_SAL_HW,BE,2006,30.5,Belgium
A,EUR,D1_SAL_HW,BE,2007,31.5,Belgium
A,EUR,D1_SAL_HW,BE,2008,32.8,Belgium
A,EUR,D1_SAL_HW,BE,2009,33.9,Belgium
A,EUR,D1_SAL_HW,BE,2010,34.3,Belgium
A,EUR,D1_SAL_HW,BE,2011,35.2,Belgium
A,EUR,D1_SAL_HW,BE,2012,36.4,Belgium
A,EUR,D1_SAL_HW,BE,2013,37.4,Belgium
A,EUR,D1_SAL_HW,BE,2014,37.8,Belgium
A,EUR,D1_SAL_HW,BE,2015,38.0,Belgium
A,EUR,D1_SAL_HW,BE,2016,38.1,Belgium
A,EUR,D1_SAL_HW,BE,2017,38.7,Belgium
A,EUR,D1_SAL_HW,BE,2018,39.3,Belgium
A,EUR,D1_SAL_HW,BE,2019,40.2,Belgium
A,EUR,D1_SAL_HW,BE,2020,42.3,Belgium
A,EUR,D1_SAL_HW,BE,2021,42.5,Belgium
A,EUR,D1_SAL_HW,BE,2022,44.6,Belgium
A,EUR,D1_SAL_HW,BE,2023,47.9,Belgium
A,EUR,D1_SAL_HW,BE,2024,49.7,Belgium
A,EUR,D1_SAL_HW,BG,2000,1.3,Bulgaria
A,EUR,D1_SAL_HW,BG,2001,1.5,Bulgaria
A,EUR,D1_SAL_HW,BG,2002,1.5,Bulgaria
A,EUR,D1_SAL_HW,BG,2003,1.6,Bulgaria
A,EUR,D1_SAL_HW,BG,2004,1.7,Bulgaria
A,EUR,D1_SAL_HW,BG,2005,1.9,Bulgaria
A,EUR,D1_SAL_HW,BG,2006,2.0,Bulgaria
A,EUR,D1_SAL_HW,BG,2007,2.3,Bulgaria
A,EUR,D1_SAL_HW,BG,2008,2.6,Bulgaria
A,EUR,D1_SAL_HW,BG,2009,2.9,Bulgaria
A,EUR,D1_SAL_HW,BG,2010,3.2,Bulgaria
A,EUR,D1_SAL_HW,BG,2011,3.4,Bulgaria
A,EUR,D1_SAL_HW,BG,2012,3.7,Bulgaria
A,EUR,D1_SAL_HW,BG,2013,4.0,Bulgaria
A,EUR,D1_SAL_HW,BG,2014,4.2,Bulgaria
A,EUR,D1_SAL_HW,BG,2015,4.4,Bulgaria
A,EUR,D1_SAL_HW,BG,2016,4.7,Bulgaria
A,EUR,D1_SAL_HW,BG,2017,5.2,Bulgaria
A,EUR,D1_SAL_HW,BG,2018,5.7,Bulgaria
A,EUR,D1_SAL_HW,BG,2019,6.1,Bulgaria
A,EUR,D1_SAL_HW,BG,2020,6.7,Bulgaria
A,EUR,D1_SAL_HW,BG,2021,7.4,Bulgaria
A,EUR,D1_SAL_HW,BG,2022,8.4,Bulgaria
A,EUR,D1_SAL_HW,BG,2023,9.2,Bulgaria
A,EUR,D1_SAL_HW,BG,2024,10.7,Bulgaria
A,EUR,D1_SAL_HW,CY,2000,10.2,Cyprus
A,EUR,D1_SAL_HW,CY,2001,10.4,Cyprus
A,EUR,D1_SAL_HW,CY,2002,11.0,Cyprus
A,EUR,D1_SAL_HW,CY,2003,11.8,Cyprus
A,EUR,D1_SAL_HW,CY,2004,12.4,Cyprus
A,EUR,D1_SAL_HW,CY,2005,13.6,Cyprus
A,EUR,D1_SAL_HW,CY,2006,14.1,Cyprus
A,EUR,D1_SAL_HW,CY,2007,13.8,Cyprus
A,EUR,D1_SAL_HW,CY,2008,13.9,Cyprus
A,EUR,D1_SAL_HW,CY,2009,14.8,Cyprus
A,EUR,D1_SAL_HW,CY,2010,14.8,Cyprus
A,EUR,D1_SAL_HW,CY,2011,15.1,Cyprus
A,EUR,D1_SAL_HW,CY,2012,15.3,Cyprus
A,EUR,D1_SAL_HW,CY,2013,14.8,Cyprus
A,EUR,D1_SAL_HW,CY,2014,14.3,Cyprus
A,EUR,D1_SAL_HW,CY,2015,14.0,Cyprus
A,EUR,D1_SAL_HW,CY,2016,13.7,Cyprus
A,EUR,D1_SAL_HW,CY,2017,14.0,Cyprus
A,EUR,D1_SAL_HW,CY,2018,14.3,Cyprus
A,EUR,D1_SAL_HW,CY,2019,15.1,Cyprus
A,EUR,D1_SAL_HW,CY,2020,15.9,Cyprus
A,EUR,D1_SAL_HW,CY,2021,15.7,Cyprus
A,EUR,D1_SAL_HW,CY,2022,16.7,Cyprus
A,EUR,D1_SAL_HW,CY,2023,18.2,Cyprus
A,EUR,D1_SAL_HW,CY,2024,18.8,Cyprus
A,EUR,D1_SAL_HW,CZ,2000,3.5,Czechia
A,EUR,D1_SAL_HW,CZ,2001,4.2,Czechia
A,EUR,D1_SAL_HW,CZ,2002,5.0,Czechia
A,EUR,D1_SAL_HW,CZ,2003,5.3,Czechia
A,EUR,D1_SAL_HW,CZ,2004,5.6,Czechia
A,EUR,D1_SAL_HW,CZ,2005,6.2,Czechia
A,EUR,D1_SAL_HW,CZ,2006,7.0,Czechia
A,EUR,D1_SAL_HW,CZ,2007,7.6,Czechia
A,EUR,D1_SAL_HW,CZ,2008,8.8,Czechia
A,EUR,D1_SAL_HW,CZ,2009,8.2,Czechia
A,EUR,D1_SAL_HW,CZ,2010,8.8,Czechia
A,EUR,D1_SAL_HW,CZ,2011,9.3,Czechia
A,EUR,D1_SAL_HW,CZ,2012,9.3,Czechia
A,EUR,D1_SAL_HW,CZ,2013,9.0,Czechia
A,EUR,D1_SAL_HW,CZ,2014,8.7,Czechia
A,EUR,D1_SAL_HW,CZ,2015,9.2,Czechia
A,EUR,D1_SAL_HW,CZ,2016,9.6,Czechia
A,EUR,D1_SAL_HW,CZ,2017,10.6,Czechia
A,EUR,D1_SAL_HW,CZ,2018,11.7,Czechia
A,EUR,D1_SAL_HW,CZ,2019,12.5,Czechia
A,EUR,D1_SAL_HW,CZ,2020,13.5,Czechia
A,EUR,D1_SAL_HW,CZ,2021,14.4,Czechia
A,EUR,D1_SAL_HW,CZ,2022,15.6,Czechia
A,EUR,D1_SAL_HW,CZ,2023,17.0,Czechia
A,EUR,D1_SAL_HW,CZ,2024,17.0,Czechia
A,EUR,D1_SAL_HW,DE,2000,22.9,Germany
A,EUR,D1_SAL_HW,DE,2001,23.4,Germany
A,EUR,D1_SAL_HW,DE,2002,23.9,Germany
A,EUR,D1_SAL_HW,DE,2003,24.4,Germany
A,EUR,D1_SAL_HW,DE,2004,24.5,Germany
A,EUR,D1_SAL_HW,DE,2005,24.8,Germany
A,EUR,D1_SAL_HW,DE,2006,24.6,Germany
A,EUR,D1_SAL_HW,DE,2007,24.8,Germany
A,EUR,D1_SAL_HW,DE,2008,25.5,Germany
A,EUR,D1_SAL_HW,DE,2009,26.4,Germany
A,EUR,D1_SAL_HW,DE,2010,26.7,Germany
A,EUR,D1_SAL_HW,DE,2011,27.4,Germany
A,EUR,D1_SAL_HW,DE,2012,28.5,Germany
A,EUR,D1_SAL_HW,DE,2013,29.3,Germany
A,EUR,D1_SAL_HW,DE,2014,30.0,Germany
A,EUR,D1_SAL_HW,DE,2015,30.8,Germany
A,EUR,D1_SAL_HW,DE,2016,31.6,Germany
A,EUR,D1_SAL_HW,DE,2017,32.5,Germany
A,EUR,D1_SAL_HW,DE,2018,33.7,Germany
A,EUR,D1_SAL_HW,DE,2019,35.0,Germany
A,EUR,D1_SAL_HW,DE,2020,36.4,Germany
A,EUR,D1_SAL_HW,DE,2021,36.8,Germany
A,EUR,D1_SAL_HW,DE,2022,38.2,Germany
A,EUR,D1_SAL_HW,DE,2023,40.7,Germany
A,EUR,D1_SAL_HW,DE,2024,42.6,Germany
A,EUR,D1_SAL_HW,DK,2000,24.5,Denmark
A,EUR,D1_SAL_HW,DK,2001,25.4,Denmark
A,EUR,D1_SAL_HW,DK,2002,26.6,Denmark
A,EUR,D1_SAL_HW,DK,2003,27.6,Denmark
A,EUR,D1_SAL_HW,DK,2004,28.5,Denmark
A,EUR,D1_SAL_HW,DK,2005,29.4,Denmark
A,EUR,D1_SAL_HW,DK,2006,30.2,Denmark
A,EUR,D1_SAL_HW,DK,2007,31.8,Denmark
A,EUR,D1_SAL_HW,DK,2008,33.0,Denmark
A,EUR,D1_SAL_HW,DK,2009,34.2,Denmark
A,EUR,D1_SAL_HW,DK,2010,35.1,Denmark
A,EUR,D1_SAL_HW,DK,2011,35.3,Denmark
A,EUR,D1_SAL_HW,DK,2012,36.3,Denmark
A,EUR,D1_SAL_HW,DK,2013,36.7,Denmark
A,EUR,D1_SAL_HW,DK,2014,37.6,Denmark
A,EUR,D1_SAL_HW,DK,2015,38.5,Denmark
A,EUR,D1_SAL_HW,DK,2016,38.8,Denmark
A,EUR,D1_SAL_HW,DK,2017,39.6,Denmark
A,EUR,D1_SAL_HW,DK,2018,40.9,Denmark
A,EUR,D1_SAL_HW,DK,2019,41.6,Denmark
A,EUR,D1_SAL_HW,DK,2020,43.7,Denmark
A,EUR,D1_SAL_HW,DK,2021,43.8,Denmark
A,EUR,D1_SAL_HW,DK,2022,45.0,Denmark
A,EUR,D1_SAL_HW,DK,2023,46.9,Denmark
A,EUR,D1_SAL_HW,DK,2024,49.1,Denmark
A,EUR,D1_SAL_HW,EE,2000,2.7,Estonia
A,EUR,D1_SAL_HW,EE,2001,2.9,Estonia
A,EUR,D1_SAL_HW,EE,2002,3.3,Estonia
A,EUR,D1_SAL_HW,EE,2003,3.6,Estonia
A,EUR,D1_SAL_HW,EE,2004,4.0,Estonia
A,EUR,D1_SAL_HW,EE,2005,4.4,Estonia
A,EUR,D1_SAL_HW,EE,2006,5.0,Estonia
A,EUR,D1_SAL_HW,EE,2007,6.3,Estonia
A,EUR,D1_SAL_HW,EE,2008,7.1,Estonia
A,EUR,D1_SAL_HW,EE,2009,7.3,Estonia
A,EUR,D1_SAL_HW,EE,2010,7.3,Estonia
A,EUR,D1_SAL_HW,EE,2011,7.3,Estonia
A,EUR,D1_SAL_HW,EE,2012,7.9,Estonia
A,EUR,D1_SAL_HW,EE,2013,8.4,Estonia
A,EUR,D1_SAL_HW,EE,2014,9.0,Estonia
A,EUR,D1_SAL_HW,EE,2015,9.3,Estonia
A,EUR,D1_SAL_HW,EE,2016,9.9,Estonia
A,EUR,D1_SAL_HW,EE,2017,10.6,Estonia
A,EUR,D1_SAL_HW,EE,2018,12.1,Estonia
A,EUR,D1_SAL_HW,EE,2019,13.1,Estonia
A,EUR,D1_SAL_HW,EE,2020,14.1,Estonia
A,EUR,D1_SAL_HW,EE,2021,15.6,Estonia
A,EUR,D1_SAL_HW,EE,2022,16.9,Estonia
A,EUR,D1_SAL_HW,EE,2023,18.3,Estonia
A,EUR,D1_SAL_HW,EE,2024,19.6,Estonia
A,EUR,D1_SAL_HW,EL,2000,8.2,Greece
A,EUR,D1_SAL_HW,EL,2001,8.6,Greece
A,EUR,D1_SAL_HW,EL,2002,9.5,Greece
A,EUR,D1_SAL_HW,EL,2003,10.2,Greece
A,EUR,D1_SAL_HW,EL,2004,10.7,Greece
A,EUR,D1_SAL_HW,EL,2005,11.2,Greece
A,EUR,D1_SAL_HW,EL,2006,11.6,Greece
A,EUR,D1_SAL_HW,EL,2007,12.1,Greece
A,EUR,D1_SAL_HW,EL,2008,12.6,Greece
A,EUR,D1_SAL_HW,EL,2009,13.1,Greece
A,EUR,D1_SAL_HW,EL,2010,13.4,Greece
A,EUR,D1_SAL_HW,EL,2011,12.9,Greece
A,EUR,D1_SAL_HW,EL,2012,12.3,Greece
A,EUR,D1_SAL_HW,EL,2013,11.3,Greece
A,EUR,D1_SAL_HW,EL,2014,11.0,Greece
A,EUR,D1_SAL_HW,EL,2015,10.9,Greece
A,EUR,D1_SAL_HW,EL,2016,10.4,Greece
A,EUR,D1_SAL_HW,EL,2017,10.6,Greece
A,EUR,D1_SAL_HW,EL,2018,10.1,Greece
A,EUR,D1_SAL_HW,EL,2019,10.2,Greece
A,EUR,D1_SAL_HW,EL,2020,11.3,Greece
A,EUR,D1_SAL_HW,EL,2021,10.7,Greece
A,EUR,D1_SAL_HW,EL,2022,10.7,Greece
A,EUR,D1_SAL_HW,EL,2023,11.0,Greece
A,EUR,D1_SAL_HW,EL,2024,11.6,Greece
A,EUR,D1_SAL_HW,ES,2000,13.3,Spain
A,EUR,D1_SAL_HW,ES,2001,13.6,Spain
A,EUR,D1_SAL_HW,ES,2002,14.1,Spain
A,EUR,D1_SAL_HW,ES,2003,14.5,Spain
A,EUR,D1_SAL_HW,ES,2004,15.0,Spain
A,EUR,D1_SAL_HW,ES,2005,15.5,Spain
A,EUR,D1_SAL_HW,ES,2006,16.2,Spain
A,EUR,D1_SAL_HW,ES,2007,17.0,Spain
A,EUR,D1_SAL_HW,ES,2008,18.1,Spain
A,EUR,D1_SAL_HW,ES,2009,18.8,Spain
A,EUR,D1_SAL_HW,ES,2010,19.1,Spain
A,EUR,D1_SAL_HW,ES,2011,19.1,Spain
A,EUR,D1_SAL_HW,ES,2012,19.1,Spain
A,EUR,D1_SAL_HW,ES,2013,19.3,Spain
A,EUR,D1_SAL_HW,ES,2014,19.3,Spain
A,EUR,D1_SAL_HW,ES,2015,19.5,Spain
A,EUR,D1_SAL_HW,ES,2016,19.5,Spain
A,EUR,D1_SAL_HW,ES,2017,19.7,Spain
A,EUR,D1_SAL_HW,ES,2018,20.0,Spain
A,EUR,D1_SAL_HW,ES,2019,20.9,Spain
A,EUR,D1_SAL_HW,ES,2020,22.2,Spain
A,EUR,D1_SAL_HW,ES,2021,22.5,Spain
A,EUR,D1_SAL_HW,ES,2022,23.2,Spain
A,EUR,D1_SAL_HW,ES,2023,24.4,Spain
A,EUR,D1_SAL_HW,ES,2024,25.6,Spain
A,EUR,D1_SAL_HW,EU27_2020,2000,15.2,European Union - 27 countries (from 2020)
A,EUR,D1_SAL_HW,EU27_2020,2001,15.8,European Union - 27 countries (from 2020)
A,EUR,D1_SAL_HW,EU27_2020,2002,16.4,European Union - 27 countries (from 2020)
A,EUR,D1_SAL_HW,EU27_2020,2003,16.8,European Union - 27 countries (from 2020)
A,EUR,D1_SAL_HW,EU27_2020,2004,17.1,European Union - 27 countries (from 2020)
A,EUR,D1_SAL_HW,EU27_2020,2005,17.6,European Union - 27 countries (from 2020)
A,EUR,D1_SAL_HW,EU27_2020,2006,18.0,European Union - 27 countries (from 2020)
A,EUR,D1_SAL_HW,EU27_2020,2007,18.5,European Union - 27 countries (from 2020)
A,EUR,D1_SAL_HW,EU27_2020,2008,19.2,European Union - 27 countries (from 2020)
A,EUR,D1_SAL_HW,EU27_2020,2009,19.6,European Union - 27 countries (from 2020)
A,EUR,D1_SAL_HW,EU27_2020,2010,20.2,European Union - 27 countries (from 2020)
A,EUR,D1_SAL_HW,EU27_2020,2011,20.7,European Union - 27 countries (from 2020)
A,EUR,D1_SAL_HW,EU27_2020,2012,21.2,European Union - 27 countries (from 2020)
A,EUR,D1_SAL_HW,EU27_2020,2013,21.7,European Union - 27 countries (from 2020)
A,EUR,D1_SAL_HW,EU27_2020,2014,21.9,European Union - 27 countries (from 2020)
A,EUR,D1_SAL_HW,EU27_2020,2015,22.2,European Union - 27 countries (from 2020)
A,EUR,D1_SAL_HW,EU27_2020,2016,22.4,European Union - 27 countries (from 2020)
A,EUR,D1_SAL_HW,EU27_2020,2017,23.0,European Union - 27 countries (from 2020)
A,EUR,D1_SAL_HW,EU27_2020,2018,23.6,European Union - 27 countries (from 2020)
A,EUR,D1_SAL_HW,EU27_2020,2019,24.2,European Union - 27 countries (from 2020)
A,EUR,D1_SAL_HW,EU27_2020,2020,25.4,European Union - 27 countries (from 2020)
A,EUR,D1_SAL_HW,EU27_2020,2021,25.6,European Union - 27 countries (from 2020)
A,EUR,D1_SAL_HW,EU27_2020,2022,26.6,European Union - 27 countries (from 2020)
A,EUR,D1_SAL_HW,EU27_2020,2023,28.2,European Union - 27 countries (from 2020)
A,EUR,D1_SAL_HW,EU27_2020,2024,29.6,European Union - 27 countries (from 2020)
A,EUR,D1_SAL_HW,FI,2000,19.4,Finland
A,EUR,D1_SAL_HW,FI,2001,20.2,Finland
A,EUR,D1_SAL_HW,FI,2002,20.6,Finland
A,EUR,D1_SAL_HW,FI,2003,21.1,Finland
A,EUR,D1_SAL_HW,FI,2004,21.8,Finland
A,EUR,D1_SAL_HW,FI,2005,22.7,Finland
A,EUR,D1_SAL_HW,FI,2006,23.5,Finland
A,EUR,D1_SAL_HW,FI,2007,24.3,Finland
A,EUR,D1_SAL_HW,FI,2008,25.4,Finland
A,EUR,D1_SAL_HW,FI,2009,26.3,Finland
A,EUR,D1_SAL_HW,FI,2010,26.9,Finland
A,EUR,D1_SAL_HW,FI,2011,27.9,Finland
A,EUR,D1_SAL_HW,FI,2012,28.8,Finland
A,EUR,D1_SAL_HW,FI,2013,29.2,Finland
A,EUR,D1_SAL_HW,FI,2014,29.6,Finland
A,EUR,D1_SAL_HW,FI,2015,29.9,Finland
A,EUR,D1_SAL_HW,FI,2016,30.2,Finland
A,EUR,D1_SAL_HW,FI,2017,30.1,Finland
A,EUR,D1_SAL_HW,FI,2018,30.6,Finland
A,EUR,D1_SAL_HW,FI,2019,31.3,Finland
A,EUR,D1_SAL_HW,FI,2020,31.6,Finland
A,EUR,D1_SAL_HW,FI,2021,32.9,Finland
A,EUR,D1_SAL_HW,FI,2022,34.0,Finland
A,EUR,D1_SAL_HW,FI,2023,35.3,Finland
A,EUR,D1_SAL_HW,FI,2024,35.9,Finland
A,EUR,D1_SAL_HW,FR,2000,22.6,France
A,EUR,D1_SAL_HW,FR,2001,23.5,France
A,EUR,D1_SAL_HW,FR,2002,24.8,France
A,EUR,D1_SAL_HW,FR,2003,25.5,France
A,EUR,D1_SAL_HW,FR,2004,26.0,France
A,EUR,D1_SAL_HW,FR,2005,26.7,France
A,EUR,D1_SAL_HW,FR,2006,27.9,France
A,EUR,D1_SAL_HW,FR,2007,28.1,France
A,EUR,D1_SAL_HW,FR,2008,28.6,France
A,EUR,D1_SAL_HW,FR,2009,29.3,France
A,EUR,D1_SAL_HW,FR,2010,30.0,France
A,EUR,D1_SAL_HW,FR,2011,30.6,France
A,EUR,D1_SAL_HW,FR,2012,31.4,France
A,EUR,D1_SAL_HW,FR,2013,32.4,France
A,EUR,D1_SAL_HW,FR,2014,32.9,France
A,EUR,D1_SAL_HW,FR,2015,33.3,France
A,EUR,D1_SAL_HW,FR,2016,33.5,France
A,EUR,D1_SAL_HW,FR,2017,34.5,France
A,EUR,D1_SAL_HW,FR,2018,34.8,France
A,EUR,D1_SAL_HW,FR,2019,34.7,France
A,EUR,D1_SAL_HW,FR,2020,36.2,France
A,EUR,D1_SAL_HW,FR,2021,35.9,France
A,EUR,D1_SAL_HW,FR,2022,36.9,France
A,EUR,D1_SAL_HW,FR,2023,38.5,France
A,EUR,D1_SAL_HW,FR,2024,39.3,France
A,EUR,D1_SAL_HW,HR,2000,5.3,Croatia
A,EUR,D1_SAL_HW,HR,2001,5.5,Croatia
A,EUR,D1_SAL_HW,HR,2002,6.1,Croatia
A,EUR,D1_SAL_HW,HR,2003,6.5,Croatia
A,EUR,D1_SAL_HW,HR,2004,6.8,Croatia
A,EUR,D1_SAL_HW,HR,2005,7.3,Croatia
A,EUR,D1_SAL_HW,HR,2006,7.6,Croatia
A,EUR,D1_SAL_HW,HR,2007,8.0,Croatia
A,EUR,D1_SAL_HW,HR,2008,8.5,Croatia
A,EUR,D1_SAL_HW,HR,2009,8.3,Croatia
A,EUR,D1_SAL_HW,HR,2010,8.5,Croatia
A,EUR,D1_SAL_HW,HR,2011,8.7,Croatia
A,EUR,D1_SAL_HW,HR,2012,8.1,Croatia
A,EUR,D1_SAL_HW,HR,2013,8.1,Croatia
A,EUR,D1_SAL_HW,HR,2014,7.7,Croatia
A,EUR,D1_SAL_HW,HR,2015,7.9,Croatia
A,EUR,D1_SAL_HW,HR,2016,8.1,Croatia
A,EUR,D1_SAL_HW,HR,2017,8.3,Croatia
A,EUR,D1_SAL_HW,HR,2018,8.9,Croatia
A,EUR,D1_SAL_HW,HR,2019,9.1,Croatia
A,EUR,D1_SAL_HW,HR,2020,9.1,Croatia
A,EUR,D1_SAL_HW,HR,2021,9.7,Croatia
A,EUR,D1_SAL_HW,HR,2022,10.9,Croatia
A,EUR,D1_SAL_HW,HR,2023,12.4,Croatia
A,EUR,D1_SAL_HW,HR,2024,13.6,Croatia
A,EUR,D1_SAL_HW,HU,2000,3.5,Hungary
A,EUR,D1_SAL_HW,HU,2001,4.2,Hungary
A,EUR,D1_SAL_HW,HU,2002,5.0,Hungary
A,EUR,D1_SAL_HW,HU,2003,5.3,Hungary
A,EUR,D1_SAL_HW,HU,2004,5.9,Hungary
A,EUR,D1_SAL_HW,HU,2005,6.5,Hungary
A,EUR,D1_SAL_HW,HU,2006,6.5,Hungary
A,EUR,D1_SAL_HW,HU,2007,7.3,Hungary
A,EUR,D1_SAL_HW,HU,2008,7.9,Hungary
A,EUR,D1_SAL_HW,HU,2009,7.0,Hungary
A,EUR,D1_SAL_HW,HU,2010,7.2,Hungary
A,EUR,D1_SAL_HW,HU,2011,7.4,Hungary
A,EUR,D1_SAL_HW,HU,2012,7.4,Hungary
A,EUR,D1_SAL_HW,HU,2013,7.2,Hungary
A,EUR,D1_SAL_HW,HU,2014,6.9,Hungary
A,EUR,D1_SAL_HW,HU,2015,7.0,Hungary
A,EUR,D1_SAL_HW,HU,2016,7.1,Hungary
A,EUR,D1_SAL_HW,HU,2017,7.7,Hungary
A,EUR,D1_SAL_HW,HU,2018,8.0,Hungary
A,EUR,D1_SAL_HW,HU,2019,8.6,Hungary
A,EUR,D1_SAL_HW,HU,2020,8.6,Hungary
A,EUR,D1_SAL_HW,HU,2021,8.9,Hungary
A,EUR,D1_SAL_HW,HU,2022,9.5,Hungary
A,EUR,D1_SAL_HW,HU,2023,11.4,Hungary
A,EUR,D1_SAL_HW,HU,2024,12.3,Hungary
A,EUR,D1_SAL_HW,IE,2000,16.2,Ireland
A,EUR,D1_SAL_HW,IE,2001,17.6,Ireland
A,EUR,D1_SAL_HW,IE,2002,18.7,Ireland
A,EUR,D1_SAL_HW,IE,2003,20.2,Ireland
A,EUR,D1_SAL_HW,IE,2004,21.5,Ireland
A,EUR,D1_SAL_HW,IE,2005,22.6,Ireland
A,EUR,D1_SAL_HW,IE,2006,23.9,Ireland
A,EUR,D1_SAL_HW,IE,2007,25.6,Ireland
A,EUR,D1_SAL_HW,IE,2008,27.0,Ireland
A,EUR,D1_SAL_HW,IE,2009,28.0,Ireland
A,EUR,D1_SAL_HW,IE,2010,27.2,Ireland
A,EUR,D1_SAL_HW,IE,2011,28.4,Ireland
A,EUR,D1_SAL_HW,IE,2012,28.8,Ireland
A,EUR,D1_SAL_HW,IE,2013,28.2,Ireland
A,EUR,D1_SAL_HW,IE,2014,28.3,Ireland
A,EUR,D1_SAL_HW,IE,2015,29.1,Ireland
A,EUR,D1_SAL_HW,IE,2016,29.3,Ireland
A,EUR,D1_SAL_HW,IE,2017,29.7,Ireland
A,EUR,D1_SAL_HW,IE,2018,30.2,Ireland
A,EUR,D1_SAL_HW,IE,2019,31.4,Ireland
A,EUR,D1_SAL_HW,IE,2020,34.0,Ireland
A,EUR,D1_SAL_HW,IE,2021,35.5,Ireland
A,EUR,D1_SAL_HW,IE,2022,36.4,Ireland
A,EUR,D1_SAL_HW,IE,2023,38.5,Ireland
A,EUR,D1_SAL_HW,IE,2024,41.3,Ireland
A,EUR,D1_SAL_HW,IT,2000,16.3,Italy
A,EUR,D1_SAL_HW,IT,2001,16.9,Italy
A,EUR,D1_SAL_HW,IT,2002,17.4,Italy
A,EUR,D1_SAL_HW,IT,2003,18.2,Italy
A,EUR,D1_SAL_HW,IT,2004,18.8,Italy
A,EUR,D1_SAL_HW,IT,2005,19.4,Italy
A,EUR,D1_SAL_HW,IT,2006,19.8,Italy
A,EUR,D1_SAL_HW,IT,2007,20.2,Italy
A,EUR,D1_SAL_HW,IT,2008,20.8,Italy
A,EUR,D1_SAL_HW,IT,2009,21.4,Italy
A,EUR,D1_SAL_HW,IT,2010,21.9,Italy
A,EUR,D1_SAL_HW,IT,2011,22.2,Italy
A,EUR,D1_SAL_HW,IT,2012,22.4,Italy
A,EUR,D1_SAL_HW,IT,2013,22.8,Italy
A,EUR,D1_SAL_HW,IT,2014,22.8,Italy
A,EUR,D1_SAL_HW,IT,2015,23.0,Italy
A,EUR,D1_SAL_HW,IT,2016,22.9,Italy
A,EUR,D1_SAL_HW,IT,2017,23.0,Italy
A,EUR,D1_SAL_HW,IT,2018,23.3,Italy
A,EUR,D1_SAL_HW,IT,2019,23.8,Italy
A,EUR,D1_SAL_HW,IT,2020,25.0,Italy
A,EUR,D1_SAL_HW,IT,2021,24.7,Italy
A,EUR,D1_SAL_HW,IT,2022,25.1,Italy
A,EUR,D1_SAL_HW,IT,2023,25.3,Italy
A,EUR,D1_SAL_HW,IT,2024,26.0,Italy
A,EUR,D1_SAL_HW,LT,2000,2.3,Lithuania
A,EUR,D1_SAL_HW,LT,2001,2.6,Lithuania
A,EUR,D1_SAL_HW,LT,2002,2.8,Lithuania
A,EUR,D1_SAL_HW,LT,2003,3.1,Lithuania
A,EUR,D1_SAL_HW,LT,2004,3.3,Lithuania
A,EUR,D1_SAL_HW,LT,2005,3.8,Lithuania
A,EUR,D1_SAL_HW,LT,2006,4.6,Lithuania
A,EUR,D1_SAL_HW,LT,2007,5.2,Lithuania
A,EUR,D1_SAL_HW,LT,2008,5.9,Lithuania
A,EUR,D1_SAL_HW,LT,2009,5.5,Lithuania
A,EUR,D1_SAL_HW,LT,2010,5.4,Lithuania
A,EUR,D1_SAL_HW,LT,2011,5.8,Lithuania
A,EUR,D1_SAL_HW,LT,2012,6.1,Lithuania
A,EUR,D1_SAL_HW,LT,2013,6.5,Lithuania
A,EUR,D1_SAL_HW,LT,2014,6.8,Lithuania
A,EUR,D1_SAL_HW,LT,2015,7.1,Lithuania
A,EUR,D1_SAL_HW,LT,2016,7.4,Lithuania
A,EUR,D1_SAL_HW,LT,2017,8.3,Lithuania
A,EUR,D1_SAL_HW,LT,2018,8.9,Lithuania
A,EUR,D1_SAL_HW,LT,2019,9.9,Lithuania
A,EUR,D1_SAL_HW,LT,2020,10.9,Lithuania
A,EUR,D1_SAL_HW,LT,2021,12.0,Lithuania
A,EUR,D1_SAL_HW,LT,2022,13.4,Lithuania
A,EUR,D1_SAL_HW,LT,2023,14.8,Lithuania
A,EUR,D1_SAL_HW,LT,2024,15.7,Lithuania
A,EUR,D1_SAL_HW,LU,2000,27.0,Luxembourg
A,EUR,D1_SAL_HW,LU,2001,28.1,Luxembourg
A,EUR,D1_SAL_HW,LU,2002,29.3,Luxembourg
A,EUR,D1_SAL_HW,LU,2003,29.7,Luxembourg
A,EUR,D1_SAL_HW,LU,2004,30.8,Luxembourg
A,EUR,D1_SAL_HW,LU,2005,32.5,Luxembourg
A,EUR,D1_SAL_HW,LU,2006,33.9,Luxembourg
A,EUR,D1_SAL_HW,LU,2007,35.1,Luxembourg
A,EUR,D1_SAL_HW,LU,2008,36.0,Luxembourg
A,EUR,D1_SAL_HW,LU,2009,38.0,Luxembourg
A,EUR,D1_SAL_HW,LU,2010,38.5,Luxembourg
A,EUR,D1_SAL_HW,LU,2011,40.0,Luxembourg
A,EUR,D1_SAL_HW,LU,2012,40.7,Luxembourg
A,EUR,D1_SAL_HW,LU,2013,42.2,Luxembourg
A,EUR,D1_SAL_HW,LU,2014,43.0,Luxembourg
A,EUR,D1_SAL_HW,LU,2015,43.4,Luxembourg
A,EUR,D1_SAL_HW,LU,2016,43.8,Luxembourg
A,EUR,D1_SAL_HW,LU,2017,45.4,Luxembourg
A,EUR,D1_SAL_HW,LU,2018,46.8,Luxembourg
A,EUR,D1_SAL_HW,LU,2019,47.9,Luxembourg
A,EUR,D1_SAL_HW,LU,2020,51.9,Luxembourg
A,EUR,D1_SAL_HW,LU,2021,51.5,Luxembourg
A,EUR,D1_SAL_HW,LU,2022,53.9,Luxembourg
A,EUR,D1_SAL_HW,LU,2023,58.1,Luxembourg
A,EUR,D1_SAL_HW,LU,2024,60.1,Luxembourg
A,EUR,D1_SAL_HW,LV,2000,2.2,Latvia
A,EUR,D1_SAL_HW,LV,2001,2.2,Latvia
A,EUR,D1_SAL_HW,LV,2002,2.3,Latvia
A,EUR,D1_SAL_HW,LV,2003,2.3,Latvia
A,EUR,D1_SAL_HW,LV,2004,2.6,Latvia
A,EUR,D1_SAL_HW,LV,2005,3.1,Latvia
A,EUR,D1_SAL_HW,LV,2006,3.8,Latvia
A,EUR,D1_SAL_HW,LV,2007,5.2,Latvia
A,EUR,D1_SAL_HW,LV,2008,6.3,Latvia
A,EUR,D1_SAL_HW,LV,2009,5.7,Latvia
A,EUR,D1_SAL_HW,LV,2010,5.3,Latvia
A,EUR,D1_SAL_HW,LV,2011,5.4,Latvia
A,EUR,D1_SAL_HW,LV,2012,6.0,Latvia
A,EUR,D1_SAL_HW,LV,2013,6.3,Latvia
A,EUR,D1_SAL_HW,LV,2014,6.8,Latvia
A,EUR,D1_SAL_HW,LV,2015,7.4,Latvia
A,EUR,D1_SAL_HW,LV,2016,7.9,Latvia
A,EUR,D1_SAL_HW,LV,2017,8.6,Latvia
A,EUR,D1_SAL_HW,LV,2018,9.2,Latvia
A,EUR,D1_SAL_HW,LV,2019,9.6,Latvia
A,EUR,D1_SAL_HW,LV,2020,10.4,Latvia
A,EUR,D1_SAL_HW,LV,2021,11.0,Latvia
A,EUR,D1_SAL_HW,LV,2022,12.2,Latvia
A,EUR,D1_SAL_HW,LV,2023,13.2,Latvia
A,EUR,D1_SAL_HW,LV,2024,14.5,Latvia
A,EUR,D1_SAL_HW,MT,2000,7.1,Malta
A,EUR,D1_SAL_HW,MT,2001,7.6,Malta
A,EUR,D1_SAL_HW,MT,2002,7.8,Malta
A,EUR,D1_SAL_HW,MT,2003,7.9,Malta
A,EUR,D1_SAL_HW,MT,2004,8.4,Malta
A,EUR,D1_SAL_HW,MT,2005,8.5,Malta
A,EUR,D1_SAL_HW,MT,2006,8.9,Malta
A,EUR,D1_SAL_HW,MT,2007,9.0,Malta
A,EUR,D1_SAL_HW,MT,2008,9.3,Malta
A,EUR,D1_SAL_HW,MT,2009,9.5,Malta
A,EUR,D1_SAL_HW,MT,2010,10.2,Malta
A,EUR,D1_SAL_HW,MT,2011,10.9,Malta
A,EUR,D1_SAL_HW,MT,2012,11.3,Malta
A,EUR,D1_SAL_HW,MT,2013,11.7,Malta
A,EUR,D1_SAL_HW,MT,2014,12.2,Malta
A,EUR,D1_SAL_HW,MT,2015,12.9,Malta
A,EUR,D1_SAL_HW,MT,2016,12.9,Malta
A,EUR,D1_SAL_HW,MT,2017,13.5,Malta
A,EUR,D1_SAL_HW,MT,2018,14.3,Malta
A,EUR,D1_SAL_HW,MT,2019,14.4,Malta
A,EUR,D1_SAL_HW,MT,2020,15.7,Malta
A,EUR,D1_SAL_HW,MT,2021,16.5,Malta
A,EUR,D1_SAL_HW,MT,2022,17.6,Malta
A,EUR,D1_SAL_HW,MT,2023,17.9,Malta
A,EUR,D1_SAL_HW,MT,2024,19.4,Malta
A,EUR,D1_SAL_HW,NL,2000,23.3,Netherlands
A,EUR,D1_SAL_HW,NL,2001,24.0,Netherlands
A,EUR,D1_SAL_HW,NL,2002,25.3,Netherlands
A,EUR,D1_SAL_HW,NL,2003,26.2,Netherlands
A,EUR,D1_SAL_HW,NL,2004,26.6,Netherlands
A,EUR,D1_SAL_HW,NL,2005,27.3,Netherlands
A,EUR,D1_SAL_HW,NL,2006,27.9,Netherlands
A,EUR,D1_SAL_HW,NL,2007,28.7,Netherlands
A,EUR,D1_SAL_HW,NL,2008,29.9,Netherlands
A,EUR,D1_SAL_HW,NL,2009,30.8,Netherlands
A,EUR,D1_SAL_HW,NL,2010,31.1,Netherlands
A,EUR,D1_SAL_HW,NL,2011,31.7,Netherlands
A,EUR,D1_SAL_HW,NL,2012,32.5,Netherlands
A,EUR,D1_SAL_HW,NL,2013,33.0,Netherlands
A,EUR,D1_SAL_HW,NL,2014,33.3,Netherlands
A,EUR,D1_SAL_HW,NL,2015,33.4,Netherlands
A,EUR,D1_SAL_HW,NL,2016,33.9,Netherlands
A,EUR,D1_SAL_HW,NL,2017,34.2,Netherlands
A,EUR,D1_SAL_HW,NL,2018,35.0,Netherlands
A,EUR,D1_SAL_HW,NL,2019,35.9,Netherlands
A,EUR,D1_SAL_HW,NL,2020,38.5,Netherlands
A,EUR,D1_SAL_HW,NL,2021,38.6,Netherlands
A,EUR,D1_SAL_HW,NL,2022,40.0,Netherlands
A,EUR,D1_SAL_HW,NL,2023,42.6,Netherlands
A,EUR,D1_SAL_HW,NL,2024,45.0,Netherlands
A,EUR,D1_SAL_HW,PL,2000,3.5,Poland
A,EUR,D1_SAL_HW,PL,2001,4.2,Poland
A,EUR,D1_SAL_HW,PL,2002,4.1,Poland
A,EUR,D1_SAL_HW,PL,2003,3.7,Poland
A,EUR,D1_SAL_HW,PL,2004,3.7,Poland
A,EUR,D1_SAL_HW,PL,2005,4.2,Poland
A,EUR,D1_SAL_HW,PL,2006,4.5,Poland
A,EUR,D1_SAL_HW,PL,2007,4.9,Poland
A,EUR,D1_SAL_HW,PL,2008,5.7,Poland
A,EUR,D1_SAL_HW,PL,2009,4.8,Poland
A,EUR,D1_SAL_HW,PL,2010,5.7,Poland
A,EUR,D1_SAL_HW,PL,2011,5.9,Poland
A,EUR,D1_SAL_HW,PL,2012,6.0,Poland
A,EUR,D1_SAL_HW,PL,2013,6.1,Poland
A,EUR,D1_SAL_HW,PL,2014,6.2,Poland
A,EUR,D1_SAL_HW,PL,2015,6.4,Poland
A,EUR,D1_SAL_HW,PL,2016,6.4,Poland
A,EUR,D1_SAL_HW,PL,2017,7.0,Poland
A,EUR,D1_SAL_HW,PL,2018,7.6,Poland
A,EUR,D1_SAL_HW,PL,2019,7.9,Poland
A,EUR,D1_SAL_HW,PL,2020,8.1,Poland
A,EUR,D1_SAL_HW,PL,2021,8.1,Poland
A,EUR,D1_SAL_HW,PL,2022,8.9,Poland
A,EUR,D1_SAL_HW,PL,2023,10.6,Poland
A,EUR,D1_SAL_HW,PL,2024,12.7,Poland
A,EUR,D1_SAL_HW,PT,2000,8.1,Portugal
A,EUR,D1_SAL_HW,PT,2001,8.5,Portugal
A,EUR,D1_SAL_HW,PT,2002,8.8,Portugal
A,EUR,D1_SAL_HW,PT,2003,9.1,Portugal
A,EUR,D1_SAL_HW,PT,2004,9.4,Portugal
A,EUR,D1_SAL_HW,PT,2005,9.8,Portugal
A,EUR,D1_SAL_HW,PT,2006,10.0,Portugal
A,EUR,D1_SAL_HW,PT,2007,10.3,Portugal
A,EUR,D1_SAL_HW,PT,2008,10.6,Portugal
A,EUR,D1_SAL_HW,PT,2009,10.9,Portugal
A,EUR,D1_SAL_HW,PT,2010,11.1,Portugal
A,EUR,D1_SAL_HW,PT,2011,11.0,Portugal
A,EUR,D1_SAL_HW,PT,2012,10.8,Portugal
A,EUR,D1_SAL_HW,PT,2013,11.0,Portugal
A,EUR,D1_SAL_HW,PT,2014,10.8,Portugal
A,EUR,D1_SAL_HW,PT,2015,10.8,Portugal
A,EUR,D1_SAL_HW,PT,2016,10.9,Portugal
A,EUR,D1_SAL_HW,PT,2017,11.2,Portugal
A,EUR,D1_SAL_HW,PT,2018,11.6,Portugal
A,EUR,D1_SAL_HW,PT,2019,12.2,Portugal
A,EUR,D1_SAL_HW,PT,2020,13.1,Portugal
A,EUR,D1_SAL_HW,PT,2021,13.4,Portugal
A,EUR,D1_SAL_HW,PT,2022,13.8,Portugal
A,EUR,D1_SAL_HW,PT,2023,14.8,Portugal
A,EUR,D1_SAL_HW,PT,2024,15.8,Portugal
A,EUR,D1_SAL_HW,RO,2000,1.4,Romania
A,EUR,D1_SAL_HW,RO,2001,1.7,Romania
A,EUR,D1_SAL_HW,RO,2002,1.6,Romania
A,EUR,D1_SAL_HW,RO,2003,1.7,Romania
A,EUR,D1_SAL_HW,RO,2004,1.8,Romania
A,EUR,D1_SAL_HW,RO,2005,2.6,Romania
A,EUR,D1_SAL_HW,RO,2006,3.1,Romania
A,EUR,D1_SAL_HW,RO,2007,3.5,Romania
A,EUR,D1_SAL_HW,RO,2008,4.3,Romania
A,EUR,D1_SAL_HW,RO,2009,3.7,Romania
A,EUR,D1_SAL_HW,RO,2010,3.9,Romania
A,EUR,D1_SAL_HW,RO,2011,3.9,Romania
A,EUR,D1_SAL_HW,RO,2012,3.9,Romania
A,EUR,D1_SAL_HW,RO,2013,4.1,Romania
A,EUR,D1_SAL_HW,RO,2014,4.4,Romania
A,EUR,D1_SAL_HW,RO,2015,4.5,Romania
A,EUR,D1_SAL_HW,RO,2016,5.1,Romania
A,EUR,D1_SAL_HW,RO,2017,5.8,Romania
A,EUR,D1_SAL_HW,RO,2018,6.4,Romania
A,EUR,D1_SAL_HW,RO,2019,6.9,Romania
A,EUR,D1_SAL_HW,RO,2020,7.3,Romania
A,EUR,D1_SAL_HW,RO,2021,7.4,Romania
A,EUR,D1_SAL_HW,RO,2022,8.5,Romania
A,EUR,D1_SAL_HW,RO,2023,10.2,Romania
A,EUR,D1_SAL_HW,RO,2024,11.7,Romania
A,EUR,D1_SAL_HW,SE,2000,19.7,Sweden
A,EUR,D1_SAL_HW,SE,2001,19.0,Sweden
A,EUR,D1_SAL_HW,SE,2002,20.1,Sweden
A,EUR,D1_SAL_HW,SE,2003,21.2,Sweden
A,EUR,D1_SAL_HW,SE,2004,21.7,Sweden
A,EUR,D1_SAL_HW,SE,2005,22.1,Sweden
A,EUR,D1_SAL_HW,SE,2006,22.8,Sweden
A,EUR,D1_SAL_HW,SE,2007,23.9,Sweden
A,EUR,D1_SAL_HW,SE,2008,23.7,Sweden
A,EUR,D1_SAL_HW,SE,2009,22.1,Sweden
A,EUR,D1_SAL_HW,SE,2010,24.8,Sweden
A,EUR,D1_SAL_HW,SE,2011,27.0,Sweden
A,EUR,D1_SAL_HW,SE,2012,29.2,Sweden
A,EUR,D1_SAL_HW,SE,2013,30.0,Sweden
A,EUR,D1_SAL_HW,SE,2014,29.2,Sweden
A,EUR,D1_SAL_HW,SE,2015,29.1,Sweden
A,EUR,D1_SAL_HW,SE,2016,29.2,Sweden
A,EUR,D1_SAL_HW,SE,2017,29.5,Sweden
A,EUR,D1_SAL_HW,SE,2018,28.8,Sweden
A,EUR,D1_SAL_HW,SE,2019,29.0,Sweden
A,EUR,D1_SAL_HW,SE,2020,30.6,Sweden
A,EUR,D1_SAL_HW,SE,2021,32.6,Sweden
A,EUR,D1_SAL_HW,SE,2022,31.9,Sweden
A,EUR,D1_SAL_HW,SE,2023,31.1,Sweden
A,EUR,D1_SAL_HW,SE,2024,32.6,Sweden
A,EUR,D1_SAL_HW,SI,2000,9.1,Slovenia
A,EUR,D1_SAL_HW,SI,2001,9.7,Slovenia
A,EUR,D1_SAL_HW,SI,2002,9.9,Slovenia
A,EUR,D1_SAL_HW,SI,2003,10.3,Slovenia
A,EUR,D1_SAL_HW,SI,2004,10.6,Slovenia
A,EUR,D1_SAL_HW,SI,2005,11.5,Slovenia
A,EUR,D1_SAL_HW,SI,2006,12.3,Slovenia
A,EUR,D1_SAL_HW,SI,2007,13.2,Slovenia
A,EUR,D1_SAL_HW,SI,2008,14.0,Slovenia
A,EUR,D1_SAL_HW,SI,2009,14.1,Slovenia
A,EUR,D1_SAL_HW,SI,2010,14.6,Slovenia
A,EUR,D1_SAL_HW,SI,2011,14.9,Slovenia
A,EUR,D1_SAL_HW,SI,2012,15.0,Slovenia
A,EUR,D1_SAL_HW,SI,2013,14.9,Slovenia
A,EUR,D1_SAL_HW,SI,2014,14.9,Slovenia
A,EUR,D1_SAL_HW,SI,2015,15.0,Slovenia
A,EUR,D1_SAL_HW,SI,2016,15.9,Slovenia
A,EUR,D1_SAL_HW,SI,2017,16.7,Slovenia
A,EUR,D1_SAL_HW,SI,2018,17.5,Slovenia
A,EUR,D1_SAL_HW,SI,2019,18.5,Slovenia
A,EUR,D1_SAL_HW,SI,2020,19.9,Slovenia
A,EUR,D1_SAL_HW,SI,2021,20.6,Slovenia
A,EUR,D1_SAL_HW,SI,2022,21.6,Slovenia
A,EUR,D1_SAL_HW,SI,2023,23.8,Slovenia
A,EUR,D1_SAL_HW,SI,2024,24.9,Slovenia
A,EUR,D1_SAL_HW,SK,2000,2.9,Slovakia
A,EUR,D1_SAL_HW,SK,2001,3.0,Slovakia
A,EUR,D1_SAL_HW,SK,2002,3.4,Slovakia
A,EUR,D1_SAL_HW,SK,2003,3.9,Slovakia
A,EUR,D1_SAL_HW,SK,2004,4.3,Slovakia
A,EUR,D1_SAL_HW,SK,2005,4.7,Slovakia
A,EUR,D1_SAL_HW,SK,2006,5.3,Slovakia
A,EUR,D1_SAL_HW,SK,2007,6.3,Slovakia
A,EUR,D1_SAL_HW,SK,2008,7.2,Slovakia
A,EUR,D1_SAL_HW,SK,2009,7.8,Slovakia
A,EUR,D1_SAL_HW,SK,2010,8.1,Slovakia
A,EUR,D1_SAL_HW,SK,2011,8.3,Slovakia
A,EUR,D1_SAL_HW,SK,2012,8.5,Slovakia
A,EUR,D1_SAL_HW,SK,2013,8.8,Slovakia
A,EUR,D1_SAL_HW,SK,2014,9.0,Slovakia
A,EUR,D1_SAL_HW,SK,2015,9.4,Slovakia
A,EUR,D1_SAL_HW,SK,2016,9.7,Slovakia
A,EUR,D1_SAL_HW,SK,2017,10.3,Slovakia
A,EUR,D1_SAL_HW,SK,2018,11.0,Slovakia
A,EUR,D1_SAL_HW,SK,2019,11.9,Slovakia
A,EUR,D1_SAL_HW,SK,2020,13.2,Slovakia
A,EUR,D1_SAL_HW,SK,2021,14.0,Slovakia
A,EUR,D1_SAL_HW,SK,2022,14.6,Slovakia
A,EUR,D1_SAL_HW,SK,2023,16.0,Slovakia
A,EUR,D1_SAL_HW,SK,2024,17.2,Slovakia
A,HW,HW_EMP,AT,2000,1797.3,Austria
A,HW,HW_EMP,AT,2001,1783.8,Austria
A,HW,HW_EMP,AT,2002,1781.0,Austria
A,HW,HW_EMP,AT,2003,1772.4,Austria
A,HW,HW_EMP,AT,2004,1774.9,Austria
A,HW,HW_EMP,AT,2005,1750.2,Austria
A,HW,HW_EMP,AT,2006,1733.4,Austria
A,HW,HW_EMP,AT,2007,1723.1,Austria
A,HW,HW_EMP,AT,2008,1716.1,Austria
A,HW,HW_EMP,AT,2009,1669.5,Austria
A,HW,HW_EMP,AT,2010,1662.9,Austria
A,HW,HW_EMP,AT,2011,1669.0,Austria
A,HW,HW_EMP,AT,2012,1644.7,Austria
A,HW,HW_EMP,AT,2013,1629.7,Austria
A,HW,HW_EMP,AT,2014,1621.1,Austria
A,HW,HW_EMP,AT,2015,1599.2,Austria
A,HW,HW_EMP,AT,2016,1612.4,Austria
A,HW,HW_EMP,AT,2017,1602.0,Austria
A,HW,HW_EMP,AT,2018,1606.2,Austria
A,HW,HW_EMP,AT,2019,1614.2,Austria
A,HW,HW_EMP,AT,2020,1496.4,Austria
A,HW,HW_EMP,AT,2021,1539.5,Austria
A,HW,HW_EMP,AT,2022,1537.0,Austria
A,HW,HW_EMP,AT,2023,1534.3,Austria
A,HW,HW_EMP,AT,2024,1535.2,Austria
A,HW,HW_EMP,BE,2000,1589.1,Belgium
A,HW,HW_EMP,BE,2001,1581.2,Belgium
A,HW,HW_EMP,BE,2002,1593.6,Belgium
A,HW,HW_EMP,BE,2003,1598.2,Belgium
A,HW,HW_EMP,BE,2004,1587.8,Belgium
A,HW,HW_EMP,BE,2005,1577.7,Belgium
A,HW,HW_EMP,BE,2006,1591.6,Belgium
A,HW,HW_EMP,BE,2007,1593.7,Belgium
A,HW,HW_EMP,BE,2008,1582.5,Belgium
A,HW,HW_EMP,BE,2009,1564.2,Belgium
A,HW,HW_EMP,BE,2010,1578.2,Belgium
A,HW,HW_EMP,BE,2011,1594.7,Belgium
A,HW,HW_EMP,BE,2012,1592.5,Belgium
A,HW,HW_EMP,BE,2013,1591.5,Belgium
A,HW,HW_EMP,BE,2014,1587.9,Belgium
A,HW,HW_EMP,BE,2015,1582.1,Belgium
A,HW,HW_EMP,BE,2016,1582.2,Belgium
A,HW,HW_EMP,BE,2017,1584.4,Belgium
A,HW,HW_EMP,BE,2018,1587.5,Belgium
A,HW,HW_EMP,BE,2019,1587.4,Belgium
A,HW,HW_EMP,BE,2020,1459.0,Belgium
A,HW,HW_EMP,BE,2021,1551.0,Belgium
A,HW,HW_EMP,BE,2022,1590.5,Belgium
A,HW,HW_EMP,BE,2023,1591.4,Belgium
A,HW,HW_EMP,BE,2024,1583.3,Belgium
A,HW,HW_EMP,BG,2000,1640.3,Bulgaria
A,HW,HW_EMP,BG,2001,1651.9,Bulgaria
A,HW,HW_EMP,BG,2002,1651.3,Bulgaria
A,HW,HW_EMP,BG,2003,1640.5,Bulgaria
A,HW,HW_EMP,BG,2004,1663.7,Bulgaria
A,HW,HW_EMP,BG,2005,1658.6,Bulgaria
A,HW,HW_EMP,BG,2006,1654.1,Bulgaria
A,HW,HW_EMP,BG,2007,1654.5,Bulgaria
A,HW,HW_EMP,BG,2008,1693.6,Bulgaria
A,HW,HW_EMP,BG,2009,1646.3,Bulgaria
A,HW,HW_EMP,BG,2010,1644.8,Bulgaria
A,HW,HW_EMP,BG,2011,1643.6,Bulgaria
A,HW,HW_EMP,BG,2012,1644.4,Bulgaria
A,HW,HW_EMP,BG,2013,1645.0,Bulgaria
A,HW,HW_EMP,BG,2014,1644.1,Bulgaria
A,HW,HW_EMP,BG,2015,1644.4,Bulgaria
A,HW,HW_EMP,BG,2016,1643.5,Bulgaria
A,HW,HW_EMP,BG,2017,1643.3,Bulgaria
A,HW,HW_EMP,BG,2018,1644.6,Bulgaria
A,HW,HW_EMP,BG,2019,1647.3,Bulgaria
A,HW,HW_EMP,BG,2020,1609.1,Bulgaria
A,HW,HW_EMP,BG,2021,1620.7,Bulgaria
A,HW,HW_EMP,BG,2022,1619.0,Bulgaria
A,HW,HW_EMP,BG,2023,1659.3,Bulgaria
A,HW,HW_EMP,BG,2024,1625.3,Bulgaria
A,HW,HW_EMP,CY,2000,1926.4,Cyprus
A,HW,HW_EMP,CY,2001,1950.9,Cyprus
A,HW,HW_EMP,CY,2002,1923.2,Cyprus
A,HW,HW_EMP,CY,2003,1916.1,Cyprus
A,HW,HW_EMP,CY,2004,1878.6,Cyprus
A,HW,HW_EMP,CY,2005,1847.3,Cyprus
A,HW,HW_EMP,CY,2006,1832.9,Cyprus
A,HW,HW_EMP,CY,2007,1862.1,Cyprus
A,HW,HW_EMP,CY,2008,1867.7,Cyprus
A,HW,HW_EMP,CY,2009,1847.1,Cyprus
A,HW,HW_EMP,CY,2010,1845.0,Cyprus
A,HW,HW_EMP,CY,2011,1847.3,Cyprus
A,HW,HW_EMP,CY,2012,1845.3,Cyprus
A,HW,HW_EMP,CY,2013,1810.3,Cyprus
A,HW,HW_EMP,CY,2014,1815.4,Cyprus
A,HW,HW_EMP,CY,2015,1824.3,Cyprus
A,HW,HW_EMP,CY,2016,1839.7,Cyprus
A,HW,HW_EMP,CY,2017,1821.5,Cyprus
A,HW,HW_EMP,CY,2018,1806.6,Cyprus
A,HW,HW_EMP,CY,2019,1812.6,Cyprus
A,HW,HW_EMP,CY,2020,1725.3,Cyprus
A,HW,HW_EMP,CY,2021,1817.6,Cyprus
A,HW,HW_EMP,CY,2022,1836.3,Cyprus
A,HW,HW_EMP,CY,2023,1835.4,Cyprus
A,HW,HW_EMP,CY,2024,1839.7,Cyprus
A,HW,HW_EMP,CZ,2000,1900.4,Czechia
A,HW,HW_EMP,CZ,2001,1823.3,Czechia
A,HW,HW_EMP,CZ,2002,1812.4,Czechia
A,HW,HW_EMP,CZ,2003,1799.2,Czechia
A,HW,HW_EMP,CZ,2004,1813.6,Czechia
A,HW,HW_EMP,CZ,2005,1802.7,Czechia
A,HW,HW_EMP,CZ,2006,1789.1,Czechia
A,HW,HW_EMP,CZ,2007,1774.7,Czechia
A,HW,HW_EMP,CZ,2008,1789.3,Czechia
A,HW,HW_EMP,CZ,2009,1779.3,Czechia
A,HW,HW_EMP,CZ,2010,1798.8,Czechia
A,HW,HW_EMP,CZ,2011,1804.8,Czechia
A,HW,HW_EMP,CZ,2012,1774.4,Czechia
A,HW,HW_EMP,CZ,2013,1761.2,Czechia
A,HW,HW_EMP,CZ,2014,1771.8,Czechia
A,HW,HW_EMP,CZ,2015,1749.7,Czechia
A,HW,HW_EMP,CZ,2016,1773.2,Czechia
A,HW,HW_EMP,CZ,2017,1775.6,Czechia
A,HW,HW_EMP,CZ,2018,1783.6,Czechia
A,HW,HW_EMP,CZ,2019,1783.2,Czechia
A,HW,HW_EMP,CZ,2020,1672.9,Czechia
A,HW,HW_EMP,CZ,2021,1721.6,Czechia
A,HW,HW_EMP,CZ,2022,1779.4,Czechia
A,HW,HW_EMP,CZ,2023,1782.5,Czechia
A,HW,HW_EMP,CZ,2024,1801.2,Czechia
A,HW,HW_EMP,DE,2000,1464.5,Germany
A,HW,HW_EMP,DE,2001,1457.4,Germany
A,HW,HW_EMP,DE,2002,1448.3,Germany
A,HW,HW_EMP,DE,2003,1443.1,Germany
A,HW,HW_EMP,DE,2004,1442.7,Germany
A,HW,HW_EMP,DE,2005,1431.9,Germany
A,HW,HW_EMP,DE,2006,1452.4,Germany
A,HW,HW_EMP,DE,2007,1453.9,Germany
A,HW,HW_EMP,DE,2008,1446.9,Germany
A,HW,HW_EMP,DE,2009,1406.8,Germany
A,HW,HW_EMP,DE,2010,1425.4,Germany
A,HW,HW_EMP,DE,2011,1427.2,Germany
A,HW,HW_EMP,DE,2012,1406.0,Germany
A,HW,HW_EMP,DE,2013,1395.7,Germany
A,HW,HW_EMP,DE,2014,1400.0,Germany
A,HW,HW_EMP,DE,2015,1401.6,Germany
A,HW,HW_EMP,DE,2016,1395.8,Germany
A,HW,HW_EMP,DE,2017,1388.2,Germany
A,HW,HW_EMP,DE,2018,1380.7,Germany
A,HW,HW_EMP,DE,2019,1372.0,Germany
A,HW,HW_EMP,DE,2020,1313.6,Germany
A,HW,HW_EMP,DE,2021,1341.2,Germany
A,HW,HW_EMP,DE,2022,1348.1,Germany
A,HW,HW_EMP,DE,2023,1341.8,Germany
A,HW,HW_EMP,DE,2024,1345.0,Germany
A,HW,HW_EMP,DK,2000,1465.9,Denmark
A,HW,HW_EMP,DK,2001,1468.7,Denmark
A,HW,HW_EMP,DK,2002,1462.6,Denmark
A,HW,HW_EMP,DK,2003,1457.8,Denmark
A,HW,HW_EMP,DK,2004,1458.1,Denmark
A,HW,HW_EMP,DK,2005,1451.4,Denmark
A,HW,HW_EMP,DK,2006,1455.7,Denmark
A,HW,HW_EMP,DK,2007,1432.8,Denmark
A,HW,HW_EMP,DK,2008,1430.0,Denmark
A,HW,HW_EMP,DK,2009,1416.9,Denmark
A,HW,HW_EMP,DK,2010,1422.3,Denmark
A,HW,HW_EMP,DK,2011,1436.8,Denmark
A,HW,HW_EMP,DK,2012,1423.3,Denmark
A,HW,HW_EMP,DK,2013,1425.7,Denmark
A,HW,HW_EMP,DK,2014,1413.7,Denmark
A,HW,HW_EMP,DK,2015,1406.9,Denmark
A,HW,HW_EMP,DK,2016,1412.0,Denmark
A,HW,HW_EMP,DK,2017,1404.1,Denmark
A,HW,HW_EMP,DK,2018,1380.8,Denmark
A,HW,HW_EMP,DK,2019,1372.4,Denmark
A,HW,HW_EMP,DK,2020,1340.6,Denmark
A,HW,HW_EMP,DK,2021,1388.8,Denmark
A,HW,HW_EMP,DK,2022,1385.5,Denmark
A,HW,HW_EMP,DK,2023,1372.7,Denmark
A,HW,HW_EMP,DK,2024,1365.9,Denmark
A,HW,HW_EMP,EE,2000,1977.9,Estonia
A,HW,HW_EMP,EE,2001,1970.5,Estonia
A,HW,HW_EMP,EE,2002,1972.7,Estonia
A,HW,HW_EMP,EE,2003,1978.3,Estonia
A,HW,HW_EMP,EE,2004,1986.5,Estonia
A,HW,HW_EMP,EE,2005,2008.4,Estonia
A,HW,HW_EMP,EE,2006,2001.0,Estonia
A,HW,HW_EMP,EE,2007,1998.5,Estonia
A,HW,HW_EMP,EE,2008,1967.8,Estonia
A,HW,HW_EMP,EE,2009,1832.1,Estonia
A,HW,HW_EMP,EE,2010,1874.7,Estonia
A,HW,HW_EMP,EE,2011,1918.9,Estonia
A,HW,HW_EMP,EE,2012,1885.7,Estonia
A,HW,HW_EMP,EE,2013,1865.8,Estonia
A,HW,HW_EMP,EE,2014,1859.4,Estonia
A,HW,HW_EMP,EE,2015,1851.6,Estonia
A,HW,HW_EMP,EE,2016,1855.2,Estonia
A,HW,HW_EMP,EE,2017,1856.7,Estonia
A,HW,HW_EMP,EE,2018,1792.8,Estonia
A,HW,HW_EMP,EE,2019,1779.1,Estonia
A,HW,HW_EMP,EE,2020,1719.2,Estonia
A,HW,HW_EMP,EE,2021,1706.9,Estonia
A,HW,HW_EMP,EE,2022,1681.9,Estonia
A,HW,HW_EMP,EE,2023,1686.2,Estonia
A,HW,HW_EMP,EE,2024,1691.8,Estonia
A,HW,HW_EMP,EL,2000,2150.4,Greece
A,HW,HW_EMP,EL,2001,2142.0,Greece
A,HW,HW_EMP,EL,2002,2131.4,Greece
A,HW,HW_EMP,EL,2003,2129.6,Greece
A,HW,HW_EMP,EL,2004,2113.2,Greece
A,HW,HW_EMP,EL,2005,2164.9,Greece
A,HW,HW_EMP,EL,2006,2148.6,Greece
A,HW,HW_EMP,EL,2007,2136.7,Greece
A,HW,HW_EMP,EL,2008,2123.7,Greece
A,HW,HW_EMP,EL,2009,2098.5,Greece
A,HW,HW_EMP,EL,2010,2037.1,Greece
A,HW,HW_EMP,EL,2011,2057.3,Greece
A,HW,HW_EMP,EL,2012,2099.2,Greece
A,HW,HW_EMP,EL,2013,2106.3,Greece
A,HW,HW_EMP,EL,2014,2056.4,Greece
A,HW,HW_EMP,EL,2015,2041.3,Greece
A,HW,HW_EMP,EL,2016,2049.4,Greece
A,HW,HW_EMP,EL,2017,2053.9,Greece
A,HW,HW_EMP,EL,2018,2068.8,Greece
A,HW,HW_EMP,EL,2019,2022.9,Greece
A,HW,HW_EMP,EL,2020,1830.7,Greece
A,HW,HW_EMP,EL,2021,1955.6,Greece
A,HW,HW_EMP,EL,2022,1996.0,Greece
A,HW,HW_EMP,EL,2023,1997.9,Greece
A,HW,HW_EMP,EL,2024,2004.7,Greece
A,HW,HW_EMP,ES,2000,1753.1,Spain
A,HW,HW_EMP,ES,2001,1762.7,Spain
A,HW,HW_EMP,ES,2002,1762.2,Spain
A,HW,HW_EMP,ES,2003,1751.3,Spain
A,HW,HW_EMP,ES,2004,1735.0,Spain
A,HW,HW_EMP,ES,2005,1718.0,Spain
A,HW,HW_EMP,ES,2006,1707.1,Spain
A,HW,HW_EMP,ES,2007,1694.9,Spain
A,HW,HW_EMP,ES,2008,1705.1,Spain
A,HW,HW_EMP,ES,2009,1711.2,Spain
A,HW,HW_EMP,ES,2010,1703.2,Spain
A,HW,HW_EMP,ES,2011,1708.6,Spain
A,HW,HW_EMP,ES,2012,1699.2,Spain
A,HW,HW_EMP,ES,2013,1688.1,Spain
A,HW,HW_EMP,ES,2014,1688.1,Spain
A,HW,HW_EMP,ES,2015,1690.0,Spain
A,HW,HW_EMP,ES,2016,1696.8,Spain
A,HW,HW_EMP,ES,2017,1688.8,Spain
A,HW,HW_EMP,ES,2018,1693.5,Spain
A,HW,HW_EMP,ES,2019,1678.2,Spain
A,HW,HW_EMP,ES,2020,1562.7,Spain
A,HW,HW_EMP,ES,2021,1633.5,Spain
A,HW,HW_EMP,ES,2022,1654.0,Spain
A,HW,HW_EMP,ES,2023,1644.6,Spain
A,HW,HW_EMP,ES,2024,1643.5,Spain
A,HW,HW_EMP,EU27_2020,2000,1707.1,European Union - 27 countries (from 2020)
A,HW,HW_EMP,EU27_2020,2001,1696.9,European Union - 27 countries (from 2020)
A,HW,HW_EMP,EU27_2020,2002,1684.3,European Union - 27 countries (from 2020)
A,HW,HW_EMP,EU27_2020,2003,1677.0,European Union - 27 countries (from 2020)
A,HW,HW_EMP,EU27_2020,2004,1684.1,European Union - 27 countries (from 2020)
A,HW,HW_EMP,EU27_2020,2005,1679.1,European Union - 27 countries (from 2020)
A,HW,HW_EMP,EU27_2020,2006,1677.3,European Union - 27 countries (from 2020)
A,HW,HW_EMP,EU27_2020,2007,1679.4,European Union - 27 countries (from 2020)
A,HW,HW_EMP,EU27_2020,2008,1678.0,European Union - 27 countries (from 2020)
A,HW,HW_EMP,EU27_2020,2009,1654.5,European Union - 27 countries (from 2020)
A,HW,HW_EMP,EU27_2020,2010,1658.2,European Union - 27 countries (from 2020)
A,HW,HW_EMP,EU27_2020,2011,1658.0,European Union - 27 countries (from 2020)
A,HW,HW_EMP,EU27_2020,2012,1641.6,European Union - 27 countries (from 2020)
A,HW,HW_EMP,EU27_2020,2013,1632.5,European Union - 27 countries (from 2020)
A,HW,HW_EMP,EU27_2020,2014,1632.3,European Union - 27 countries (from 2020)
A,HW,HW_EMP,EU27_2020,2015,1631.6,European Union - 27 countries (from 2020)
A,HW,HW_EMP,EU27_2020,2016,1635.9,European Union - 27 countries (from 2020)
A,HW,HW_EMP,EU27_2020,2017,1626.9,European Union - 27 countries (from 2020)
A,HW,HW_EMP,EU27_2020,2018,1624.6,European Union - 27 countries (from 2020)
A,HW,HW_EMP,EU27_2020,2019,1621.2,European Union - 27 countries (from 2020)
A,HW,HW_EMP,EU27_2020,2020,1531.4,European Union - 27 countries (from 2020)
A,HW,HW_EMP,EU27_2020,2021,1593.5,European Union - 27 countries (from 2020)
A,HW,HW_EMP,EU27_2020,2022,1608.3,European Union - 27 countries (from 2020)
A,HW,HW_EMP,EU27_2020,2023,1607.7,European Union - 27 countries (from 2020)
A,HW,HW_EMP,EU27_2020,2024,1609.6,European Union - 27 countries (from 2020)
A,HW,HW_EMP,FI,2000,1704.7,Finland
A,HW,HW_EMP,FI,2001,1689.9,Finland
A,HW,HW_EMP,FI,2002,1682.5,Finland
A,HW,HW_EMP,FI,2003,1676.4,Finland
A,HW,HW_EMP,FI,2004,1677.7,Finland
A,HW,HW_EMP,FI,2005,1667.0,Finland
A,HW,HW_EMP,FI,2006,1661.7,Finland
A,HW,HW_EMP,FI,2007,1658.0,Finland
A,HW,HW_EMP,FI,2008,1653.8,Finland
A,HW,HW_EMP,FI,2009,1632.5,Finland
A,HW,HW_EMP,FI,2010,1638.5,Finland
A,HW,HW_EMP,FI,2011,1630.2,Finland
A,HW,HW_EMP,FI,2012,1618.1,Finland
A,HW,HW_EMP,FI,2013,1610.4,Finland
A,HW,HW_EMP,FI,2014,1606.3,Finland
A,HW,HW_EMP,FI,2015,1604.6,Finland
A,HW,HW_EMP,FI,2016,1604.4,Finland
A,HW,HW_EMP,FI,2017,1598.0,Finland
A,HW,HW_EMP,FI,2018,1596.2,Finland
A,HW,HW_EMP,FI,2019,1585.6,Finland
A,HW,HW_EMP,FI,2020,1577.7,Finland
A,HW,HW_EMP,FI,2021,1575.6,Finland
A,HW,HW_EMP,FI,2022,1561.0,Finland
A,HW,HW_EMP,FI,2023,1548.0,Finland
A,HW,HW_EMP,FI,2024,1547.3,Finland
A,HW,HW_EMP,FR,2000,1542.1,France
A,HW,HW_EMP,FR,2001,1523.1,France
A,HW,HW_EMP,FR,2002,1489.7,France
A,HW,HW_EMP,FR,2003,1493.4,France
A,HW,HW_EMP,FR,2004,1517.3,France
A,HW,HW_EMP,FR,2005,1518.6,France
A,HW,HW_EMP,FR,2006,1503.4,France
A,HW,HW_EMP,FR,2007,1525.3,France
A,HW,HW_EMP,FR,2008,1531.9,France
A,HW,HW_EMP,FR,2009,1520.0,France
A,HW,HW_EMP,FR,2010,1528.0,France
A,HW,HW_EMP,FR,2011,1533.7,France
A,HW,HW_EMP,FR,2012,1527.9,France
A,HW,HW_EMP,FR,2013,1512.8,France
A,HW,HW_EMP,FR,2014,1504.2,France
A,HW,HW_EMP,FR,2015,1504.3,France
A,HW,HW_EMP,FR,2016,1507.4,France
A,HW,HW_EMP,FR,2017,1492.0,France
A,HW,HW_EMP,FR,2018,1499.7,France
A,HW,HW_EMP,FR,2019,1504.4,France
A,HW,HW_EMP,FR,2020,1390.9,France
A,HW,HW_EMP,FR,2021,1468.6,France
A,HW,HW_EMP,FR,2022,1498.0,France
A,HW,HW_EMP,FR,2023,1501.2,France
A,HW,HW_EMP,FR,2024,1512.5,France
A,HW,HW_EMP,HR,2000,1921.5,Croatia
A,HW,HW_EMP,HR,2001,1922.7,Croatia
A,HW,HW_EMP,HR,2002,1922.9,Croatia
A,HW,HW_EMP,HR,2003,1923.9,Croatia
A,HW,HW_EMP,HR,2004,1925.7,Croatia
A,HW,HW_EMP,HR,2005,1925.6,Croatia
A,HW,HW_EMP,HR,2006,1927.7,Croatia
A,HW,HW_EMP,HR,2007,1929.7,Croatia
A,HW,HW_EMP,HR,2008,1931.2,Croatia
A,HW,HW_EMP,HR,2009,1928.0,Croatia
A,HW,HW_EMP,HR,2010,1941.8,Croatia
A,HW,HW_EMP,HR,2011,1939.2,Croatia
A,HW,HW_EMP,HR,2012,2033.4,Croatia
A,HW,HW_EMP,HR,2013,2025.2,Croatia
A,HW,HW_EMP,HR,2014,2015.2,Croatia
A,HW,HW_EMP,HR,2015,1974.4,Croatia
A,HW,HW_EMP,HR,2016,1990.1,Croatia
A,HW,HW_EMP,HR,2017,2012.4,Croatia
A,HW,HW_EMP,HR,2018,1999.4,Croatia
A,HW,HW_EMP,HR,2019,1994.1,Croatia
A,HW,HW_EMP,HR,2020,1976.7,Croatia
A,HW,HW_EMP,HR,2021,1973.5,Croatia
A,HW,HW_EMP,HR,2022,1961.7,Croatia
A,HW,HW_EMP,HR,2023,1973.3,Croatia
A,HW,HW_EMP,HR,2024,1954.9,Croatia
A,HW,HW_EMP,HU,2000,1933.6,Hungary
A,HW,HW_EMP,HU,2001,1898.8,Hungary
A,HW,HW_EMP,HU,2002,1884.6,Hungary
A,HW,HW_EMP,HU,2003,1857.1,Hungary
A,HW,HW_EMP,HU,2004,1859.2,Hungary
A,HW,HW_EMP,HU,2005,1834.6,Hungary
A,HW,HW_EMP,HU,2006,1814.4,Hungary
A,HW,HW_EMP,HU,2007,1788.1,Hungary
A,HW,HW_EMP,HU,2008,1791.7,Hungary
A,HW,HW_EMP,HU,2009,1758.7,Hungary
A,HW,HW_EMP,HU,2010,1766.9,Hungary
A,HW,HW_EMP,HU,2011,1754.2,Hungary
A,HW,HW_EMP,HU,2012,1738.8,Hungary
A,HW,HW_EMP,HU,2013,1733.9,Hungary
A,HW,HW_EMP,HU,2014,1748.9,Hungary
A,HW,HW_EMP,HU,2015,1746.2,Hungary
A,HW,HW_EMP,HU,2016,1760.7,Hungary
A,HW,HW_EMP,HU,2017,1746.4,Hungary
A,HW,HW_EMP,HU,2018,1729.0,Hungary
A,HW,HW_EMP,HU,2019,1720.7,Hungary
A,HW,HW_EMP,HU,2020,1658.2,Hungary
A,HW,HW_EMP,HU,2021,1689.1,Hungary
A,HW,HW_EMP,HU,2022,1698.3,Hungary
A,HW,HW_EMP,HU,2023,1668.9,Hungary
A,HW,HW_EMP,HU,2024,1671.3,Hungary
A,HW,HW_EMP,IE,2000,1893.7,Ireland
A,HW,HW_EMP,IE,2001,1871.5,Ireland
A,HW,HW_EMP,IE,2002,1855.7,Ireland
A,HW,HW_EMP,IE,2003,1823.6,Ireland
A,HW,HW_EMP,IE,2004,1809.5,Ireland
A,HW,HW_EMP,IE,2005,1810.8,Ireland
A,HW,HW_EMP,IE,2006,1790.3,Ireland
A,HW,HW_EMP,IE,2007,1765.0,Ireland
A,HW,HW_EMP,IE,2008,1730.7,Ireland
A,HW,HW_EMP,IE,2009,1678.1,Ireland
A,HW,HW_EMP,IE,2010,1680.9,Ireland
A,HW,HW_EMP,IE,2011,1683.6,Ireland
A,HW,HW_EMP,IE,2012,1678.5,Ireland
A,HW,HW_EMP,IE,2013,1696.8,Ireland
A,HW,HW_EMP,IE,2014,1707.7,Ireland
A,HW,HW_EMP,IE,2015,1699.4,Ireland
A,HW,HW_EMP,IE,2016,1722.9,Ireland
A,HW,HW_EMP,IE,2017,1745.5,Ireland
A,HW,HW_EMP,IE,2018,1758.6,Ireland
A,HW,HW_EMP,IE,2019,1760.2,Ireland
A,HW,HW_EMP,IE,2020,1635.7,Ireland
A,HW,HW_EMP,IE,2021,1650.5,Ireland
A,HW,HW_EMP,IE,2022,1682.7,Ireland
A,HW,HW_EMP,IE,2023,1654.2,Ireland
A,HW,HW_EMP,IE,2024,1644.7,Ireland
A,HW,HW_EMP,IT,2000,1827.7,Italy
A,HW,HW_EMP,IT,2001,1818.2,Italy
A,HW,HW_EMP,IT,2002,1801.0,Italy
A,HW,HW_EMP,IT,2003,1784.3,Italy
A,HW,HW_EMP,IT,2004,1783.6,Italy
A,HW,HW_EMP,IT,2005,1779.9,Italy
A,HW,HW_EMP,IT,2006,1781.1,Italy
A,HW,HW_EMP,IT,2007,1786.2,Italy
A,HW,HW_EMP,IT,2008,1775.4,Italy
A,HW,HW_EMP,IT,2009,1742.6,Italy
A,HW,HW_EMP,IT,2010,1743.2,Italy
A,HW,HW_EMP,IT,2011,1739.0,Italy
A,HW,HW_EMP,IT,2012,1700.6,Italy
A,HW,HW_EMP,IT,2013,1687.5,Italy
A,HW,HW_EMP,IT,2014,1685.6,Italy
A,HW,HW_EMP,IT,2015,1688.1,Italy
A,HW,HW_EMP,IT,2016,1692.1,Italy
A,HW,HW_EMP,IT,2017,1690.7,Italy
A,HW,HW_EMP,IT,2018,1690.2,Italy
A,HW,HW_EMP,IT,2019,1680.5,Italy
A,HW,HW_EMP,IT,2020,1513.9,Italy
A,HW,HW_EMP,IT,2021,1653.0,Italy
A,HW,HW_EMP,IT,2022,1691.3,Italy
A,HW,HW_EMP,IT,2023,1708.8,Italy
A,HW,HW_EMP,IT,2024,1715.3,Italy
A,HW,HW_EMP,LT,2000,1875.1,Lithuania
A,HW,HW_EMP,LT,2001,1860.3,Lithuania
A,HW,HW_EMP,LT,2002,1831.4,Lithuania
A,HW,HW_EMP,LT,2003,1813.4,Lithuania
A,HW,HW_EMP,LT,2004,1906.0,Lithuania
A,HW,HW_EMP,LT,2005,1907.3,Lithuania
A,HW,HW_EMP,LT,2006,1897.4,Lithuania
A,HW,HW_EMP,LT,2007,1927.6,Lithuania
A,HW,HW_EMP,LT,2008,1961.1,Lithuania
A,HW,HW_EMP,LT,2009,1890.4,Lithuania
A,HW,HW_EMP,LT,2010,1920.6,Lithuania
A,HW,HW_EMP,LT,2011,1895.3,Lithuania
A,HW,HW_EMP,LT,2012,1893.0,Lithuania
A,HW,HW_EMP,LT,2013,1876.3,Lithuania
A,HW,HW_EMP,LT,2014,1867.7,Lithuania
A,HW,HW_EMP,LT,2015,1894.0,Lithuania
A,HW,HW_EMP,LT,2016,1917.9,Lithuania
A,HW,HW_EMP,LT,2017,1875.6,Lithuania
A,HW,HW_EMP,LT,2018,1883.7,Lithuania
A,HW,HW_EMP,LT,2019,1885.5,Lithuania
A,HW,HW_EMP,LT,2020,1806.1,Lithuania
A,HW,HW_EMP,LT,2021,1833.0,Lithuania
A,HW,HW_EMP,LT,2022,1839.4,Lithuania
A,HW,HW_EMP,LT,2023,1856.8,Lithuania
A,HW,HW_EMP,LT,2024,1879.0,Lithuania
A,HW,HW_EMP,LU,2000,1605.0,Luxembourg
A,HW,HW_EMP,LU,2001,1592.8,Luxembourg
A,HW,HW_EMP,LU,2002,1587.8,Luxembourg
A,HW,HW_EMP,LU,2003,1585.9,Luxembourg
A,HW,HW_EMP,LU,2004,1586.2,Luxembourg
A,HW,HW_EMP,LU,2005,1566.6,Luxembourg
A,HW,HW_EMP,LU,2006,1567.1,Luxembourg
A,HW,HW_EMP,LU,2007,1581.0,Luxembourg
A,HW,HW_EMP,LU,2008,1581.2,Luxembourg
A,HW,HW_EMP,LU,2009,1518.1,Luxembourg
A,HW,HW_EMP,LU,2010,1521.0,Luxembourg
A,HW,HW_EMP,LU,2011,1519.5,Luxembourg
A,HW,HW_EMP,LU,2012,1513.7,Luxembourg
A,HW,HW_EMP,LU,2013,1506.3,Luxembourg
A,HW,HW_EMP,LU,2014,1512.1,Luxembourg
A,HW,HW_EMP,LU,2015,1519.5,Luxembourg
A,HW,HW_EMP,LU,2016,1518.0,Luxembourg
A,HW,HW_EMP,LU,2017,1508.1,Luxembourg
A,HW,HW_EMP,LU,2018,1498.8,Luxembourg
A,HW,HW_EMP,LU,2019,1493.3,Luxembourg
A,HW,HW_EMP,LU,2020,1388.0,Luxembourg
A,HW,HW_EMP,LU,2021,1475.6,Luxembourg
A,HW,HW_EMP,LU,2022,1471.6,Luxembourg
A,HW,HW_EMP,LU,2023,1466.4,Luxembourg
A,HW,HW_EMP,LU,2024,1467.2,Luxembourg
A,HW,HW_EMP,LV,2000,2132.1,Latvia
A,HW,HW_EMP,LV,2001,2141.1,Latvia
A,HW,HW_EMP,LV,2002,2105.8,Latvia
A,HW,HW_EMP,LV,2003,2099.3,Latvia
A,HW,HW_EMP,LV,2004,2060.7,Latvia
A,HW,HW_EMP,LV,2005,2106.4,Latvia
A,HW,HW_EMP,LV,2006,2091.3,Latvia
A,HW,HW_EMP,LV,2007,2050.9,Latvia
A,HW,HW_EMP,LV,2008,2002.3,Latvia
A,HW,HW_EMP,LV,2009,1952.2,Latvia
A,HW,HW_EMP,LV,2010,1935.1,Latvia
A,HW,HW_EMP,LV,2011,1951.9,Latvia
A,HW,HW_EMP,LV,2012,1934.3,Latvia
A,HW,HW_EMP,LV,2013,1927.7,Latvia
A,HW,HW_EMP,LV,2014,1938.5,Latvia
A,HW,HW_EMP,LV,2015,1901.7,Latvia
A,HW,HW_EMP,LV,2016,1902.5,Latvia
A,HW,HW_EMP,LV,2017,1886.5,Latvia
A,HW,HW_EMP,LV,2018,1899.4,Latvia
A,HW,HW_EMP,LV,2019,1898.8,Latvia
A,HW,HW_EMP,LV,2020,1796.0,Latvia
A,HW,HW_EMP,LV,2021,1826.6,Latvia
A,HW,HW_EMP,LV,2022,1864.2,Latvia
A,HW,HW_EMP,LV,2023,1832.8,Latvia
A,HW,HW_EMP,LV,2024,1842.1,Latvia
A,HW,HW_EMP,MT,2000,2113.5,Malta
A,HW,HW_EMP,MT,2001,2089.6,Malta
A,HW,HW_EMP,MT,2002,2071.9,Malta
A,HW,HW_EMP,MT,2003,2041.8,Malta
A,HW,HW_EMP,MT,2004,1969.6,Malta
A,HW,HW_EMP,MT,2005,1972.7,Malta
A,HW,HW_EMP,MT,2006,1980.8,Malta
A,HW,HW_EMP,MT,2007,2005.9,Malta
A,HW,HW_EMP,MT,2008,2012.0,Malta
A,HW,HW_EMP,MT,2009,2006.5,Malta
A,HW,HW_EMP,MT,2010,1982.9,Malta
A,HW,HW_EMP,MT,2011,1930.0,Malta
A,HW,HW_EMP,MT,2012,1905.9,Malta
A,HW,HW_EMP,MT,2013,1887.6,Malta
A,HW,HW_EMP,MT,2014,1869.9,Malta
A,HW,HW_EMP,MT,2015,1864.8,Malta
A,HW,HW_EMP,MT,2016,1915.8,Malta
A,HW,HW_EMP,MT,2017,1902.4,Malta
A,HW,HW_EMP,MT,2018,1928.9,Malta
A,HW,HW_EMP,MT,2019,1988.4,Malta
A,HW,HW_EMP,MT,2020,1834.0,Malta
A,HW,HW_EMP,MT,2021,1840.9,Malta
A,HW,HW_EMP,MT,2022,1846.3,Malta
A,HW,HW_EMP,MT,2023,1849.1,Malta
A,HW,HW_EMP,MT,2024,1828.6,Malta
A,HW,HW_EMP,NL,2000,1473.5,Netherlands
A,HW,HW_EMP,NL,2001,1463.6,Netherlands
A,HW,HW_EMP,NL,2002,1445.9,Netherlands
A,HW,HW_EMP,NL,2003,1437.2,Netherlands
A,HW,HW_EMP,NL,2004,1458.2,Netherlands
A,HW,HW_EMP,NL,2005,1444.3,Netherlands
A,HW,HW_EMP,NL,2006,1440.5,Netherlands
A,HW,HW_EMP,NL,2007,1439.5,Netherlands
A,HW,HW_EMP,NL,2008,1439.0,Netherlands
A,HW,HW_EMP,NL,2009,1430.6,Netherlands
A,HW,HW_EMP,NL,2010,1430.1,Netherlands
A,HW,HW_EMP,NL,2011,1430.7,Netherlands
A,HW,HW_EMP,NL,2012,1421.7,Netherlands
A,HW,HW_EMP,NL,2013,1426.7,Netherlands
A,HW,HW_EMP,NL,2014,1438.5,Netherlands
A,HW,HW_EMP,NL,2015,1438.4,Netherlands
A,HW,HW_EMP,NL,2016,1451.1,Netherlands
A,HW,HW_EMP,NL,2017,1451.1,Netherlands
A,HW,HW_EMP,NL,2018,1451.0,Netherlands
A,HW,HW_EMP,NL,2019,1456.5,Netherlands
A,HW,HW_EMP,NL,2020,1402.1,Netherlands
A,HW,HW_EMP,NL,2021,1442.2,Netherlands
A,HW,HW_EMP,NL,2022,1451.1,Netherlands
A,HW,HW_EMP,NL,2023,1442.5,Netherlands
A,HW,HW_EMP,NL,2024,1452.8,Netherlands
A,HW,HW_EMP,PL,2000,2081.7,Poland
A,HW,HW_EMP,PL,2001,2083.7,Poland
A,HW,HW_EMP,PL,2002,2078.5,Poland
A,HW,HW_EMP,PL,2003,2084.2,Poland
A,HW,HW_EMP,PL,2004,2084.5,Poland
A,HW,HW_EMP,PL,2005,2079.0,Poland
A,HW,HW_EMP,PL,2006,2080.6,Poland
A,HW,HW_EMP,PL,2007,2077.6,Poland
A,HW,HW_EMP,PL,2008,2069.6,Poland
A,HW,HW_EMP,PL,2009,2054.0,Poland
A,HW,HW_EMP,PL,2010,2048.8,Poland
A,HW,HW_EMP,PL,2011,2043.6,Poland
A,HW,HW_EMP,PL,2012,2038.4,Poland
A,HW,HW_EMP,PL,2013,2034.8,Poland
A,HW,HW_EMP,PL,2014,2041.3,Poland
A,HW,HW_EMP,PL,2015,2049.0,Poland
A,HW,HW_EMP,PL,2016,2051.5,Poland
A,HW,HW_EMP,PL,2017,2029.4,Poland
A,HW,HW_EMP,PL,2018,2002.2,Poland
A,HW,HW_EMP,PL,2019,2012.4,Poland
A,HW,HW_EMP,PL,2020,1993.1,Poland
A,HW,HW_EMP,PL,2021,2047.6,Poland
A,HW,HW_EMP,PL,2022,2037.0,Poland
A,HW,HW_EMP,PL,2023,2024.1,Poland
A,HW,HW_EMP,PL,2024,2000.7,Poland
A,HW,HW_EMP,PT,2000,1920.6,Portugal
A,HW,HW_EMP,PT,2001,1903.9,Portugal
A,HW,HW_EMP,PT,2002,1897.0,Portugal
A,HW,HW_EMP,PT,2003,1890.0,Portugal
A,HW,HW_EMP,PT,2004,1896.1,Portugal
A,HW,HW_EMP,PT,2005,1898.1,Portugal
A,HW,HW_EMP,PT,2006,1886.3,Portugal
A,HW,HW_EMP,PT,2007,1903.5,Portugal
A,HW,HW_EMP,PT,2008,1890.4,Portugal
A,HW,HW_EMP,PT,2009,1890.8,Portugal
A,HW,HW_EMP,PT,2010,1893.6,Portugal
A,HW,HW_EMP,PT,2011,1866.2,Portugal
A,HW,HW_EMP,PT,2012,1843.5,Portugal
A,HW,HW_EMP,PT,2013,1854.5,Portugal
A,HW,HW_EMP,PT,2014,1862.6,Portugal
A,HW,HW_EMP,PT,2015,1868.5,Portugal
A,HW,HW_EMP,PT,2016,1874.7,Portugal
A,HW,HW_EMP,PT,2017,1863.4,Portugal
A,HW,HW_EMP,PT,2018,1874.0,Portugal
A,HW,HW_EMP,PT,2019,1878.8,Portugal
A,HW,HW_EMP,PT,2020,1759.6,Portugal
A,HW,HW_EMP,PT,2021,1813.2,Portugal
A,HW,HW_EMP,PT,2022,1856.1,Portugal
A,HW,HW_EMP,PT,2023,1908.8,Portugal
A,HW,HW_EMP,PT,2024,1911.9,Portugal
A,HW,HW_EMP,RO,2000,1853.0,Romania
A,HW,HW_EMP,RO,2001,1852.5,Romania
A,HW,HW_EMP,RO,2002,1867.2,Romania
A,HW,HW_EMP,RO,2003,1837.1,Romania
A,HW,HW_EMP,RO,2004,1886.6,Romania
A,HW,HW_EMP,RO,2005,1877.0,Romania
A,HW,HW_EMP,RO,2006,1836.1,Romania
A,HW,HW_EMP,RO,2007,1839.9,Romania
A,HW,HW_EMP,RO,2008,1835.2,Romania
A,HW,HW_EMP,RO,2009,1815.5,Romania
A,HW,HW_EMP,RO,2010,1840.7,Romania
A,HW,HW_EMP,RO,2011,1849.3,Romania
A,HW,HW_EMP,RO,2012,1811.5,Romania
A,HW,HW_EMP,RO,2013,1806.5,Romania
A,HW,HW_EMP,RO,2014,1792.5,Romania
A,HW,HW_EMP,RO,2015,1785.7,Romania
A,HW,HW_EMP,RO,2016,1809.0,Romania
A,HW,HW_EMP,RO,2017,1785.8,Romania
A,HW,HW_EMP,RO,2018,1787.0,Romania
A,HW,HW_EMP,RO,2019,1803.1,Romania
A,HW,HW_EMP,RO,2020,1756.3,Romania
A,HW,HW_EMP,RO,2021,1823.5,Romania
A,HW,HW_EMP,RO,2022,1802.5,Romania
A,HW,HW_EMP,RO,2023,1787.4,Romania
A,HW,HW_EMP,RO,2024,1828.9,Romania
A,HW,HW_EMP,SE,2000,1642.9,Sweden
A,HW,HW_EMP,SE,2001,1620.2,Sweden
A,HW,HW_EMP,SE,2002,1596.1,Sweden
A,HW,HW_EMP,SE,2003,1581.2,Sweden
A,HW,HW_EMP,SE,2004,1602.6,Sweden
A,HW,HW_EMP,SE,2005,1601.7,Sweden
A,HW,HW_EMP,SE,2006,1599.9,Sweden
A,HW,HW_EMP,SE,2007,1612.6,Sweden
A,HW,HW_EMP,SE,2008,1626.6,Sweden
A,HW,HW_EMP,SE,2009,1611.3,Sweden
A,HW,HW_EMP,SE,2010,1638.9,Sweden
A,HW,HW_EMP,SE,2011,1640.0,Sweden
A,HW,HW_EMP,SE,2012,1625.5,Sweden
A,HW,HW_EMP,SE,2013,1615.9,Sweden
A,HW,HW_EMP,SE,2014,1616.8,Sweden
A,HW,HW_EMP,SE,2015,1618.5,Sweden
A,HW,HW_EMP,SE,2016,1630.6,Sweden
A,HW,HW_EMP,SE,2017,1617.1,Sweden
A,HW,HW_EMP,SE,2018,1616.0,Sweden
A,HW,HW_EMP,SE,2019,1601.0,Sweden
A,HW,HW_EMP,SE,2020,1569.3,Sweden
A,HW,HW_EMP,SE,2021,1590.0,Sweden
A,HW,HW_EMP,SE,2022,1584.2,Sweden
A,HW,HW_EMP,SE,2023,1581.6,Sweden
A,HW,HW_EMP,SE,2024,1580.1,Sweden
A,HW,HW_EMP,SI,2000,1710.1,Slovenia
A,HW,HW_EMP,SI,2001,1695.9,Slovenia
A,HW,HW_EMP,SI,2002,1720.2,Slovenia
A,HW,HW_EMP,SI,2003,1723.3,Slovenia
A,HW,HW_EMP,SI,2004,1736.5,Slovenia
A,HW,HW_EMP,SI,2005,1696.5,Slovenia
A,HW,HW_EMP,SI,2006,1667.4,Slovenia
A,HW,HW_EMP,SI,2007,1654.9,Slovenia
A,HW,HW_EMP,SI,2008,1673.5,Slovenia
A,HW,HW_EMP,SI,2009,1679.0,Slovenia
A,HW,HW_EMP,SI,2010,1680.3,Slovenia
A,HW,HW_EMP,SI,2011,1663.4,Slovenia
A,HW,HW_EMP,SI,2012,1644.4,Slovenia
A,HW,HW_EMP,SI,2013,1662.3,Slovenia
A,HW,HW_EMP,SI,2014,1681.8,Slovenia
A,HW,HW_EMP,SI,2015,1687.3,Slovenia
A,HW,HW_EMP,SI,2016,1652.4,Slovenia
A,HW,HW_EMP,SI,2017,1621.5,Slovenia
A,HW,HW_EMP,SI,2018,1602.9,Slovenia
A,HW,HW_EMP,SI,2019,1601.4,Slovenia
A,HW,HW_EMP,SI,2020,1532.8,Slovenia
A,HW,HW_EMP,SI,2021,1593.5,Slovenia
A,HW,HW_EMP,SI,2022,1610.2,Slovenia
A,HW,HW_EMP,SI,2023,1587.5,Slovenia
A,HW,HW_EMP,SI,2024,1619.2,Slovenia
A,HW,HW_EMP,SK,2000,1815.6,Slovakia
A,HW,HW_EMP,SK,2001,1800.7,Slovakia
A,HW,HW_EMP,SK,2002,1754.1,Slovakia
A,HW,HW_EMP,SK,2003,1697.6,Slovakia
A,HW,HW_EMP,SK,2004,1742.0,Slovakia
A,HW,HW_EMP,SK,2005,1769.5,Slovakia
A,HW,HW_EMP,SK,2006,1774.5,Slovakia
A,HW,HW_EMP,SK,2007,1791.2,Slovakia
A,HW,HW_EMP,SK,2008,1793.4,Slovakia
A,HW,HW_EMP,SK,2009,1780.3,Slovakia
A,HW,HW_EMP,SK,2010,1805.1,Slovakia
A,HW,HW_EMP,SK,2011,1793.0,Slovakia
A,HW,HW_EMP,SK,2012,1789.0,Slovakia
A,HW,HW_EMP,SK,2013,1771.6,Slovakia
A,HW,HW_EMP,SK,2014,1759.6,Slovakia
A,HW,HW_EMP,SK,2015,1754.1,Slovakia
A,HW,HW_EMP,SK,2016,1740.0,Slovakia
A,HW,HW_EMP,SK,2017,1713.8,Slovakia
A,HW,HW_EMP,SK,2018,1703.9,Slovakia
A,HW,HW_EMP,SK,2019,1692.0,Slovakia
A,HW,HW_EMP,SK,2020,1572.0,Slovakia
A,HW,HW_EMP,SK,2021,1581.5,Slovakia
A,HW,HW_EMP,SK,2022,1610.1,Slovakia
A,HW,HW_EMP,SK,2023,1624.4,Slovakia
A,HW,HW_EMP,SK,2024,1630.0,Slovakia
A,I10,RLPR_HW,AT,2000,86.685,Austria
A,I10,RLPR_HW,AT,2001,87.864,Austria
A,I10,RLPR_HW,AT,2002,89.387,Austria
A,I10,RLPR_HW,AT,2003,90.255,Austria
A,I10,RLPR_HW,AT,2004,91.866,Austria
A,I10,RLPR_HW,AT,2005,94.189,Austria
A,I10,RLPR_HW,AT,2006,96.523,Austria
A,I10,RLPR_HW,AT,2007,98.962,Austria
A,I10,RLPR_HW,AT,2008,98.926,Austria
A,I10,RLPR_HW,AT,2009,98.57,Austria
A,I10,RLPR_HW,AT,2010,100.0,Austria
A,I10,RLPR_HW,AT,2011,100.979,Austria
A,I10,RLPR_HW,AT,2012,102.054,Austria
A,I10,RLPR_HW,AT,2013,102.278,Austria
A,I10,RLPR_HW,AT,2014,102.572,Austria
A,I10,RLPR_HW,AT,2015,104.7,Austria
A,I10,RLPR_HW,AT,2016,104.671,Austria
A,I10,RLPR_HW,AT,2017,105.992,Austria
A,I10,RLPR_HW,AT,2018,106.447,Austria
A,I10,RLPR_HW,AT,2019,106.566,Austria
A,I10,RLPR_HW,AT,2020,109.486,Austria
A,I10,RLPR_HW,AT,2021,109.454,Austria
A,I10,RLPR_HW,AT,2022,112.405,Austria
A,I10,RLPR_HW,AT,2023,110.825,Austria
A,I10,RLPR_HW,AT,2024,109.939,Austria
A,I10,RLPR_HW,BE,2000,91.726,Belgium
A,I10,RLPR_HW,BE,2001,91.936,Belgium
A,I10,RLPR_HW,BE,2002,92.566,Belgium
A,I10,RLPR_HW,BE,2003,93.347,Belgium
A,I10,RLPR_HW,BE,2004,96.363,Belgium
A,I10,RLPR_HW,BE,2005,97.83,Belgium
A,I10,RLPR_HW,BE,2006,98.338,Belgium
A,I10,RLPR_HW,BE,2007,100.156,Belgium
A,I10,RLPR_HW,BE,2008,99.541,Belgium
A,I10,RLPR_HW,BE,2009,98.919,Belgium
A,I10,RLPR_HW,BE,2010,100.0,Belgium
A,I10,RLPR_HW,BE,2011,99.649,Belgium
A,I10,RLPR_HW,BE,2012,99.759,Belgium
A,I10,RLPR_HW,BE,2013,100.359,Belgium
A,I10,RLPR_HW,BE,2014,101.991,Belgium
A,I10,RLPR_HW,BE,2015,103.012,Belgium
A,I10,RLPR_HW,BE,2016,102.947,Belgium
A,I10,RLPR_HW,BE,2017,102.786,Belgium
A,I10,RLPR_HW,BE,2018,102.997,Belgium
A,I10,RLPR_HW,BE,2019,103.878,Belgium
A,I10,RLPR_HW,BE,2020,107.719,Belgium
A,I10,RLPR_HW,BE,2021,105.882,Belgium
A,I10,RLPR_HW,BE,2022,105.379,Belgium
A,I10,RLPR_HW,BE,2023,106.163,Belgium
A,I10,RLPR_HW,BE,2024,107.605,Belgium
A,I10,RLPR_HW,BG,2000,71.282,Bulgaria
A,I10,RLPR_HW,BG,2001,74.047,Bulgaria
A,I10,RLPR_HW,BG,2002,78.244,Bulgaria
A,I10,RLPR_HW,BG,2003,80.501,Bulgaria
A,I10,RLPR_HW,BG,2004,82.411,Bulgaria
A,I10,RLPR_HW,BG,2005,86.168,Bulgaria
A,I10,RLPR_HW,BG,2006,89.299,Bulgaria
A,I10,RLPR_HW,BG,2007,92.287,Bulgaria
A,I10,RLPR_HW,BG,2008,93.479,Bulgaria
A,I10,RLPR_HW,BG,2009,94.567,Bulgaria
A,I10,RLPR_HW,BG,2010,100.0,Bulgaria
A,I10,RLPR_HW,BG,2011,104.467,Bulgaria
A,I10,RLPR_HW,BG,2012,107.894,Bulgaria
A,I10,RLPR_HW,BG,2013,107.738,Bulgaria
A,I10,RLPR_HW,BG,2014,108.423,Bulgaria
A,I10,RLPR_HW,BG,2015,111.692,Bulgaria
A,I10,RLPR_HW,BG,2016,114.562,Bulgaria
A,I10,RLPR_HW,BG,2017,115.658,Bulgaria
A,I10,RLPR_HW,BG,2018,118.383,Bulgaria
A,I10,RLPR_HW,BG,2019,124.58,Bulgaria
A,I10,RLPR_HW,BG,2020,125.775,Bulgaria
A,I10,RLPR_HW,BG,2021,134.56,Bulgaria
A,I10,RLPR_HW,BG,2022,138.736,Bulgaria
A,I10,RLPR_HW,BG,2023,136.176,Bulgaria
A,I10,RLPR_HW,BG,2024,142.216,Bulgaria
A,I10,RLPR_HW,CY,2000,88.715,Cyprus
A,I10,RLPR_HW,CY,2001,89.134,Cyprus
A,I10,RLPR_HW,CY,2002,91.861,Cyprus
A,I10,RLPR_HW,CY,2003,91.338,Cyprus
A,I10,RLPR_HW,CY,2004,94.107,Cyprus
A,I10,RLPR_HW,CY,2005,96.825,Cyprus
A,I10,RLPR_HW,CY,2006,100.326,Cyprus
A,I10,RLPR_HW,CY,2007,99.389,Cyprus
A,I10,RLPR_HW,CY,2008,99.207,Cyprus
A,I10,RLPR_HW,CY,2009,98.262,Cyprus
A,I10,RLPR_HW,CY,2010,100.0,Cyprus
A,I10,RLPR_HW,CY,2011,100.017,Cyprus
A,I10,RLPR_HW,CY,2012,100.23,Cyprus
A,I10,RLPR_HW,CY,2013,101.089,Cyprus
A,I10,RLPR_HW,CY,2014,101.038,Cyprus
A,I10,RLPR_HW,CY,2015,102.375,Cyprus
A,I10,RLPR_HW,CY,2016,103.38,Cyprus
A,I10,RLPR_HW,CY,2017,104.77,Cyprus
A,I10,RLPR_HW,CY,2018,105.933,Cyprus
A,I10,RLPR_HW,CY,2019,106.668,Cyprus
A,I10,RLPR_HW,CY,2020,108.862,Cyprus
A,I10,RLPR_HW,CY,2021,111.816,Cyprus
A,I10,RLPR_HW,CY,2022,115.667,Cyprus
A,I10,RLPR_HW,CY,2023,116.52,Cyprus
A,I10,RLPR_HW,CY,2024,118.133,Cyprus
A,I10,RLPR_HW,CZ,2000,72.592,Czechia
A,I10,RLPR_HW,CZ,2001,78.079,Czechia
A,I10,RLPR_HW,CZ,2002,79.24,Czechia
A,I10,RLPR_HW,CZ,2003,83.114,Czechia
A,I10,RLPR_HW,CZ,2004,86.525,Czechia
A,I10,RLPR_HW,CZ,2005,90.834,Czechia
A,I10,RLPR_HW,CZ,2006,96.288,Czechia
A,I10,RLPR_HW,CZ,2007,100.304,Czechia
A,I10,RLPR_HW,CZ,2008,99.908,Czechia
A,I10,RLPR_HW,CZ,2009,97.405,Czechia
A,I10,RLPR_HW,CZ,2010,100.0,Czechia
A,I10,RLPR_HW,CZ,2011,101.947,Czechia
A,I10,RLPR_HW,CZ,2012,102.356,Czechia
A,I10,RLPR_HW,CZ,2013,102.701,Czechia
A,I10,RLPR_HW,CZ,2014,103.826,Czechia
A,I10,RLPR_HW,CZ,2015,108.834,Czechia
A,I10,RLPR_HW,CZ,2016,109.039,Czechia
A,I10,RLPR_HW,CZ,2017,113.017,Czechia
A,I10,RLPR_HW,CZ,2018,114.383,Czechia
A,I10,RLPR_HW,CZ,2019,118.661,Czechia
A,I10,RLPR_HW,CZ,2020,122.619,Czechia
A,I10,RLPR_HW,CZ,2021,122.728,Czechia
A,I10,RLPR_HW,CZ,2022,120.888,Czechia
A,I10,RLPR_HW,CZ,2023,118.83,Czechia
A,I10,RLPR_HW,CZ,2024,118.441,Czechia
A,I10,RLPR_HW,DE,2000,40.918,Germany
A,I10,RLPR_HW,DE,2001,41.909,Germany
A,I10,RLPR_HW,DE,2002,42.276,Germany
A,I10,RLPR_HW,DE,2003,42.666,Germany
A,I10,RLPR_HW,DE,2004,43.038,Germany
A,I10,RLPR_HW,DE,2005,43.799,Germany
A,I10,RLPR_HW,DE,2006,44.526,Germany
A,I10,RLPR_HW,DE,2007,45.002,Germany
A,I10,RLPR_HW,DE,2008,44.984,Germany
A,I10,RLPR_HW,DE,2009,43.646,Germany
A,I10,RLPR_HW,DE,2010,44.643,Germany
A,I10,RLPR_HW,DE,2011,45.738,Germany
A,I10,RLPR_HW,DE,2012,46.094,Germany
A,I10,RLPR_HW,DE,2013,46.272,Germany
A,I10,RLPR_HW,DE,2014,46.72,Germany
A,I10,RLPR_HW,DE,2015,47.024,Germany
A,I10,RLPR_HW,DE,2016,47.661,Germany
A,I10,RLPR_HW,DE,2017,48.592,Germany
A,I10,RLPR_HW,DE,2018,48.763,Germany
A,I10,RLPR_HW,DE,2019,49.099,Germany
A,I10,RLPR_HW,DE,2020,49.521,Germany
A,I10,RLPR_HW,DE,2021,50.313,Germany
A,I10,RLPR_HW,DE,2022,50.314,Germany
A,I10,RLPR_HW,DE,2023,49.794,Germany
A,I10,RLPR_HW,DE,2024,49.375,Germany
A,I10,RLPR_HW,DK,2000,90.973,Denmark
A,I10,RLPR_HW,DK,2001,90.766,Denmark
A,I10,RLPR_HW,DK,2002,91.504,Denmark
A,I10,RLPR_HW,DK,2003,93.061,Denmark
A,I10,RLPR_HW,DK,2004,96.134,Denmark
A,I10,RLPR_HW,DK,2005,97.472,Denmark
A,I10,RLPR_HW,DK,2006,98.665,Denmark
A,I10,RLPR_HW,DK,2007,98.923,Denmark
A,I10,RLPR_HW,DK,2008,97.483,Denmark
A,I10,RLPR_HW,DK,2009,96.519,Denmark
A,I10,RLPR_HW,DK,2010,100.0,Denmark
A,I10,RLPR_HW,DK,2011,100.401,Denmark
A,I10,RLPR_HW,DK,2012,102.066,Denmark
A,I10,RLPR_HW,DK,2013,103.267,Denmark
A,I10,RLPR_HW,DK,2014,104.801,Denmark
A,I10,RLPR_HW,DK,2015,105.964,Denmark
A,I10,RLPR_HW,DK,2016,107.072,Denmark
A,I10,RLPR_HW,DK,2017,109.324,Denmark
A,I10,RLPR_HW,DK,2018,111.509,Denmark
A,I10,RLPR_HW,DK,2019,112.502,Denmark
A,I10,RLPR_HW,DK,2020,114.389,Denmark
A,I10,RLPR_HW,DK,2021,114.988,Denmark
A,I10,RLPR_HW,DK,2022,111.27,Denmark
A,I10,RLPR_HW,DK,2023,112.402,Denmark
A,I10,RLPR_HW,DK,2024,116.548,Denmark
A,I10,RLPR_HW,EE,2000,63.576,Estonia
A,I10,RLPR_HW,EE,2001,67.188,Estonia
A,I10,RLPR_HW,EE,2002,71.779,Estonia
A,I10,RLPR_HW,EE,2003,75.397,Estonia
A,I10,RLPR_HW,EE,2004,80.516,Estonia
A,I10,RLPR_HW,EE,2005,85.284,Estonia
A,I10,RLPR_HW,EE,2006,89.581,Estonia
A,I10,RLPR_HW,EE,2007,96.304,Estonia
A,I10,RLPR_HW,EE,2008,92.982,Estonia
A,I10,RLPR_HW,EE,2009,94.94,Estonia
A,I10,RLPR_HW,EE,2010,100.0,Estonia
A,I10,RLPR_HW,EE,2011,98.668,Estonia
A,I10,RLPR_HW,EE,2012,102.425,Estonia
A,I10,RLPR_HW,EE,2013,104.035,Estonia
A,I10,RLPR_HW,EE,2014,107.043,Estonia
A,I10,RLPR_HW,EE,2015,106.413,Estonia
A,I10,RLPR_HW,EE,2016,109.177,Estonia
A,I10,RLPR_HW,EE,2017,112.218,Estonia
A,I10,RLPR_HW,EE,2018,119.426,Estonia
A,I10,RLPR_HW,EE,2019,123.251,Estonia
A,I10,RLPR_HW,EE,2020,127.319,Estonia
A,I10,RLPR_HW,EE,2021,138.636,Estonia
A,I10,RLPR_HW,EE,2022,132.865,Estonia
A,I10,RLPR_HW,EE,2023,124.887,Estonia
A,I10,RLPR_HW,EE,2024,124.115,Estonia
A,I10,RLPR_HW,EL,2000,83.696,Greece
A,I10,RLPR_HW,EL,2001,87.726,Greece
A,I10,RLPR_HW,EL,2002,90.082,Greece
A,I10,RLPR_HW,EL,2003,94.317,Greece
A,I10,RLPR_HW,EL,2004,97.645,Greece
A,I10,RLPR_HW,EL,2005,95.505,Greece
A,I10,RLPR_HW,EL,2006,100.464,Greece
A,I10,RLPR_HW,EL,2007,103.179,Greece
A,I10,RLPR_HW,EL,2008,102.585,Greece
A,I10,RLPR_HW,EL,2009,100.179,Greece
A,I10,RLPR_HW,EL,2010,100.0,Greece
A,I10,RLPR_HW,EL,2011,93.226,Greece
A,I10,RLPR_HW,EL,2012,87.225,Greece
A,I10,RLPR_HW,EL,2013,85.456,Greece
A,I10,RLPR_HW,EL,2014,85.189,Greece
A,I10,RLPR_HW,EL,2015,88.223,Greece
A,I10,RLPR_HW,EL,2016,84.956,Greece
A,I10,RLPR_HW,EL,2017,86.464,Greece
A,I10,RLPR_HW,EL,2018,83.774,Greece
A,I10,RLPR_HW,EL,2019,85.751,Greece
A,I10,RLPR_HW,EL,2020,88.309,Greece
A,I10,RLPR_HW,EL,2021,85.473,Greece
A,I10,RLPR_HW,EL,2022,85.354,Greece
A,I10,RLPR_HW,EL,2023,85.423,Greece
A,I10,RLPR_HW,EL,2024,86.11,Greece
A,I10,RLPR_HW,ES,2000,92.79,Spain
A,I10,RLPR_HW,ES,2001,92.809,Spain
A,I10,RLPR_HW,ES,2002,92.989,Spain
A,I10,RLPR_HW,ES,2003,93.261,Spain
A,I10,RLPR_HW,ES,2004,93.563,Spain
A,I10,RLPR_HW,ES,2005,93.853,Spain
A,I10,RLPR_HW,ES,2006,94.372,Spain
A,I10,RLPR_HW,ES,2007,95.315,Spain
A,I10,RLPR_HW,ES,2008,95.402,Spain
A,I10,RLPR_HW,ES,2009,97.639,Spain
A,I10,RLPR_HW,ES,2010,100.0,Spain
A,I10,RLPR_HW,ES,2011,101.51,Spain
A,I10,RLPR_HW,ES,2012,103.589,Spain
A,I10,RLPR_HW,ES,2013,105.094,Spain
A,I10,RLPR_HW,ES,2014,105.594,Spain
A,I10,RLPR_HW,ES,2015,106.685,Spain
A,I10,RLPR_HW,ES,2016,107.062,Spain
A,I10,RLPR_HW,ES,2017,107.853,Spain
A,I10,RLPR_HW,ES,2018,107.776,Spain
A,I10,RLPR_HW,ES,2019,108.025,Spain
A,I10,RLPR_HW,ES,2020,108.074,Spain
A,I10,RLPR_HW,ES,2021,107.522,Spain
A,I10,RLPR_HW,ES,2022,108.857,Spain
A,I10,RLPR_HW,ES,2023,108.632,Spain
A,I10,RLPR_HW,ES,2024,109.931,Spain
A,I10,RLPR_HW,EU27_2020,2000,88.885,European Union - 27 countries (from 2020)
A,I10,RLPR_HW,EU27_2020,2001,90.67,European Union - 27 countries (from 2020)
A,I10,RLPR_HW,EU27_2020,2002,92.456,European Union - 27 countries (from 2020)
A,I10,RLPR_HW,EU27_2020,2003,93.381,European Union - 27 countries (from 2020)
A,I10,RLPR_HW,EU27_2020,2004,94.894,European Union - 27 countries (from 2020)
A,I10,RLPR_HW,EU27_2020,2005,96.046,European Union - 27 countries (from 2020)
A,I10,RLPR_HW,EU27_2020,2006,97.696,European Union - 27 countries (from 2020)
A,I10,RLPR_HW,EU27_2020,2007,98.587,European Union - 27 countries (from 2020)
A,I10,RLPR_HW,EU27_2020,2008,98.318,European Union - 27 countries (from 2020)
A,I10,RLPR_HW,EU27_2020,2009,97.219,European Union - 27 countries (from 2020)
A,I10,RLPR_HW,EU27_2020,2010,100.0,European Union - 27 countries (from 2020)
A,I10,RLPR_HW,EU27_2020,2011,101.893,European Union - 27 countries (from 2020)
A,I10,RLPR_HW,EU27_2020,2012,102.363,European Union - 27 countries (from 2020)
A,I10,RLPR_HW,EU27_2020,2013,103.273,European Union - 27 countries (from 2020)
A,I10,RLPR_HW,EU27_2020,2014,104.018,European Union - 27 countries (from 2020)
A,I10,RLPR_HW,EU27_2020,2015,105.509,European Union - 27 countries (from 2020)
A,I10,RLPR_HW,EU27_2020,2016,105.872,European Union - 27 countries (from 2020)
A,I10,RLPR_HW,EU27_2020,2017,107.726,European Union - 27 countries (from 2020)
A,I10,RLPR_HW,EU27_2020,2018,108.515,European Union - 27 countries (from 2020)
A,I10,RLPR_HW,EU27_2020,2019,109.374,European Union - 27 countries (from 2020)
A,I10,RLPR_HW,EU27_2020,2020,110.852,European Union - 27 countries (from 2020)
A,I10,RLPR_HW,EU27_2020,2021,111.513,European Union - 27 countries (from 2020)
A,I10,RLPR_HW,EU27_2020,2022,111.97,European Union - 27 countries (from 2020)
A,I10,RLPR_HW,EU27_2020,2023,111.103,European Union - 27 countries (from 2020)
A,I10,RLPR_HW,EU27_2020,2024,111.437,European Union - 27 countries (from 2020)
A,I10,RLPR_HW,FI,2000,87.36,Finland
A,I10,RLPR_HW,FI,2001,89.07,Finland
A,I10,RLPR_HW,FI,2002,89.86,Finland
A,I10,RLPR_HW,FI,2003,91.783,Finland
A,I10,RLPR_HW,FI,2004,94.886,Finland
A,I10,RLPR_HW,FI,2005,96.668,Finland
A,I10,RLPR_HW,FI,2006,99.011,Finland
A,I10,RLPR_HW,FI,2007,102.244,Finland
A,I10,RLPR_HW,FI,2008,101.055,Finland
A,I10,RLPR_HW,FI,2009,96.553,Finland
A,I10,RLPR_HW,FI,2010,100.0,Finland
A,I10,RLPR_HW,FI,2011,101.375,Finland
A,I10,RLPR_HW,FI,2012,99.964,Finland
A,I10,RLPR_HW,FI,2013,100.261,Finland
A,I10,RLPR_HW,FI,2014,100.588,Finland
A,I10,RLPR_HW,FI,2015,100.84,Finland
A,I10,RLPR_HW,FI,2016,102.876,Finland
A,I10,RLPR_HW,FI,2017,106.06,Finland
A,I10,RLPR_HW,FI,2018,104.725,Finland
A,I10,RLPR_HW,FI,2019,105.292,Finland
A,I10,RLPR_HW,FI,2020,105.66,Finland
A,I10,RLPR_HW,FI,2021,106.183,Finland
A,I10,RLPR_HW,FI,2022,104.331,Finland
A,I10,RLPR_HW,FI,2023,102.827,Finland
A,I10,RLPR_HW,FI,2024,104.618,Finland
A,I10,RLPR_HW,FR,2000,91.014,France
A,I10,RLPR_HW,FR,2001,92.571,France
A,I10,RLPR_HW,FR,2002,95.186,France
A,I10,RLPR_HW,FR,2003,95.84,France
A,I10,RLPR_HW,FR,2004,96.907,France
A,I10,RLPR_HW,FR,2005,97.974,France
A,I10,RLPR_HW,FR,2006,100.552,France
A,I10,RLPR_HW,FR,2007,100.159,France
A,I10,RLPR_HW,FR,2008,99.598,France
A,I10,RLPR_HW,FR,2009,98.65,France
A,I10,RLPR_HW,FR,2010,100.0,France
A,I10,RLPR_HW,FR,2011,101.277,France
A,I10,RLPR_HW,FR,2012,101.486,France
A,I10,RLPR_HW,FR,2013,103.104,France
A,I10,RLPR_HW,FR,2014,104.168,France
A,I10,RLPR_HW,FR,2015,105.005,France
A,I10,RLPR_HW,FR,2016,104.934,France
A,I10,RLPR_HW,FR,2017,106.961,France
A,I10,RLPR_HW,FR,2018,107.097,France
A,I10,RLPR_HW,FR,2019,107.655,France
A,I10,RLPR_HW,FR,2020,107.843,France
A,I10,RLPR_HW,FR,2021,106.377,France
A,I10,RLPR_HW,FR,2022,104.739,France
A,I10,RLPR_HW,FR,2023,105.134,France
A,I10,RLPR_HW,FR,2024,105.166,France
A,I10,RLPR_HW,HR,2000,84.12,Croatia
A,I10,RLPR_HW,HR,2001,87.338,Croatia
A,I10,RLPR_HW,HR,2002,91.731,Croatia
A,I10,RLPR_HW,HR,2003,94.544,Croatia
A,I10,RLPR_HW,HR,2004,97.656,Croatia
A,I10,RLPR_HW,HR,2005,100.959,Croatia
A,I10,RLPR_HW,HR,2006,102.798,Croatia
A,I10,RLPR_HW,HR,2007,104.665,Croatia
A,I10,RLPR_HW,HR,2008,104.509,Croatia
A,I10,RLPR_HW,HR,2009,98.184,Croatia
A,I10,RLPR_HW,HR,2010,100.0,Croatia
A,I10,RLPR_HW,HR,2011,104.139,Croatia
A,I10,RLPR_HW,HR,2012,100.376,Croatia
A,I10,RLPR_HW,HR,2013,103.883,Croatia
A,I10,RLPR_HW,HR,2014,101.144,Croatia
A,I10,RLPR_HW,HR,2015,104.533,Croatia
A,I10,RLPR_HW,HR,2016,107.893,Croatia
A,I10,RLPR_HW,HR,2017,108.894,Croatia
A,I10,RLPR_HW,HR,2018,111.924,Croatia
A,I10,RLPR_HW,HR,2019,113.669,Croatia
A,I10,RLPR_HW,HR,2020,106.612,Croatia
A,I10,RLPR_HW,HR,2021,118.424,Croatia
A,I10,RLPR_HW,HR,2022,125.492,Croatia
A,I10,RLPR_HW,HR,2023,127.274,Croatia
A,I10,RLPR_HW,HR,2024,126.341,Croatia
A,I10,RLPR_HW,HU,2000,71.319,Hungary
A,I10,RLPR_HW,HU,2001,75.407,Hungary
A,I10,RLPR_HW,HU,2002,79.666,Hungary
A,I10,RLPR_HW,HU,2003,82.42,Hungary
A,I10,RLPR_HW,HU,2004,87.223,Hungary
A,I10,RLPR_HW,HU,2005,92.853,Hungary
A,I10,RLPR_HW,HU,2006,96.716,Hungary
A,I10,RLPR_HW,HU,2007,99.052,Hungary
A,I10,RLPR_HW,HU,2008,101.86,Hungary
A,I10,RLPR_HW,HU,2009,98.605,Hungary
A,I10,RLPR_HW,HU,2010,100.0,Hungary
A,I10,RLPR_HW,HU,2011,102.748,Hungary
A,I10,RLPR_HW,HU,2012,101.322,Hungary
A,I10,RLPR_HW,HU,2013,102.142,Hungary
A,I10,RLPR_HW,HU,2014,101.165,Hungary
A,I10,RLPR_HW,HU,2015,102.519,Hungary
A,I10,RLPR_HW,HU,2016,100.812,Hungary
A,I10,RLPR_HW,HU,2017,104.005,Hungary
A,I10,RLPR_HW,HU,2018,108.813,Hungary
A,I10,RLPR_HW,HU,2019,113.531,Hungary
A,I10,RLPR_HW,HU,2020,115.032,Hungary
A,I10,RLPR_HW,HU,2021,118.212,Hungary
A,I10,RLPR_HW,HU,2022,120.511,Hungary
A,I10,RLPR_HW,HU,2023,120.882,Hungary
A,I10,RLPR_HW,HU,2024,121.366,Hungary
A,I10,RLPR_HW,IE,2000,72.95,Ireland
A,I10,RLPR_HW,IE,2001,75.596,Ireland
A,I10,RLPR_HW,IE,2002,79.518,Ireland
A,I10,RLPR_HW,IE,2003,81.759,Ireland
A,I10,RLPR_HW,IE,2004,85.122,Ireland
A,I10,RLPR_HW,IE,2005,85.91,Ireland
A,I10,RLPR_HW,IE,2006,87.291,Ireland
A,I10,RLPR_HW,IE,2007,89.463,Ireland
A,I10,RLPR_HW,IE,2008,88.039,Ireland
A,I10,RLPR_HW,IE,2009,94.042,Ireland
A,I10,RLPR_HW,IE,2010,100.0,Ireland
A,I10,RLPR_HW,IE,2011,103.589,Ireland
A,I10,RLPR_HW,IE,2012,103.894,Ireland
A,I10,RLPR_HW,IE,2013,102.009,Ireland
A,I10,RLPR_HW,IE,2014,107.979,Ireland
A,I10,RLPR_HW,IE,2015,130.593,Ireland
A,I10,RLPR_HW,IE,2016,125.585,Ireland
A,I10,RLPR_HW,IE,2017,132.314,Ireland
A,I10,RLPR_HW,IE,2018,137.244,Ireland
A,I10,RLPR_HW,IE,2019,139.525,Ireland
A,I10,RLPR_HW,IE,2020,164.68,Ireland
A,I10,RLPR_HW,IE,2021,178.36,Ireland
A,I10,RLPR_HW,IE,2022,176.993,Ireland
A,I10,RLPR_HW,IE,2023,168.272,Ireland
A,I10,RLPR_HW,IE,2024,170.793,Ireland
A,I10,RLPR_HW,IT,2000,99.991,Italy
A,I10,RLPR_HW,IT,2001,100.613,Italy
A,I10,RLPR_HW,IT,2002,100.035,Italy
A,I10,RLPR_HW,IT,2003,99.417,Italy
A,I10,RLPR_HW,IT,2004,100.367,Italy
A,I10,RLPR_HW,IT,2005,100.828,Italy
A,I10,RLPR_HW,IT,2006,100.576,Italy
A,I10,RLPR_HW,IT,2007,100.484,Italy
A,I10,RLPR_HW,IT,2008,99.84,Italy
A,I10,RLPR_HW,IT,2009,97.966,Italy
A,I10,RLPR_HW,IT,2010,100.0,Italy
A,I10,RLPR_HW,IT,2011,100.693,Italy
A,I10,RLPR_HW,IT,2012,100.0,Italy
A,I10,RLPR_HW,IT,2013,100.785,Italy
A,I10,RLPR_HW,IT,2014,100.891,Italy
A,I10,RLPR_HW,IT,2015,100.974,Italy
A,I10,RLPR_HW,IT,2016,100.539,Italy
A,I10,RLPR_HW,IT,2017,101.05,Italy
A,I10,RLPR_HW,IT,2018,100.889,Italy
A,I10,RLPR_HW,IT,2019,101.286,Italy
A,I10,RLPR_HW,IT,2020,104.601,Italy
A,I10,RLPR_HW,IT,2021,103.358,Italy
A,I10,RLPR_HW,IT,2022,103.899,Italy
A,I10,RLPR_HW,IT,2023,101.684,Italy
A,I10,RLPR_HW,IT,2024,100.295,Italy
A,I10,RLPR_HW,LT,2000,60.626,Lithuania
A,I10,RLPR_HW,LT,2001,67.577,Lithuania
A,I10,RLPR_HW,LT,2002,70.717,Lithuania
A,I10,RLPR_HW,LT,2003,77.176,Lithuania
A,I10,RLPR_HW,LT,2004,79.067,Lithuania
A,I10,RLPR_HW,LT,2005,84.48,Lithuania
A,I10,RLPR_HW,LT,2006,91.455,Lithuania
A,I10,RLPR_HW,LT,2007,98.0,Lithuania
A,I10,RLPR_HW,LT,2008,100.141,Lithuania
A,I10,RLPR_HW,LT,2009,95.789,Lithuania
A,I10,RLPR_HW,LT,2010,100.0,Lithuania
A,I10,RLPR_HW,LT,2011,107.156,Lithuania
A,I10,RLPR_HW,LT,2012,109.906,Lithuania
A,I10,RLPR_HW,LT,2013,113.813,Lithuania
A,I10,RLPR_HW,LT,2014,116.278,Lithuania
A,I10,RLPR_HW,LT,2015,116.277,Lithuania
A,I10,RLPR_HW,LT,2016,115.285,Lithuania
A,I10,RLPR_HW,LT,2017,124.215,Lithuania
A,I10,RLPR_HW,LT,2018,128.005,Lithuania
A,I10,RLPR_HW,LT,2019,133.167,Lithuania
A,I10,RLPR_HW,LT,2020,141.269,Lithuania
A,I10,RLPR_HW,LT,2021,146.207,Lithuania
A,I10,RLPR_HW,LT,2022,142.225,Lithuania
A,I10,RLPR_HW,LT,2023,139.93,Lithuania
A,I10,RLPR_HW,LT,2024,140.373,Lithuania
A,I10,RLPR_HW,LU,2000,96.346,Luxembourg
A,I10,RLPR_HW,LU,2001,94.639,Luxembourg
A,I10,RLPR_HW,LU,2002,95.363,Luxembourg
A,I10,RLPR_HW,LU,2003,96.06,Luxembourg
A,I10,RLPR_HW,LU,2004,97.842,Luxembourg
A,I10,RLPR_HW,LU,2005,98.814,Luxembourg
A,I10,RLPR_HW,LU,2006,100.867,Luxembourg
A,I10,RLPR_HW,LU,2007,103.545,Luxembourg
A,I10,RLPR_HW,LU,2008,98.543,Luxembourg
A,I10,RLPR_HW,LU,2009,98.344,Luxembourg
A,I10,RLPR_HW,LU,2010,100.0,Luxembourg
A,I10,RLPR_HW,LU,2011,98.239,Luxembourg
A,I10,RLPR_HW,LU,2012,97.855,Luxembourg
A,I10,RLPR_HW,LU,2013,99.645,Luxembourg
A,I10,RLPR_HW,LU,2014,99.397,Luxembourg
A,I10,RLPR_HW,LU,2015,98.632,Luxembourg
A,I10,RLPR_HW,LU,2016,100.595,Luxembourg
A,I10,RLPR_HW,LU,2017,99.105,Luxembourg
A,I10,RLPR_HW,LU,2018,97.889,Luxembourg
A,I10,RLPR_HW,LU,2019,97.474,Luxembourg
A,I10,RLPR_HW,LU,2020,102.507,Luxembourg
A,I10,RLPR_HW,LU,2021,100.225,Luxembourg
A,I10,RLPR_HW,LU,2022,96.198,Luxembourg
A,I10,RLPR_HW,LU,2023,94.789,Luxembourg
A,I10,RLPR_HW,LU,2024,94.151,Luxembourg
A,I10,RLPR_HW,LV,2000,56.451,Latvia
A,I10,RLPR_HW,LV,2001,58.888,Latvia
A,I10,RLPR_HW,LV,2002,63.542,Latvia
A,I10,RLPR_HW,LV,2003,68.681,Latvia
A,I10,RLPR_HW,LV,2004,75.891,Latvia
A,I10,RLPR_HW,LV,2005,82.138,Latvia
A,I10,RLPR_HW,LV,2006,88.257,Latvia
A,I10,RLPR_HW,LV,2007,95.716,Latvia
A,I10,RLPR_HW,LV,2008,95.528,Latvia
A,I10,RLPR_HW,LV,2009,96.037,Latvia
A,I10,RLPR_HW,LV,2010,100.0,Latvia
A,I10,RLPR_HW,LV,2011,100.635,Latvia
A,I10,RLPR_HW,LV,2012,107.413,Latvia
A,I10,RLPR_HW,LV,2013,107.56,Latvia
A,I10,RLPR_HW,LV,2014,110.701,Latvia
A,I10,RLPR_HW,LV,2015,115.478,Latvia
A,I10,RLPR_HW,LV,2016,118.739,Latvia
A,I10,RLPR_HW,LV,2017,123.858,Latvia
A,I10,RLPR_HW,LV,2018,125.777,Latvia
A,I10,RLPR_HW,LV,2019,124.153,Latvia
A,I10,RLPR_HW,LV,2020,127.575,Latvia
A,I10,RLPR_HW,LV,2021,135.869,Latvia
A,I10,RLPR_HW,LV,2022,135.408,Latvia
A,I10,RLPR_HW,LV,2023,134.046,Latvia
A,I10,RLPR_HW,LV,2024,135.288,Latvia
A,I10,RLPR_HW,MT,2000,82.196,Malta
A,I10,RLPR_HW,MT,2001,81.731,Malta
A,I10,RLPR_HW,MT,2002,83.538,Malta
A,I10,RLPR_HW,MT,2003,86.457,Malta
A,I10,RLPR_HW,MT,2004,89.886,Malta
A,I10,RLPR_HW,MT,2005,91.564,Malta
A,I10,RLPR_HW,MT,2006,91.698,Malta
A,I10,RLPR_HW,MT,2007,93.15,Malta
A,I10,RLPR_HW,MT,2008,94.689,Malta
A,I10,RLPR_HW,MT,2009,93.241,Malta
A,I10,RLPR_HW,MT,2010,100.0,Malta
A,I10,RLPR_HW,MT,2011,101.283,Malta
A,I10,RLPR_HW,MT,2012,104.586,Malta
A,I10,RLPR_HW,MT,2013,107.437,Malta
A,I10,RLPR_HW,MT,2014,112.122,Malta
A,I10,RLPR_HW,MT,2015,118.413,Malta
A,I10,RLPR_HW,MT,2016,113.404,Malta
A,I10,RLPR_HW,MT,2017,123.125,Malta
A,I10,RLPR_HW,MT,2018,121.789,Malta
A,I10,RLPR_HW,MT,2019,115.89,Malta
A,I10,RLPR_HW,MT,2020,117.492,Malta
A,I10,RLPR_HW,MT,2021,128.823,Malta
A,I10,RLPR_HW,MT,2022,125.449,Malta
A,I10,RLPR_HW,MT,2023,129.721,Malta
A,I10,RLPR_HW,MT,2024,132.719,Malta
A,I10,RLPR_HW,NL,2000,90.535,Netherlands
A,I10,RLPR_HW,NL,2001,91.453,Netherlands
A,I10,RLPR_HW,NL,2002,92.148,Netherlands
A,I10,RLPR_HW,NL,2003,93.33,Netherlands
A,I10,RLPR_HW,NL,2004,94.914,Netherlands
A,I10,RLPR_HW,NL,2005,97.156,Netherlands
A,I10,RLPR_HW,NL,2006,98.716,Netherlands
A,I10,RLPR_HW,NL,2007,99.699,Netherlands
A,I10,RLPR_HW,NL,2008,100.223,Netherlands
A,I10,RLPR_HW,NL,2009,97.986,Netherlands
A,I10,RLPR_HW,NL,2010,100.0,Netherlands
A,I10,RLPR_HW,NL,2011,100.916,Netherlands
A,I10,RLPR_HW,NL,2012,100.825,Netherlands
A,I10,RLPR_HW,NL,2013,101.687,Netherlands
A,I10,RLPR_HW,NL,2014,102.629,Netherlands
A,I10,RLPR_HW,NL,2015,103.978,Netherlands
A,I10,RLPR_HW,NL,2016,103.992,Netherlands
A,I10,RLPR_HW,NL,2017,104.457,Netherlands
A,I10,RLPR_HW,NL,2018,104.025,Netherlands
A,I10,RLPR_HW,NL,2019,103.668,Netherlands
A,I10,RLPR_HW,NL,2020,104.058,Netherlands
A,I10,RLPR_HW,NL,2021,105.678,Netherlands
A,I10,RLPR_HW,NL,2022,106.866,Netherlands
A,I10,RLPR_HW,NL,2023,104.932,Netherlands
A,I10,RLPR_HW,NL,2024,104.274,Netherlands
A,I10,RLPR_HW,PL,2000,71.766,Poland
A,I10,RLPR_HW,PL,2001,74.227,Poland
A,I10,RLPR_HW,PL,2002,78.189,Poland
A,I10,RLPR_HW,PL,2003,81.673,Poland
A,I10,RLPR_HW,PL,2004,84.854,Poland
A,I10,RLPR_HW,PL,2005,85.998,Poland
A,I10,RLPR_HW,PL,2006,88.452,Poland
A,I10,RLPR_HW,PL,2007,90.499,Poland
A,I10,RLPR_HW,PL,2008,91.36,Poland
A,I10,RLPR_HW,PL,2009,94.117,Poland
A,I10,RLPR_HW,PL,2010,100.0,Poland
A,I10,RLPR_HW,PL,2011,104.929,Poland
A,I10,RLPR_HW,PL,2012,106.666,Poland
A,I10,RLPR_HW,PL,2013,107.665,Poland
A,I10,RLPR_HW,PL,2014,109.632,Poland
A,I10,RLPR_HW,PL,2015,112.354,Poland
A,I10,RLPR_HW,PL,2016,114.689,Poland
A,I10,RLPR_HW,PL,2017,120.304,Poland
A,I10,RLPR_HW,PL,2018,128.855,Poland
A,I10,RLPR_HW,PL,2019,130.914,Poland
A,I10,RLPR_HW,PL,2020,129.242,Poland
A,I10,RLPR_HW,PL,2021,130.741,Poland
A,I10,RLPR_HW,PL,2022,136.792,Poland
A,I10,RLPR_HW,PL,2023,137.876,Poland
A,I10,RLPR_HW,PL,2024,144.918,Poland
A,I10,RLPR_HW,PT,2000,88.586,Portugal
A,I10,RLPR_HW,PT,2001,89.53,Portugal
A,I10,RLPR_HW,PT,2002,90.201,Portugal
A,I10,RLPR_HW,PT,2003,90.569,Portugal
A,I10,RLPR_HW,PT,2004,92.545,Portugal
A,I10,RLPR_HW,PT,2005,93.596,Portugal
A,I10,RLPR_HW,PT,2006,95.336,Portugal
A,I10,RLPR_HW,PT,2007,96.832,Portugal
A,I10,RLPR_HW,PT,2008,97.458,Portugal
A,I10,RLPR_HW,PT,2009,97.038,Portugal
A,I10,RLPR_HW,PT,2010,100.0,Portugal
A,I10,RLPR_HW,PT,2011,101.658,Portugal
A,I10,RLPR_HW,PT,2012,102.911,Portugal
A,I10,RLPR_HW,PT,2013,104.316,Portugal
A,I10,RLPR_HW,PT,2014,103.036,Portugal
A,I10,RLPR_HW,PT,2015,102.768,Portugal
A,I10,RLPR_HW,PT,2016,102.679,Portugal
A,I10,RLPR_HW,PT,2017,103.301,Portugal
A,I10,RLPR_HW,PT,2018,103.261,Portugal
A,I10,RLPR_HW,PT,2019,104.954,Portugal
A,I10,RLPR_HW,PT,2020,104.951,Portugal
A,I10,RLPR_HW,PT,2021,106.023,Portugal
A,I10,RLPR_HW,PT,2022,106.82,Portugal
A,I10,RLPR_HW,PT,2023,105.039,Portugal
A,I10,RLPR_HW,PT,2024,106.435,Portugal
A,I10,RLPR_HW,RO,2000,53.198,Romania
A,I10,RLPR_HW,RO,2001,56.59,Romania
A,I10,RLPR_HW,RO,2002,66.062,Romania
A,I10,RLPR_HW,RO,2003,68.75,Romania
A,I10,RLPR_HW,RO,2004,76.999,Romania
A,I10,RLPR_HW,RO,2005,81.256,Romania
A,I10,RLPR_HW,RO,2006,87.873,Romania
A,I10,RLPR_HW,RO,2007,92.693,Romania
A,I10,RLPR_HW,RO,2008,102.983,Romania
A,I10,RLPR_HW,RO,2009,102.091,Romania
A,I10,RLPR_HW,RO,2010,100.0,Romania
A,I10,RLPR_HW,RO,2011,106.48,Romania
A,I10,RLPR_HW,RO,2012,109.196,Romania
A,I10,RLPR_HW,RO,2013,110.781,Romania
A,I10,RLPR_HW,RO,2014,115.359,Romania
A,I10,RLPR_HW,RO,2015,120.984,Romania
A,I10,RLPR_HW,RO,2016,124.238,Romania
A,I10,RLPR_HW,RO,2017,132.988,Romania
A,I10,RLPR_HW,RO,2018,139.945,Romania
A,I10,RLPR_HW,RO,2019,144.008,Romania
A,I10,RLPR_HW,RO,2020,145.512,Romania
A,I10,RLPR_HW,RO,2021,146.872,Romania
A,I10,RLPR_HW,RO,2022,153.665,Romania
A,I10,RLPR_HW,RO,2023,160.438,Romania
A,I10,RLPR_HW,RO,2024,155.776,Romania
A,I10,RLPR_HW,SE,2000,85.114,Sweden
A,I10,RLPR_HW,SE,2001,85.708,Sweden
A,I10,RLPR_HW,SE,2002,88.882,Sweden
A,I10,RLPR_HW,SE,2003,91.836,Sweden
A,I10,RLPR_HW,SE,2004,94.805,Sweden
A,I10,RLPR_HW,SE,2005,97.548,Sweden
A,I10,RLPR_HW,SE,2006,100.312,Sweden
A,I10,RLPR_HW,SE,2007,100.421,Sweden
A,I10,RLPR_HW,SE,2008,98.14,Sweden
A,I10,RLPR_HW,SE,2009,96.824,Sweden
A,I10,RLPR_HW,SE,2010,100.0,Sweden
A,I10,RLPR_HW,SE,2011,100.78,Sweden
A,I10,RLPR_HW,SE,2012,100.479,Sweden
A,I10,RLPR_HW,SE,2013,101.193,Sweden
A,I10,RLPR_HW,SE,2014,101.965,Sweden
A,I10,RLPR_HW,SE,2015,104.753,Sweden
A,I10,RLPR_HW,SE,2016,104.114,Sweden
A,I10,RLPR_HW,SE,2017,104.339,Sweden
A,I10,RLPR_HW,SE,2018,104.493,Sweden
A,I10,RLPR_HW,SE,2019,107.529,Sweden
A,I10,RLPR_HW,SE,2020,108.977,Sweden
A,I10,RLPR_HW,SE,2021,111.763,Sweden
A,I10,RLPR_HW,SE,2022,109.751,Sweden
A,I10,RLPR_HW,SE,2023,108.383,Sweden
A,I10,RLPR_HW,SE,2024,111.148,Sweden
A,I10,RLPR_HW,SI,2000,79.352,Slovenia
A,I10,RLPR_HW,SI,2001,81.813,Slovenia
A,I10,RLPR_HW,SI,2002,82.172,Slovenia
A,I10,RLPR_HW,SI,2003,84.95,Slovenia
A,I10,RLPR_HW,SI,2004,87.655,Slovenia
A,I10,RLPR_HW,SI,2005,93.632,Slovenia
A,I10,RLPR_HW,SI,2006,99.336,Slovenia
A,I10,RLPR_HW,SI,2007,103.756,Slovenia
A,I10,RLPR_HW,SI,2008,103.476,Slovenia
A,I10,RLPR_HW,SI,2009,96.895,Slovenia
A,I10,RLPR_HW,SI,2010,100.0,Slovenia
A,I10,RLPR_HW,SI,2011,103.418,Slovenia
A,I10,RLPR_HW,SI,2012,102.499,Slovenia
A,I10,RLPR_HW,SI,2013,101.704,Slovenia
A,I10,RLPR_HW,SI,2014,102.872,Slovenia
A,I10,RLPR_HW,SI,2015,103.631,Slovenia
A,I10,RLPR_HW,SI,2016,107.049,Slovenia
A,I10,RLPR_HW,SI,2017,111.494,Slovenia
A,I10,RLPR_HW,SI,2018,114.109,Slovenia
A,I10,RLPR_HW,SI,2019,115.414,Slovenia
A,I10,RLPR_HW,SI,2020,116.461,Slovenia
A,I10,RLPR_HW,SI,2021,119.898,Slovenia
A,I10,RLPR_HW,SI,2022,118.371,Slovenia
A,I10,RLPR_HW,SI,2023,121.123,Slovenia
A,I10,RLPR_HW,SI,2024,120.235,Slovenia
A,I10,RLPR_HW,SK,2000,65.641,Slovakia
A,I10,RLPR_HW,SK,2001,67.729,Slovakia
A,I10,RLPR_HW,SK,2002,72.534,Slovakia
A,I10,RLPR_HW,SK,2003,77.747,Slovakia
A,I10,RLPR_HW,SK,2004,80.032,Slovakia
A,I10,RLPR_HW,SK,2005,82.565,Slovakia
A,I10,RLPR_HW,SK,2006,87.854,Slovakia
A,I10,RLPR_HW,SK,2007,94.474,Slovakia
A,I10,RLPR_HW,SK,2008,96.316,Slovakia
A,I10,RLPR_HW,SK,2009,93.509,Slovakia
A,I10,RLPR_HW,SK,2010,100.0,Slovakia
A,I10,RLPR_HW,SK,2011,101.457,Slovakia
A,I10,RLPR_HW,SK,2012,103.225,Slovakia
A,I10,RLPR_HW,SK,2013,105.797,Slovakia
A,I10,RLPR_HW,SK,2014,107.882,Slovakia
A,I10,RLPR_HW,SK,2015,111.618,Slovakia
A,I10,RLPR_HW,SK,2016,112.046,Slovakia
A,I10,RLPR_HW,SK,2017,114.505,Slovakia
A,I10,RLPR_HW,SK,2018,117.486,Slovakia
A,I10,RLPR_HW,SK,2019,119.756,Slovakia
A,I10,RLPR_HW,SK,2020,127.98,Slovakia
A,I10,RLPR_HW,SK,2021,135.19,Slovakia
A,I10,RLPR_HW,SK,2022,131.195,Slovakia
A,I10,RLPR_HW,SK,2023,132.413,Slovakia
A,I10,RLPR_HW,SK,2024,134.729,Slovakia
A,I15,HW_EMP,AT,2000,112.388,Austria
A,I15,HW_EMP,AT,2001,111.54,Austria
A,I15,HW_EMP,AT,2002,111.37,Austria
A,I15,HW_EMP,AT,2003,110.833,Austria
A,I15,HW_EMP,AT,2004,110.984,Austria
A,I15,HW_EMP,AT,2005,109.44,Austria
A,I15,HW_EMP,AT,2006,108.39,Austria
A,I15,HW_EMP,AT,2007,107.744,Austria
A,I15,HW_EMP,AT,2008,107.312,Austria
A,I15,HW_EMP,AT,2009,104.398,Austria
A,I15,HW_EMP,AT,2010,103.981,Austria
A,I15,HW_EMP,AT,2011,104.364,Austria
A,I15,HW_EMP,AT,2012,102.846,Austria
A,I15,HW_EMP,AT,2013,101.905,Austria
A,I15,HW_EMP,AT,2014,101.369,Austria
A,I15,HW_EMP,AT,2015,100.0,Austria
A,I15,HW_EMP,AT,2016,100.826,Austria
A,I15,HW_EMP,AT,2017,100.173,Austria
A,I15,HW_EMP,AT,2018,100.439,Austria
A,I15,HW_EMP,AT,2019,100.938,Austria
A,I15,HW_EMP,AT,2020,93.573,Austria
A,I15,HW_EMP,AT,2021,96.266,Austria
A,I15,HW_EMP,AT,2022,96.108,Austria
A,I15,HW_EMP,AT,2023,95.938,Austria
A,I15,HW_EMP,AT,2024,95.998,Austria
A,I15,HW_EMP,BE,2000,100.442,Belgium
A,I15,HW_EMP,BE,2001,99.945,Belgium
A,I15,HW_EMP,BE,2002,100.729,Belgium
A,I15,HW_EMP,BE,2003,101.019,Belgium
A,I15,HW_EMP,BE,2004,100.36,Belgium
A,I15,HW_EMP,BE,2005,99.72,Belgium
A,I15,HW_EMP,BE,2006,100.602,Belgium
A,I15,HW_EMP,BE,2007,100.73,Belgium
A,I15,HW_EMP,BE,2008,100.025,Belgium
A,I15,HW_EMP,BE,2009,98.866,Belgium
A,I15,HW_EMP,BE,2010,99.753,Belgium
A,I15,HW_EMP,BE,2011,100.796,Belgium
A,I15,HW_EMP,BE,2012,100.659,Belgium
A,I15,HW_EMP,BE,2013,100.594,Belgium
A,I15,HW_EMP,BE,2014,100.368,Belgium
A,I15,HW_EMP,BE,2015,100.0,Belgium
A,I15,HW_EMP,BE,2016,100.005,Belgium
A,I15,HW_EMP,BE,2017,100.144,Belgium
A,I15,HW_EMP,BE,2018,100.341,Belgium
A,I15,HW_EMP,BE,2019,100.335,Belgium
A,I15,HW_EMP,BE,2020,92.218,Belgium
A,I15,HW_EMP,BE,2021,98.033,Belgium
A,I15,HW_EMP,BE,2022,100.528,Belgium
A,I15,HW_EMP,BE,2023,100.586,Belgium
A,I15,HW_EMP,BE,2024,100.074,Belgium
A,I15,HW_EMP,BG,2000,99.749,Bulgaria
A,I15,HW_EMP,BG,2001,100.455,Bulgaria
A,I15,HW_EMP,BG,2002,100.418,Bulgaria
A,I15,HW_EMP,BG,2003,99.765,Bulgaria
A,I15,HW_EMP,BG,2004,101.174,Bulgaria
A,I15,HW_EMP,BG,2005,100.867,Bulgaria
A,I15,HW_EMP,BG,2006,100.591,Bulgaria
A,I15,HW_EMP,BG,2007,100.616,Bulgaria
A,I15,HW_EMP,BG,2008,102.993,Bulgaria
A,I15,HW_EMP,BG,2009,100.115,Bulgaria
A,I15,HW_EMP,BG,2010,100.028,Bulgaria
A,I15,HW_EMP,BG,2011,99.952,Bulgaria
A,I15,HW_EMP,BG,2012,100.004,Bulgaria
A,I15,HW_EMP,BG,2013,100.036,Bulgaria
A,I15,HW_EMP,BG,2014,99.98,Bulgaria
A,I15,HW_EMP,BG,2015,100.0,Bulgaria
A,I15,HW_EMP,BG,2016,99.949,Bulgaria
A,I15,HW_EMP,BG,2017,99.932,Bulgaria
A,I15,HW_EMP,BG,2018,100.011,Bulgaria
A,I15,HW_EMP,BG,2019,100.176,Bulgaria
A,I15,HW_EMP,BG,2020,97.853,Bulgaria
A,I15,HW_EMP,BG,2021,98.558,Bulgaria
A,I15,HW_EMP,BG,2022,98.455,Bulgaria
A,I15,HW_EMP,BG,2023,100.909,Bulgaria
A,I15,HW_EMP,BG,2024,98.838,Bulgaria
A,I15,HW_EMP,CY,2000,105.592,Cyprus
A,I15,HW_EMP,CY,2001,106.936,Cyprus
A,I15,HW_EMP,CY,2002,105.42,Cyprus
A,I15,HW_EMP,CY,2003,105.028,Cyprus
A,I15,HW_EMP,CY,2004,102.972,Cyprus
A,I15,HW_EMP,CY,2005,101.259,Cyprus
A,I15,HW_EMP,CY,2006,100.47,Cyprus
A,I15,HW_EMP,CY,2007,102.068,Cyprus
A,I15,HW_EMP,CY,2008,102.377,Cyprus
A,I15,HW_EMP,CY,2009,101.247,Cyprus
A,I15,HW_EMP,CY,2010,101.132,Cyprus
A,I15,HW_EMP,CY,2011,101.256,Cyprus
A,I15,HW_EMP,CY,2012,101.147,Cyprus
A,I15,HW_EMP,CY,2013,99.229,Cyprus
A,I15,HW_EMP,CY,2014,99.512,Cyprus
A,I15,HW_EMP,CY,2015,100.0,Cyprus
A,I15,HW_EMP,CY,2016,100.841,Cyprus
A,I15,HW_EMP,CY,2017,99.843,Cyprus
A,I15,HW_EMP,CY,2018,99.026,Cyprus
A,I15,HW_EMP,CY,2019,99.358,Cyprus
A,I15,HW_EMP,CY,2020,94.573,Cyprus
A,I15,HW_EMP,CY,2021,99.63,Cyprus
A,I15,HW_EMP,CY,2022,100.653,Cyprus
A,I15,HW_EMP,CY,2023,100.606,Cyprus
A,I15,HW_EMP,CY,2024,100.843,Cyprus
A,I15,HW_EMP,CZ,2000,108.613,Czechia
A,I15,HW_EMP,CZ,2001,104.203,Czechia
A,I15,HW_EMP,CZ,2002,103.58,Czechia
A,I15,HW_EMP,CZ,2003,102.829,Czechia
A,I15,HW_EMP,CZ,2004,103.65,Czechia
A,I15,HW_EMP,CZ,2005,103.027,Czechia
A,I15,HW_EMP,CZ,2006,102.251,Czechia
A,I15,HW_EMP,CZ,2007,101.426,Czechia
A,I15,HW_EMP,CZ,2008,102.261,Czechia
A,I15,HW_EMP,CZ,2009,101.692,Czechia
A,I15,HW_EMP,CZ,2010,102.806,Czechia
A,I15,HW_EMP,CZ,2011,103.147,Czechia
A,I15,HW_EMP,CZ,2012,101.411,Czechia
A,I15,HW_EMP,CZ,2013,100.657,Czechia
A,I15,HW_EMP,CZ,2014,101.262,Czechia
A,I15,HW_EMP,CZ,2015,100.0,Czechia
A,I15,HW_EMP,CZ,2016,101.341,Czechia
A,I15,HW_EMP,CZ,2017,101.482,Czechia
A,I15,HW_EMP,CZ,2018,101.934,Czechia
A,I15,HW_EMP,CZ,2019,101.911,Czechia
A,I15,HW_EMP,CZ,2020,95.607,Czechia
A,I15,HW_EMP,CZ,2021,98.392,Czechia
A,I15,HW_EMP,CZ,2022,101.697,Czechia
A,I15,HW_EMP,CZ,2023,101.875,Czechia
A,I15,HW_EMP,CZ,2024,102.939,Czechia
A,I15,HW_EMP,DE,2000,104.491,Germany
A,I15,HW_EMP,DE,2001,103.979,Germany
A,I15,HW_EMP,DE,2002,103.335,Germany
A,I15,HW_EMP,DE,2003,102.959,Germany
A,I15,HW_EMP,DE,2004,102.93,Germany
A,I15,HW_EMP,DE,2005,102.162,Germany
A,I15,HW_EMP,DE,2006,103.627,Germany
A,I15,HW_EMP,DE,2007,103.729,Germany
A,I15,HW_EMP,DE,2008,103.232,Germany
A,I15,HW_EMP,DE,2009,100.37,Germany
A,I15,HW_EMP,DE,2010,101.697,Germany
A,I15,HW_EMP,DE,2011,101.826,Germany
A,I15,HW_EMP,DE,2012,100.314,Germany
A,I15,HW_EMP,DE,2013,99.582,Germany
A,I15,HW_EMP,DE,2014,99.887,Germany
A,I15,HW_EMP,DE,2015,100.0,Germany
A,I15,HW_EMP,DE,2016,99.589,Germany
A,I15,HW_EMP,DE,2017,99.045,Germany
A,I15,HW_EMP,DE,2018,98.511,Germany
A,I15,HW_EMP,DE,2019,97.892,Germany
A,I15,HW_EMP,DE,2020,93.72,Germany
A,I15,HW_EMP,DE,2021,95.693,Germany
A,I15,HW_EMP,DE,2022,96.181,Germany
A,I15,HW_EMP,DE,2023,95.738,Germany
A,I15,HW_EMP,DE,2024,95.964,Germany
A,I15,HW_EMP,DK,2000,104.197,Denmark
A,I15,HW_EMP,DK,2001,104.391,Denmark
A,I15,HW_EMP,DK,2002,103.958,Denmark
A,I15,HW_EMP,DK,2003,103.62,Denmark
A,I15,HW_EMP,DK,2004,103.638,Denmark
A,I15,HW_EMP,DK,2005,103.161,Denmark
A,I15,HW_EMP,DK,2006,103.469,Denmark
A,I15,HW_EMP,DK,2007,101.839,Denmark
A,I15,HW_EMP,DK,2008,101.64,Denmark
A,I15,HW_EMP,DK,2009,100.709,Denmark
A,I15,HW_EMP,DK,2010,101.094,Denmark
A,I15,HW_EMP,DK,2011,102.128,Denmark
A,I15,HW_EMP,DK,2012,101.164,Denmark
A,I15,HW_EMP,DK,2013,101.34,Denmark
A,I15,HW_EMP,DK,2014,100.481,Denmark
A,I15,HW_EMP,DK,2015,100.0,Denmark
A,I15,HW_EMP,DK,2016,100.364,Denmark
A,I15,HW_EMP,DK,2017,99.8,Denmark
A,I15,HW_EMP,DK,2018,98.144,Denmark
A,I15,HW_EMP,DK,2019,97.547,Denmark
A,I15,HW_EMP,DK,2020,95.288,Denmark
A,I15,HW_EMP,DK,2021,98.716,Denmark
A,I15,HW_EMP,DK,2022,98.481,Denmark
A,I15,HW_EMP,DK,2023,97.568,Denmark
A,I15,HW_EMP,DK,2024,97.088,Denmark
A,I15,HW_EMP,EE,2000,106.819,Estonia
A,I15,HW_EMP,EE,2001,106.42,Estonia
A,I15,HW_EMP,EE,2002,106.539,Estonia
A,I15,HW_EMP,EE,2003,106.844,Estonia
A,I15,HW_EMP,EE,2004,107.282,Estonia
A,I15,HW_EMP,EE,2005,108.466,Estonia
A,I15,HW_EMP,EE,2006,108.067,Estonia
A,I15,HW_EMP,EE,2007,107.932,Estonia
A,I15,HW_EMP,EE,2008,106.273,Estonia
A,I15,HW_EMP,EE,2009,98.948,Estonia
A,I15,HW_EMP,EE,2010,101.247,Estonia
A,I15,HW_EMP,EE,2011,103.632,Estonia
A,I15,HW_EMP,EE,2012,101.84,Estonia
A,I15,HW_EMP,EE,2013,100.768,Estonia
A,I15,HW_EMP,EE,2014,100.422,Estonia
A,I15,HW_EMP,EE,2015,100.0,Estonia
A,I15,HW_EMP,EE,2016,100.193,Estonia
A,I15,HW_EMP,EE,2017,100.274,Estonia
A,I15,HW_EMP,EE,2018,96.824,Estonia
A,I15,HW_EMP,EE,2019,96.086,Estonia
A,I15,HW_EMP,EE,2020,92.851,Estonia
A,I15,HW_EMP,EE,2021,92.182,Estonia
A,I15,HW_EMP,EE,2022,90.836,Estonia
A,I15,HW_EMP,EE,2023,91.065,Estonia
A,I15,HW_EMP,EE,2024,91.369,Estonia
A,I15,HW_EMP,EL,2000,105.349,Greece
A,I15,HW_EMP,EL,2001,104.938,Greece
A,I15,HW_EMP,EL,2002,104.416,Greece
A,I15,HW_EMP,EL,2003,104.328,Greece
A,I15,HW_EMP,EL,2004,103.524,Greece
A,I15,HW_EMP,EL,2005,106.055,Greece
A,I15,HW_EMP,EL,2006,105.26,Greece
A,I15,HW_EMP,EL,2007,104.677,Greece
A,I15,HW_EMP,EL,2008,104.037,Greece
A,I15,HW_EMP,EL,2009,102.805,Greece
A,I15,HW_EMP,EL,2010,99.798,Greece
A,I15,HW_EMP,EL,2011,100.787,Greece
A,I15,HW_EMP,EL,2012,102.84,Greece
A,I15,HW_EMP,EL,2013,103.184,Greece
A,I15,HW_EMP,EL,2014,100.741,Greece
A,I15,HW_EMP,EL,2015,100.0,Greece
A,I15,HW_EMP,EL,2016,100.4,Greece
A,I15,HW_EMP,EL,2017,100.618,Greece
A,I15,HW_EMP,EL,2018,101.349,Greece
A,I15,HW_EMP,EL,2019,99.101,Greece
A,I15,HW_EMP,EL,2020,89.687,Greece
A,I15,HW_EMP,EL,2021,95.804,Greece
A,I15,HW_EMP,EL,2022,97.782,Greece
A,I15,HW_EMP,EL,2023,97.877,Greece
A,I15,HW_EMP,EL,2024,98.21,Greece
A,I15,HW_EMP,ES,2000,103.736,Spain
A,I15,HW_EMP,ES,2001,104.301,Spain
A,I15,HW_EMP,ES,2002,104.276,Spain
A,I15,HW_EMP,ES,2003,103.628,Spain
A,I15,HW_EMP,ES,2004,102.668,Spain
A,I15,HW_EMP,ES,2005,101.657,Spain
A,I15,HW_EMP,ES,2006,101.011,Spain
A,I15,HW_EMP,ES,2007,100.29,Spain
A,I15,HW_EMP,ES,2008,100.894,Spain
A,I15,HW_EMP,ES,2009,101.254,Spain
A,I15,HW_EMP,ES,2010,100.784,Spain
A,I15,HW_EMP,ES,2011,101.103,Spain
A,I15,HW_EMP,ES,2012,100.548,Spain
A,I15,HW_EMP,ES,2013,99.891,Spain
A,I15,HW_EMP,ES,2014,99.893,Spain
A,I15,HW_EMP,ES,2015,100.0,Spain
A,I15,HW_EMP,ES,2016,100.407,Spain
A,I15,HW_EMP,ES,2017,99.931,Spain
A,I15,HW_EMP,ES,2018,100.209,Spain
A,I15,HW_EMP,ES,2019,99.306,Spain
A,I15,HW_EMP,ES,2020,92.468,Spain
A,I15,HW_EMP,ES,2021,96.658,Spain
A,I15,HW_EMP,ES,2022,97.871,Spain
A,I15,HW_EMP,ES,2023,97.314,Spain
A,I15,HW_EMP,ES,2024,97.251,Spain
A,I15,HW_EMP,EU27_2020,2000,104.628,European Union - 27 countries (from 2020)
A,I15,HW_EMP,EU27_2020,2001,104.003,European Union - 27 countries (from 2020)
A,I15,HW_EMP,EU27_2020,2002,103.229,European Union - 27 countries (from 2020)
A,I15,HW_EMP,EU27_2020,2003,102.783,European Union - 27 countries (from 2020)
A,I15,HW_EMP,EU27_2020,2004,103.22,European Union - 27 countries (from 2020)
A,I15,HW_EMP,EU27_2020,2005,102.909,European Union - 27 countries (from 2020)
A,I15,HW_EMP,EU27_2020,2006,102.798,European Union - 27 countries (from 2020)
A,I15,HW_EMP,EU27_2020,2007,102.927,European Union - 27 countries (from 2020)
A,I15,HW_EMP,EU27_2020,2008,102.844,European Union - 27 countries (from 2020)
A,I15,HW_EMP,EU27_2020,2009,101.403,European Union - 27 countries (from 2020)
A,I15,HW_EMP,EU27_2020,2010,101.63,European Union - 27 countries (from 2020)
A,I15,HW_EMP,EU27_2020,2011,101.619,European Union - 27 countries (from 2020)
A,I15,HW_EMP,EU27_2020,2012,100.611,European Union - 27 countries (from 2020)
A,I15,HW_EMP,EU27_2020,2013,100.053,European Union - 27 countries (from 2020)
A,I15,HW_EMP,EU27_2020,2014,100.045,European Union - 27 countries (from 2020)
A,I15,HW_EMP,EU27_2020,2015,100.0,European Union - 27 countries (from 2020)
A,I15,HW_EMP,EU27_2020,2016,100.265,European Union - 27 countries (from 2020)
A,I15,HW_EMP,EU27_2020,2017,99.711,European Union - 27 countries (from 2020)
A,I15,HW_EMP,EU27_2020,2018,99.569,European Union - 27 countries (from 2020)
A,I15,HW_EMP,EU27_2020,2019,99.364,European Union - 27 countries (from 2020)
A,I15,HW_EMP,EU27_2020,2020,93.861,European Union - 27 countries (from 2020)
A,I15,HW_EMP,EU27_2020,2021,97.664,European Union - 27 countries (from 2020)
A,I15,HW_EMP,EU27_2020,2022,98.571,European Union - 27 countries (from 2020)
A,I15,HW_EMP,EU27_2020,2023,98.534,European Union - 27 countries (from 2020)
A,I15,HW_EMP,EU27_2020,2024,98.654,European Union - 27 countries (from 2020)
A,I15,HW_EMP,FI,2000,106.236,Finland
A,I15,HW_EMP,FI,2001,105.314,Finland
A,I15,HW_EMP,FI,2002,104.852,Finland
A,I15,HW_EMP,FI,2003,104.472,Finland
A,I15,HW_EMP,FI,2004,104.552,Finland
A,I15,HW_EMP,FI,2005,103.888,Finland
A,I15,HW_EMP,FI,2006,103.558,Finland
A,I15,HW_EMP,FI,2007,103.327,Finland
A,I15,HW_EMP,FI,2008,103.063,Finland
A,I15,HW_EMP,FI,2009,101.737,Finland
A,I15,HW_EMP,FI,2010,102.107,Finland
A,I15,HW_EMP,FI,2011,101.593,Finland
A,I15,HW_EMP,FI,2012,100.839,Finland
A,I15,HW_EMP,FI,2013,100.36,Finland
A,I15,HW_EMP,FI,2014,100.103,Finland
A,I15,HW_EMP,FI,2015,100.0,Finland
A,I15,HW_EMP,FI,2016,99.986,Finland
A,I15,HW_EMP,FI,2017,99.586,Finland
A,I15,HW_EMP,FI,2018,99.471,Finland
A,I15,HW_EMP,FI,2019,98.814,Finland
A,I15,HW_EMP,FI,2020,98.32,Finland
A,I15,HW_EMP,FI,2021,98.191,Finland
A,I15,HW_EMP,FI,2022,97.277,Finland
A,I15,HW_EMP,FI,2023,96.471,Finland
A,I15,HW_EMP,FI,2024,96.427,Finland
A,I15,HW_EMP,FR,2000,102.514,France
A,I15,HW_EMP,FR,2001,101.25,France
A,I15,HW_EMP,FR,2002,99.029,France
A,I15,HW_EMP,FR,2003,99.271,France
A,I15,HW_EMP,FR,2004,100.859,France
A,I15,HW_EMP,FR,2005,100.948,France
A,I15,HW_EMP,FR,2006,99.936,France
A,I15,HW_EMP,FR,2007,101.397,France
A,I15,HW_EMP,FR,2008,101.834,France
A,I15,HW_EMP,FR,2009,101.043,France
A,I15,HW_EMP,FR,2010,101.575,France
A,I15,HW_EMP,FR,2011,101.952,France
A,I15,HW_EMP,FR,2012,101.567,France
A,I15,HW_EMP,FR,2013,100.563,France
A,I15,HW_EMP,FR,2014,99.99,France
A,I15,HW_EMP,FR,2015,100.0,France
A,I15,HW_EMP,FR,2016,100.203,France
A,I15,HW_EMP,FR,2017,99.183,France
A,I15,HW_EMP,FR,2018,99.689,France
A,I15,HW_EMP,FR,2019,100.003,France
A,I15,HW_EMP,FR,2020,92.456,France
A,I15,HW_EMP,FR,2021,97.625,France
A,I15,HW_EMP,FR,2022,99.579,France
A,I15,HW_EMP,FR,2023,99.789,France
A,I15,HW_EMP,FR,2024,100.545,France
A,I15,HW_EMP,HR,2000,97.32,Croatia
A,I15,HW_EMP,HR,2001,97.381,Croatia
A,I15,HW_EMP,HR,2002,97.392,Croatia
A,I15,HW_EMP,HR,2003,97.441,Croatia
A,I15,HW_EMP,HR,2004,97.532,Croatia
A,I15,HW_EMP,HR,2005,97.525,Croatia
A,I15,HW_EMP,HR,2006,97.632,Croatia
A,I15,HW_EMP,HR,2007,97.733,Croatia
A,I15,HW_EMP,HR,2008,97.81,Croatia
A,I15,HW_EMP,HR,2009,97.647,Croatia
A,I15,HW_EMP,HR,2010,98.35,Croatia
A,I15,HW_EMP,HR,2011,98.219,Croatia
A,I15,HW_EMP,HR,2012,102.985,Croatia
A,I15,HW_EMP,HR,2013,102.571,Croatia
A,I15,HW_EMP,HR,2014,102.067,Croatia
A,I15,HW_EMP,HR,2015,100.0,Croatia
A,I15,HW_EMP,HR,2016,100.794,Croatia
A,I15,HW_EMP,HR,2017,101.923,Croatia
A,I15,HW_EMP,HR,2018,101.267,Croatia
A,I15,HW_EMP,HR,2019,100.997,Croatia
A,I15,HW_EMP,HR,2020,100.115,Croatia
A,I15,HW_EMP,HR,2021,99.952,Croatia
A,I15,HW_EMP,HR,2022,99.358,Croatia
A,I15,HW_EMP,HR,2023,99.942,Croatia
A,I15,HW_EMP,HR,2024,99.009,Croatia
A,I15,HW_EMP,HU,2000,110.735,Hungary
A,I15,HW_EMP,HU,2001,108.743,Hungary
A,I15,HW_EMP,HU,2002,107.929,Hungary
A,I15,HW_EMP,HU,2003,106.352,Hungary
A,I15,HW_EMP,HU,2004,106.473,Hungary
A,I15,HW_EMP,HU,2005,105.062,Hungary
A,I15,HW_EMP,HU,2006,103.905,Hungary
A,I15,HW_EMP,HU,2007,102.402,Hungary
A,I15,HW_EMP,HU,2008,102.605,Hungary
A,I15,HW_EMP,HU,2009,100.715,Hungary
A,I15,HW_EMP,HU,2010,101.186,Hungary
A,I15,HW_EMP,HU,2011,100.461,Hungary
A,I15,HW_EMP,HU,2012,99.576,Hungary
A,I15,HW_EMP,HU,2013,99.299,Hungary
A,I15,HW_EMP,HU,2014,100.159,Hungary
A,I15,HW_EMP,HU,2015,100.0,Hungary
A,I15,HW_EMP,HU,2016,100.833,Hungary
A,I15,HW_EMP,HU,2017,100.014,Hungary
A,I15,HW_EMP,HU,2018,99.018,Hungary
A,I15,HW_EMP,HU,2019,98.54,Hungary
A,I15,HW_EMP,HU,2020,94.961,Hungary
A,I15,HW_EMP,HU,2021,96.729,Hungary
A,I15,HW_EMP,HU,2022,97.259,Hungary
A,I15,HW_EMP,HU,2023,95.576,Hungary
A,I15,HW_EMP,HU,2024,95.711,Hungary
A,I15,HW_EMP,IE,2000,111.433,Ireland
A,I15,HW_EMP,IE,2001,110.126,Ireland
A,I15,HW_EMP,IE,2002,109.194,Ireland
A,I15,HW_EMP,IE,2003,107.305,Ireland
A,I15,HW_EMP,IE,2004,106.473,Ireland
A,I15,HW_EMP,IE,2005,106.55,Ireland
A,I15,HW_EMP,IE,2006,105.344,Ireland
A,I15,HW_EMP,IE,2007,103.857,Ireland
A,I15,HW_EMP,IE,2008,101.837,Ireland
A,I15,HW_EMP,IE,2009,98.744,Ireland
A,I15,HW_EMP,IE,2010,98.909,Ireland
A,I15,HW_EMP,IE,2011,99.069,Ireland
A,I15,HW_EMP,IE,2012,98.768,Ireland
A,I15,HW_EMP,IE,2013,99.845,Ireland
A,I15,HW_EMP,IE,2014,100.485,Ireland
A,I15,HW_EMP,IE,2015,100.0,Ireland
A,I15,HW_EMP,IE,2016,101.381,Ireland
A,I15,HW_EMP,IE,2017,102.712,Ireland
A,I15,HW_EMP,IE,2018,103.482,Ireland
A,I15,HW_EMP,IE,2019,103.573,Ireland
A,I15,HW_EMP,IE,2020,96.25,Ireland
A,I15,HW_EMP,IE,2021,97.12,Ireland
A,I15,HW_EMP,IE,2022,99.014,Ireland
A,I15,HW_EMP,IE,2023,97.338,Ireland
A,I15,HW_EMP,IE,2024,96.777,Ireland
A,I15,HW_EMP,IT,2000,108.271,Italy
A,I15,HW_EMP,IT,2001,107.706,Italy
A,I15,HW_EMP,IT,2002,106.689,Italy
A,I15,HW_EMP,IT,2003,105.703,Italy
A,I15,HW_EMP,IT,2004,105.656,Italy
A,I15,HW_EMP,IT,2005,105.437,Italy
A,I15,HW_EMP,IT,2006,105.511,Italy
A,I15,HW_EMP,IT,2007,105.813,Italy
A,I15,HW_EMP,IT,2008,105.171,Italy
A,I15,HW_EMP,IT,2009,103.227,Italy
A,I15,HW_EMP,IT,2010,103.267,Italy
A,I15,HW_EMP,IT,2011,103.018,Italy
A,I15,HW_EMP,IT,2012,100.743,Italy
A,I15,HW_EMP,IT,2013,99.964,Italy
A,I15,HW_EMP,IT,2014,99.852,Italy
A,I15,HW_EMP,IT,2015,100.0,Italy
A,I15,HW_EMP,IT,2016,100.24,Italy
A,I15,HW_EMP,IT,2017,100.155,Italy
A,I15,HW_EMP,IT,2018,100.128,Italy
A,I15,HW_EMP,IT,2019,99.55,Italy
A,I15,HW_EMP,IT,2020,89.683,Italy
A,I15,HW_EMP,IT,2021,97.923,Italy
A,I15,HW_EMP,IT,2022,100.188,Italy
A,I15,HW_EMP,IT,2023,101.226,Italy
A,I15,HW_EMP,IT,2024,101.612,Italy
A,I15,HW_EMP,LT,2000,99.003,Lithuania
A,I15,HW_EMP,LT,2001,98.218,Lithuania
A,I15,HW_EMP,LT,2002,96.692,Lithuania
A,I15,HW_EMP,LT,2003,95.743,Lithuania
A,I15,HW_EMP,LT,2004,100.634,Lithuania
A,I15,HW_EMP,LT,2005,100.703,Lithuania
A,I15,HW_EMP,LT,2006,100.179,Lithuania
A,I15,HW_EMP,LT,2007,101.772,Lithuania
A,I15,HW_EMP,LT,2008,103.54,Lithuania
A,I15,HW_EMP,LT,2009,99.812,Lithuania
A,I15,HW_EMP,LT,2010,101.405,Lithuania
A,I15,HW_EMP,LT,2011,100.069,Lithuania
A,I15,HW_EMP,LT,2012,99.947,Lithuania
A,I15,HW_EMP,LT,2013,99.065,Lithuania
A,I15,HW_EMP,LT,2014,98.612,Lithuania
A,I15,HW_EMP,LT,2015,100.0,Lithuania
A,I15,HW_EMP,LT,2016,101.262,Lithuania
A,I15,HW_EMP,LT,2017,99.028,Lithuania
A,I15,HW_EMP,LT,2018,99.455,Lithuania
A,I15,HW_EMP,LT,2019,99.55,Lithuania
A,I15,HW_EMP,LT,2020,95.359,Lithuania
A,I15,HW_EMP,LT,2021,96.777,Lithuania
A,I15,HW_EMP,LT,2022,97.116,Lithuania
A,I15,HW_EMP,LT,2023,98.037,Lithuania
A,I15,HW_EMP,LT,2024,99.207,Lithuania
A,I15,HW_EMP,LU,2000,105.629,Luxembourg
A,I15,HW_EMP,LU,2001,104.827,Luxembourg
A,I15,HW_EMP,LU,2002,104.496,Luxembourg
A,I15,HW_EMP,LU,2003,104.372,Luxembourg
A,I15,HW_EMP,LU,2004,104.392,Luxembourg
A,I15,HW_EMP,LU,2005,103.1,Luxembourg
A,I15,HW_EMP,LU,2006,103.137,Luxembourg
A,I15,HW_EMP,LU,2007,104.05,Luxembourg
A,I15,HW_EMP,LU,2008,104.066,Luxembourg
A,I15,HW_EMP,LU,2009,99.909,Luxembourg
A,I15,HW_EMP,LU,2010,100.104,Luxembourg
A,I15,HW_EMP,LU,2011,100.006,Luxembourg
A,I15,HW_EMP,LU,2012,99.621,Luxembourg
A,I15,HW_EMP,LU,2013,99.134,Luxembourg
A,I15,HW_EMP,LU,2014,99.514,Luxembourg
A,I15,HW_EMP,LU,2015,100.0,Luxembourg
A,I15,HW_EMP,LU,2016,99.902,Luxembourg
A,I15,HW_EMP,LU,2017,99.253,Luxembourg
A,I15,HW_EMP,LU,2018,98.643,Luxembourg
A,I15,HW_EMP,LU,2019,98.278,Luxembourg
A,I15,HW_EMP,LU,2020,91.348,Luxembourg
A,I15,HW_EMP,LU,2021,97.113,Luxembourg
A,I15,HW_EMP,LU,2022,96.85,Luxembourg
A,I15,HW_EMP,LU,2023,96.512,Luxembourg
A,I15,HW_EMP,LU,2024,96.562,Luxembourg
A,I15,HW_EMP,LV,2000,112.113,Latvia
A,I15,HW_EMP,LV,2001,112.587,Latvia
A,I15,HW_EMP,LV,2002,110.732,Latvia
A,I15,HW_EMP,LV,2003,110.391,Latvia
A,I15,HW_EMP,LV,2004,108.356,Latvia
A,I15,HW_EMP,LV,2005,110.76,Latvia
A,I15,HW_EMP,LV,2006,109.97,Latvia
A,I15,HW_EMP,LV,2007,107.843,Latvia
A,I15,HW_EMP,LV,2008,105.285,Latvia
A,I15,HW_EMP,LV,2009,102.654,Latvia
A,I15,HW_EMP,LV,2010,101.757,Latvia
A,I15,HW_EMP,LV,2011,102.637,Latvia
A,I15,HW_EMP,LV,2012,101.711,Latvia
A,I15,HW_EMP,LV,2013,101.367,Latvia
A,I15,HW_EMP,LV,2014,101.931,Latvia
A,I15,HW_EMP,LV,2015,100.0,Latvia
A,I15,HW_EMP,LV,2016,100.039,Latvia
A,I15,HW_EMP,LV,2017,99.2,Latvia
A,I15,HW_EMP,LV,2018,99.879,Latvia
A,I15,HW_EMP,LV,2019,99.846,Latvia
A,I15,HW_EMP,LV,2020,94.438,Latvia
A,I15,HW_EMP,LV,2021,96.048,Latvia
A,I15,HW_EMP,LV,2022,98.024,Latvia
A,I15,HW_EMP,LV,2023,96.374,Latvia
A,I15,HW_EMP,LV,2024,96.863,Latvia
A,I15,HW_EMP,MT,2000,113.341,Malta
A,I15,HW_EMP,MT,2001,112.059,Malta
A,I15,HW_EMP,MT,2002,111.108,Malta
A,I15,HW_EMP,MT,2003,109.496,Malta
A,I15,HW_EMP,MT,2004,105.624,Malta
A,I15,HW_EMP,MT,2005,105.789,Malta
A,I15,HW_EMP,MT,2006,106.226,Malta
A,I15,HW_EMP,MT,2007,107.567,Malta
A,I15,HW_EMP,MT,2008,107.896,Malta
A,I15,HW_EMP,MT,2009,107.599,Malta
A,I15,HW_EMP,MT,2010,106.335,Malta
A,I15,HW_EMP,MT,2011,103.497,Malta
A,I15,HW_EMP,MT,2012,102.206,Malta
A,I15,HW_EMP,MT,2013,101.227,Malta
A,I15,HW_EMP,MT,2014,100.274,Malta
A,I15,HW_EMP,MT,2015,100.0,Malta
A,I15,HW_EMP,MT,2016,102.737,Malta
A,I15,HW_EMP,MT,2017,102.018,Malta
A,I15,HW_EMP,MT,2018,103.442,Malta
A,I15,HW_EMP,MT,2019,106.632,Malta
A,I15,HW_EMP,MT,2020,98.35,Malta
A,I15,HW_EMP,MT,2021,98.72,Malta
A,I15,HW_EMP,MT,2022,99.008,Malta
A,I15,HW_EMP,MT,2023,99.163,Malta
A,I15,HW_EMP,MT,2024,98.06,Malta
A,I15,HW_EMP,NL,2000,102.439,Netherlands
A,I15,HW_EMP,NL,2001,101.748,Netherlands
A,I15,HW_EMP,NL,2002,100.521,Netherlands
A,I15,HW_EMP,NL,2003,99.914,Netherlands
A,I15,HW_EMP,NL,2004,101.374,Netherlands
A,I15,HW_EMP,NL,2005,100.408,Netherlands
A,I15,HW_EMP,NL,2006,100.145,Netherlands
A,I15,HW_EMP,NL,2007,100.076,Netherlands
A,I15,HW_EMP,NL,2008,100.042,Netherlands
A,I15,HW_EMP,NL,2009,99.457,Netherlands
A,I15,HW_EMP,NL,2010,99.425,Netherlands
A,I15,HW_EMP,NL,2011,99.465,Netherlands
A,I15,HW_EMP,NL,2012,98.839,Netherlands
A,I15,HW_EMP,NL,2013,99.184,Netherlands
A,I15,HW_EMP,NL,2014,100.008,Netherlands
A,I15,HW_EMP,NL,2015,100.0,Netherlands
A,I15,HW_EMP,NL,2016,100.881,Netherlands
A,I15,HW_EMP,NL,2017,100.882,Netherlands
A,I15,HW_EMP,NL,2018,100.877,Netherlands
A,I15,HW_EMP,NL,2019,101.261,Netherlands
A,I15,HW_EMP,NL,2020,97.478,Netherlands
A,I15,HW_EMP,NL,2021,100.261,Netherlands
A,I15,HW_EMP,NL,2022,100.883,Netherlands
A,I15,HW_EMP,NL,2023,100.283,Netherlands
A,I15,HW_EMP,NL,2024,101.003,Netherlands
A,I15,HW_EMP,PL,2000,101.595,Poland
A,I15,HW_EMP,PL,2001,101.693,Poland
A,I15,HW_EMP,PL,2002,101.438,Poland
A,I15,HW_EMP,PL,2003,101.716,Poland
A,I15,HW_EMP,PL,2004,101.734,Poland
A,I15,HW_EMP,PL,2005,101.466,Poland
A,I15,HW_EMP,PL,2006,101.541,Poland
A,I15,HW_EMP,PL,2007,101.396,Poland
A,I15,HW_EMP,PL,2008,101.005,Poland
A,I15,HW_EMP,PL,2009,100.244,Poland
A,I15,HW_EMP,PL,2010,99.99,Poland
A,I15,HW_EMP,PL,2011,99.736,Poland
A,I15,HW_EMP,PL,2012,99.482,Poland
A,I15,HW_EMP,PL,2013,99.304,Poland
A,I15,HW_EMP,PL,2014,99.625,Poland
A,I15,HW_EMP,PL,2015,100.0,Poland
A,I15,HW_EMP,PL,2016,100.121,Poland
A,I15,HW_EMP,PL,2017,99.041,Poland
A,I15,HW_EMP,PL,2018,97.713,Poland
A,I15,HW_EMP,PL,2019,98.215,Poland
A,I15,HW_EMP,PL,2020,97.269,Poland
A,I15,HW_EMP,PL,2021,99.932,Poland
A,I15,HW_EMP,PL,2022,99.414,Poland
A,I15,HW_EMP,PL,2023,98.784,Poland
A,I15,HW_EMP,PL,2024,97.644,Poland
A,I15,HW_EMP,PT,2000,102.786,Portugal
A,I15,HW_EMP,PT,2001,101.896,Portugal
A,I15,HW_EMP,PT,2002,101.524,Portugal
A,I15,HW_EMP,PT,2003,101.148,Portugal
A,I15,HW_EMP,PT,2004,101.476,Portugal
A,I15,HW_EMP,PT,2005,101.586,Portugal
A,I15,HW_EMP,PT,2006,100.954,Portugal
A,I15,HW_EMP,PT,2007,101.872,Portugal
A,I15,HW_EMP,PT,2008,101.17,Portugal
A,I15,HW_EMP,PT,2009,101.193,Portugal
A,I15,HW_EMP,PT,2010,101.345,Portugal
A,I15,HW_EMP,PT,2011,99.874,Portugal
A,I15,HW_EMP,PT,2012,98.662,Portugal
A,I15,HW_EMP,PT,2013,99.25,Portugal
A,I15,HW_EMP,PT,2014,99.684,Portugal
A,I15,HW_EMP,PT,2015,100.0,Portugal
A,I15,HW_EMP,PT,2016,100.33,Portugal
A,I15,HW_EMP,PT,2017,99.728,Portugal
A,I15,HW_EMP,PT,2018,100.293,Portugal
A,I15,HW_EMP,PT,2019,100.551,Portugal
A,I15,HW_EMP,PT,2020,94.173,Portugal
A,I15,HW_EMP,PT,2021,97.041,Portugal
A,I15,HW_EMP,PT,2022,99.335,Portugal
A,I15,HW_EMP,PT,2023,102.158,Portugal
A,I15,HW_EMP,PT,2024,102.325,Portugal
A,I15,HW_EMP,RO,2000,103.77,Romania
A,I15,HW_EMP,RO,2001,103.741,Romania
A,I15,HW_EMP,RO,2002,104.564,Romania
A,I15,HW_EMP,RO,2003,102.878,Romania
A,I15,HW_EMP,RO,2004,105.651,Romania
A,I15,HW_EMP,RO,2005,105.114,Romania
A,I15,HW_EMP,RO,2006,102.823,Romania
A,I15,HW_EMP,RO,2007,103.039,Romania
A,I15,HW_EMP,RO,2008,102.776,Romania
A,I15,HW_EMP,RO,2009,101.67,Romania
A,I15,HW_EMP,RO,2010,103.081,Romania
A,I15,HW_EMP,RO,2011,103.562,Romania
A,I15,HW_EMP,RO,2012,101.449,Romania
A,I15,HW_EMP,RO,2013,101.164,Romania
A,I15,HW_EMP,RO,2014,100.384,Romania
A,I15,HW_EMP,RO,2015,100.0,Romania
A,I15,HW_EMP,RO,2016,101.308,Romania
A,I15,HW_EMP,RO,2017,100.009,Romania
A,I15,HW_EMP,RO,2018,100.073,Romania
A,I15,HW_EMP,RO,2019,100.977,Romania
A,I15,HW_EMP,RO,2020,98.354,Romania
A,I15,HW_EMP,RO,2021,102.12,Romania
A,I15,HW_EMP,RO,2022,100.94,Romania
A,I15,HW_EMP,RO,2023,100.099,Romania
A,I15,HW_EMP,RO,2024,102.422,Romania
A,I15,HW_EMP,SE,2000,101.509,Sweden
A,I15,HW_EMP,SE,2001,100.104,Sweden
A,I15,HW_EMP,SE,2002,98.615,Sweden
A,I15,HW_EMP,SE,2003,97.7,Sweden
A,I15,HW_EMP,SE,2004,99.021,Sweden
A,I15,HW_EMP,SE,2005,98.965,Sweden
A,I15,HW_EMP,SE,2006,98.854,Sweden
A,I15,HW_EMP,SE,2007,99.636,Sweden
A,I15,HW_EMP,SE,2008,100.505,Sweden
A,I15,HW_EMP,SE,2009,99.559,Sweden
A,I15,HW_EMP,SE,2010,101.263,Sweden
A,I15,HW_EMP,SE,2011,101.328,Sweden
A,I15,HW_EMP,SE,2012,100.433,Sweden
A,I15,HW_EMP,SE,2013,99.841,Sweden
A,I15,HW_EMP,SE,2014,99.898,Sweden
A,I15,HW_EMP,SE,2015,100.0,Sweden
A,I15,HW_EMP,SE,2016,100.746,Sweden
A,I15,HW_EMP,SE,2017,99.916,Sweden
A,I15,HW_EMP,SE,2018,99.847,Sweden
A,I15,HW_EMP,SE,2019,98.923,Sweden
A,I15,HW_EMP,SE,2020,96.96,Sweden
A,I15,HW_EMP,SE,2021,98.24,Sweden
A,I15,HW_EMP,SE,2022,97.88,Sweden
A,I15,HW_EMP,SE,2023,97.72,Sweden
A,I15,HW_EMP,SE,2024,97.627,Sweden
A,I15,HW_EMP,SI,2000,101.347,Slovenia
A,I15,HW_EMP,SI,2001,100.505,Slovenia
A,I15,HW_EMP,SI,2002,101.946,Slovenia
A,I15,HW_EMP,SI,2003,102.134,Slovenia
A,I15,HW_EMP,SI,2004,102.916,Slovenia
A,I15,HW_EMP,SI,2005,100.546,Slovenia
A,I15,HW_EMP,SI,2006,98.819,Slovenia
A,I15,HW_EMP,SI,2007,98.078,Slovenia
A,I15,HW_EMP,SI,2008,99.179,Slovenia
A,I15,HW_EMP,SI,2009,99.507,Slovenia
A,I15,HW_EMP,SI,2010,99.585,Slovenia
A,I15,HW_EMP,SI,2011,98.579,Slovenia
A,I15,HW_EMP,SI,2012,97.454,Slovenia
A,I15,HW_EMP,SI,2013,98.516,Slovenia
A,I15,HW_EMP,SI,2014,99.671,Slovenia
A,I15,HW_EMP,SI,2015,100.0,Slovenia
A,I15,HW_EMP,SI,2016,97.93,Slovenia
A,I15,HW_EMP,SI,2017,96.099,Slovenia
A,I15,HW_EMP,SI,2018,94.999,Slovenia
A,I15,HW_EMP,SI,2019,94.909,Slovenia
A,I15,HW_EMP,SI,2020,90.844,Slovenia
A,I15,HW_EMP,SI,2021,94.442,Slovenia
A,I15,HW_EMP,SI,2022,95.43,Slovenia
A,I15,HW_EMP,SI,2023,94.081,Slovenia
A,I15,HW_EMP,SI,2024,95.961,Slovenia
A,I15,HW_EMP,SK,2000,103.507,Slovakia
A,I15,HW_EMP,SK,2001,102.659,Slovakia
A,I15,HW_EMP,SK,2002,99.999,Slovakia
A,I15,HW_EMP,SK,2003,96.778,Slovakia
A,I15,HW_EMP,SK,2004,99.311,Slovakia
A,I15,HW_EMP,SK,2005,100.878,Slovakia
A,I15,HW_EMP,SK,2006,101.161,Slovakia
A,I15,HW_EMP,SK,2007,102.116,Slovakia
A,I15,HW_EMP,SK,2008,102.239,Slovakia
A,I15,HW_EMP,SK,2009,101.497,Slovakia
A,I15,HW_EMP,SK,2010,102.911,Slovakia
A,I15,HW_EMP,SK,2011,102.219,Slovakia
A,I15,HW_EMP,SK,2012,101.993,Slovakia
A,I15,HW_EMP,SK,2013,100.999,Slovakia
A,I15,HW_EMP,SK,2014,100.315,Slovakia
A,I15,HW_EMP,SK,2015,100.0,Slovakia
A,I15,HW_EMP,SK,2016,99.197,Slovakia
A,I15,HW_EMP,SK,2017,97.702,Slovakia
A,I15,HW_EMP,SK,2018,97.14,Slovakia
A,I15,HW_EMP,SK,2019,96.46,Slovakia
A,I15,HW_EMP,SK,2020,89.618,Slovakia
A,I15,HW_EMP,SK,2021,90.161,Slovakia
A,I15,HW_EMP,SK,2022,91.789,Slovakia
A,I15,HW_EMP,SK,2023,92.608,Slovakia
A,I15,HW_EMP,SK,2024,92.925,Slovakia
A,I15,RLPR_HW,AT,2000,82.794,Austria
A,I15,RLPR_HW,AT,2001,83.92,Austria
A,I15,RLPR_HW,AT,2002,85.374,Austria
A,I15,RLPR_HW,AT,2003,86.203,Austria
A,I15,RLPR_HW,AT,2004,87.742,Austria
A,I15,RLPR_HW,AT,2005,89.961,Austria
A,I15,RLPR_HW,AT,2006,92.19,Austria
A,I15,RLPR_HW,AT,2007,94.519,Austria
A,I15,RLPR_HW,AT,2008,94.485,Austria
A,I15,RLPR_HW,AT,2009,94.145,Austria
A,I15,RLPR_HW,AT,2010,95.511,Austria
A,I15,RLPR_HW,AT,2011,96.446,Austria
A,I15,RLPR_HW,AT,2012,97.472,Austria
A,I15,RLPR_HW,AT,2013,97.687,Austria
A,I15,RLPR_HW,AT,2014,97.967,Austria
A,I15,RLPR_HW,AT,2015,100.0,Austria
A,I15,RLPR_HW,AT,2016,99.972,Austria
A,I15,RLPR_HW,AT,2017,101.234,Austria
A,I15,RLPR_HW,AT,2018,101.669,Austria
A,I15,RLPR_HW,AT,2019,101.782,Austria
A,I15,RLPR_HW,AT,2020,104.571,Austria
A,I15,RLPR_HW,AT,2021,104.541,Austria
A,I15,RLPR_HW,AT,2022,107.359,Austria
A,I15,RLPR_HW,AT,2023,105.85,Austria
A,I15,RLPR_HW,AT,2024,105.004,Austria
A,I15,RLPR_HW,BE,2000,89.044,Belgium
A,I15,RLPR_HW,BE,2001,89.248,Belgium
A,I15,RLPR_HW,BE,2002,89.86,Belgium
A,I15,RLPR_HW,BE,2003,90.617,Belgium
A,I15,RLPR_HW,BE,2004,93.545,Belgium
A,I15,RLPR_HW,BE,2005,94.97,Belgium
A,I15,RLPR_HW,BE,2006,95.463,Belgium
A,I15,RLPR_HW,BE,2007,97.228,Belgium
A,I15,RLPR_HW,BE,2008,96.63,Belgium
A,I15,RLPR_HW,BE,2009,96.026,Belgium
A,I15,RLPR_HW,BE,2010,97.076,Belgium
A,I15,RLPR_HW,BE,2011,96.735,Belgium
A,I15,RLPR_HW,BE,2012,96.842,Belgium
A,I15,RLPR_HW,BE,2013,97.424,Belgium
A,I15,RLPR_HW,BE,2014,99.009,Belgium
A,I15,RLPR_HW,BE,2015,100.0,Belgium
A,I15,RLPR_HW,BE,2016,99.937,Belgium
A,I15,RLPR_HW,BE,2017,99.781,Belgium
A,I15,RLPR_HW,BE,2018,99.986,Belgium
A,I15,RLPR_HW,BE,2019,100.841,Belgium
A,I15,RLPR_HW,BE,2020,104.57,Belgium
A,I15,RLPR_HW,BE,2021,102.786,Belgium
A,I15,RLPR_HW,BE,2022,102.298,Belgium
A,I15,RLPR_HW,BE,2023,103.059,Belgium
A,I15,RLPR_HW,BE,2024,104.458,Belgium
A,I15,RLPR_HW,BG,2000,63.82,Bulgaria
A,I15,RLPR_HW,BG,2001,66.295,Bulgaria
A,I15,RLPR_HW,BG,2002,70.053,Bulgaria
A,I15,RLPR_HW,BG,2003,72.074,Bulgaria
A,I15,RLPR_HW,BG,2004,73.783,Bulgaria
A,I15,RLPR_HW,BG,2005,77.147,Bulgaria
A,I15,RLPR_HW,BG,2006,79.951,Bulgaria
A,I15,RLPR_HW,BG,2007,82.626,Bulgaria
A,I15,RLPR_HW,BG,2008,83.693,Bulgaria
A,I15,RLPR_HW,BG,2009,84.667,Bulgaria
A,I15,RLPR_HW,BG,2010,89.532,Bulgaria
A,I15,RLPR_HW,BG,2011,93.531,Bulgaria
A,I15,RLPR_HW,BG,2012,96.599,Bulgaria
A,I15,RLPR_HW,BG,2013,96.459,Bulgaria
A,I15,RLPR_HW,BG,2014,97.072,Bulgaria
A,I15,RLPR_HW,BG,2015,100.0,Bulgaria
A,I15,RLPR_HW,BG,2016,102.569,Bulgaria
A,I15,RLPR_HW,BG,2017,103.55,Bulgaria
A,I15,RLPR_HW,BG,2018,105.99,Bulgaria
A,I15,RLPR_HW,BG,2019,111.539,Bulgaria
A,I15,RLPR_HW,BG,2020,112.608,Bulgaria
A,I15,RLPR_HW,BG,2021,120.474,Bulgaria
A,I15,RLPR_HW,BG,2022,124.213,Bulgaria
A,I15,RLPR_HW,BG,2023,121.921,Bulgaria
A,I15,RLPR_HW,BG,2024,127.328,Bulgaria
A,I15,RLPR_HW,CY,2000,86.657,Cyprus
A,I15,RLPR_HW,CY,2001,87.067,Cyprus
A,I15,RLPR_HW,CY,2002,89.73,Cyprus
A,I15,RLPR_HW,CY,2003,89.219,Cyprus
A,I15,RLPR_HW,CY,2004,91.924,Cyprus
A,I15,RLPR_HW,CY,2005,94.579,Cyprus
A,I15,RLPR_HW,CY,2006,97.999,Cyprus
A,I15,RLPR_HW,CY,2007,97.084,Cyprus
A,I15,RLPR_HW,CY,2008,96.906,Cyprus
A,I15,RLPR_HW,CY,2009,95.982,Cyprus
A,I15,RLPR_HW,CY,2010,97.68,Cyprus
A,I15,RLPR_HW,CY,2011,97.697,Cyprus
A,I15,RLPR_HW,CY,2012,97.905,Cyprus
A,I15,RLPR_HW,CY,2013,98.744,Cyprus
A,I15,RLPR_HW,CY,2014,98.695,Cyprus
A,I15,RLPR_HW,CY,2015,100.0,Cyprus
A,I15,RLPR_HW,CY,2016,100.982,Cyprus
A,I15,RLPR_HW,CY,2017,102.339,Cyprus
A,I15,RLPR_HW,CY,2018,103.476,Cyprus
A,I15,RLPR_HW,CY,2019,104.193,Cyprus
A,I15,RLPR_HW,CY,2020,106.337,Cyprus
A,I15,RLPR_HW,CY,2021,109.223,Cyprus
A,I15,RLPR_HW,CY,2022,112.984,Cyprus
A,I15,RLPR_HW,CY,2023,113.817,Cyprus
A,I15,RLPR_HW,CY,2024,115.393,Cyprus
A,I15,RLPR_HW,CZ,2000,66.7,Czechia
A,I15,RLPR_HW,CZ,2001,71.741,Czechia
A,I15,RLPR_HW,CZ,2002,72.809,Czechia
A,I15,RLPR_HW,CZ,2003,76.368,Czechia
A,I15,RLPR_HW,CZ,2004,79.502,Czechia
A,I15,RLPR_HW,CZ,2005,83.461,Czechia
A,I15,RLPR_HW,CZ,2006,88.472,Czechia
A,I15,RLPR_HW,CZ,2007,92.163,Czechia
A,I15,RLPR_HW,CZ,2008,91.799,Czechia
A,I15,RLPR_HW,CZ,2009,89.499,Czechia
A,I15,RLPR_HW,CZ,2010,91.883,Czechia
A,I15,RLPR_HW,CZ,2011,93.672,Czechia
A,I15,RLPR_HW,CZ,2012,94.048,Czechia
A,I15,RLPR_HW,CZ,2013,94.365,Czechia
A,I15,RLPR_HW,CZ,2014,95.399,Czechia
A,I15,RLPR_HW,CZ,2015,100.0,Czechia
A,I15,RLPR_HW,CZ,2016,100.189,Czechia
A,I15,RLPR_HW,CZ,2017,103.844,Czechia
A,I15,RLPR_HW,CZ,2018,105.099,Czechia
A,I15,RLPR_HW,CZ,2019,109.029,Czechia
A,I15,RLPR_HW,CZ,2020,112.667,Czechia
A,I15,RLPR_HW,CZ,2021,112.766,Czechia
A,I15,RLPR_HW,CZ,2022,111.075,Czechia
A,I15,RLPR_HW,CZ,2023,109.185,Czechia
A,I15,RLPR_HW,CZ,2024,108.828,Czechia
A,I15,RLPR_HW,DE,2000,44.428,Germany
A,I15,RLPR_HW,DE,2001,45.504,Germany
A,I15,RLPR_HW,DE,2002,45.903,Germany
A,I15,RLPR_HW,DE,2003,46.326,Germany
A,I15,RLPR_HW,DE,2004,46.73,Germany
A,I15,RLPR_HW,DE,2005,47.556,Germany
A,I15,RLPR_HW,DE,2006,48.345,Germany
A,I15,RLPR_HW,DE,2007,48.863,Germany
A,I15,RLPR_HW,DE,2008,48.843,Germany
A,I15,RLPR_HW,DE,2009,47.39,Germany
A,I15,RLPR_HW,DE,2010,48.473,Germany
A,I15,RLPR_HW,DE,2011,49.662,Germany
A,I15,RLPR_HW,DE,2012,50.048,Germany
A,I15,RLPR_HW,DE,2013,50.242,Germany
A,I15,RLPR_HW,DE,2014,50.728,Germany
A,I15,RLPR_HW,DE,2015,51.059,Germany
A,I15,RLPR_HW,DE,2016,51.75,Germany
A,I15,RLPR_HW,DE,2017,52.761,Germany
A,I15,RLPR_HW,DE,2018,52.946,Germany
A,I15,RLPR_HW,DE,2019,53.311,Germany
A,I15,RLPR_HW,DE,2020,53.77,Germany
A,I15,RLPR_HW,DE,2021,54.629,Germany
A,I15,RLPR_HW,DE,2022,54.63,Germany
A,I15,RLPR_HW,DE,2023,54.066,Germany
A,I15,RLPR_HW,DE,2024,53.611,Germany
A,I15,RLPR_HW,DK,2000,85.853,Denmark
A,I15,RLPR_HW,DK,2001,85.658,Denmark
A,I15,RLPR_HW,DK,2002,86.353,Denmark
A,I15,RLPR_HW,DK,2003,87.823,Denmark
A,I15,RLPR_HW,DK,2004,90.723,Denmark
A,I15,RLPR_HW,DK,2005,91.985,Denmark
A,I15,RLPR_HW,DK,2006,93.111,Denmark
A,I15,RLPR_HW,DK,2007,93.355,Denmark
A,I15,RLPR_HW,DK,2008,91.996,Denmark
A,I15,RLPR_HW,DK,2009,91.086,Denmark
A,I15,RLPR_HW,DK,2010,94.372,Denmark
A,I15,RLPR_HW,DK,2011,94.75,Denmark
A,I15,RLPR_HW,DK,2012,96.321,Denmark
A,I15,RLPR_HW,DK,2013,97.455,Denmark
A,I15,RLPR_HW,DK,2014,98.903,Denmark
A,I15,RLPR_HW,DK,2015,100.0,Denmark
A,I15,RLPR_HW,DK,2016,101.046,Denmark
A,I15,RLPR_HW,DK,2017,103.171,Denmark
A,I15,RLPR_HW,DK,2018,105.233,Denmark
A,I15,RLPR_HW,DK,2019,106.169,Denmark
A,I15,RLPR_HW,DK,2020,107.95,Denmark
A,I15,RLPR_HW,DK,2021,108.516,Denmark
A,I15,RLPR_HW,DK,2022,105.007,Denmark
A,I15,RLPR_HW,DK,2023,106.076,Denmark
A,I15,RLPR_HW,DK,2024,109.988,Denmark
A,I15,RLPR_HW,EE,2000,59.745,Estonia
A,I15,RLPR_HW,EE,2001,63.139,Estonia
A,I15,RLPR_HW,EE,2002,67.453,Estonia
A,I15,RLPR_HW,EE,2003,70.853,Estonia
A,I15,RLPR_HW,EE,2004,75.664,Estonia
A,I15,RLPR_HW,EE,2005,80.145,Estonia
A,I15,RLPR_HW,EE,2006,84.183,Estonia
A,I15,RLPR_HW,EE,2007,90.501,Estonia
A,I15,RLPR_HW,EE,2008,87.379,Estonia
A,I15,RLPR_HW,EE,2009,89.218,Estonia
A,I15,RLPR_HW,EE,2010,93.974,Estonia
A,I15,RLPR_HW,EE,2011,92.722,Estonia
A,I15,RLPR_HW,EE,2012,96.252,Estonia
A,I15,RLPR_HW,EE,2013,97.766,Estonia
A,I15,RLPR_HW,EE,2014,100.592,Estonia
A,I15,RLPR_HW,EE,2015,100.0,Estonia
A,I15,RLPR_HW,EE,2016,102.597,Estonia
A,I15,RLPR_HW,EE,2017,105.456,Estonia
A,I15,RLPR_HW,EE,2018,112.229,Estonia
A,I15,RLPR_HW,EE,2019,115.823,Estonia
A,I15,RLPR_HW,EE,2020,119.646,Estonia
A,I15,RLPR_HW,EE,2021,130.282,Estonia
A,I15,RLPR_HW,EE,2022,124.858,Estonia
A,I15,RLPR_HW,EE,2023,117.361,Estonia
A,I15,RLPR_HW,EE,2024,116.635,Estonia
A,I15,RLPR_HW,EL,2000,94.869,Greece
A,I15,RLPR_HW,EL,2001,99.437,Greece
A,I15,RLPR_HW,EL,2002,102.107,Greece
A,I15,RLPR_HW,EL,2003,106.907,Greece
A,I15,RLPR_HW,EL,2004,110.68,Greece
A,I15,RLPR_HW,EL,2005,108.253,Greece
A,I15,RLPR_HW,EL,2006,113.875,Greece
A,I15,RLPR_HW,EL,2007,116.952,Greece
A,I15,RLPR_HW,EL,2008,116.278,Greece
A,I15,RLPR_HW,EL,2009,113.551,Greece
A,I15,RLPR_HW,EL,2010,113.349,Greece
A,I15,RLPR_HW,EL,2011,105.67,Greece
A,I15,RLPR_HW,EL,2012,98.869,Greece
A,I15,RLPR_HW,EL,2013,96.863,Greece
A,I15,RLPR_HW,EL,2014,96.561,Greece
A,I15,RLPR_HW,EL,2015,100.0,Greece
A,I15,RLPR_HW,EL,2016,96.296,Greece
A,I15,RLPR_HW,EL,2017,98.005,Greece
A,I15,RLPR_HW,EL,2018,94.957,Greece
A,I15,RLPR_HW,EL,2019,97.198,Greece
A,I15,RLPR_HW,EL,2020,100.097,Greece
A,I15,RLPR_HW,EL,2021,96.882,Greece
A,I15,RLPR_HW,EL,2022,96.748,Greece
A,I15,RLPR_HW,EL,2023,96.826,Greece
A,I15,RLPR_HW,EL,2024,97.605,Greece
A,I15,RLPR_HW,ES,2000,86.975,Spain
A,I15,RLPR_HW,ES,2001,86.993,Spain
A,I15,RLPR_HW,ES,2002,87.162,Spain
A,I15,RLPR_HW,ES,2003,87.417,Spain
A,I15,RLPR_HW,ES,2004,87.7,Spain
A,I15,RLPR_HW,ES,2005,87.972,Spain
A,I15,RLPR_HW,ES,2006,88.458,Spain
A,I15,RLPR_HW,ES,2007,89.342,Spain
A,I15,RLPR_HW,ES,2008,89.423,Spain
A,I15,RLPR_HW,ES,2009,91.521,Spain
A,I15,RLPR_HW,ES,2010,93.734,Spain
A,I15,RLPR_HW,ES,2011,95.149,Spain
A,I15,RLPR_HW,ES,2012,97.098,Spain
A,I15,RLPR_HW,ES,2013,98.508,Spain
A,I15,RLPR_HW,ES,2014,98.977,Spain
A,I15,RLPR_HW,ES,2015,100.0,Spain
A,I15,RLPR_HW,ES,2016,100.353,Spain
A,I15,RLPR_HW,ES,2017,101.095,Spain
A,I15,RLPR_HW,ES,2018,101.023,Spain
A,I15,RLPR_HW,ES,2019,101.256,Spain
A,I15,RLPR_HW,ES,2020,101.302,Spain
A,I15,RLPR_HW,ES,2021,100.784,Spain
A,I15,RLPR_HW,ES,2022,102.036,Spain
A,I15,RLPR_HW,ES,2023,101.825,Spain
A,I15,RLPR_HW,ES,2024,103.042,Spain
A,I15,RLPR_HW,EU27_2020,2000,84.244,European Union - 27 countries (from 2020)
A,I15,RLPR_HW,EU27_2020,2001,85.935,European Union - 27 countries (from 2020)
A,I15,RLPR_HW,EU27_2020,2002,87.628,European Union - 27 countries (from 2020)
A,I15,RLPR_HW,EU27_2020,2003,88.505,European Union - 27 countries (from 2020)
A,I15,RLPR_HW,EU27_2020,2004,89.939,European Union - 27 countries (from 2020)
A,I15,RLPR_HW,EU27_2020,2005,91.031,European Union - 27 countries (from 2020)
A,I15,RLPR_HW,EU27_2020,2006,92.595,European Union - 27 countries (from 2020)
A,I15,RLPR_HW,EU27_2020,2007,93.439,European Union - 27 countries (from 2020)
A,I15,RLPR_HW,EU27_2020,2008,93.184,European Union - 27 countries (from 2020)
A,I15,RLPR_HW,EU27_2020,2009,92.143,European Union - 27 countries (from 2020)
A,I15,RLPR_HW,EU27_2020,2010,94.778,European Union - 27 countries (from 2020)
A,I15,RLPR_HW,EU27_2020,2011,96.573,European Union - 27 countries (from 2020)
A,I15,RLPR_HW,EU27_2020,2012,97.018,European Union - 27 countries (from 2020)
A,I15,RLPR_HW,EU27_2020,2013,97.88,European Union - 27 countries (from 2020)
A,I15,RLPR_HW,EU27_2020,2014,98.587,European Union - 27 countries (from 2020)
A,I15,RLPR_HW,EU27_2020,2015,100.0,European Union - 27 countries (from 2020)
A,I15,RLPR_HW,EU27_2020,2016,100.344,European Union - 27 countries (from 2020)
A,I15,RLPR_HW,EU27_2020,2017,102.101,European Union - 27 countries (from 2020)
A,I15,RLPR_HW,EU27_2020,2018,102.849,European Union - 27 countries (from 2020)
A,I15,RLPR_HW,EU27_2020,2019,103.663,European Union - 27 countries (from 2020)
A,I15,RLPR_HW,EU27_2020,2020,105.064,European Union - 27 countries (from 2020)
A,I15,RLPR_HW,EU27_2020,2021,105.69,European Union - 27 countries (from 2020)
A,I15,RLPR_HW,EU27_2020,2022,106.123,European Union - 27 countries (from 2020)
A,I15,RLPR_HW,EU27_2020,2023,105.301,European Union - 27 countries (from 2020)
A,I15,RLPR_HW,EU27_2020,2024,105.618,European Union - 27 countries (from 2020)
A,I15,RLPR_HW,FI,2000,86.633,Finland
A,I15,RLPR_HW,FI,2001,88.328,Finland
A,I15,RLPR_HW,FI,2002,89.111,Finland
A,I15,RLPR_HW,FI,2003,91.018,Finland
A,I15,RLPR_HW,FI,2004,94.096,Finland
A,I15,RLPR_HW,FI,2005,95.862,Finland
A,I15,RLPR_HW,FI,2006,98.186,Finland
A,I15,RLPR_HW,FI,2007,101.392,Finland
A,I15,RLPR_HW,FI,2008,100.213,Finland
A,I15,RLPR_HW,FI,2009,95.749,Finland
A,I15,RLPR_HW,FI,2010,99.167,Finland
A,I15,RLPR_HW,FI,2011,100.53,Finland
A,I15,RLPR_HW,FI,2012,99.131,Finland
A,I15,RLPR_HW,FI,2013,99.426,Finland
A,I15,RLPR_HW,FI,2014,99.75,Finland
A,I15,RLPR_HW,FI,2015,100.0,Finland
A,I15,RLPR_HW,FI,2016,102.019,Finland
A,I15,RLPR_HW,FI,2017,105.177,Finland
A,I15,RLPR_HW,FI,2018,103.852,Finland
A,I15,RLPR_HW,FI,2019,104.415,Finland
A,I15,RLPR_HW,FI,2020,104.779,Finland
A,I15,RLPR_HW,FI,2021,105.298,Finland
A,I15,RLPR_HW,FI,2022,103.462,Finland
A,I15,RLPR_HW,FI,2023,101.971,Finland
A,I15,RLPR_HW,FI,2024,103.746,Finland
A,I15,RLPR_HW,FR,2000,86.676,France
A,I15,RLPR_HW,FR,2001,88.158,France
A,I15,RLPR_HW,FR,2002,90.649,France
A,I15,RLPR_HW,FR,2003,91.272,France
A,I15,RLPR_HW,FR,2004,92.287,France
A,I15,RLPR_HW,FR,2005,93.304,France
A,I15,RLPR_HW,FR,2006,95.759,France
A,I15,RLPR_HW,FR,2007,95.385,France
A,I15,RLPR_HW,FR,2008,94.85,France
A,I15,RLPR_HW,FR,2009,93.948,France
A,I15,RLPR_HW,FR,2010,95.233,France
A,I15,RLPR_HW,FR,2011,96.45,France
A,I15,RLPR_HW,FR,2012,96.649,France
A,I15,RLPR_HW,FR,2013,98.189,France
A,I15,RLPR_HW,FR,2014,99.203,France
A,I15,RLPR_HW,FR,2015,100.0,France
A,I15,RLPR_HW,FR,2016,99.933,France
A,I15,RLPR_HW,FR,2017,101.863,France
A,I15,RLPR_HW,FR,2018,101.992,France
A,I15,RLPR_HW,FR,2019,102.524,France
A,I15,RLPR_HW,FR,2020,102.702,France
A,I15,RLPR_HW,FR,2021,101.306,France
A,I15,RLPR_HW,FR,2022,99.747,France
A,I15,RLPR_HW,FR,2023,100.123,France
A,I15,RLPR_HW,FR,2024,100.153,France
A,I15,RLPR_HW,HR,2000,80.472,Croatia
A,I15,RLPR_HW,HR,2001,83.551,Croatia
A,I15,RLPR_HW,HR,2002,87.753,Croatia
A,I15,RLPR_HW,HR,2003,90.444,Croatia
A,I15,RLPR_HW,HR,2004,93.421,Croatia
A,I15,RLPR_HW,HR,2005,96.581,Croatia
A,I15,RLPR_HW,HR,2006,98.34,Croatia
A,I15,RLPR_HW,HR,2007,100.126,Croatia
A,I15,RLPR_HW,HR,2008,99.977,Croatia
A,I15,RLPR_HW,HR,2009,93.926,Croatia
A,I15,RLPR_HW,HR,2010,95.664,Croatia
A,I15,RLPR_HW,HR,2011,99.624,Croatia
A,I15,RLPR_HW,HR,2012,96.024,Croatia
A,I15,RLPR_HW,HR,2013,99.379,Croatia
A,I15,RLPR_HW,HR,2014,96.758,Croatia
A,I15,RLPR_HW,HR,2015,100.0,Croatia
A,I15,RLPR_HW,HR,2016,103.215,Croatia
A,I15,RLPR_HW,HR,2017,104.172,Croatia
A,I15,RLPR_HW,HR,2018,107.071,Croatia
A,I15,RLPR_HW,HR,2019,108.74,Croatia
A,I15,RLPR_HW,HR,2020,101.989,Croatia
A,I15,RLPR_HW,HR,2021,113.289,Croatia
A,I15,RLPR_HW,HR,2022,120.051,Croatia
A,I15,RLPR_HW,HR,2023,121.755,Croatia
A,I15,RLPR_HW,HR,2024,120.862,Croatia
A,I15,RLPR_HW,HU,2000,69.567,Hungary
A,I15,RLPR_HW,HU,2001,73.554,Hungary
A,I15,RLPR_HW,HU,2002,77.709,Hungary
A,I15,RLPR_HW,HU,2003,80.395,Hungary
A,I15,RLPR_HW,HU,2004,85.08,Hungary
A,I15,RLPR_HW,HU,2005,90.571,Hungary
A,I15,RLPR_HW,HU,2006,94.34,Hungary
A,I15,RLPR_HW,HU,2007,96.618,Hungary
A,I15,RLPR_HW,HU,2008,99.357,Hungary
A,I15,RLPR_HW,HU,2009,96.182,Hungary
A,I15,RLPR_HW,HU,2010,97.543,Hungary
A,I15,RLPR_HW,HU,2011,100.223,Hungary
A,I15,RLPR_HW,HU,2012,98.832,Hungary
A,I15,RLPR_HW,HU,2013,99.632,Hungary
A,I15,RLPR_HW,HU,2014,98.679,Hungary
A,I15,RLPR_HW,HU,2015,100.0,Hungary
A,I15,RLPR_HW,HU,2016,98.335,Hungary
A,I15,RLPR_HW,HU,2017,101.449,Hungary
A,I15,RLPR_HW,HU,2018,106.139,Hungary
A,I15,RLPR_HW,HU,2019,110.741,Hungary
A,I15,RLPR_HW,HU,2020,112.206,Hungary
A,I15,RLPR_HW,HU,2021,115.307,Hungary
A,I15,RLPR_HW,HU,2022,117.55,Hungary
A,I15,RLPR_HW,HU,2023,117.911,Hungary
A,I15,RLPR_HW,HU,2024,118.383,Hungary
A,I15,RLPR_HW,IE,2000,55.861,Ireland
A,I15,RLPR_HW,IE,2001,57.887,Ireland
A,I15,RLPR_HW,IE,2002,60.89,Ireland
A,I15,RLPR_HW,IE,2003,62.606,Ireland
A,I15,RLPR_HW,IE,2004,65.181,Ireland
A,I15,RLPR_HW,IE,2005,65.785,Ireland
A,I15,RLPR_HW,IE,2006,66.842,Ireland
A,I15,RLPR_HW,IE,2007,68.505,Ireland
A,I15,RLPR_HW,IE,2008,67.415,Ireland
A,I15,RLPR_HW,IE,2009,72.012,Ireland
A,I15,RLPR_HW,IE,2010,76.574,Ireland
A,I15,RLPR_HW,IE,2011,79.322,Ireland
A,I15,RLPR_HW,IE,2012,79.555,Ireland
A,I15,RLPR_HW,IE,2013,78.113,Ireland
A,I15,RLPR_HW,IE,2014,82.684,Ireland
A,I15,RLPR_HW,IE,2015,100.0,Ireland
A,I15,RLPR_HW,IE,2016,96.165,Ireland
A,I15,RLPR_HW,IE,2017,101.318,Ireland
A,I15,RLPR_HW,IE,2018,105.093,Ireland
A,I15,RLPR_HW,IE,2019,106.84,Ireland
A,I15,RLPR_HW,IE,2020,126.102,Ireland
A,I15,RLPR_HW,IE,2021,136.577,Ireland
A,I15,RLPR_HW,IE,2022,135.53,Ireland
A,I15,RLPR_HW,IE,2023,128.853,Ireland
A,I15,RLPR_HW,IE,2024,130.783,Ireland
A,I15,RLPR_HW,IT,2000,99.026,Italy
A,I15,RLPR_HW,IT,2001,99.642,Italy
A,I15,RLPR_HW,IT,2002,99.07,Italy
A,I15,RLPR_HW,IT,2003,98.458,Italy
A,I15,RLPR_HW,IT,2004,99.399,Italy
A,I15,RLPR_HW,IT,2005,99.856,Italy
A,I15,RLPR_HW,IT,2006,99.605,Italy
A,I15,RLPR_HW,IT,2007,99.514,Italy
A,I15,RLPR_HW,IT,2008,98.876,Italy
A,I15,RLPR_HW,IT,2009,97.021,Italy
A,I15,RLPR_HW,IT,2010,99.035,Italy
A,I15,RLPR_HW,IT,2011,99.722,Italy
A,I15,RLPR_HW,IT,2012,99.035,Italy
A,I15,RLPR_HW,IT,2013,99.813,Italy
A,I15,RLPR_HW,IT,2014,99.918,Italy
A,I15,RLPR_HW,IT,2015,100.0,Italy
A,I15,RLPR_HW,IT,2016,99.569,Italy
A,I15,RLPR_HW,IT,2017,100.075,Italy
A,I15,RLPR_HW,IT,2018,99.916,Italy
A,I15,RLPR_HW,IT,2019,100.309,Italy
A,I15,RLPR_HW,IT,2020,103.592,Italy
A,I15,RLPR_HW,IT,2021,102.361,Italy
A,I15,RLPR_HW,IT,2022,102.897,Italy
A,I15,RLPR_HW,IT,2023,100.704,Italy
A,I15,RLPR_HW,IT,2024,99.328,Italy
A,I15,RLPR_HW,LT,2000,52.139,Lithuania
A,I15,RLPR_HW,LT,2001,58.118,Lithuania
A,I15,RLPR_HW,LT,2002,60.818,Lithuania
A,I15,RLPR_HW,LT,2003,66.373,Lithuania
A,I15,RLPR_HW,LT,2004,67.999,Lithuania
A,I15,RLPR_HW,LT,2005,72.654,Lithuania
A,I15,RLPR_HW,LT,2006,78.653,Lithuania
A,I15,RLPR_HW,LT,2007,84.281,Lithuania
A,I15,RLPR_HW,LT,2008,86.122,Lithuania
A,I15,RLPR_HW,LT,2009,82.38,Lithuania
A,I15,RLPR_HW,LT,2010,86.002,Lithuania
A,I15,RLPR_HW,LT,2011,92.156,Lithuania
A,I15,RLPR_HW,LT,2012,94.521,Lithuania
A,I15,RLPR_HW,LT,2013,97.881,Lithuania
A,I15,RLPR_HW,LT,2014,100.001,Lithuania
A,I15,RLPR_HW,LT,2015,100.0,Lithuania
A,I15,RLPR_HW,LT,2016,99.147,Lithuania
A,I15,RLPR_HW,LT,2017,106.827,Lithuania
A,I15,RLPR_HW,LT,2018,110.087,Lithuania
A,I15,RLPR_HW,LT,2019,114.526,Lithuania
A,I15,RLPR_HW,LT,2020,121.494,Lithuania
A,I15,RLPR_HW,LT,2021,125.74,Lithuania
A,I15,RLPR_HW,LT,2022,122.316,Lithuania
A,I15,RLPR_HW,LT,2023,120.342,Lithuania
A,I15,RLPR_HW,LT,2024,120.723,Lithuania
A,I15,RLPR_HW,LU,2000,97.683,Luxembourg
A,I15,RLPR_HW,LU,2001,95.952,Luxembourg
A,I15,RLPR_HW,LU,2002,96.685,Luxembourg
A,I15,RLPR_HW,LU,2003,97.392,Luxembourg
A,I15,RLPR_HW,LU,2004,99.199,Luxembourg
A,I15,RLPR_HW,LU,2005,100.184,Luxembourg
A,I15,RLPR_HW,LU,2006,102.266,Luxembourg
A,I15,RLPR_HW,LU,2007,104.981,Luxembourg
A,I15,RLPR_HW,LU,2008,99.909,Luxembourg
A,I15,RLPR_HW,LU,2009,99.708,Luxembourg
A,I15,RLPR_HW,LU,2010,101.387,Luxembourg
A,I15,RLPR_HW,LU,2011,99.602,Luxembourg
A,I15,RLPR_HW,LU,2012,99.212,Luxembourg
A,I15,RLPR_HW,LU,2013,101.027,Luxembourg
A,I15,RLPR_HW,LU,2014,100.776,Luxembourg
A,I15,RLPR_HW,LU,2015,100.0,Luxembourg
A,I15,RLPR_HW,LU,2016,101.99,Luxembourg
A,I15,RLPR_HW,LU,2017,100.48,Luxembourg
A,I15,RLPR_HW,LU,2018,99.247,Luxembourg
A,I15,RLPR_HW,LU,2019,98.826,Luxembourg
A,I15,RLPR_HW,LU,2020,103.929,Luxembourg
A,I15,RLPR_HW,LU,2021,101.615,Luxembourg
A,I15,RLPR_HW,LU,2022,97.532,Luxembourg
A,I15,RLPR_HW,LU,2023,96.104,Luxembourg
A,I15,RLPR_HW,LU,2024,95.457,Luxembourg
A,I15,RLPR_HW,LV,2000,48.884,Latvia
A,I15,RLPR_HW,LV,2001,50.995,Latvia
A,I15,RLPR_HW,LV,2002,55.025,Latvia
A,I15,RLPR_HW,LV,2003,59.475,Latvia
A,I15,RLPR_HW,LV,2004,65.719,Latvia
A,I15,RLPR_HW,LV,2005,71.129,Latvia
A,I15,RLPR_HW,LV,2006,76.427,Latvia
A,I15,RLPR_HW,LV,2007,82.887,Latvia
A,I15,RLPR_HW,LV,2008,82.723,Latvia
A,I15,RLPR_HW,LV,2009,83.164,Latvia
A,I15,RLPR_HW,LV,2010,86.596,Latvia
A,I15,RLPR_HW,LV,2011,87.146,Latvia
A,I15,RLPR_HW,LV,2012,93.016,Latvia
A,I15,RLPR_HW,LV,2013,93.143,Latvia
A,I15,RLPR_HW,LV,2014,95.862,Latvia
A,I15,RLPR_HW,LV,2015,100.0,Latvia
A,I15,RLPR_HW,LV,2016,102.824,Latvia
A,I15,RLPR_HW,LV,2017,107.257,Latvia
A,I15,RLPR_HW,LV,2018,108.918,Latvia
A,I15,RLPR_HW,LV,2019,107.512,Latvia
A,I15,RLPR_HW,LV,2020,110.475,Latvia
A,I15,RLPR_HW,LV,2021,117.657,Latvia
A,I15,RLPR_HW,LV,2022,117.258,Latvia
A,I15,RLPR_HW,LV,2023,116.079,Latvia
A,I15,RLPR_HW,LV,2024,117.154,Latvia
A,I15,RLPR_HW,MT,2000,69.415,Malta
A,I15,RLPR_HW,MT,2001,69.022,Malta
A,I15,RLPR_HW,MT,2002,70.548,Malta
A,I15,RLPR_HW,MT,2003,73.013,Malta
A,I15,RLPR_HW,MT,2004,75.909,Malta
A,I15,RLPR_HW,MT,2005,77.327,Malta
A,I15,RLPR_HW,MT,2006,77.439,Malta
A,I15,RLPR_HW,MT,2007,78.666,Malta
A,I15,RLPR_HW,MT,2008,79.965,Malta
A,I15,RLPR_HW,MT,2009,78.742,Malta
A,I15,RLPR_HW,MT,2010,84.45,Malta
A,I15,RLPR_HW,MT,2011,85.534,Malta
A,I15,RLPR_HW,MT,2012,88.323,Malta
A,I15,RLPR_HW,MT,2013,90.731,Malta
A,I15,RLPR_HW,MT,2014,94.688,Malta
A,I15,RLPR_HW,MT,2015,100.0,Malta
A,I15,RLPR_HW,MT,2016,95.77,Malta
A,I15,RLPR_HW,MT,2017,103.98,Malta
A,I15,RLPR_HW,MT,2018,102.852,Malta
A,I15,RLPR_HW,MT,2019,97.869,Malta
A,I15,RLPR_HW,MT,2020,99.223,Malta
A,I15,RLPR_HW,MT,2021,108.792,Malta
A,I15,RLPR_HW,MT,2022,105.943,Malta
A,I15,RLPR_HW,MT,2023,109.55,Malta
A,I15,RLPR_HW,MT,2024,112.082,Malta
A,I15,RLPR_HW,NL,2000,87.071,Netherlands
A,I15,RLPR_HW,NL,2001,87.954,Netherlands
A,I15,RLPR_HW,NL,2002,88.622,Netherlands
A,I15,RLPR_HW,NL,2003,89.759,Netherlands
A,I15,RLPR_HW,NL,2004,91.283,Netherlands
A,I15,RLPR_HW,NL,2005,93.44,Netherlands
A,I15,RLPR_HW,NL,2006,94.94,Netherlands
A,I15,RLPR_HW,NL,2007,95.885,Netherlands
A,I15,RLPR_HW,NL,2008,96.389,Netherlands
A,I15,RLPR_HW,NL,2009,94.237,Netherlands
A,I15,RLPR_HW,NL,2010,96.174,Netherlands
A,I15,RLPR_HW,NL,2011,97.055,Netherlands
A,I15,RLPR_HW,NL,2012,96.967,Netherlands
A,I15,RLPR_HW,NL,2013,97.797,Netherlands
A,I15,RLPR_HW,NL,2014,98.703,Netherlands
A,I15,RLPR_HW,NL,2015,100.0,Netherlands
A,I15,RLPR_HW,NL,2016,100.014,Netherlands
A,I15,RLPR_HW,NL,2017,100.461,Netherlands
A,I15,RLPR_HW,NL,2018,100.046,Netherlands
A,I15,RLPR_HW,NL,2019,99.702,Netherlands
A,I15,RLPR_HW,NL,2020,100.077,Netherlands
A,I15,RLPR_HW,NL,2021,101.635,Netherlands
A,I15,RLPR_HW,NL,2022,102.778,Netherlands
A,I15,RLPR_HW,NL,2023,100.918,Netherlands
A,I15,RLPR_HW,NL,2024,100.285,Netherlands
A,I15,RLPR_HW,PL,2000,63.875,Poland
A,I15,RLPR_HW,PL,2001,66.066,Poland
A,I15,RLPR_HW,PL,2002,69.591,Poland
A,I15,RLPR_HW,PL,2003,72.692,Poland
A,I15,RLPR_HW,PL,2004,75.524,Poland
A,I15,RLPR_HW,PL,2005,76.542,Poland
A,I15,RLPR_HW,PL,2006,78.726,Poland
A,I15,RLPR_HW,PL,2007,80.548,Poland
A,I15,RLPR_HW,PL,2008,81.314,Poland
A,I15,RLPR_HW,PL,2009,83.768,Poland
A,I15,RLPR_HW,PL,2010,89.004,Poland
A,I15,RLPR_HW,PL,2011,93.392,Poland
A,I15,RLPR_HW,PL,2012,94.937,Poland
A,I15,RLPR_HW,PL,2013,95.827,Poland
A,I15,RLPR_HW,PL,2014,97.577,Poland
A,I15,RLPR_HW,PL,2015,100.0,Poland
A,I15,RLPR_HW,PL,2016,102.078,Poland
A,I15,RLPR_HW,PL,2017,107.076,Poland
A,I15,RLPR_HW,PL,2018,114.686,Poland
A,I15,RLPR_HW,PL,2019,116.519,Poland
A,I15,RLPR_HW,PL,2020,115.031,Poland
A,I15,RLPR_HW,PL,2021,116.365,Poland
A,I15,RLPR_HW,PL,2022,121.751,Poland
A,I15,RLPR_HW,PL,2023,122.715,Poland
A,I15,RLPR_HW,PL,2024,128.983,Poland
A,I15,RLPR_HW,PT,2000,86.2,Portugal
A,I15,RLPR_HW,PT,2001,87.118,Portugal
A,I15,RLPR_HW,PT,2002,87.772,Portugal
A,I15,RLPR_HW,PT,2003,88.13,Portugal
A,I15,RLPR_HW,PT,2004,90.052,Portugal
A,I15,RLPR_HW,PT,2005,91.075,Portugal
A,I15,RLPR_HW,PT,2006,92.768,Portugal
A,I15,RLPR_HW,PT,2007,94.223,Portugal
A,I15,RLPR_HW,PT,2008,94.833,Portugal
A,I15,RLPR_HW,PT,2009,94.424,Portugal
A,I15,RLPR_HW,PT,2010,97.306,Portugal
A,I15,RLPR_HW,PT,2011,98.919,Portugal
A,I15,RLPR_HW,PT,2012,100.139,Portugal
A,I15,RLPR_HW,PT,2013,101.506,Portugal
A,I15,RLPR_HW,PT,2014,100.26,Portugal
A,I15,RLPR_HW,PT,2015,100.0,Portugal
A,I15,RLPR_HW,PT,2016,99.913,Portugal
A,I15,RLPR_HW,PT,2017,100.519,Portugal
A,I15,RLPR_HW,PT,2018,100.479,Portugal
A,I15,RLPR_HW,PT,2019,102.127,Portugal
A,I15,RLPR_HW,PT,2020,102.124,Portugal
A,I15,RLPR_HW,PT,2021,103.167,Portugal
A,I15,RLPR_HW,PT,2022,103.943,Portugal
A,I15,RLPR_HW,PT,2023,102.209,Portugal
A,I15,RLPR_HW,PT,2024,103.568,Portugal
A,I15,RLPR_HW,RO,2000,43.971,Romania
A,I15,RLPR_HW,RO,2001,46.775,Romania
A,I15,RLPR_HW,RO,2002,54.604,Romania
A,I15,RLPR_HW,RO,2003,56.825,Romania
A,I15,RLPR_HW,RO,2004,63.644,Romania
A,I15,RLPR_HW,RO,2005,67.163,Romania
A,I15,RLPR_HW,RO,2006,72.632,Romania
A,I15,RLPR_HW,RO,2007,76.616,Romania
A,I15,RLPR_HW,RO,2008,85.121,Romania
A,I15,RLPR_HW,RO,2009,84.384,Romania
A,I15,RLPR_HW,RO,2010,82.656,Romania
A,I15,RLPR_HW,RO,2011,88.011,Romania
A,I15,RLPR_HW,RO,2012,90.256,Romania
A,I15,RLPR_HW,RO,2013,91.567,Romania
A,I15,RLPR_HW,RO,2014,95.351,Romania
A,I15,RLPR_HW,RO,2015,100.0,Romania
A,I15,RLPR_HW,RO,2016,102.689,Romania
A,I15,RLPR_HW,RO,2017,109.922,Romania
A,I15,RLPR_HW,RO,2018,115.673,Romania
A,I15,RLPR_HW,RO,2019,119.031,Romania
A,I15,RLPR_HW,RO,2020,120.274,Romania
A,I15,RLPR_HW,RO,2021,121.398,Romania
A,I15,RLPR_HW,RO,2022,127.013,Romania
A,I15,RLPR_HW,RO,2023,132.611,Romania
A,I15,RLPR_HW,RO,2024,128.758,Romania
A,I15,RLPR_HW,SE,2000,81.252,Sweden
A,I15,RLPR_HW,SE,2001,81.819,Sweden
A,I15,RLPR_HW,SE,2002,84.849,Sweden
A,I15,RLPR_HW,SE,2003,87.67,Sweden
A,I15,RLPR_HW,SE,2004,90.504,Sweden
A,I15,RLPR_HW,SE,2005,93.122,Sweden
A,I15,RLPR_HW,SE,2006,95.761,Sweden
A,I15,RLPR_HW,SE,2007,95.865,Sweden
A,I15,RLPR_HW,SE,2008,93.687,Sweden
A,I15,RLPR_HW,SE,2009,92.431,Sweden
A,I15,RLPR_HW,SE,2010,95.463,Sweden
A,I15,RLPR_HW,SE,2011,96.208,Sweden
A,I15,RLPR_HW,SE,2012,95.92,Sweden
A,I15,RLPR_HW,SE,2013,96.601,Sweden
A,I15,RLPR_HW,SE,2014,97.339,Sweden
A,I15,RLPR_HW,SE,2015,100.0,Sweden
A,I15,RLPR_HW,SE,2016,99.39,Sweden
A,I15,RLPR_HW,SE,2017,99.605,Sweden
A,I15,RLPR_HW,SE,2018,99.752,Sweden
A,I15,RLPR_HW,SE,2019,102.651,Sweden
A,I15,RLPR_HW,SE,2020,104.033,Sweden
A,I15,RLPR_HW,SE,2021,106.693,Sweden
A,I15,RLPR_HW,SE,2022,104.771,Sweden
A,I15,RLPR_HW,SE,2023,103.466,Sweden
A,I15,RLPR_HW,SE,2024,106.105,Sweden
A,I15,RLPR_HW,SI,2000,76.571,Slovenia
A,I15,RLPR_HW,SI,2001,78.946,Slovenia
A,I15,RLPR_HW,SI,2002,79.293,Slovenia
A,I15,RLPR_HW,SI,2003,81.974,Slovenia
A,I15,RLPR_HW,SI,2004,84.583,Slovenia
A,I15,RLPR_HW,SI,2005,90.351,Slovenia
A,I15,RLPR_HW,SI,2006,95.855,Slovenia
A,I15,RLPR_HW,SI,2007,100.12,Slovenia
A,I15,RLPR_HW,SI,2008,99.85,Slovenia
A,I15,RLPR_HW,SI,2009,93.499,Slovenia
A,I15,RLPR_HW,SI,2010,96.496,Slovenia
A,I15,RLPR_HW,SI,2011,99.794,Slovenia
A,I15,RLPR_HW,SI,2012,98.907,Slovenia
A,I15,RLPR_HW,SI,2013,98.14,Slovenia
A,I15,RLPR_HW,SI,2014,99.268,Slovenia
A,I15,RLPR_HW,SI,2015,100.0,Slovenia
A,I15,RLPR_HW,SI,2016,103.298,Slovenia
A,I15,RLPR_HW,SI,2017,107.587,Slovenia
A,I15,RLPR_HW,SI,2018,110.11,Slovenia
A,I15,RLPR_HW,SI,2019,111.37,Slovenia
A,I15,RLPR_HW,SI,2020,112.38,Slovenia
A,I15,RLPR_HW,SI,2021,115.696,Slovenia
A,I15,RLPR_HW,SI,2022,114.223,Slovenia
A,I15,RLPR_HW,SI,2023,116.879,Slovenia
A,I15,RLPR_HW,SI,2024,116.021,Slovenia
A,I15,RLPR_HW,SK,2000,58.809,Slovakia
A,I15,RLPR_HW,SK,2001,60.679,Slovakia
A,I15,RLPR_HW,SK,2002,64.984,Slovakia
A,I15,RLPR_HW,SK,2003,69.655,Slovakia
A,I15,RLPR_HW,SK,2004,71.702,Slovakia
A,I15,RLPR_HW,SK,2005,73.971,Slovakia
A,I15,RLPR_HW,SK,2006,78.71,Slovakia
A,I15,RLPR_HW,SK,2007,84.64,Slovakia
A,I15,RLPR_HW,SK,2008,86.291,Slovakia
A,I15,RLPR_HW,SK,2009,83.776,Slovakia
A,I15,RLPR_HW,SK,2010,89.591,Slovakia
A,I15,RLPR_HW,SK,2011,90.897,Slovakia
A,I15,RLPR_HW,SK,2012,92.481,Slovakia
A,I15,RLPR_HW,SK,2013,94.785,Slovakia
A,I15,RLPR_HW,SK,2014,96.653,Slovakia
A,I15,RLPR_HW,SK,2015,100.0,Slovakia
A,I15,RLPR_HW,SK,2016,100.384,Slovakia
A,I15,RLPR_HW,SK,2017,102.587,Slovakia
A,I15,RLPR_HW,SK,2018,105.257,Slovakia
A,I15,RLPR_HW,SK,2019,107.291,Slovakia
A,I15,RLPR_HW,SK,2020,114.659,Slovakia
A,I15,RLPR_HW,SK,2021,121.119,Slovakia
A,I15,RLPR_HW,SK,2022,117.539,Slovakia
A,I15,RLPR_HW,SK,2023,118.631,Slovakia
A,I15,RLPR_HW,SK,2024,120.706,Slovakia
A,I20,HW_EMP,AT,2000,120.108,Austria
A,I20,HW_EMP,AT,2001,119.201,Austria
A,I20,HW_EMP,AT,2002,119.02,Austria
A,I20,HW_EMP,AT,2003,118.445,Austria
A,I20,HW_EMP,AT,2004,118.607,Austria
A,I20,HW_EMP,AT,2005,116.957,Austria
A,I20,HW_EMP,AT,2006,115.835,Austria
A,I20,HW_EMP,AT,2007,115.145,Austria
A,I20,HW_EMP,AT,2008,114.683,Austria
A,I20,HW_EMP,AT,2009,111.568,Austria
A,I20,HW_EMP,AT,2010,111.123,Austria
A,I20,HW_EMP,AT,2011,111.533,Austria
A,I20,HW_EMP,AT,2012,109.91,Austria
A,I20,HW_EMP,AT,2013,108.905,Austria
A,I20,HW_EMP,AT,2014,108.332,Austria
A,I20,HW_EMP,AT,2015,106.869,Austria
A,I20,HW_EMP,AT,2016,107.751,Austria
A,I20,HW_EMP,AT,2017,107.054,Austria
A,I20,HW_EMP,AT,2018,107.338,Austria
A,I20,HW_EMP,AT,2019,107.871,Austria
A,I20,HW_EMP,AT,2020,100.0,Austria
A,I20,HW_EMP,AT,2021,102.878,Austria
A,I20,HW_EMP,AT,2022,102.709,Austria
A,I20,HW_EMP,AT,2023,102.528,Austria
A,I20,HW_EMP,AT,2024,102.592,Austria
A,I20,HW_EMP,BE,2000,108.918,Belgium
A,I20,HW_EMP,BE,2001,108.38,Belgium
A,I20,HW_EMP,BE,2002,109.23,Belgium
A,I20,HW_EMP,BE,2003,109.543,Belgium
A,I20,HW_EMP,BE,2004,108.829,Belgium
A,I20,HW_EMP,BE,2005,108.135,Belgium
A,I20,HW_EMP,BE,2006,109.092,Belgium
A,I20,HW_EMP,BE,2007,109.231,Belgium
A,I20,HW_EMP,BE,2008,108.466,Belgium
A,I20,HW_EMP,BE,2009,107.209,Belgium
A,I20,HW_EMP,BE,2010,108.171,Belgium
A,I20,HW_EMP,BE,2011,109.302,Belgium
A,I20,HW_EMP,BE,2012,109.153,Belgium
A,I20,HW_EMP,BE,2013,109.083,Belgium
A,I20,HW_EMP,BE,2014,108.837,Belgium
A,I20,HW_EMP,BE,2015,108.439,Belgium
A,I20,HW_EMP,BE,2016,108.444,Belgium
A,I20,HW_EMP,BE,2017,108.595,Belgium
A,I20,HW_EMP,BE,2018,108.808,Belgium
A,I20,HW_EMP,BE,2019,108.802,Belgium
A,I20,HW_EMP,BE,2020,100.0,Belgium
A,I20,HW_EMP,BE,2021,106.306,Belgium
A,I20,HW_EMP,BE,2022,109.012,Belgium
A,I20,HW_EMP,BE,2023,109.074,Belgium
A,I20,HW_EMP,BE,2024,108.519,Belgium
A,I20,HW_EMP,BG,2000,101.938,Bulgaria
A,I20,HW_EMP,BG,2001,102.659,Bulgaria
A,I20,HW_EMP,BG,2002,102.621,Bulgaria
A,I20,HW_EMP,BG,2003,101.953,Bulgaria
A,I20,HW_EMP,BG,2004,103.394,Bulgaria
A,I20,HW_EMP,BG,2005,103.081,Bulgaria
A,I20,HW_EMP,BG,2006,102.798,Bulgaria
A,I20,HW_EMP,BG,2007,102.824,Bulgaria
A,I20,HW_EMP,BG,2008,105.253,Bulgaria
A,I20,HW_EMP,BG,2009,102.312,Bulgaria
A,I20,HW_EMP,BG,2010,102.222,Bulgaria
A,I20,HW_EMP,BG,2011,102.145,Bulgaria
A,I20,HW_EMP,BG,2012,102.198,Bulgaria
A,I20,HW_EMP,BG,2013,102.231,Bulgaria
A,I20,HW_EMP,BG,2014,102.174,Bulgaria
A,I20,HW_EMP,BG,2015,102.194,Bulgaria
A,I20,HW_EMP,BG,2016,102.142,Bulgaria
A,I20,HW_EMP,BG,2017,102.124,Bulgaria
A,I20,HW_EMP,BG,2018,102.206,Bulgaria
A,I20,HW_EMP,BG,2019,102.374,Bulgaria
A,I20,HW_EMP,BG,2020,100.0,Bulgaria
A,I20,HW_EMP,BG,2021,100.72,Bulgaria
A,I20,HW_EMP,BG,2022,100.616,Bulgaria
A,I20,HW_EMP,BG,2023,103.123,Bulgaria
A,I20,HW_EMP,BG,2024,101.007,Bulgaria
A,I20,HW_EMP,CY,2000,111.652,Cyprus
A,I20,HW_EMP,CY,2001,113.073,Cyprus
A,I20,HW_EMP,CY,2002,111.47,Cyprus
A,I20,HW_EMP,CY,2003,111.055,Cyprus
A,I20,HW_EMP,CY,2004,108.881,Cyprus
A,I20,HW_EMP,CY,2005,107.07,Cyprus
A,I20,HW_EMP,CY,2006,106.235,Cyprus
A,I20,HW_EMP,CY,2007,107.925,Cyprus
A,I20,HW_EMP,CY,2008,108.252,Cyprus
A,I20,HW_EMP,CY,2009,107.057,Cyprus
A,I20,HW_EMP,CY,2010,106.936,Cyprus
A,I20,HW_EMP,CY,2011,107.067,Cyprus
A,I20,HW_EMP,CY,2012,106.951,Cyprus
A,I20,HW_EMP,CY,2013,104.924,Cyprus
A,I20,HW_EMP,CY,2014,105.222,Cyprus
A,I20,HW_EMP,CY,2015,105.739,Cyprus
A,I20,HW_EMP,CY,2016,106.628,Cyprus
A,I20,HW_EMP,CY,2017,105.572,Cyprus
A,I20,HW_EMP,CY,2018,104.708,Cyprus
A,I20,HW_EMP,CY,2019,105.06,Cyprus
A,I20,HW_EMP,CY,2020,100.0,Cyprus
A,I20,HW_EMP,CY,2021,105.347,Cyprus
A,I20,HW_EMP,CY,2022,106.429,Cyprus
A,I20,HW_EMP,CY,2023,106.379,Cyprus
A,I20,HW_EMP,CY,2024,106.63,Cyprus
A,I20,HW_EMP,CZ,2000,113.603,Czechia
A,I20,HW_EMP,CZ,2001,108.991,Czechia
A,I20,HW_EMP,CZ,2002,108.34,Czechia
A,I20,HW_EMP,CZ,2003,107.554,Czechia
A,I20,HW_EMP,CZ,2004,108.413,Czechia
A,I20,HW_EMP,CZ,2005,107.761,Czechia
A,I20,HW_EMP,CZ,2006,106.949,Czechia
A,I20,HW_EMP,CZ,2007,106.087,Czechia
A,I20,HW_EMP,CZ,2008,106.96,Czechia
A,I20,HW_EMP,CZ,2009,106.365,Czechia
A,I20,HW_EMP,CZ,2010,107.53,Czechia
A,I20,HW_EMP,CZ,2011,107.886,Czechia
A,I20,HW_EMP,CZ,2012,106.071,Czechia
A,I20,HW_EMP,CZ,2013,105.283,Czechia
A,I20,HW_EMP,CZ,2014,105.915,Czechia
A,I20,HW_EMP,CZ,2015,104.595,Czechia
A,I20,HW_EMP,CZ,2016,105.998,Czechia
A,I20,HW_EMP,CZ,2017,106.145,Czechia
A,I20,HW_EMP,CZ,2018,106.618,Czechia
A,I20,HW_EMP,CZ,2019,106.594,Czechia
A,I20,HW_EMP,CZ,2020,100.0,Czechia
A,I20,HW_EMP,CZ,2021,102.913,Czechia
A,I20,HW_EMP,CZ,2022,106.37,Czechia
A,I20,HW_EMP,CZ,2023,106.557,Czechia
A,I20,HW_EMP,CZ,2024,107.67,Czechia
A,I20,HW_EMP,DE,2000,111.493,Germany
A,I20,HW_EMP,DE,2001,110.946,Germany
A,I20,HW_EMP,DE,2002,110.26,Germany
A,I20,HW_EMP,DE,2003,109.859,Germany
A,I20,HW_EMP,DE,2004,109.827,Germany
A,I20,HW_EMP,DE,2005,109.008,Germany
A,I20,HW_EMP,DE,2006,110.571,Germany
A,I20,HW_EMP,DE,2007,110.68,Germany
A,I20,HW_EMP,DE,2008,110.15,Germany
A,I20,HW_EMP,DE,2009,107.095,Germany
A,I20,HW_EMP,DE,2010,108.511,Germany
A,I20,HW_EMP,DE,2011,108.649,Germany
A,I20,HW_EMP,DE,2012,107.036,Germany
A,I20,HW_EMP,DE,2013,106.255,Germany
A,I20,HW_EMP,DE,2014,106.581,Germany
A,I20,HW_EMP,DE,2015,106.701,Germany
A,I20,HW_EMP,DE,2016,106.263,Germany
A,I20,HW_EMP,DE,2017,105.683,Germany
A,I20,HW_EMP,DE,2018,105.113,Germany
A,I20,HW_EMP,DE,2019,104.452,Germany
A,I20,HW_EMP,DE,2020,100.0,Germany
A,I20,HW_EMP,DE,2021,102.106,Germany
A,I20,HW_EMP,DE,2022,102.626,Germany
A,I20,HW_EMP,DE,2023,102.153,Germany
A,I20,HW_EMP,DE,2024,102.395,Germany
A,I20,HW_EMP,DK,2000,109.35,Denmark
A,I20,HW_EMP,DK,2001,109.554,Denmark
A,I20,HW_EMP,DK,2002,109.099,Denmark
A,I20,HW_EMP,DK,2003,108.745,Denmark
A,I20,HW_EMP,DK,2004,108.763,Denmark
A,I20,HW_EMP,DK,2005,108.262,Denmark
A,I20,HW_EMP,DK,2006,108.586,Denmark
A,I20,HW_EMP,DK,2007,106.875,Denmark
A,I20,HW_EMP,DK,2008,106.666,Denmark
A,I20,HW_EMP,DK,2009,105.689,Denmark
A,I20,HW_EMP,DK,2010,106.094,Denmark
A,I20,HW_EMP,DK,2011,107.179,Denmark
A,I20,HW_EMP,DK,2012,106.167,Denmark
A,I20,HW_EMP,DK,2013,106.352,Denmark
A,I20,HW_EMP,DK,2014,105.45,Denmark
A,I20,HW_EMP,DK,2015,104.945,Denmark
A,I20,HW_EMP,DK,2016,105.328,Denmark
A,I20,HW_EMP,DK,2017,104.735,Denmark
A,I20,HW_EMP,DK,2018,102.998,Denmark
A,I20,HW_EMP,DK,2019,102.371,Denmark
A,I20,HW_EMP,DK,2020,100.0,Denmark
A,I20,HW_EMP,DK,2021,103.597,Denmark
A,I20,HW_EMP,DK,2022,103.351,Denmark
A,I20,HW_EMP,DK,2023,102.393,Denmark
A,I20,HW_EMP,DK,2024,101.89,Denmark
A,I20,HW_EMP,EE,2000,115.043,Estonia
A,I20,HW_EMP,EE,2001,114.614,Estonia
A,I20,HW_EMP,EE,2002,114.742,Estonia
A,I20,HW_EMP,EE,2003,115.07,Estonia
A,I20,HW_EMP,EE,2004,115.543,Estonia
A,I20,HW_EMP,EE,2005,116.818,Estonia
A,I20,HW_EMP,EE,2006,116.388,Estonia
A,I20,HW_EMP,EE,2007,116.242,Estonia
A,I20,HW_EMP,EE,2008,114.456,Estonia
A,I20,HW_EMP,EE,2009,106.567,Estonia
A,I20,HW_EMP,EE,2010,109.042,Estonia
A,I20,HW_EMP,EE,2011,111.611,Estonia
A,I20,HW_EMP,EE,2012,109.681,Estonia
A,I20,HW_EMP,EE,2013,108.527,Estonia
A,I20,HW_EMP,EE,2014,108.154,Estonia
A,I20,HW_EMP,EE,2015,107.7,Estonia
A,I20,HW_EMP,EE,2016,107.908,Estonia
A,I20,HW_EMP,EE,2017,107.994,Estonia
A,I20,HW_EMP,EE,2018,104.279,Estonia
A,I20,HW_EMP,EE,2019,103.484,Estonia
A,I20,HW_EMP,EE,2020,100.0,Estonia
A,I20,HW_EMP,EE,2021,99.28,Estonia
A,I20,HW_EMP,EE,2022,97.83,Estonia
A,I20,HW_EMP,EE,2023,98.077,Estonia
A,I20,HW_EMP,EE,2024,98.404,Estonia
A,I20,HW_EMP,EL,2000,117.463,Greece
A,I20,HW_EMP,EL,2001,117.004,Greece
A,I20,HW_EMP,EL,2002,116.422,Greece
A,I20,HW_EMP,EL,2003,116.325,Greece
A,I20,HW_EMP,EL,2004,115.428,Greece
A,I20,HW_EMP,EL,2005,118.25,Greece
A,I20,HW_EMP,EL,2006,117.364,Greece
A,I20,HW_EMP,EL,2007,116.714,Greece
A,I20,HW_EMP,EL,2008,116.0,Greece
A,I20,HW_EMP,EL,2009,114.626,Greece
A,I20,HW_EMP,EL,2010,111.274,Greece
A,I20,HW_EMP,EL,2011,112.377,Greece
A,I20,HW_EMP,EL,2012,114.665,Greece
A,I20,HW_EMP,EL,2013,115.049,Greece
A,I20,HW_EMP,EL,2014,112.325,Greece
A,I20,HW_EMP,EL,2015,111.499,Greece
A,I20,HW_EMP,EL,2016,111.945,Greece
A,I20,HW_EMP,EL,2017,112.188,Greece
A,I20,HW_EMP,EL,2018,113.002,Greece
A,I20,HW_EMP,EL,2019,110.497,Greece
A,I20,HW_EMP,EL,2020,100.0,Greece
A,I20,HW_EMP,EL,2021,106.821,Greece
A,I20,HW_EMP,EL,2022,109.025,Greece
A,I20,HW_EMP,EL,2023,109.132,Greece
A,I20,HW_EMP,EL,2024,109.503,Greece
A,I20,HW_EMP,ES,2000,112.185,Spain
A,I20,HW_EMP,ES,2001,112.797,Spain
A,I20,HW_EMP,ES,2002,112.769,Spain
A,I20,HW_EMP,ES,2003,112.069,Spain
A,I20,HW_EMP,ES,2004,111.03,Spain
A,I20,HW_EMP,ES,2005,109.937,Spain
A,I20,HW_EMP,ES,2006,109.239,Spain
A,I20,HW_EMP,ES,2007,108.459,Spain
A,I20,HW_EMP,ES,2008,109.112,Spain
A,I20,HW_EMP,ES,2009,109.502,Spain
A,I20,HW_EMP,ES,2010,108.993,Spain
A,I20,HW_EMP,ES,2011,109.337,Spain
A,I20,HW_EMP,ES,2012,108.738,Spain
A,I20,HW_EMP,ES,2013,108.027,Spain
A,I20,HW_EMP,ES,2014,108.029,Spain
A,I20,HW_EMP,ES,2015,108.145,Spain
A,I20,HW_EMP,ES,2016,108.585,Spain
A,I20,HW_EMP,ES,2017,108.07,Spain
A,I20,HW_EMP,ES,2018,108.371,Spain
A,I20,HW_EMP,ES,2019,107.395,Spain
A,I20,HW_EMP,ES,2020,100.0,Spain
A,I20,HW_EMP,ES,2021,104.53,Spain
A,I20,HW_EMP,ES,2022,105.843,Spain
A,I20,HW_EMP,ES,2023,105.24,Spain
A,I20,HW_EMP,ES,2024,105.172,Spain
A,I20,HW_EMP,EU27_2020,2000,111.471,European Union - 27 countries (from 2020)
A,I20,HW_EMP,EU27_2020,2001,110.805,European Union - 27 countries (from 2020)
A,I20,HW_EMP,EU27_2020,2002,109.981,European Union - 27 countries (from 2020)
A,I20,HW_EMP,EU27_2020,2003,109.506,European Union - 27 countries (from 2020)
A,I20,HW_EMP,EU27_2020,2004,109.971,European Union - 27 countries (from 2020)
A,I20,HW_EMP,EU27_2020,2005,109.641,European Union - 27 countries (from 2020)
A,I20,HW_EMP,EU27_2020,2006,109.522,European Union - 27 countries (from 2020)
A,I20,HW_EMP,EU27_2020,2007,109.66,European Union - 27 countries (from 2020)
A,I20,HW_EMP,EU27_2020,2008,109.571,European Union - 27 countries (from 2020)
A,I20,HW_EMP,EU27_2020,2009,108.035,European Union - 27 countries (from 2020)
A,I20,HW_EMP,EU27_2020,2010,108.277,European Union - 27 countries (from 2020)
A,I20,HW_EMP,EU27_2020,2011,108.266,European Union - 27 countries (from 2020)
A,I20,HW_EMP,EU27_2020,2012,107.192,European Union - 27 countries (from 2020)
A,I20,HW_EMP,EU27_2020,2013,106.598,European Union - 27 countries (from 2020)
A,I20,HW_EMP,EU27_2020,2014,106.589,European Union - 27 countries (from 2020)
A,I20,HW_EMP,EU27_2020,2015,106.541,European Union - 27 countries (from 2020)
A,I20,HW_EMP,EU27_2020,2016,106.823,European Union - 27 countries (from 2020)
A,I20,HW_EMP,EU27_2020,2017,106.233,European Union - 27 countries (from 2020)
A,I20,HW_EMP,EU27_2020,2018,106.081,European Union - 27 countries (from 2020)
A,I20,HW_EMP,EU27_2020,2019,105.863,European Union - 27 countries (from 2020)
A,I20,HW_EMP,EU27_2020,2020,100.0,European Union - 27 countries (from 2020)
A,I20,HW_EMP,EU27_2020,2021,104.052,European Union - 27 countries (from 2020)
A,I20,HW_EMP,EU27_2020,2022,105.018,European Union - 27 countries (from 2020)
A,I20,HW_EMP,EU27_2020,2023,104.978,European Union - 27 countries (from 2020)
A,I20,HW_EMP,EU27_2020,2024,105.107,European Union - 27 countries (from 2020)
A,I20,HW_EMP,FI,2000,108.052,Finland
A,I20,HW_EMP,FI,2001,107.114,Finland
A,I20,HW_EMP,FI,2002,106.644,Finland
A,I20,HW_EMP,FI,2003,106.258,Finland
A,I20,HW_EMP,FI,2004,106.339,Finland
A,I20,HW_EMP,FI,2005,105.664,Finland
A,I20,HW_EMP,FI,2006,105.328,Finland
A,I20,HW_EMP,FI,2007,105.092,Finland
A,I20,HW_EMP,FI,2008,104.825,Finland
A,I20,HW_EMP,FI,2009,103.476,Finland
A,I20,HW_EMP,FI,2010,103.852,Finland
A,I20,HW_EMP,FI,2011,103.329,Finland
A,I20,HW_EMP,FI,2012,102.563,Finland
A,I20,HW_EMP,FI,2013,102.076,Finland
A,I20,HW_EMP,FI,2014,101.814,Finland
A,I20,HW_EMP,FI,2015,101.709,Finland
A,I20,HW_EMP,FI,2016,101.695,Finland
A,I20,HW_EMP,FI,2017,101.288,Finland
A,I20,HW_EMP,FI,2018,101.171,Finland
A,I20,HW_EMP,FI,2019,100.503,Finland
A,I20,HW_EMP,FI,2020,100.0,Finland
A,I20,HW_EMP,FI,2021,99.869,Finland
A,I20,HW_EMP,FI,2022,98.94,Finland
A,I20,HW_EMP,FI,2023,98.119,Finland
A,I20,HW_EMP,FI,2024,98.075,Finland
A,I20,HW_EMP,FR,2000,110.878,France
A,I20,HW_EMP,FR,2001,109.511,France
A,I20,HW_EMP,FR,2002,107.108,France
A,I20,HW_EMP,FR,2003,107.37,France
A,I20,HW_EMP,FR,2004,109.089,France
A,I20,HW_EMP,FR,2005,109.184,France
A,I20,HW_EMP,FR,2006,108.089,France
A,I20,HW_EMP,FR,2007,109.67,France
A,I20,HW_EMP,FR,2008,110.143,France
A,I20,HW_EMP,FR,2009,109.288,France
A,I20,HW_EMP,FR,2010,109.863,France
A,I20,HW_EMP,FR,2011,110.271,France
A,I20,HW_EMP,FR,2012,109.854,France
A,I20,HW_EMP,FR,2013,108.768,France
A,I20,HW_EMP,FR,2014,108.148,France
A,I20,HW_EMP,FR,2015,108.159,France
A,I20,HW_EMP,FR,2016,108.379,France
A,I20,HW_EMP,FR,2017,107.275,France
A,I20,HW_EMP,FR,2018,107.823,France
A,I20,HW_EMP,FR,2019,108.163,France
A,I20,HW_EMP,FR,2020,100.0,France
A,I20,HW_EMP,FR,2021,105.591,France
A,I20,HW_EMP,FR,2022,107.704,France
A,I20,HW_EMP,FR,2023,107.931,France
A,I20,HW_EMP,FR,2024,108.749,France
A,I20,HW_EMP,HR,2000,97.209,Croatia
A,I20,HW_EMP,HR,2001,97.27,Croatia
A,I20,HW_EMP,HR,2002,97.281,Croatia
A,I20,HW_EMP,HR,2003,97.329,Croatia
A,I20,HW_EMP,HR,2004,97.42,Croatia
A,I20,HW_EMP,HR,2005,97.413,Croatia
A,I20,HW_EMP,HR,2006,97.52,Croatia
A,I20,HW_EMP,HR,2007,97.621,Croatia
A,I20,HW_EMP,HR,2008,97.698,Croatia
A,I20,HW_EMP,HR,2009,97.535,Croatia
A,I20,HW_EMP,HR,2010,98.237,Croatia
A,I20,HW_EMP,HR,2011,98.106,Croatia
A,I20,HW_EMP,HR,2012,102.867,Croatia
A,I20,HW_EMP,HR,2013,102.454,Croatia
A,I20,HW_EMP,HR,2014,101.95,Croatia
A,I20,HW_EMP,HR,2015,99.885,Croatia
A,I20,HW_EMP,HR,2016,100.678,Croatia
A,I20,HW_EMP,HR,2017,101.806,Croatia
A,I20,HW_EMP,HR,2018,101.151,Croatia
A,I20,HW_EMP,HR,2019,100.881,Croatia
A,I20,HW_EMP,HR,2020,100.0,Croatia
A,I20,HW_EMP,HR,2021,99.838,Croatia
A,I20,HW_EMP,HR,2022,99.244,Croatia
A,I20,HW_EMP,HR,2023,99.827,Croatia
A,I20,HW_EMP,HR,2024,98.896,Croatia
A,I20,HW_EMP,HU,2000,116.612,Hungary
A,I20,HW_EMP,HU,2001,114.514,Hungary
A,I20,HW_EMP,HU,2002,113.657,Hungary
A,I20,HW_EMP,HU,2003,111.996,Hungary
A,I20,HW_EMP,HU,2004,112.123,Hungary
A,I20,HW_EMP,HU,2005,110.638,Hungary
A,I20,HW_EMP,HU,2006,109.419,Hungary
A,I20,HW_EMP,HU,2007,107.836,Hungary
A,I20,HW_EMP,HU,2008,108.05,Hungary
A,I20,HW_EMP,HU,2009,106.059,Hungary
A,I20,HW_EMP,HU,2010,106.556,Hungary
A,I20,HW_EMP,HU,2011,105.792,Hungary
A,I20,HW_EMP,HU,2012,104.861,Hungary
A,I20,HW_EMP,HU,2013,104.569,Hungary
A,I20,HW_EMP,HU,2014,105.474,Hungary
A,I20,HW_EMP,HU,2015,105.307,Hungary
A,I20,HW_EMP,HU,2016,106.184,Hungary
A,I20,HW_EMP,HU,2017,105.321,Hungary
A,I20,HW_EMP,HU,2018,104.273,Hungary
A,I20,HW_EMP,HU,2019,103.77,Hungary
A,I20,HW_EMP,HU,2020,100.0,Hungary
A,I20,HW_EMP,HU,2021,101.863,Hungary
A,I20,HW_EMP,HU,2022,102.421,Hungary
A,I20,HW_EMP,HU,2023,100.648,Hungary
A,I20,HW_EMP,HU,2024,100.791,Hungary
A,I20,HW_EMP,IE,2000,115.774,Ireland
A,I20,HW_EMP,IE,2001,114.416,Ireland
A,I20,HW_EMP,IE,2002,113.447,Ireland
A,I20,HW_EMP,IE,2003,111.485,Ireland
A,I20,HW_EMP,IE,2004,110.621,Ireland
A,I20,HW_EMP,IE,2005,110.701,Ireland
A,I20,HW_EMP,IE,2006,109.447,Ireland
A,I20,HW_EMP,IE,2007,107.903,Ireland
A,I20,HW_EMP,IE,2008,105.804,Ireland
A,I20,HW_EMP,IE,2009,102.591,Ireland
A,I20,HW_EMP,IE,2010,102.762,Ireland
A,I20,HW_EMP,IE,2011,102.928,Ireland
A,I20,HW_EMP,IE,2012,102.616,Ireland
A,I20,HW_EMP,IE,2013,103.734,Ireland
A,I20,HW_EMP,IE,2014,104.399,Ireland
A,I20,HW_EMP,IE,2015,103.896,Ireland
A,I20,HW_EMP,IE,2016,105.33,Ireland
A,I20,HW_EMP,IE,2017,106.713,Ireland
A,I20,HW_EMP,IE,2018,107.514,Ireland
A,I20,HW_EMP,IE,2019,107.608,Ireland
A,I20,HW_EMP,IE,2020,100.0,Ireland
A,I20,HW_EMP,IE,2021,100.903,Ireland
A,I20,HW_EMP,IE,2022,102.871,Ireland
A,I20,HW_EMP,IE,2023,101.13,Ireland
A,I20,HW_EMP,IE,2024,100.547,Ireland
A,I20,HW_EMP,IT,2000,120.726,Italy
A,I20,HW_EMP,IT,2001,120.096,Italy
A,I20,HW_EMP,IT,2002,118.962,Italy
A,I20,HW_EMP,IT,2003,117.862,Italy
A,I20,HW_EMP,IT,2004,117.81,Italy
A,I20,HW_EMP,IT,2005,117.566,Italy
A,I20,HW_EMP,IT,2006,117.648,Italy
A,I20,HW_EMP,IT,2007,117.985,Italy
A,I20,HW_EMP,IT,2008,117.27,Italy
A,I20,HW_EMP,IT,2009,115.102,Italy
A,I20,HW_EMP,IT,2010,115.147,Italy
A,I20,HW_EMP,IT,2011,114.869,Italy
A,I20,HW_EMP,IT,2012,112.332,Italy
A,I20,HW_EMP,IT,2013,111.464,Italy
A,I20,HW_EMP,IT,2014,111.338,Italy
A,I20,HW_EMP,IT,2015,111.504,Italy
A,I20,HW_EMP,IT,2016,111.771,Italy
A,I20,HW_EMP,IT,2017,111.676,Italy
A,I20,HW_EMP,IT,2018,111.646,Italy
A,I20,HW_EMP,IT,2019,111.002,Italy
A,I20,HW_EMP,IT,2020,100.0,Italy
A,I20,HW_EMP,IT,2021,109.188,Italy
A,I20,HW_EMP,IT,2022,111.713,Italy
A,I20,HW_EMP,IT,2023,112.87,Italy
A,I20,HW_EMP,IT,2024,113.301,Italy
A,I20,HW_EMP,LT,2000,103.821,Lithuania
A,I20,HW_EMP,LT,2001,102.998,Lithuania
A,I20,HW_EMP,LT,2002,101.398,Lithuania
A,I20,HW_EMP,LT,2003,100.402,Lithuania
A,I20,HW_EMP,LT,2004,105.532,Lithuania
A,I20,HW_EMP,LT,2005,105.604,Lithuania
A,I20,HW_EMP,LT,2006,105.055,Lithuania
A,I20,HW_EMP,LT,2007,106.725,Lithuania
A,I20,HW_EMP,LT,2008,108.579,Lithuania
A,I20,HW_EMP,LT,2009,104.67,Lithuania
A,I20,HW_EMP,LT,2010,106.34,Lithuania
A,I20,HW_EMP,LT,2011,104.939,Lithuania
A,I20,HW_EMP,LT,2012,104.812,Lithuania
A,I20,HW_EMP,LT,2013,103.887,Lithuania
A,I20,HW_EMP,LT,2014,103.411,Lithuania
A,I20,HW_EMP,LT,2015,104.867,Lithuania
A,I20,HW_EMP,LT,2016,106.191,Lithuania
A,I20,HW_EMP,LT,2017,103.847,Lithuania
A,I20,HW_EMP,LT,2018,104.296,Lithuania
A,I20,HW_EMP,LT,2019,104.395,Lithuania
A,I20,HW_EMP,LT,2020,100.0,Lithuania
A,I20,HW_EMP,LT,2021,101.487,Lithuania
A,I20,HW_EMP,LT,2022,101.843,Lithuania
A,I20,HW_EMP,LT,2023,102.808,Lithuania
A,I20,HW_EMP,LT,2024,104.035,Lithuania
A,I20,HW_EMP,LU,2000,115.634,Luxembourg
A,I20,HW_EMP,LU,2001,114.755,Luxembourg
A,I20,HW_EMP,LU,2002,114.394,Luxembourg
A,I20,HW_EMP,LU,2003,114.258,Luxembourg
A,I20,HW_EMP,LU,2004,114.279,Luxembourg
A,I20,HW_EMP,LU,2005,112.865,Luxembourg
A,I20,HW_EMP,LU,2006,112.906,Luxembourg
A,I20,HW_EMP,LU,2007,113.905,Luxembourg
A,I20,HW_EMP,LU,2008,113.923,Luxembourg
A,I20,HW_EMP,LU,2009,109.372,Luxembourg
A,I20,HW_EMP,LU,2010,109.585,Luxembourg
A,I20,HW_EMP,LU,2011,109.478,Luxembourg
A,I20,HW_EMP,LU,2012,109.057,Luxembourg
A,I20,HW_EMP,LU,2013,108.523,Luxembourg
A,I20,HW_EMP,LU,2014,108.94,Luxembourg
A,I20,HW_EMP,LU,2015,109.472,Luxembourg
A,I20,HW_EMP,LU,2016,109.365,Luxembourg
A,I20,HW_EMP,LU,2017,108.654,Luxembourg
A,I20,HW_EMP,LU,2018,107.986,Luxembourg
A,I20,HW_EMP,LU,2019,107.587,Luxembourg
A,I20,HW_EMP,LU,2020,100.0,Luxembourg
A,I20,HW_EMP,LU,2021,106.311,Luxembourg
A,I20,HW_EMP,LU,2022,106.023,Luxembourg
A,I20,HW_EMP,LU,2023,105.653,Luxembourg
A,I20,HW_EMP,LU,2024,105.708,Luxembourg
A,I20,HW_EMP,LV,2000,118.716,Latvia
A,I20,HW_EMP,LV,2001,119.217,Latvia
A,I20,HW_EMP,LV,2002,117.254,Latvia
A,I20,HW_EMP,LV,2003,116.892,Latvia
A,I20,HW_EMP,LV,2004,114.738,Latvia
A,I20,HW_EMP,LV,2005,117.283,Latvia
A,I20,HW_EMP,LV,2006,116.447,Latvia
A,I20,HW_EMP,LV,2007,114.195,Latvia
A,I20,HW_EMP,LV,2008,111.486,Latvia
A,I20,HW_EMP,LV,2009,108.7,Latvia
A,I20,HW_EMP,LV,2010,107.75,Latvia
A,I20,HW_EMP,LV,2011,108.682,Latvia
A,I20,HW_EMP,LV,2012,107.701,Latvia
A,I20,HW_EMP,LV,2013,107.337,Latvia
A,I20,HW_EMP,LV,2014,107.935,Latvia
A,I20,HW_EMP,LV,2015,105.89,Latvia
A,I20,HW_EMP,LV,2016,105.931,Latvia
A,I20,HW_EMP,LV,2017,105.042,Latvia
A,I20,HW_EMP,LV,2018,105.762,Latvia
A,I20,HW_EMP,LV,2019,105.727,Latvia
A,I20,HW_EMP,LV,2020,100.0,Latvia
A,I20,HW_EMP,LV,2021,101.705,Latvia
A,I20,HW_EMP,LV,2022,103.797,Latvia
A,I20,HW_EMP,LV,2023,102.05,Latvia
A,I20,HW_EMP,LV,2024,102.568,Latvia
A,I20,HW_EMP,MT,2000,115.243,Malta
A,I20,HW_EMP,MT,2001,113.939,Malta
A,I20,HW_EMP,MT,2002,112.972,Malta
A,I20,HW_EMP,MT,2003,111.333,Malta
A,I20,HW_EMP,MT,2004,107.396,Malta
A,I20,HW_EMP,MT,2005,107.565,Malta
A,I20,HW_EMP,MT,2006,108.008,Malta
A,I20,HW_EMP,MT,2007,109.372,Malta
A,I20,HW_EMP,MT,2008,109.706,Malta
A,I20,HW_EMP,MT,2009,109.405,Malta
A,I20,HW_EMP,MT,2010,108.119,Malta
A,I20,HW_EMP,MT,2011,105.234,Malta
A,I20,HW_EMP,MT,2012,103.921,Malta
A,I20,HW_EMP,MT,2013,102.925,Malta
A,I20,HW_EMP,MT,2014,101.957,Malta
A,I20,HW_EMP,MT,2015,101.678,Malta
A,I20,HW_EMP,MT,2016,104.461,Malta
A,I20,HW_EMP,MT,2017,103.73,Malta
A,I20,HW_EMP,MT,2018,105.178,Malta
A,I20,HW_EMP,MT,2019,108.422,Malta
A,I20,HW_EMP,MT,2020,100.0,Malta
A,I20,HW_EMP,MT,2021,100.377,Malta
A,I20,HW_EMP,MT,2022,100.67,Malta
A,I20,HW_EMP,MT,2023,100.827,Malta
A,I20,HW_EMP,MT,2024,99.706,Malta
A,I20,HW_EMP,NL,2000,105.09,Netherlands
A,I20,HW_EMP,NL,2001,104.38,Netherlands
A,I20,HW_EMP,NL,2002,103.122,Netherlands
A,I20,HW_EMP,NL,2003,102.499,Netherlands
A,I20,HW_EMP,NL,2004,103.997,Netherlands
A,I20,HW_EMP,NL,2005,103.006,Netherlands
A,I20,HW_EMP,NL,2006,102.736,Netherlands
A,I20,HW_EMP,NL,2007,102.665,Netherlands
A,I20,HW_EMP,NL,2008,102.63,Netherlands
A,I20,HW_EMP,NL,2009,102.03,Netherlands
A,I20,HW_EMP,NL,2010,101.998,Netherlands
A,I20,HW_EMP,NL,2011,102.039,Netherlands
A,I20,HW_EMP,NL,2012,101.396,Netherlands
A,I20,HW_EMP,NL,2013,101.751,Netherlands
A,I20,HW_EMP,NL,2014,102.595,Netherlands
A,I20,HW_EMP,NL,2015,102.587,Netherlands
A,I20,HW_EMP,NL,2016,103.491,Netherlands
A,I20,HW_EMP,NL,2017,103.492,Netherlands
A,I20,HW_EMP,NL,2018,103.487,Netherlands
A,I20,HW_EMP,NL,2019,103.881,Netherlands
A,I20,HW_EMP,NL,2020,100.0,Netherlands
A,I20,HW_EMP,NL,2021,102.855,Netherlands
A,I20,HW_EMP,NL,2022,103.493,Netherlands
A,I20,HW_EMP,NL,2023,102.877,Netherlands
A,I20,HW_EMP,NL,2024,103.616,Netherlands
A,I20,HW_EMP,PL,2000,104.447,Poland
A,I20,HW_EMP,PL,2001,104.547,Poland
A,I20,HW_EMP,PL,2002,104.286,Poland
A,I20,HW_EMP,PL,2003,104.572,Poland
A,I20,HW_EMP,PL,2004,104.59,Poland
A,I20,HW_EMP,PL,2005,104.314,Poland
A,I20,HW_EMP,PL,2006,104.391,Poland
A,I20,HW_EMP,PL,2007,104.243,Poland
A,I20,HW_EMP,PL,2008,103.84,Poland
A,I20,HW_EMP,PL,2009,103.058,Poland
A,I20,HW_EMP,PL,2010,102.797,Poland
A,I20,HW_EMP,PL,2011,102.536,Poland
A,I20,HW_EMP,PL,2012,102.275,Poland
A,I20,HW_EMP,PL,2013,102.092,Poland
A,I20,HW_EMP,PL,2014,102.422,Poland
A,I20,HW_EMP,PL,2015,102.807,Poland
A,I20,HW_EMP,PL,2016,102.931,Poland
A,I20,HW_EMP,PL,2017,101.821,Poland
A,I20,HW_EMP,PL,2018,100.456,Poland
A,I20,HW_EMP,PL,2019,100.972,Poland
A,I20,HW_EMP,PL,2020,100.0,Poland
A,I20,HW_EMP,PL,2021,102.738,Poland
A,I20,HW_EMP,PL,2022,102.205,Poland
A,I20,HW_EMP,PL,2023,101.557,Poland
A,I20,HW_EMP,PL,2024,100.385,Poland
A,I20,HW_EMP,PT,2000,109.146,Portugal
A,I20,HW_EMP,PT,2001,108.201,Portugal
A,I20,HW_EMP,PT,2002,107.806,Portugal
A,I20,HW_EMP,PT,2003,107.407,Portugal
A,I20,HW_EMP,PT,2004,107.755,Portugal
A,I20,HW_EMP,PT,2005,107.872,Portugal
A,I20,HW_EMP,PT,2006,107.201,Portugal
A,I20,HW_EMP,PT,2007,108.176,Portugal
A,I20,HW_EMP,PT,2008,107.43,Portugal
A,I20,HW_EMP,PT,2009,107.455,Portugal
A,I20,HW_EMP,PT,2010,107.616,Portugal
A,I20,HW_EMP,PT,2011,106.055,Portugal
A,I20,HW_EMP,PT,2012,104.768,Portugal
A,I20,HW_EMP,PT,2013,105.391,Portugal
A,I20,HW_EMP,PT,2014,105.853,Portugal
A,I20,HW_EMP,PT,2015,106.188,Portugal
A,I20,HW_EMP,PT,2016,106.538,Portugal
A,I20,HW_EMP,PT,2017,105.899,Portugal
A,I20,HW_EMP,PT,2018,106.499,Portugal
A,I20,HW_EMP,PT,2019,106.773,Portugal
A,I20,HW_EMP,PT,2020,100.0,Portugal
A,I20,HW_EMP,PT,2021,103.045,Portugal
A,I20,HW_EMP,PT,2022,105.482,Portugal
A,I20,HW_EMP,PT,2023,108.479,Portugal
A,I20,HW_EMP,PT,2024,108.656,Portugal
A,I20,HW_EMP,RO,2000,105.507,Romania
A,I20,HW_EMP,RO,2001,105.477,Romania
A,I20,HW_EMP,RO,2002,106.314,Romania
A,I20,HW_EMP,RO,2003,104.599,Romania
A,I20,HW_EMP,RO,2004,107.419,Romania
A,I20,HW_EMP,RO,2005,106.873,Romania
A,I20,HW_EMP,RO,2006,104.544,Romania
A,I20,HW_EMP,RO,2007,104.763,Romania
A,I20,HW_EMP,RO,2008,104.496,Romania
A,I20,HW_EMP,RO,2009,103.371,Romania
A,I20,HW_EMP,RO,2010,104.805,Romania
A,I20,HW_EMP,RO,2011,105.295,Romania
A,I20,HW_EMP,RO,2012,103.146,Romania
A,I20,HW_EMP,RO,2013,102.857,Romania
A,I20,HW_EMP,RO,2014,102.064,Romania
A,I20,HW_EMP,RO,2015,101.673,Romania
A,I20,HW_EMP,RO,2016,103.003,Romania
A,I20,HW_EMP,RO,2017,101.683,Romania
A,I20,HW_EMP,RO,2018,101.748,Romania
A,I20,HW_EMP,RO,2019,102.666,Romania
A,I20,HW_EMP,RO,2020,100.0,Romania
A,I20,HW_EMP,RO,2021,103.829,Romania
A,I20,HW_EMP,RO,2022,102.629,Romania
A,I20,HW_EMP,RO,2023,101.774,Romania
A,I20,HW_EMP,RO,2024,104.136,Romania
A,I20,HW_EMP,SE,2000,104.691,Sweden
A,I20,HW_EMP,SE,2001,103.243,Sweden
A,I20,HW_EMP,SE,2002,101.707,Sweden
A,I20,HW_EMP,SE,2003,100.763,Sweden
A,I20,HW_EMP,SE,2004,102.125,Sweden
A,I20,HW_EMP,SE,2005,102.068,Sweden
A,I20,HW_EMP,SE,2006,101.953,Sweden
A,I20,HW_EMP,SE,2007,102.76,Sweden
A,I20,HW_EMP,SE,2008,103.656,Sweden
A,I20,HW_EMP,SE,2009,102.68,Sweden
A,I20,HW_EMP,SE,2010,104.438,Sweden
A,I20,HW_EMP,SE,2011,104.504,Sweden
A,I20,HW_EMP,SE,2012,103.582,Sweden
A,I20,HW_EMP,SE,2013,102.972,Sweden
A,I20,HW_EMP,SE,2014,103.03,Sweden
A,I20,HW_EMP,SE,2015,103.135,Sweden
A,I20,HW_EMP,SE,2016,103.905,Sweden
A,I20,HW_EMP,SE,2017,103.048,Sweden
A,I20,HW_EMP,SE,2018,102.977,Sweden
A,I20,HW_EMP,SE,2019,102.024,Sweden
A,I20,HW_EMP,SE,2020,100.0,Sweden
A,I20,HW_EMP,SE,2021,101.32,Sweden
A,I20,HW_EMP,SE,2022,100.949,Sweden
A,I20,HW_EMP,SE,2023,100.784,Sweden
A,I20,HW_EMP,SE,2024,100.688,Sweden
A,I20,HW_EMP,SI,2000,111.561,Slovenia
A,I20,HW_EMP,SI,2001,110.634,Slovenia
A,I20,HW_EMP,SI,2002,112.221,Slovenia
A,I20,HW_EMP,SI,2003,112.428,Slovenia
A,I20,HW_EMP,SI,2004,113.288,Slovenia
A,I20,HW_EMP,SI,2005,110.68,Slovenia
A,I20,HW_EMP,SI,2006,108.779,Slovenia
A,I20,HW_EMP,SI,2007,107.963,Slovenia
A,I20,HW_EMP,SI,2008,109.175,Slovenia
A,I20,HW_EMP,SI,2009,109.535,Slovenia
A,I20,HW_EMP,SI,2010,109.621,Slovenia
A,I20,HW_EMP,SI,2011,108.514,Slovenia
A,I20,HW_EMP,SI,2012,107.276,Slovenia
A,I20,HW_EMP,SI,2013,108.444,Slovenia
A,I20,HW_EMP,SI,2014,109.717,Slovenia
A,I20,HW_EMP,SI,2015,110.078,Slovenia
A,I20,HW_EMP,SI,2016,107.8,Slovenia
A,I20,HW_EMP,SI,2017,105.784,Slovenia
A,I20,HW_EMP,SI,2018,104.573,Slovenia
A,I20,HW_EMP,SI,2019,104.474,Slovenia
A,I20,HW_EMP,SI,2020,100.0,Slovenia
A,I20,HW_EMP,SI,2021,103.96,Slovenia
A,I20,HW_EMP,SI,2022,105.048,Slovenia
A,I20,HW_EMP,SI,2023,103.562,Slovenia
A,I20,HW_EMP,SI,2024,105.633,Slovenia
A,I20,HW_EMP,SK,2000,115.498,Slovakia
A,I20,HW_EMP,SK,2001,114.552,Slovakia
A,I20,HW_EMP,SK,2002,111.583,Slovakia
A,I20,HW_EMP,SK,2003,107.989,Slovakia
A,I20,HW_EMP,SK,2004,110.815,Slovakia
A,I20,HW_EMP,SK,2005,112.564,Slovakia
A,I20,HW_EMP,SK,2006,112.88,Slovakia
A,I20,HW_EMP,SK,2007,113.946,Slovakia
A,I20,HW_EMP,SK,2008,114.083,Slovakia
A,I20,HW_EMP,SK,2009,113.255,Slovakia
A,I20,HW_EMP,SK,2010,114.833,Slovakia
A,I20,HW_EMP,SK,2011,114.061,Slovakia
A,I20,HW_EMP,SK,2012,113.808,Slovakia
A,I20,HW_EMP,SK,2013,112.699,Slovakia
A,I20,HW_EMP,SK,2014,111.936,Slovakia
A,I20,HW_EMP,SK,2015,111.585,Slovakia
A,I20,HW_EMP,SK,2016,110.689,Slovakia
A,I20,HW_EMP,SK,2017,109.021,Slovakia
A,I20,HW_EMP,SK,2018,108.393,Slovakia
A,I20,HW_EMP,SK,2019,107.634,Slovakia
A,I20,HW_EMP,SK,2020,100.0,Slovakia
A,I20,HW_EMP,SK,2021,100.606,Slovakia
A,I20,HW_EMP,SK,2022,102.423,Slovakia
A,I20,HW_EMP,SK,2023,103.337,Slovakia
A,I20,HW_EMP,SK,2024,103.69,Slovakia
A,I20,RLPR_HW,AT,2000,79.175,Austria
A,I20,RLPR_HW,AT,2001,80.252,Austria
A,I20,RLPR_HW,AT,2002,81.642,Austria
A,I20,RLPR_HW,AT,2003,82.435,Austria
A,I20,RLPR_HW,AT,2004,83.906,Austria
A,I20,RLPR_HW,AT,2005,86.029,Austria
A,I20,RLPR_HW,AT,2006,88.16,Austria
A,I20,RLPR_HW,AT,2007,90.387,Austria
A,I20,RLPR_HW,AT,2008,90.355,Austria
A,I20,RLPR_HW,AT,2009,90.03,Austria
A,I20,RLPR_HW,AT,2010,91.336,Austria
A,I20,RLPR_HW,AT,2011,92.23,Austria
A,I20,RLPR_HW,AT,2012,93.211,Austria
A,I20,RLPR_HW,AT,2013,93.417,Austria
A,I20,RLPR_HW,AT,2014,93.685,Austria
A,I20,RLPR_HW,AT,2015,95.629,Austria
A,I20,RLPR_HW,AT,2016,95.602,Austria
A,I20,RLPR_HW,AT,2017,96.809,Austria
A,I20,RLPR_HW,AT,2018,97.224,Austria
A,I20,RLPR_HW,AT,2019,97.333,Austria
A,I20,RLPR_HW,AT,2020,100.0,Austria
A,I20,RLPR_HW,AT,2021,99.971,Austria
A,I20,RLPR_HW,AT,2022,102.666,Austria
A,I20,RLPR_HW,AT,2023,101.223,Austria
A,I20,RLPR_HW,AT,2024,100.413,Austria
A,I20,RLPR_HW,BE,2000,85.153,Belgium
A,I20,RLPR_HW,BE,2001,85.348,Belgium
A,I20,RLPR_HW,BE,2002,85.933,Belgium
A,I20,RLPR_HW,BE,2003,86.657,Belgium
A,I20,RLPR_HW,BE,2004,89.457,Belgium
A,I20,RLPR_HW,BE,2005,90.82,Belgium
A,I20,RLPR_HW,BE,2006,91.291,Belgium
A,I20,RLPR_HW,BE,2007,92.979,Belgium
A,I20,RLPR_HW,BE,2008,92.408,Belgium
A,I20,RLPR_HW,BE,2009,91.83,Belgium
A,I20,RLPR_HW,BE,2010,92.834,Belgium
A,I20,RLPR_HW,BE,2011,92.508,Belgium
A,I20,RLPR_HW,BE,2012,92.61,Belgium
A,I20,RLPR_HW,BE,2013,93.167,Belgium
A,I20,RLPR_HW,BE,2014,94.682,Belgium
A,I20,RLPR_HW,BE,2015,95.63,Belgium
A,I20,RLPR_HW,BE,2016,95.569,Belgium
A,I20,RLPR_HW,BE,2017,95.42,Belgium
A,I20,RLPR_HW,BE,2018,95.616,Belgium
A,I20,RLPR_HW,BE,2019,96.434,Belgium
A,I20,RLPR_HW,BE,2020,100.0,Belgium
A,I20,RLPR_HW,BE,2021,98.294,Belgium
A,I20,RLPR_HW,BE,2022,97.828,Belgium
A,I20,RLPR_HW,BE,2023,98.555,Belgium
A,I20,RLPR_HW,BE,2024,99.893,Belgium
A,I20,RLPR_HW,BG,2000,56.674,Bulgaria
A,I20,RLPR_HW,BG,2001,58.873,Bulgaria
A,I20,RLPR_HW,BG,2002,62.209,Bulgaria
A,I20,RLPR_HW,BG,2003,64.004,Bulgaria
A,I20,RLPR_HW,BG,2004,65.522,Bulgaria
A,I20,RLPR_HW,BG,2005,68.51,Bulgaria
A,I20,RLPR_HW,BG,2006,70.999,Bulgaria
A,I20,RLPR_HW,BG,2007,73.375,Bulgaria
A,I20,RLPR_HW,BG,2008,74.322,Bulgaria
A,I20,RLPR_HW,BG,2009,75.188,Bulgaria
A,I20,RLPR_HW,BG,2010,79.507,Bulgaria
A,I20,RLPR_HW,BG,2011,83.059,Bulgaria
A,I20,RLPR_HW,BG,2012,85.783,Bulgaria
A,I20,RLPR_HW,BG,2013,85.659,Bulgaria
A,I20,RLPR_HW,BG,2014,86.204,Bulgaria
A,I20,RLPR_HW,BG,2015,88.804,Bulgaria
A,I20,RLPR_HW,BG,2016,91.085,Bulgaria
A,I20,RLPR_HW,BG,2017,91.956,Bulgaria
A,I20,RLPR_HW,BG,2018,94.123,Bulgaria
A,I20,RLPR_HW,BG,2019,99.051,Bulgaria
A,I20,RLPR_HW,BG,2020,100.0,Bulgaria
A,I20,RLPR_HW,BG,2021,106.985,Bulgaria
A,I20,RLPR_HW,BG,2022,110.305,Bulgaria
A,I20,RLPR_HW,BG,2023,108.27,Bulgaria
A,I20,RLPR_HW,BG,2024,113.072,Bulgaria
A,I20,RLPR_HW,CY,2000,81.493,Cyprus
A,I20,RLPR_HW,CY,2001,81.878,Cyprus
A,I20,RLPR_HW,CY,2002,84.383,Cyprus
A,I20,RLPR_HW,CY,2003,83.902,Cyprus
A,I20,RLPR_HW,CY,2004,86.446,Cyprus
A,I20,RLPR_HW,CY,2005,88.943,Cyprus
A,I20,RLPR_HW,CY,2006,92.159,Cyprus
A,I20,RLPR_HW,CY,2007,91.298,Cyprus
A,I20,RLPR_HW,CY,2008,91.131,Cyprus
A,I20,RLPR_HW,CY,2009,90.262,Cyprus
A,I20,RLPR_HW,CY,2010,91.859,Cyprus
A,I20,RLPR_HW,CY,2011,91.875,Cyprus
A,I20,RLPR_HW,CY,2012,92.071,Cyprus
A,I20,RLPR_HW,CY,2013,92.859,Cyprus
A,I20,RLPR_HW,CY,2014,92.813,Cyprus
A,I20,RLPR_HW,CY,2015,94.041,Cyprus
A,I20,RLPR_HW,CY,2016,94.964,Cyprus
A,I20,RLPR_HW,CY,2017,96.241,Cyprus
A,I20,RLPR_HW,CY,2018,97.309,Cyprus
A,I20,RLPR_HW,CY,2019,97.984,Cyprus
A,I20,RLPR_HW,CY,2020,100.0,Cyprus
A,I20,RLPR_HW,CY,2021,102.714,Cyprus
A,I20,RLPR_HW,CY,2022,106.251,Cyprus
A,I20,RLPR_HW,CY,2023,107.034,Cyprus
A,I20,RLPR_HW,CY,2024,108.516,Cyprus
A,I20,RLPR_HW,CZ,2000,59.201,Czechia
A,I20,RLPR_HW,CZ,2001,63.676,Czechia
A,I20,RLPR_HW,CZ,2002,64.623,Czechia
A,I20,RLPR_HW,CZ,2003,67.782,Czechia
A,I20,RLPR_HW,CZ,2004,70.564,Czechia
A,I20,RLPR_HW,CZ,2005,74.078,Czechia
A,I20,RLPR_HW,CZ,2006,78.526,Czechia
A,I20,RLPR_HW,CZ,2007,81.801,Czechia
A,I20,RLPR_HW,CZ,2008,81.478,Czechia
A,I20,RLPR_HW,CZ,2009,79.437,Czechia
A,I20,RLPR_HW,CZ,2010,81.553,Czechia
A,I20,RLPR_HW,CZ,2011,83.141,Czechia
A,I20,RLPR_HW,CZ,2012,83.475,Czechia
A,I20,RLPR_HW,CZ,2013,83.756,Czechia
A,I20,RLPR_HW,CZ,2014,84.674,Czechia
A,I20,RLPR_HW,CZ,2015,88.757,Czechia
A,I20,RLPR_HW,CZ,2016,88.925,Czechia
A,I20,RLPR_HW,CZ,2017,92.169,Czechia
A,I20,RLPR_HW,CZ,2018,93.283,Czechia
A,I20,RLPR_HW,CZ,2019,96.772,Czechia
A,I20,RLPR_HW,CZ,2020,100.0,Czechia
A,I20,RLPR_HW,CZ,2021,100.089,Czechia
A,I20,RLPR_HW,CZ,2022,98.588,Czechia
A,I20,RLPR_HW,CZ,2023,96.91,Czechia
A,I20,RLPR_HW,CZ,2024,96.593,Czechia
A,I20,RLPR_HW,DE,2000,48.272,Germany
A,I20,RLPR_HW,DE,2001,49.441,Germany
A,I20,RLPR_HW,DE,2002,49.874,Germany
A,I20,RLPR_HW,DE,2003,50.334,Germany
A,I20,RLPR_HW,DE,2004,50.773,Germany
A,I20,RLPR_HW,DE,2005,51.67,Germany
A,I20,RLPR_HW,DE,2006,52.528,Germany
A,I20,RLPR_HW,DE,2007,53.09,Germany
A,I20,RLPR_HW,DE,2008,53.068,Germany
A,I20,RLPR_HW,DE,2009,51.49,Germany
A,I20,RLPR_HW,DE,2010,52.667,Germany
A,I20,RLPR_HW,DE,2011,53.958,Germany
A,I20,RLPR_HW,DE,2012,54.378,Germany
A,I20,RLPR_HW,DE,2013,54.589,Germany
A,I20,RLPR_HW,DE,2014,55.117,Germany
A,I20,RLPR_HW,DE,2015,55.476,Germany
A,I20,RLPR_HW,DE,2016,56.227,Germany
A,I20,RLPR_HW,DE,2017,57.325,Germany
A,I20,RLPR_HW,DE,2018,57.527,Germany
A,I20,RLPR_HW,DE,2019,57.924,Germany
A,I20,RLPR_HW,DE,2020,58.422,Germany
A,I20,RLPR_HW,DE,2021,59.355,Germany
A,I20,RLPR_HW,DE,2022,59.357,Germany
A,I20,RLPR_HW,DE,2023,58.743,Germany
A,I20,RLPR_HW,DE,2024,58.249,Germany
A,I20,RLPR_HW,DK,2000,79.53,Denmark
A,I20,RLPR_HW,DK,2001,79.349,Denmark
A,I20,RLPR_HW,DK,2002,79.993,Denmark
A,I20,RLPR_HW,DK,2003,81.355,Denmark
A,I20,RLPR_HW,DK,2004,84.041,Denmark
A,I20,RLPR_HW,DK,2005,85.211,Denmark
A,I20,RLPR_HW,DK,2006,86.254,Denmark
A,I20,RLPR_HW,DK,2007,86.479,Denmark
A,I20,RLPR_HW,DK,2008,85.221,Denmark
A,I20,RLPR_HW,DK,2009,84.378,Denmark
A,I20,RLPR_HW,DK,2010,87.421,Denmark
A,I20,RLPR_HW,DK,2011,87.772,Denmark
A,I20,RLPR_HW,DK,2012,89.227,Denmark
A,I20,RLPR_HW,DK,2013,90.277,Denmark
A,I20,RLPR_HW,DK,2014,91.619,Denmark
A,I20,RLPR_HW,DK,2015,92.635,Denmark
A,I20,RLPR_HW,DK,2016,93.604,Denmark
A,I20,RLPR_HW,DK,2017,95.572,Denmark
A,I20,RLPR_HW,DK,2018,97.483,Denmark
A,I20,RLPR_HW,DK,2019,98.35,Denmark
A,I20,RLPR_HW,DK,2020,100.0,Denmark
A,I20,RLPR_HW,DK,2021,100.524,Denmark
A,I20,RLPR_HW,DK,2022,97.273,Denmark
A,I20,RLPR_HW,DK,2023,98.263,Denmark
A,I20,RLPR_HW,DK,2024,101.888,Denmark
A,I20,RLPR_HW,EE,2000,49.935,Estonia
A,I20,RLPR_HW,EE,2001,52.772,Estonia
A,I20,RLPR_HW,EE,2002,56.377,Estonia
A,I20,RLPR_HW,EE,2003,59.219,Estonia
A,I20,RLPR_HW,EE,2004,63.24,Estonia
A,I20,RLPR_HW,EE,2005,66.985,Estonia
A,I20,RLPR_HW,EE,2006,70.36,Estonia
A,I20,RLPR_HW,EE,2007,75.64,Estonia
A,I20,RLPR_HW,EE,2008,73.031,Estonia
A,I20,RLPR_HW,EE,2009,74.569,Estonia
A,I20,RLPR_HW,EE,2010,78.543,Estonia
A,I20,RLPR_HW,EE,2011,77.497,Estonia
A,I20,RLPR_HW,EE,2012,80.447,Estonia
A,I20,RLPR_HW,EE,2013,81.712,Estonia
A,I20,RLPR_HW,EE,2014,84.075,Estonia
A,I20,RLPR_HW,EE,2015,83.58,Estonia
A,I20,RLPR_HW,EE,2016,85.751,Estonia
A,I20,RLPR_HW,EE,2017,88.14,Estonia
A,I20,RLPR_HW,EE,2018,93.801,Estonia
A,I20,RLPR_HW,EE,2019,96.805,Estonia
A,I20,RLPR_HW,EE,2020,100.0,Estonia
A,I20,RLPR_HW,EE,2021,108.889,Estonia
A,I20,RLPR_HW,EE,2022,104.356,Estonia
A,I20,RLPR_HW,EE,2023,98.09,Estonia
A,I20,RLPR_HW,EE,2024,97.483,Estonia
A,I20,RLPR_HW,EL,2000,94.777,Greece
A,I20,RLPR_HW,EL,2001,99.34,Greece
A,I20,RLPR_HW,EL,2002,102.008,Greece
A,I20,RLPR_HW,EL,2003,106.803,Greece
A,I20,RLPR_HW,EL,2004,110.572,Greece
A,I20,RLPR_HW,EL,2005,108.148,Greece
A,I20,RLPR_HW,EL,2006,113.765,Greece
A,I20,RLPR_HW,EL,2007,116.838,Greece
A,I20,RLPR_HW,EL,2008,116.166,Greece
A,I20,RLPR_HW,EL,2009,113.441,Greece
A,I20,RLPR_HW,EL,2010,113.239,Greece
A,I20,RLPR_HW,EL,2011,105.568,Greece
A,I20,RLPR_HW,EL,2012,98.773,Greece
A,I20,RLPR_HW,EL,2013,96.769,Greece
A,I20,RLPR_HW,EL,2014,96.468,Greece
A,I20,RLPR_HW,EL,2015,99.903,Greece
A,I20,RLPR_HW,EL,2016,96.203,Greece
A,I20,RLPR_HW,EL,2017,97.91,Greece
A,I20,RLPR_HW,EL,2018,94.865,Greece
A,I20,RLPR_HW,EL,2019,97.104,Greece
A,I20,RLPR_HW,EL,2020,100.0,Greece
A,I20,RLPR_HW,EL,2021,96.788,Greece
A,I20,RLPR_HW,EL,2022,96.654,Greece
A,I20,RLPR_HW,EL,2023,96.732,Greece
A,I20,RLPR_HW,EL,2024,97.51,Greece
A,I20,RLPR_HW,ES,2000,85.858,Spain
A,I20,RLPR_HW,ES,2001,85.876,Spain
A,I20,RLPR_HW,ES,2002,86.042,Spain
A,I20,RLPR_HW,ES,2003,86.294,Spain
A,I20,RLPR_HW,ES,2004,86.573,Spain
A,I20,RLPR_HW,ES,2005,86.842,Spain
A,I20,RLPR_HW,ES,2006,87.321,Spain
A,I20,RLPR_HW,ES,2007,88.194,Spain
A,I20,RLPR_HW,ES,2008,88.274,Spain
A,I20,RLPR_HW,ES,2009,90.345,Spain
A,I20,RLPR_HW,ES,2010,92.529,Spain
A,I20,RLPR_HW,ES,2011,93.926,Spain
A,I20,RLPR_HW,ES,2012,95.85,Spain
A,I20,RLPR_HW,ES,2013,97.243,Spain
A,I20,RLPR_HW,ES,2014,97.706,Spain
A,I20,RLPR_HW,ES,2015,98.715,Spain
A,I20,RLPR_HW,ES,2016,99.063,Spain
A,I20,RLPR_HW,ES,2017,99.796,Spain
A,I20,RLPR_HW,ES,2018,99.725,Spain
A,I20,RLPR_HW,ES,2019,99.955,Spain
A,I20,RLPR_HW,ES,2020,100.0,Spain
A,I20,RLPR_HW,ES,2021,99.489,Spain
A,I20,RLPR_HW,ES,2022,100.725,Spain
A,I20,RLPR_HW,ES,2023,100.517,Spain
A,I20,RLPR_HW,ES,2024,101.718,Spain
A,I20,RLPR_HW,EU27_2020,2000,80.183,European Union - 27 countries (from 2020)
A,I20,RLPR_HW,EU27_2020,2001,81.793,European Union - 27 countries (from 2020)
A,I20,RLPR_HW,EU27_2020,2002,83.404,European Union - 27 countries (from 2020)
A,I20,RLPR_HW,EU27_2020,2003,84.24,European Union - 27 countries (from 2020)
A,I20,RLPR_HW,EU27_2020,2004,85.604,European Union - 27 countries (from 2020)
A,I20,RLPR_HW,EU27_2020,2005,86.643,European Union - 27 countries (from 2020)
A,I20,RLPR_HW,EU27_2020,2006,88.132,European Union - 27 countries (from 2020)
A,I20,RLPR_HW,EU27_2020,2007,88.935,European Union - 27 countries (from 2020)
A,I20,RLPR_HW,EU27_2020,2008,88.693,European Union - 27 countries (from 2020)
A,I20,RLPR_HW,EU27_2020,2009,87.702,European Union - 27 countries (from 2020)
A,I20,RLPR_HW,EU27_2020,2010,90.21,European Union - 27 countries (from 2020)
A,I20,RLPR_HW,EU27_2020,2011,91.918,European Union - 27 countries (from 2020)
A,I20,RLPR_HW,EU27_2020,2012,92.342,European Union - 27 countries (from 2020)
A,I20,RLPR_HW,EU27_2020,2013,93.163,European Union - 27 countries (from 2020)
A,I20,RLPR_HW,EU27_2020,2014,93.835,European Union - 27 countries (from 2020)
A,I20,RLPR_HW,EU27_2020,2015,95.18,European Union - 27 countries (from 2020)
A,I20,RLPR_HW,EU27_2020,2016,95.507,European Union - 27 countries (from 2020)
A,I20,RLPR_HW,EU27_2020,2017,97.18,European Union - 27 countries (from 2020)
A,I20,RLPR_HW,EU27_2020,2018,97.892,European Union - 27 countries (from 2020)
A,I20,RLPR_HW,EU27_2020,2019,98.666,European Union - 27 countries (from 2020)
A,I20,RLPR_HW,EU27_2020,2020,100.0,European Union - 27 countries (from 2020)
A,I20,RLPR_HW,EU27_2020,2021,100.596,European Union - 27 countries (from 2020)
A,I20,RLPR_HW,EU27_2020,2022,101.008,European Union - 27 countries (from 2020)
A,I20,RLPR_HW,EU27_2020,2023,100.226,European Union - 27 countries (from 2020)
A,I20,RLPR_HW,EU27_2020,2024,100.527,European Union - 27 countries (from 2020)
A,I20,RLPR_HW,FI,2000,82.681,Finland
A,I20,RLPR_HW,FI,2001,84.299,Finland
A,I20,RLPR_HW,FI,2002,85.046,Finland
A,I20,RLPR_HW,FI,2003,86.867,Finland
A,I20,RLPR_HW,FI,2004,89.803,Finland
A,I20,RLPR_HW,FI,2005,91.49,Finland
A,I20,RLPR_HW,FI,2006,93.708,Finland
A,I20,RLPR_HW,FI,2007,96.768,Finland
A,I20,RLPR_HW,FI,2008,95.642,Finland
A,I20,RLPR_HW,FI,2009,91.381,Finland
A,I20,RLPR_HW,FI,2010,94.644,Finland
A,I20,RLPR_HW,FI,2011,95.944,Finland
A,I20,RLPR_HW,FI,2012,94.61,Finland
A,I20,RLPR_HW,FI,2013,94.89,Finland
A,I20,RLPR_HW,FI,2014,95.2,Finland
A,I20,RLPR_HW,FI,2015,95.439,Finland
A,I20,RLPR_HW,FI,2016,97.365,Finland
A,I20,RLPR_HW,FI,2017,100.379,Finland
A,I20,RLPR_HW,FI,2018,99.115,Finland
A,I20,RLPR_HW,FI,2019,99.653,Finland
A,I20,RLPR_HW,FI,2020,100.0,Finland
A,I20,RLPR_HW,FI,2021,100.495,Finland
A,I20,RLPR_HW,FI,2022,98.743,Finland
A,I20,RLPR_HW,FI,2023,97.319,Finland
A,I20,RLPR_HW,FI,2024,99.014,Finland
A,I20,RLPR_HW,FR,2000,84.395,France
A,I20,RLPR_HW,FR,2001,85.838,France
A,I20,RLPR_HW,FR,2002,88.264,France
A,I20,RLPR_HW,FR,2003,88.87,France
A,I20,RLPR_HW,FR,2004,89.859,France
A,I20,RLPR_HW,FR,2005,90.849,France
A,I20,RLPR_HW,FR,2006,93.24,France
A,I20,RLPR_HW,FR,2007,92.875,France
A,I20,RLPR_HW,FR,2008,92.355,France
A,I20,RLPR_HW,FR,2009,91.476,France
A,I20,RLPR_HW,FR,2010,92.728,France
A,I20,RLPR_HW,FR,2011,93.912,France
A,I20,RLPR_HW,FR,2012,94.106,France
A,I20,RLPR_HW,FR,2013,95.606,France
A,I20,RLPR_HW,FR,2014,96.593,France
A,I20,RLPR_HW,FR,2015,97.369,France
A,I20,RLPR_HW,FR,2016,97.303,France
A,I20,RLPR_HW,FR,2017,99.183,France
A,I20,RLPR_HW,FR,2018,99.308,France
A,I20,RLPR_HW,FR,2019,99.826,France
A,I20,RLPR_HW,FR,2020,100.0,France
A,I20,RLPR_HW,FR,2021,98.641,France
A,I20,RLPR_HW,FR,2022,97.122,France
A,I20,RLPR_HW,FR,2023,97.488,France
A,I20,RLPR_HW,FR,2024,97.518,France
A,I20,RLPR_HW,HR,2000,78.902,Croatia
A,I20,RLPR_HW,HR,2001,81.921,Croatia
A,I20,RLPR_HW,HR,2002,86.042,Croatia
A,I20,RLPR_HW,HR,2003,88.68,Croatia
A,I20,RLPR_HW,HR,2004,91.599,Croatia
A,I20,RLPR_HW,HR,2005,94.697,Croatia
A,I20,RLPR_HW,HR,2006,96.422,Croatia
A,I20,RLPR_HW,HR,2007,98.173,Croatia
A,I20,RLPR_HW,HR,2008,98.027,Croatia
A,I20,RLPR_HW,HR,2009,92.094,Croatia
A,I20,RLPR_HW,HR,2010,93.798,Croatia
A,I20,RLPR_HW,HR,2011,97.68,Croatia
A,I20,RLPR_HW,HR,2012,94.151,Croatia
A,I20,RLPR_HW,HR,2013,97.44,Croatia
A,I20,RLPR_HW,HR,2014,94.871,Croatia
A,I20,RLPR_HW,HR,2015,98.05,Croatia
A,I20,RLPR_HW,HR,2016,101.202,Croatia
A,I20,RLPR_HW,HR,2017,102.14,Croatia
A,I20,RLPR_HW,HR,2018,104.982,Croatia
A,I20,RLPR_HW,HR,2019,106.619,Croatia
A,I20,RLPR_HW,HR,2020,100.0,Croatia
A,I20,RLPR_HW,HR,2021,111.079,Croatia
A,I20,RLPR_HW,HR,2022,117.709,Croatia
A,I20,RLPR_HW,HR,2023,119.38,Croatia
A,I20,RLPR_HW,HR,2024,118.505,Croatia
A,I20,RLPR_HW,HU,2000,61.999,Hungary
A,I20,RLPR_HW,HU,2001,65.553,Hungary
A,I20,RLPR_HW,HU,2002,69.256,Hungary
A,I20,RLPR_HW,HU,2003,71.649,Hungary
A,I20,RLPR_HW,HU,2004,75.825,Hungary
A,I20,RLPR_HW,HU,2005,80.719,Hungary
A,I20,RLPR_HW,HU,2006,84.078,Hungary
A,I20,RLPR_HW,HU,2007,86.108,Hungary
A,I20,RLPR_HW,HU,2008,88.549,Hungary
A,I20,RLPR_HW,HU,2009,85.72,Hungary
A,I20,RLPR_HW,HU,2010,86.932,Hungary
A,I20,RLPR_HW,HU,2011,89.321,Hungary
A,I20,RLPR_HW,HU,2012,88.081,Hungary
A,I20,RLPR_HW,HU,2013,88.794,Hungary
A,I20,RLPR_HW,HU,2014,87.945,Hungary
A,I20,RLPR_HW,HU,2015,89.122,Hungary
A,I20,RLPR_HW,HU,2016,87.638,Hungary
A,I20,RLPR_HW,HU,2017,90.413,Hungary
A,I20,RLPR_HW,HU,2018,94.593,Hungary
A,I20,RLPR_HW,HU,2019,98.695,Hungary
A,I20,RLPR_HW,HU,2020,100.0,Hungary
A,I20,RLPR_HW,HU,2021,102.764,Hungary
A,I20,RLPR_HW,HU,2022,104.763,Hungary
A,I20,RLPR_HW,HU,2023,105.085,Hungary
A,I20,RLPR_HW,HU,2024,105.506,Hungary
A,I20,RLPR_HW,IE,2000,44.298,Ireland
A,I20,RLPR_HW,IE,2001,45.905,Ireland
A,I20,RLPR_HW,IE,2002,48.286,Ireland
A,I20,RLPR_HW,IE,2003,49.647,Ireland
A,I20,RLPR_HW,IE,2004,51.689,Ireland
A,I20,RLPR_HW,IE,2005,52.168,Ireland
A,I20,RLPR_HW,IE,2006,53.006,Ireland
A,I20,RLPR_HW,IE,2007,54.325,Ireland
A,I20,RLPR_HW,IE,2008,53.461,Ireland
A,I20,RLPR_HW,IE,2009,57.106,Ireland
A,I20,RLPR_HW,IE,2010,60.724,Ireland
A,I20,RLPR_HW,IE,2011,62.903,Ireland
A,I20,RLPR_HW,IE,2012,63.088,Ireland
A,I20,RLPR_HW,IE,2013,61.944,Ireland
A,I20,RLPR_HW,IE,2014,65.569,Ireland
A,I20,RLPR_HW,IE,2015,79.301,Ireland
A,I20,RLPR_HW,IE,2016,76.26,Ireland
A,I20,RLPR_HW,IE,2017,80.346,Ireland
A,I20,RLPR_HW,IE,2018,83.339,Ireland
A,I20,RLPR_HW,IE,2019,84.725,Ireland
A,I20,RLPR_HW,IE,2020,100.0,Ireland
A,I20,RLPR_HW,IE,2021,108.307,Ireland
A,I20,RLPR_HW,IE,2022,107.476,Ireland
A,I20,RLPR_HW,IE,2023,102.181,Ireland
A,I20,RLPR_HW,IE,2024,103.712,Ireland
A,I20,RLPR_HW,IT,2000,95.593,Italy
A,I20,RLPR_HW,IT,2001,96.188,Italy
A,I20,RLPR_HW,IT,2002,95.635,Italy
A,I20,RLPR_HW,IT,2003,95.045,Italy
A,I20,RLPR_HW,IT,2004,95.953,Italy
A,I20,RLPR_HW,IT,2005,96.394,Italy
A,I20,RLPR_HW,IT,2006,96.152,Italy
A,I20,RLPR_HW,IT,2007,96.064,Italy
A,I20,RLPR_HW,IT,2008,95.448,Italy
A,I20,RLPR_HW,IT,2009,93.657,Italy
A,I20,RLPR_HW,IT,2010,95.602,Italy
A,I20,RLPR_HW,IT,2011,96.265,Italy
A,I20,RLPR_HW,IT,2012,95.601,Italy
A,I20,RLPR_HW,IT,2013,96.352,Italy
A,I20,RLPR_HW,IT,2014,96.454,Italy
A,I20,RLPR_HW,IT,2015,96.533,Italy
A,I20,RLPR_HW,IT,2016,96.117,Italy
A,I20,RLPR_HW,IT,2017,96.606,Italy
A,I20,RLPR_HW,IT,2018,96.452,Italy
A,I20,RLPR_HW,IT,2019,96.831,Italy
A,I20,RLPR_HW,IT,2020,100.0,Italy
A,I20,RLPR_HW,IT,2021,98.812,Italy
A,I20,RLPR_HW,IT,2022,99.329,Italy
A,I20,RLPR_HW,IT,2023,97.212,Italy
A,I20,RLPR_HW,IT,2024,95.884,Italy
A,I20,RLPR_HW,LT,2000,42.915,Lithuania
A,I20,RLPR_HW,LT,2001,47.836,Lithuania
A,I20,RLPR_HW,LT,2002,50.058,Lithuania
A,I20,RLPR_HW,LT,2003,54.631,Lithuania
A,I20,RLPR_HW,LT,2004,55.969,Lithuania
A,I20,RLPR_HW,LT,2005,59.801,Lithuania
A,I20,RLPR_HW,LT,2006,64.738,Lithuania
A,I20,RLPR_HW,LT,2007,69.371,Lithuania
A,I20,RLPR_HW,LT,2008,70.886,Lithuania
A,I20,RLPR_HW,LT,2009,67.806,Lithuania
A,I20,RLPR_HW,LT,2010,70.787,Lithuania
A,I20,RLPR_HW,LT,2011,75.852,Lithuania
A,I20,RLPR_HW,LT,2012,77.799,Lithuania
A,I20,RLPR_HW,LT,2013,80.565,Lithuania
A,I20,RLPR_HW,LT,2014,82.31,Lithuania
A,I20,RLPR_HW,LT,2015,82.309,Lithuania
A,I20,RLPR_HW,LT,2016,81.607,Lithuania
A,I20,RLPR_HW,LT,2017,87.928,Lithuania
A,I20,RLPR_HW,LT,2018,90.611,Lithuania
A,I20,RLPR_HW,LT,2019,94.265,Lithuania
A,I20,RLPR_HW,LT,2020,100.0,Lithuania
A,I20,RLPR_HW,LT,2021,103.495,Lithuania
A,I20,RLPR_HW,LT,2022,100.677,Lithuania
A,I20,RLPR_HW,LT,2023,99.052,Lithuania
A,I20,RLPR_HW,LT,2024,99.366,Lithuania
A,I20,RLPR_HW,LU,2000,93.99,Luxembourg
A,I20,RLPR_HW,LU,2001,92.325,Luxembourg
A,I20,RLPR_HW,LU,2002,93.03,Luxembourg
A,I20,RLPR_HW,LU,2003,93.71,Luxembourg
A,I20,RLPR_HW,LU,2004,95.448,Luxembourg
A,I20,RLPR_HW,LU,2005,96.397,Luxembourg
A,I20,RLPR_HW,LU,2006,98.4,Luxembourg
A,I20,RLPR_HW,LU,2007,101.012,Luxembourg
A,I20,RLPR_HW,LU,2008,96.133,Luxembourg
A,I20,RLPR_HW,LU,2009,95.939,Luxembourg
A,I20,RLPR_HW,LU,2010,97.554,Luxembourg
A,I20,RLPR_HW,LU,2011,95.836,Luxembourg
A,I20,RLPR_HW,LU,2012,95.461,Luxembourg
A,I20,RLPR_HW,LU,2013,97.208,Luxembourg
A,I20,RLPR_HW,LU,2014,96.966,Luxembourg
A,I20,RLPR_HW,LU,2015,96.22,Luxembourg
A,I20,RLPR_HW,LU,2016,98.134,Luxembourg
A,I20,RLPR_HW,LU,2017,96.681,Luxembourg
A,I20,RLPR_HW,LU,2018,95.495,Luxembourg
A,I20,RLPR_HW,LU,2019,95.09,Luxembourg
A,I20,RLPR_HW,LU,2020,100.0,Luxembourg
A,I20,RLPR_HW,LU,2021,97.773,Luxembourg
A,I20,RLPR_HW,LU,2022,93.845,Luxembourg
A,I20,RLPR_HW,LU,2023,92.47,Luxembourg
A,I20,RLPR_HW,LU,2024,91.849,Luxembourg
A,I20,RLPR_HW,LV,2000,44.249,Latvia
A,I20,RLPR_HW,LV,2001,46.16,Latvia
A,I20,RLPR_HW,LV,2002,49.807,Latvia
A,I20,RLPR_HW,LV,2003,53.836,Latvia
A,I20,RLPR_HW,LV,2004,59.487,Latvia
A,I20,RLPR_HW,LV,2005,64.384,Latvia
A,I20,RLPR_HW,LV,2006,69.18,Latvia
A,I20,RLPR_HW,LV,2007,75.027,Latvia
A,I20,RLPR_HW,LV,2008,74.879,Latvia
A,I20,RLPR_HW,LV,2009,75.279,Latvia
A,I20,RLPR_HW,LV,2010,78.385,Latvia
A,I20,RLPR_HW,LV,2011,78.883,Latvia
A,I20,RLPR_HW,LV,2012,84.196,Latvia
A,I20,RLPR_HW,LV,2013,84.311,Latvia
A,I20,RLPR_HW,LV,2014,86.773,Latvia
A,I20,RLPR_HW,LV,2015,90.518,Latvia
A,I20,RLPR_HW,LV,2016,93.074,Latvia
A,I20,RLPR_HW,LV,2017,97.087,Latvia
A,I20,RLPR_HW,LV,2018,98.59,Latvia
A,I20,RLPR_HW,LV,2019,97.317,Latvia
A,I20,RLPR_HW,LV,2020,100.0,Latvia
A,I20,RLPR_HW,LV,2021,106.501,Latvia
A,I20,RLPR_HW,LV,2022,106.14,Latvia
A,I20,RLPR_HW,LV,2023,105.072,Latvia
A,I20,RLPR_HW,LV,2024,106.045,Latvia
A,I20,RLPR_HW,MT,2000,69.958,Malta
A,I20,RLPR_HW,MT,2001,69.563,Malta
A,I20,RLPR_HW,MT,2002,71.101,Malta
A,I20,RLPR_HW,MT,2003,73.585,Malta
A,I20,RLPR_HW,MT,2004,76.504,Malta
A,I20,RLPR_HW,MT,2005,77.932,Malta
A,I20,RLPR_HW,MT,2006,78.046,Malta
A,I20,RLPR_HW,MT,2007,79.282,Malta
A,I20,RLPR_HW,MT,2008,80.591,Malta
A,I20,RLPR_HW,MT,2009,79.359,Malta
A,I20,RLPR_HW,MT,2010,85.112,Malta
A,I20,RLPR_HW,MT,2011,86.204,Malta
A,I20,RLPR_HW,MT,2012,89.015,Malta
A,I20,RLPR_HW,MT,2013,91.442,Malta
A,I20,RLPR_HW,MT,2014,95.429,Malta
A,I20,RLPR_HW,MT,2015,100.783,Malta
A,I20,RLPR_HW,MT,2016,96.521,Malta
A,I20,RLPR_HW,MT,2017,104.794,Malta
A,I20,RLPR_HW,MT,2018,103.657,Malta
A,I20,RLPR_HW,MT,2019,98.636,Malta
A,I20,RLPR_HW,MT,2020,100.0,Malta
A,I20,RLPR_HW,MT,2021,109.644,Malta
A,I20,RLPR_HW,MT,2022,106.773,Malta
A,I20,RLPR_HW,MT,2023,110.408,Malta
A,I20,RLPR_HW,MT,2024,112.96,Malta
A,I20,RLPR_HW,NL,2000,87.004,Netherlands
A,I20,RLPR_HW,NL,2001,87.887,Netherlands
A,I20,RLPR_HW,NL,2002,88.554,Netherlands
A,I20,RLPR_HW,NL,2003,89.69,Netherlands
A,I20,RLPR_HW,NL,2004,91.213,Netherlands
A,I20,RLPR_HW,NL,2005,93.368,Netherlands
A,I20,RLPR_HW,NL,2006,94.867,Netherlands
A,I20,RLPR_HW,NL,2007,95.812,Netherlands
A,I20,RLPR_HW,NL,2008,96.315,Netherlands
A,I20,RLPR_HW,NL,2009,94.165,Netherlands
A,I20,RLPR_HW,NL,2010,96.101,Netherlands
A,I20,RLPR_HW,NL,2011,96.981,Netherlands
A,I20,RLPR_HW,NL,2012,96.893,Netherlands
A,I20,RLPR_HW,NL,2013,97.722,Netherlands
A,I20,RLPR_HW,NL,2014,98.628,Netherlands
A,I20,RLPR_HW,NL,2015,99.923,Netherlands
A,I20,RLPR_HW,NL,2016,99.937,Netherlands
A,I20,RLPR_HW,NL,2017,100.384,Netherlands
A,I20,RLPR_HW,NL,2018,99.969,Netherlands
A,I20,RLPR_HW,NL,2019,99.625,Netherlands
A,I20,RLPR_HW,NL,2020,100.0,Netherlands
A,I20,RLPR_HW,NL,2021,101.557,Netherlands
A,I20,RLPR_HW,NL,2022,102.699,Netherlands
A,I20,RLPR_HW,NL,2023,100.84,Netherlands
A,I20,RLPR_HW,NL,2024,100.208,Netherlands
A,I20,RLPR_HW,PL,2000,55.528,Poland
A,I20,RLPR_HW,PL,2001,57.433,Poland
A,I20,RLPR_HW,PL,2002,60.498,Poland
A,I20,RLPR_HW,PL,2003,63.194,Poland
A,I20,RLPR_HW,PL,2004,65.655,Poland
A,I20,RLPR_HW,PL,2005,66.54,Poland
A,I20,RLPR_HW,PL,2006,68.439,Poland
A,I20,RLPR_HW,PL,2007,70.023,Poland
A,I20,RLPR_HW,PL,2008,70.689,Poland
A,I20,RLPR_HW,PL,2009,72.822,Poland
A,I20,RLPR_HW,PL,2010,77.374,Poland
A,I20,RLPR_HW,PL,2011,81.188,Poland
A,I20,RLPR_HW,PL,2012,82.532,Poland
A,I20,RLPR_HW,PL,2013,83.305,Poland
A,I20,RLPR_HW,PL,2014,84.827,Poland
A,I20,RLPR_HW,PL,2015,86.933,Poland
A,I20,RLPR_HW,PL,2016,88.74,Poland
A,I20,RLPR_HW,PL,2017,93.084,Poland
A,I20,RLPR_HW,PL,2018,99.7,Poland
A,I20,RLPR_HW,PL,2019,101.293,Poland
A,I20,RLPR_HW,PL,2020,100.0,Poland
A,I20,RLPR_HW,PL,2021,101.159,Poland
A,I20,RLPR_HW,PL,2022,105.842,Poland
A,I20,RLPR_HW,PL,2023,106.68,Poland
A,I20,RLPR_HW,PL,2024,112.129,Poland
A,I20,RLPR_HW,PT,2000,84.407,Portugal
A,I20,RLPR_HW,PT,2001,85.306,Portugal
A,I20,RLPR_HW,PT,2002,85.946,Portugal
A,I20,RLPR_HW,PT,2003,86.296,Portugal
A,I20,RLPR_HW,PT,2004,88.178,Portugal
A,I20,RLPR_HW,PT,2005,89.181,Portugal
A,I20,RLPR_HW,PT,2006,90.838,Portugal
A,I20,RLPR_HW,PT,2007,92.263,Portugal
A,I20,RLPR_HW,PT,2008,92.86,Portugal
A,I20,RLPR_HW,PT,2009,92.46,Portugal
A,I20,RLPR_HW,PT,2010,95.282,Portugal
A,I20,RLPR_HW,PT,2011,96.862,Portugal
A,I20,RLPR_HW,PT,2012,98.056,Portugal
A,I20,RLPR_HW,PT,2013,99.394,Portugal
A,I20,RLPR_HW,PT,2014,98.175,Portugal
A,I20,RLPR_HW,PT,2015,97.92,Portugal
A,I20,RLPR_HW,PT,2016,97.835,Portugal
A,I20,RLPR_HW,PT,2017,98.428,Portugal
A,I20,RLPR_HW,PT,2018,98.389,Portugal
A,I20,RLPR_HW,PT,2019,100.003,Portugal
A,I20,RLPR_HW,PT,2020,100.0,Portugal
A,I20,RLPR_HW,PT,2021,101.021,Portugal
A,I20,RLPR_HW,PT,2022,101.781,Portugal
A,I20,RLPR_HW,PT,2023,100.083,Portugal
A,I20,RLPR_HW,PT,2024,101.414,Portugal
A,I20,RLPR_HW,RO,2000,36.559,Romania
A,I20,RLPR_HW,RO,2001,38.89,Romania
A,I20,RLPR_HW,RO,2002,45.4,Romania
A,I20,RLPR_HW,RO,2003,47.247,Romania
A,I20,RLPR_HW,RO,2004,52.916,Romania
A,I20,RLPR_HW,RO,2005,55.841,Romania
A,I20,RLPR_HW,RO,2006,60.389,Romania
A,I20,RLPR_HW,RO,2007,63.701,Romania
A,I20,RLPR_HW,RO,2008,70.772,Romania
A,I20,RLPR_HW,RO,2009,70.159,Romania
A,I20,RLPR_HW,RO,2010,68.723,Romania
A,I20,RLPR_HW,RO,2011,73.176,Romania
A,I20,RLPR_HW,RO,2012,75.042,Romania
A,I20,RLPR_HW,RO,2013,76.131,Romania
A,I20,RLPR_HW,RO,2014,79.278,Romania
A,I20,RLPR_HW,RO,2015,83.143,Romania
A,I20,RLPR_HW,RO,2016,85.379,Romania
A,I20,RLPR_HW,RO,2017,91.393,Romania
A,I20,RLPR_HW,RO,2018,96.174,Romania
A,I20,RLPR_HW,RO,2019,98.966,Romania
A,I20,RLPR_HW,RO,2020,100.0,Romania
A,I20,RLPR_HW,RO,2021,100.934,Romania
A,I20,RLPR_HW,RO,2022,105.603,Romania
A,I20,RLPR_HW,RO,2023,110.257,Romania
A,I20,RLPR_HW,RO,2024,107.053,Romania
A,I20,RLPR_HW,SE,2000,78.103,Sweden
A,I20,RLPR_HW,SE,2001,78.648,Sweden
A,I20,RLPR_HW,SE,2002,81.56,Sweden
A,I20,RLPR_HW,SE,2003,84.271,Sweden
A,I20,RLPR_HW,SE,2004,86.996,Sweden
A,I20,RLPR_HW,SE,2005,89.513,Sweden
A,I20,RLPR_HW,SE,2006,92.049,Sweden
A,I20,RLPR_HW,SE,2007,92.149,Sweden
A,I20,RLPR_HW,SE,2008,90.056,Sweden
A,I20,RLPR_HW,SE,2009,88.848,Sweden
A,I20,RLPR_HW,SE,2010,91.762,Sweden
A,I20,RLPR_HW,SE,2011,92.479,Sweden
A,I20,RLPR_HW,SE,2012,92.202,Sweden
A,I20,RLPR_HW,SE,2013,92.857,Sweden
A,I20,RLPR_HW,SE,2014,93.566,Sweden
A,I20,RLPR_HW,SE,2015,96.124,Sweden
A,I20,RLPR_HW,SE,2016,95.537,Sweden
A,I20,RLPR_HW,SE,2017,95.744,Sweden
A,I20,RLPR_HW,SE,2018,95.885,Sweden
A,I20,RLPR_HW,SE,2019,98.672,Sweden
A,I20,RLPR_HW,SE,2020,100.0,Sweden
A,I20,RLPR_HW,SE,2021,102.557,Sweden
A,I20,RLPR_HW,SE,2022,100.71,Sweden
A,I20,RLPR_HW,SE,2023,99.455,Sweden
A,I20,RLPR_HW,SE,2024,101.992,Sweden
A,I20,RLPR_HW,SI,2000,68.136,Slovenia
A,I20,RLPR_HW,SI,2001,70.249,Slovenia
A,I20,RLPR_HW,SI,2002,70.558,Slovenia
A,I20,RLPR_HW,SI,2003,72.943,Slovenia
A,I20,RLPR_HW,SI,2004,75.266,Slovenia
A,I20,RLPR_HW,SI,2005,80.398,Slovenia
A,I20,RLPR_HW,SI,2006,85.296,Slovenia
A,I20,RLPR_HW,SI,2007,89.09,Slovenia
A,I20,RLPR_HW,SI,2008,88.85,Slovenia
A,I20,RLPR_HW,SI,2009,83.199,Slovenia
A,I20,RLPR_HW,SI,2010,85.866,Slovenia
A,I20,RLPR_HW,SI,2011,88.801,Slovenia
A,I20,RLPR_HW,SI,2012,88.011,Slovenia
A,I20,RLPR_HW,SI,2013,87.328,Slovenia
A,I20,RLPR_HW,SI,2014,88.332,Slovenia
A,I20,RLPR_HW,SI,2015,88.984,Slovenia
A,I20,RLPR_HW,SI,2016,91.918,Slovenia
A,I20,RLPR_HW,SI,2017,95.735,Slovenia
A,I20,RLPR_HW,SI,2018,97.98,Slovenia
A,I20,RLPR_HW,SI,2019,99.101,Slovenia
A,I20,RLPR_HW,SI,2020,100.0,Slovenia
A,I20,RLPR_HW,SI,2021,102.951,Slovenia
A,I20,RLPR_HW,SI,2022,101.64,Slovenia
A,I20,RLPR_HW,SI,2023,104.003,Slovenia
A,I20,RLPR_HW,SI,2024,103.24,Slovenia
A,I20,RLPR_HW,SK,2000,51.29,Slovakia
A,I20,RLPR_HW,SK,2001,52.921,Slovakia
A,I20,RLPR_HW,SK,2002,56.676,Slovakia
A,I20,RLPR_HW,SK,2003,60.75,Slovakia
A,I20,RLPR_HW,SK,2004,62.535,Slovakia
A,I20,RLPR_HW,SK,2005,64.514,Slovakia
A,I20,RLPR_HW,SK,2006,68.647,Slovakia
A,I20,RLPR_HW,SK,2007,73.819,Slovakia
A,I20,RLPR_HW,SK,2008,75.259,Slovakia
A,I20,RLPR_HW,SK,2009,73.066,Slovakia
A,I20,RLPR_HW,SK,2010,78.137,Slovakia
A,I20,RLPR_HW,SK,2011,79.276,Slovakia
A,I20,RLPR_HW,SK,2012,80.658,Slovakia
A,I20,RLPR_HW,SK,2013,82.667,Slovakia
A,I20,RLPR_HW,SK,2014,84.296,Slovakia
A,I20,RLPR_HW,SK,2015,87.215,Slovakia
A,I20,RLPR_HW,SK,2016,87.55,Slovakia
A,I20,RLPR_HW,SK,2017,89.471,Slovakia
A,I20,RLPR_HW,SK,2018,91.801,Slovakia
A,I20,RLPR_HW,SK,2019,93.574,Slovakia
A,I20,RLPR_HW,SK,2020,100.0,Slovakia
A,I20,RLPR_HW,SK,2021,105.634,Slovakia
A,I20,RLPR_HW,SK,2022,102.512,Slovakia
A,I20,RLPR_HW,SK,2023,103.464,Slovakia
A,I20,RLPR_HW,SK,2024,105.274,Slovakia
A,NAC,D1_SAL_HW,AT,2000,19.4,Austria
A,NAC,D1_SAL_HW,AT,2001,19.8,Austria
A,NAC,D1_SAL_HW,AT,2002,20.2,Austria
A,NAC,D1_SAL_HW,AT,2003,20.7,Austria
A,NAC,D1_SAL_HW,AT,2004,21.0,Austria
A,NAC,D1_SAL_HW,AT,2005,21.6,Austria
A,NAC,D1_SAL_HW,AT,2006,22.4,Austria
A,NAC,D1_SAL_HW,AT,2007,23.1,Austria
A,NAC,D1_SAL_HW,AT,2008,23.9,Austria
A,NAC,D1_SAL_HW,AT,2009,24.9,Austria
A,NAC,D1_SAL_HW,AT,2010,25.1,Austria
A,NAC,D1_SAL_HW,AT,2011,25.6,Austria
A,NAC,D1_SAL_HW,AT,2012,26.6,Austria
A,NAC,D1_SAL_HW,AT,2013,27.3,Austria
A,NAC,D1_SAL_HW,AT,2014,27.8,Austria
A,NAC,D1_SAL_HW,AT,2015,28.9,Austria
A,NAC,D1_SAL_HW,AT,2016,29.3,Austria
A,NAC,D1_SAL_HW,AT,2017,30.0,Austria
A,NAC,D1_SAL_HW,AT,2018,30.8,Austria
A,NAC,D1_SAL_HW,AT,2019,31.5,Austria
A,NAC,D1_SAL_HW,AT,2020,34.7,Austria
A,NAC,D1_SAL_HW,AT,2021,34.4,Austria
A,NAC,D1_SAL_HW,AT,2022,36.1,Austria
A,NAC,D1_SAL_HW,AT,2023,38.6,Austria
A,NAC,D1_SAL_HW,AT,2024,41.4,Austria
A,NAC,D1_SAL_HW,BE,2000,25.9,Belgium
A,NAC,D1_SAL_HW,BE,2001,26.9,Belgium
A,NAC,D1_SAL_HW,BE,2002,27.9,Belgium
A,NAC,D1_SAL_HW,BE,2003,28.3,Belgium
A,NAC,D1_SAL_HW,BE,2004,28.9,Belgium
A,NAC,D1_SAL_HW,BE,2005,29.6,Belgium
A,NAC,D1_SAL_HW,BE,2006,30.5,Belgium
A,NAC,D1_SAL_HW,BE,2007,31.5,Belgium
A,NAC,D1_SAL_HW,BE,2008,32.8,Belgium
A,NAC,D1_SAL_HW,BE,2009,33.9,Belgium
A,NAC,D1_SAL_HW,BE,2010,34.3,Belgium
A,NAC,D1_SAL_HW,BE,2011,35.2,Belgium
A,NAC,D1_SAL_HW,BE,2012,36.4,Belgium
A,NAC,D1_SAL_HW,BE,2013,37.4,Belgium
A,NAC,D1_SAL_HW,BE,2014,37.8,Belgium
A,NAC,D1_SAL_HW,BE,2015,38.0,Belgium
A,NAC,D1_SAL_HW,BE,2016,38.1,Belgium
A,NAC,D1_SAL_HW,BE,2017,38.7,Belgium
A,NAC,D1_SAL_HW,BE,2018,39.3,Belgium
A,NAC,D1_SAL_HW,BE,2019,40.2,Belgium
A,NAC,D1_SAL_HW,BE,2020,42.3,Belgium
A,NAC,D1_SAL_HW,BE,2021,42.5,Belgium
A,NAC,D1_SAL_HW,BE,2022,44.6,Belgium
A,NAC,D1_SAL_HW,BE,2023,47.9,Belgium
A,NAC,D1_SAL_HW,BE,2024,49.7,Belgium
A,NAC,D1_SAL_HW,BG,2000,1.3,Bulgaria
A,NAC,D1_SAL_HW,BG,2001,1.4,Bulgaria
A,NAC,D1_SAL_HW,BG,2002,1.5,Bulgaria
A,NAC,D1_SAL_HW,BG,2003,1.6,Bulgaria
A,NAC,D1_SAL_HW,BG,2004,1.7,Bulgaria
A,NAC,D1_SAL_HW,BG,2005,1.9,Bulgaria
A,NAC,D1_SAL_HW,BG,2006,2.0,Bulgaria
A,NAC,D1_SAL_HW,BG,2007,2.3,Bulgaria
A,NAC,D1_SAL_HW,BG,2008,2.6,Bulgaria
A,NAC,D1_SAL_HW,BG,2009,2.9,Bulgaria
A,NAC,D1_SAL_HW,BG,2010,3.2,Bulgaria
A,NAC,D1_SAL_HW,BG,2011,3.4,Bulgaria
A,NAC,D1_SAL_HW,BG,2012,3.7,Bulgaria
A,NAC,D1_SAL_HW,BG,2013,4.0,Bulgaria
A,NAC,D1_SAL_HW,BG,2014,4.2,Bulgaria
A,NAC,D1_SAL_HW,BG,2015,4.4,Bulgaria
A,NAC,D1_SAL_HW,BG,2016,4.7,Bulgaria
A,NAC,D1_SAL_HW,BG,2017,5.2,Bulgaria
A,NAC,D1_SAL_HW,BG,2018,5.7,Bulgaria
A,NAC,D1_SAL_HW,BG,2019,6.1,Bulgaria
A,NAC,D1_SAL_HW,BG,2020,6.7,Bulgaria
A,NAC,D1_SAL_HW,BG,2021,7.4,Bulgaria
A,NAC,D1_SAL_HW,BG,2022,8.4,Bulgaria
A,NAC,D1_SAL_HW,BG,2023,9.2,Bulgaria
A,NAC,D1_SAL_HW,BG,2024,10.7,Bulgaria
A,NAC,D1_SAL_HW,CY,2000,10.0,Cyprus
A,NAC,D1_SAL_HW,CY,2001,10.2,Cyprus
A,NAC,D1_SAL_HW,CY,2002,10.8,Cyprus
A,NAC,D1_SAL_HW,CY,2003,11.8,Cyprus
A,NAC,D1_SAL_HW,CY,2004,12.4,Cyprus
A,NAC,D1_SAL_HW,CY,2005,13.4,Cyprus
A,NAC,D1_SAL_HW,CY,2006,13.8,Cyprus
A,NAC,D1_SAL_HW,CY,2007,13.7,Cyprus
A,NAC,D1_SAL_HW,CY,2008,13.9,Cyprus
A,NAC,D1_SAL_HW,CY,2009,14.8,Cyprus
A,NAC,D1_SAL_HW,CY,2010,14.8,Cyprus
A,NAC,D1_SAL_HW,CY,2011,15.1,Cyprus
A,NAC,D1_SAL_HW,CY,2012,15.3,Cyprus
A,NAC,D1_SAL_HW,CY,2013,14.8,Cyprus
A,NAC,D1_SAL_HW,CY,2014,14.3,Cyprus
A,NAC,D1_SAL_HW,CY,2015,14.0,Cyprus
A,NAC,D1_SAL_HW,CY,2016,13.7,Cyprus
A,NAC,D1_SAL_HW,CY,2017,14.0,Cyprus
A,NAC,D1_SAL_HW,CY,2018,14.3,Cyprus
A,NAC,D1_SAL_HW,CY,2019,15.1,Cyprus
A,NAC,D1_SAL_HW,CY,2020,15.9,Cyprus
A,NAC,D1_SAL_HW,CY,2021,15.7,Cyprus
A,NAC,D1_SAL_HW,CY,2022,16.7,Cyprus
A,NAC,D1_SAL_HW,CY,2023,18.2,Cyprus
A,NAC,D1_SAL_HW,CY,2024,18.8,Cyprus
A,NAC,D1_SAL_HW,CZ,2000,125.6,Czechia
A,NAC,D1_SAL_HW,CZ,2001,142.7,Czechia
A,NAC,D1_SAL_HW,CZ,2002,154.7,Czechia
A,NAC,D1_SAL_HW,CZ,2003,168.7,Czechia
A,NAC,D1_SAL_HW,CZ,2004,179.7,Czechia
A,NAC,D1_SAL_HW,CZ,2005,185.9,Czechia
A,NAC,D1_SAL_HW,CZ,2006,198.4,Czechia
A,NAC,D1_SAL_HW,CZ,2007,211.7,Czechia
A,NAC,D1_SAL_HW,CZ,2008,218.5,Czechia
A,NAC,D1_SAL_HW,CZ,2009,217.3,Czechia
A,NAC,D1_SAL_HW,CZ,2010,222.8,Czechia
A,NAC,D1_SAL_HW,CZ,2011,227.8,Czechia
A,NAC,D1_SAL_HW,CZ,2012,233.2,Czechia
A,NAC,D1_SAL_HW,CZ,2013,233.4,Czechia
A,NAC,D1_SAL_HW,CZ,2014,238.8,Czechia
A,NAC,D1_SAL_HW,CZ,2015,249.8,Czechia
A,NAC,D1_SAL_HW,CZ,2016,258.5,Czechia
A,NAC,D1_SAL_HW,CZ,2017,278.0,Czechia
A,NAC,D1_SAL_HW,CZ,2018,299.8,Czechia
A,NAC,D1_SAL_HW,CZ,2019,321.6,Czechia
A,NAC,D1_SAL_HW,CZ,2020,356.1,Czechia
A,NAC,D1_SAL_HW,CZ,2021,369.3,Czechia
A,NAC,D1_SAL_HW,CZ,2022,383.4,Czechia
A,NAC,D1_SAL_HW,CZ,2023,408.5,Czechia
A,NAC,D1_SAL_HW,CZ,2024,425.8,Czechia
A,NAC,D1_SAL_HW,DE,2000,22.9,Germany
A,NAC,D1_SAL_HW,DE,2001,23.4,Germany
A,NAC,D1_SAL_HW,DE,2002,23.9,Germany
A,NAC,D1_SAL_HW,DE,2003,24.4,Germany
A,NAC,D1_SAL_HW,DE,2004,24.5,Germany
A,NAC,D1_SAL_HW,DE,2005,24.8,Germany
A,NAC,D1_SAL_HW,DE,2006,24.6,Germany
A,NAC,D1_SAL_HW,DE,2007,24.8,Germany
A,NAC,D1_SAL_HW,DE,2008,25.5,Germany
A,NAC,D1_SAL_HW,DE,2009,26.4,Germany
A,NAC,D1_SAL_HW,DE,2010,26.7,Germany
A,NAC,D1_SAL_HW,DE,2011,27.4,Germany
A,NAC,D1_SAL_HW,DE,2012,28.5,Germany
A,NAC,D1_SAL_HW,DE,2013,29.3,Germany
A,NAC,D1_SAL_HW,DE,2014,30.0,Germany
A,NAC,D1_SAL_HW,DE,2015,30.8,Germany
A,NAC,D1_SAL_HW,DE,2016,31.6,Germany
A,NAC,D1_SAL_HW,DE,2017,32.5,Germany
A,NAC,D1_SAL_HW,DE,2018,33.7,Germany
A,NAC,D1_SAL_HW,DE,2019,35.0,Germany
A,NAC,D1_SAL_HW,DE,2020,36.4,Germany
A,NAC,D1_SAL_HW,DE,2021,36.8,Germany
A,NAC,D1_SAL_HW,DE,2022,38.2,Germany
A,NAC,D1_SAL_HW,DE,2023,40.7,Germany
A,NAC,D1_SAL_HW,DE,2024,42.6,Germany
A,NAC,D1_SAL_HW,DK,2000,182.8,Denmark
A,NAC,D1_SAL_HW,DK,2001,189.3,Denmark
A,NAC,D1_SAL_HW,DK,2002,197.8,Denmark
A,NAC,D1_SAL_HW,DK,2003,205.4,Denmark
A,NAC,D1_SAL_HW,DK,2004,211.7,Denmark
A,NAC,D1_SAL_HW,DK,2005,218.8,Denmark
A,NAC,D1_SAL_HW,DK,2006,225.5,Denmark
A,NAC,D1_SAL_HW,DK,2007,237.0,Denmark
A,NAC,D1_SAL_HW,DK,2008,245.7,Denmark
A,NAC,D1_SAL_HW,DK,2009,254.6,Denmark
A,NAC,D1_SAL_HW,DK,2010,261.7,Denmark
A,NAC,D1_SAL_HW,DK,2011,262.9,Denmark
A,NAC,D1_SAL_HW,DK,2012,269.8,Denmark
A,NAC,D1_SAL_HW,DK,2013,273.8,Denmark
A,NAC,D1_SAL_HW,DK,2014,280.1,Denmark
A,NAC,D1_SAL_HW,DK,2015,287.0,Denmark
A,NAC,D1_SAL_HW,DK,2016,288.9,Denmark
A,NAC,D1_SAL_HW,DK,2017,294.9,Denmark
A,NAC,D1_SAL_HW,DK,2018,304.8,Denmark
A,NAC,D1_SAL_HW,DK,2019,310.5,Denmark
A,NAC,D1_SAL_HW,DK,2020,325.8,Denmark
A,NAC,D1_SAL_HW,DK,2021,326.1,Denmark
A,NAC,D1_SAL_HW,DK,2022,335.1,Denmark
A,NAC,D1_SAL_HW,DK,2023,349.7,Denmark
A,NAC,D1_SAL_HW,DK,2024,366.1,Denmark
A,NAC,D1_SAL_HW,EE,2000,2.7,Estonia
A,NAC,D1_SAL_HW,EE,2001,2.9,Estonia
A,NAC,D1_SAL_HW,EE,2002,3.3,Estonia
A,NAC,D1_SAL_HW,EE,2003,3.6,Estonia
A,NAC,D1_SAL_HW,EE,2004,4.0,Estonia
A,NAC,D1_SAL_HW,EE,2005,4.4,Estonia
A,NAC,D1_SAL_HW,EE,2006,5.0,Estonia
A,NAC,D1_SAL_HW,EE,2007,6.3,Estonia
A,NAC,D1_SAL_HW,EE,2008,7.1,Estonia
A,NAC,D1_SAL_HW,EE,2009,7.3,Estonia
A,NAC,D1_SAL_HW,EE,2010,7.3,Estonia
A,NAC,D1_SAL_HW,EE,2011,7.3,Estonia
A,NAC,D1_SAL_HW,EE,2012,7.9,Estonia
A,NAC,D1_SAL_HW,EE,2013,8.4,Estonia
A,NAC,D1_SAL_HW,EE,2014,9.0,Estonia
A,NAC,D1_SAL_HW,EE,2015,9.3,Estonia
A,NAC,D1_SAL_HW,EE,2016,9.9,Estonia
A,NAC,D1_SAL_HW,EE,2017,10.6,Estonia
A,NAC,D1_SAL_HW,EE,2018,12.1,Estonia
A,NAC,D1_SAL_HW,EE,2019,13.1,Estonia
A,NAC,D1_SAL_HW,EE,2020,14.1,Estonia
A,NAC,D1_SAL_HW,EE,2021,15.6,Estonia
A,NAC,D1_SAL_HW,EE,2022,16.9,Estonia
A,NAC,D1_SAL_HW,EE,2023,18.3,Estonia
A,NAC,D1_SAL_HW,EE,2024,19.6,Estonia
A,NAC,D1_SAL_HW,EL,2000,8.1,Greece
A,NAC,D1_SAL_HW,EL,2001,8.6,Greece
A,NAC,D1_SAL_HW,EL,2002,9.5,Greece
A,NAC,D1_SAL_HW,EL,2003,10.2,Greece
A,NAC,D1_SAL_HW,EL,2004,10.7,Greece
A,NAC,D1_SAL_HW,EL,2005,11.2,Greece
A,NAC,D1_SAL_HW,EL,2006,11.6,Greece
A,NAC,D1_SAL_HW,EL,2007,12.1,Greece
A,NAC,D1_SAL_HW,EL,2008,12.6,Greece
A,NAC,D1_SAL_HW,EL,2009,13.1,Greece
A,NAC,D1_SAL_HW,EL,2010,13.4,Greece
A,NAC,D1_SAL_HW,EL,2011,12.9,Greece
A,NAC,D1_SAL_HW,EL,2012,12.3,Greece
A,NAC,D1_SAL_HW,EL,2013,11.3,Greece
A,NAC,D1_SAL_HW,EL,2014,11.0,Greece
A,NAC,D1_SAL_HW,EL,2015,10.9,Greece
A,NAC,D1_SAL_HW,EL,2016,10.4,Greece
A,NAC,D1_SAL_HW,EL,2017,10.6,Greece
A,NAC,D1_SAL_HW,EL,2018,10.1,Greece
A,NAC,D1_SAL_HW,EL,2019,10.2,Greece
A,NAC,D1_SAL_HW,EL,2020,11.3,Greece
A,NAC,D1_SAL_HW,EL,2021,10.7,Greece
A,NAC,D1_SAL_HW,EL,2022,10.7,Greece
A,NAC,D1_SAL_HW,EL,2023,11.0,Greece
A,NAC,D1_SAL_HW,EL,2024,11.6,Greece
A,NAC,D1_SAL_HW,ES,2000,13.3,Spain
A,NAC,D1_SAL_HW,ES,2001,13.6,Spain
A,NAC,D1_SAL_HW,ES,2002,14.1,Spain
A,NAC,D1_SAL_HW,ES,2003,14.5,Spain
A,NAC,D1_SAL_HW,ES,2004,15.0,Spain
A,NAC,D1_SAL_HW,ES,2005,15.5,Spain
A,NAC,D1_SAL_HW,ES,2006,16.2,Spain
A,NAC,D1_SAL_HW,ES,2007,17.0,Spain
A,NAC,D1_SAL_HW,ES,2008,18.1,Spain
A,NAC,D1_SAL_HW,ES,2009,18.8,Spain
A,NAC,D1_SAL_HW,ES,2010,19.1,Spain
A,NAC,D1_SAL_HW,ES,2011,19.1,Spain
A,NAC,D1_SAL_HW,ES,2012,19.1,Spain
A,NAC,D1_SAL_HW,ES,2013,19.3,Spain
A,NAC,D1_SAL_HW,ES,2014,19.3,Spain
A,NAC,D1_SAL_HW,ES,2015,19.5,Spain
A,NAC,D1_SAL_HW,ES,2016,19.5,Spain
A,NAC,D1_SAL_HW,ES,2017,19.7,Spain
A,NAC,D1_SAL_HW,ES,2018,20.0,Spain
A,NAC,D1_SAL_HW,ES,2019,20.9,Spain
A,NAC,D1_SAL_HW,ES,2020,22.2,Spain
A,NAC,D1_SAL_HW,ES,2021,22.5,Spain
A,NAC,D1_SAL_HW,ES,2022,23.2,Spain
A,NAC,D1_SAL_HW,ES,2023,24.4,Spain
A,NAC,D1_SAL_HW,ES,2024,25.6,Spain
A,NAC,D1_SAL_HW,EU27_2020,2000,15.2,European Union - 27 countries (from 2020)
A,NAC,D1_SAL_HW,EU27_2020,2001,15.8,European Union - 27 countries (from 2020)
A,NAC,D1_SAL_HW,EU27_2020,2002,16.4,European Union - 27 countries (from 2020)
A,NAC,D1_SAL_HW,EU27_2020,2003,16.8,European Union - 27 countries (from 2020)
A,NAC,D1_SAL_HW,EU27_2020,2004,17.1,European Union - 27 countries (from 2020)
A,NAC,D1_SAL_HW,EU27_2020,2005,17.6,European Union - 27 countries (from 2020)
A,NAC,D1_SAL_HW,EU27_2020,2006,18.0,European Union - 27 countries (from 2020)
A,NAC,D1_SAL_HW,EU27_2020,2007,18.5,European Union - 27 countries (from 2020)
A,NAC,D1_SAL_HW,EU27_2020,2008,19.2,European Union - 27 countries (from 2020)
A,NAC,D1_SAL_HW,EU27_2020,2009,19.6,European Union - 27 countries (from 2020)
A,NAC,D1_SAL_HW,EU27_2020,2010,20.2,European Union - 27 countries (from 2020)
A,NAC,D1_SAL_HW,EU27_2020,2011,20.7,European Union - 27 countries (from 2020)
A,NAC,D1_SAL_HW,EU27_2020,2012,21.2,European Union - 27 countries (from 2020)
A,NAC,D1_SAL_HW,EU27_2020,2013,21.7,European Union - 27 countries (from 2020)
A,NAC,D1_SAL_HW,EU27_2020,2014,21.9,European Union - 27 countries (from 2020)
A,NAC,D1_SAL_HW,EU27_2020,2015,22.2,European Union - 27 countries (from 2020)
A,NAC,D1_SAL_HW,EU27_2020,2016,22.4,European Union - 27 countries (from 2020)
A,NAC,D1_SAL_HW,EU27_2020,2017,23.0,European Union - 27 countries (from 2020)
A,NAC,D1_SAL_HW,EU27_2020,2018,23.6,European Union - 27 countries (from 2020)
A,NAC,D1_SAL_HW,EU27_2020,2019,24.2,European Union - 27 countries (from 2020)
A,NAC,D1_SAL_HW,EU27_2020,2020,25.4,European Union - 27 countries (from 2020)
A,NAC,D1_SAL_HW,EU27_2020,2021,25.6,European Union - 27 countries (from 2020)
A,NAC,D1_SAL_HW,EU27_2020,2022,26.6,European Union - 27 countries (from 2020)
A,NAC,D1_SAL_HW,EU27_2020,2023,28.2,European Union - 27 countries (from 2020)
A,NAC,D1_SAL_HW,EU27_2020,2024,29.6,European Union - 27 countries (from 2020)
A,NAC,D1_SAL_HW,FI,2000,19.4,Finland
A,NAC,D1_SAL_HW,FI,2001,20.2,Finland
A,NAC,D1_SAL_HW,FI,2002,20.6,Finland
A,NAC,D1_SAL_HW,FI,2003,21.1,Finland
A,NAC,D1_SAL_HW,FI,2004,21.8,Finland
A,NAC,D1_SAL_HW,FI,2005,22.7,Finland
A,NAC,D1_SAL_HW,FI,2006,23.5,Finland
A,NAC,D1_SAL_HW,FI,2007,24.3,Finland
A,NAC,D1_SAL_HW,FI,2008,25.4,Finland
A,NAC,D1_SAL_HW,FI,2009,26.3,Finland
A,NAC,D1_SAL_HW,FI,2010,26.9,Finland
A,NAC,D1_SAL_HW,FI,2011,27.9,Finland
A,NAC,D1_SAL_HW,FI,2012,28.8,Finland
A,NAC,D1_SAL_HW,FI,2013,29.2,Finland
A,NAC,D1_SAL_HW,FI,2014,29.6,Finland
A,NAC,D1_SAL_HW,FI,2015,29.9,Finland
A,NAC,D1_SAL_HW,FI,2016,30.2,Finland
A,NAC,D1_SAL_HW,FI,2017,30.1,Finland
A,NAC,D1_SAL_HW,FI,2018,30.6,Finland
A,NAC,D1_SAL_HW,FI,2019,31.3,Finland
A,NAC,D1_SAL_HW,FI,2020,31.6,Finland
A,NAC,D1_SAL_HW,FI,2021,32.9,Finland
A,NAC,D1_SAL_HW,FI,2022,34.0,Finland
A,NAC,D1_SAL_HW,FI,2023,35.3,Finland
A,NAC,D1_SAL_HW,FI,2024,35.9,Finland
A,NAC,D1_SAL_HW,FR,2000,22.6,France
A,NAC,D1_SAL_HW,FR,2001,23.5,France
A,NAC,D1_SAL_HW,FR,2002,24.8,France
A,NAC,D1_SAL_HW,FR,2003,25.5,France
A,NAC,D1_SAL_HW,FR,2004,26.0,France
A,NAC,D1_SAL_HW,FR,2005,26.7,France
A,NAC,D1_SAL_HW,FR,2006,27.9,France
A,NAC,D1_SAL_HW,FR,2007,28.1,France
A,NAC,D1_SAL_HW,FR,2008,28.6,France
A,NAC,D1_SAL_HW,FR,2009,29.3,France
A,NAC,D1_SAL_HW,FR,2010,30.0,France
A,NAC,D1_SAL_HW,FR,2011,30.6,France
A,NAC,D1_SAL_HW,FR,2012,31.4,France
A,NAC,D1_SAL_HW,FR,2013,32.4,France
A,NAC,D1_SAL_HW,FR,2014,32.9,France
A,NAC,D1_SAL_HW,FR,2015,33.3,France
A,NAC,D1_SAL_HW,FR,2016,33.5,France
A,NAC,D1_SAL_HW,FR,2017,34.5,France
A,NAC,D1_SAL_HW,FR,2018,34.8,France
A,NAC,D1_SAL_HW,FR,2019,34.7,France
A,NAC,D1_SAL_HW,FR,2020,36.2,France
A,NAC,D1_SAL_HW,FR,2021,35.9,France
A,NAC,D1_SAL_HW,FR,2022,36.9,France
A,NAC,D1_SAL_HW,FR,2023,38.5,France
A,NAC,D1_SAL_HW,FR,2024,39.3,France
A,NAC,D1_SAL_HW,HR,2000,5.3,Croatia
A,NAC,D1_SAL_HW,HR,2001,5.4,Croatia
A,NAC,D1_SAL_HW,HR,2002,6.0,Croatia
A,NAC,D1_SAL_HW,HR,2003,6.5,Croatia
A,NAC,D1_SAL_HW,HR,2004,6.8,Croatia
A,NAC,D1_SAL_HW,HR,2005,7.2,Croatia
A,NAC,D1_SAL_HW,HR,2006,7.4,Croatia
A,NAC,D1_SAL_HW,HR,2007,7.8,Croatia
A,NAC,D1_SAL_HW,HR,2008,8.1,Croatia
A,NAC,D1_SAL_HW,HR,2009,8.1,Croatia
A,NAC,D1_SAL_HW,HR,2010,8.2,Croatia
A,NAC,D1_SAL_HW,HR,2011,8.6,Croatia
A,NAC,D1_SAL_HW,HR,2012,8.0,Croatia
A,NAC,D1_SAL_HW,HR,2013,8.1,Croatia
A,NAC,D1_SAL_HW,HR,2014,7.8,Croatia
A,NAC,D1_SAL_HW,HR,2015,8.0,Croatia
A,NAC,D1_SAL_HW,HR,2016,8.1,Croatia
A,NAC,D1_SAL_HW,HR,2017,8.2,Croatia
A,NAC,D1_SAL_HW,HR,2018,8.8,Croatia
A,NAC,D1_SAL_HW,HR,2019,8.9,Croatia
A,NAC,D1_SAL_HW,HR,2020,9.1,Croatia
A,NAC,D1_SAL_HW,HR,2021,9.7,Croatia
A,NAC,D1_SAL_HW,HR,2022,10.9,Croatia
A,NAC,D1_SAL_HW,HR,2023,12.4,Croatia
A,NAC,D1_SAL_HW,HR,2024,13.6,Croatia
A,NAC,D1_SAL_HW,HU,2000,914.6,Hungary
A,NAC,D1_SAL_HW,HU,2001,1073.1,Hungary
A,NAC,D1_SAL_HW,HU,2002,1204.2,Hungary
A,NAC,D1_SAL_HW,HU,2003,1333.9,Hungary
A,NAC,D1_SAL_HW,HU,2004,1482.3,Hungary
A,NAC,D1_SAL_HW,HU,2005,1616.5,Hungary
A,NAC,D1_SAL_HW,HU,2006,1717.5,Hungary
A,NAC,D1_SAL_HW,HU,2007,1847.4,Hungary
A,NAC,D1_SAL_HW,HU,2008,1986.2,Hungary
A,NAC,D1_SAL_HW,HU,2009,1952.4,Hungary
A,NAC,D1_SAL_HW,HU,2010,1976.1,Hungary
A,NAC,D1_SAL_HW,HU,2011,2069.7,Hungary
A,NAC,D1_SAL_HW,HU,2012,2143.4,Hungary
A,NAC,D1_SAL_HW,HU,2013,2146.1,Hungary
A,NAC,D1_SAL_HW,HU,2014,2133.3,Hungary
A,NAC,D1_SAL_HW,HU,2015,2173.0,Hungary
A,NAC,D1_SAL_HW,HU,2016,2215.8,Hungary
A,NAC,D1_SAL_HW,HU,2017,2384.0,Hungary
A,NAC,D1_SAL_HW,HU,2018,2557.9,Hungary
A,NAC,D1_SAL_HW,HU,2019,2793.3,Hungary
A,NAC,D1_SAL_HW,HU,2020,3008.0,Hungary
A,NAC,D1_SAL_HW,HU,2021,3188.8,Hungary
A,NAC,D1_SAL_HW,HU,2022,3717.0,Hungary
A,NAC,D1_SAL_HW,HU,2023,4338.1,Hungary
A,NAC,D1_SAL_HW,HU,2024,4859.6,Hungary
A,NAC,D1_SAL_HW,IE,2000,16.2,Ireland
A,NAC,D1_SAL_HW,IE,2001,17.6,Ireland
A,NAC,D1_SAL_HW,IE,2002,18.7,Ireland
A,NAC,D1_SAL_HW,IE,2003,20.2,Ireland
A,NAC,D1_SAL_HW,IE,2004,21.5,Ireland
A,NAC,D1_SAL_HW,IE,2005,22.6,Ireland
A,NAC,D1_SAL_HW,IE,2006,23.9,Ireland
A,NAC,D1_SAL_HW,IE,2007,25.6,Ireland
A,NAC,D1_SAL_HW,IE,2008,27.0,Ireland
A,NAC,D1_SAL_HW,IE,2009,28.0,Ireland
A,NAC,D1_SAL_HW,IE,2010,27.2,Ireland
A,NAC,D1_SAL_HW,IE,2011,28.4,Ireland
A,NAC,D1_SAL_HW,IE,2012,28.8,Ireland
A,NAC,D1_SAL_HW,IE,2013,28.2,Ireland
A,NAC,D1_SAL_HW,IE,2014,28.3,Ireland
A,NAC,D1_SAL_HW,IE,2015,29.1,Ireland
A,NAC,D1_SAL_HW,IE,2016,29.3,Ireland
A,NAC,D1_SAL_HW,IE,2017,29.7,Ireland
A,NAC,D1_SAL_HW,IE,2018,30.2,Ireland
A,NAC,D1_SAL_HW,IE,2019,31.4,Ireland
A,NAC,D1_SAL_HW,IE,2020,34.0,Ireland
A,NAC,D1_SAL_HW,IE,2021,35.5,Ireland
A,NAC,D1_SAL_HW,IE,2022,36.4,Ireland
A,NAC,D1_SAL_HW,IE,2023,38.5,Ireland
A,NAC,D1_SAL_HW,IE,2024,41.3,Ireland
A,NAC,D1_SAL_HW,IT,2000,16.3,Italy
A,NAC,D1_SAL_HW,IT,2001,16.9,Italy
A,NAC,D1_SAL_HW,IT,2002,17.4,Italy
A,NAC,D1_SAL_HW,IT,2003,18.2,Italy
A,NAC,D1_SAL_HW,IT,2004,18.8,Italy
A,NAC,D1_SAL_HW,IT,2005,19.4,Italy
A,NAC,D1_SAL_HW,IT,2006,19.8,Italy
A,NAC,D1_SAL_HW,IT,2007,20.2,Italy
A,NAC,D1_SAL_HW,IT,2008,20.8,Italy
A,NAC,D1_SAL_HW,IT,2009,21.4,Italy
A,NAC,D1_SAL_HW,IT,2010,21.9,Italy
A,NAC,D1_SAL_HW,IT,2011,22.2,Italy
A,NAC,D1_SAL_HW,IT,2012,22.4,Italy
A,NAC,D1_SAL_HW,IT,2013,22.8,Italy
A,NAC,D1_SAL_HW,IT,2014,22.8,Italy
A,NAC,D1_SAL_HW,IT,2015,23.0,Italy
A,NAC,D1_SAL_HW,IT,2016,22.9,Italy
A,NAC,D1_SAL_HW,IT,2017,23.0,Italy
A,NAC,D1_SAL_HW,IT,2018,23.3,Italy
A,NAC,D1_SAL_HW,IT,2019,23.8,Italy
A,NAC,D1_SAL_HW,IT,2020,25.0,Italy
A,NAC,D1_SAL_HW,IT,2021,24.7,Italy
A,NAC,D1_SAL_HW,IT,2022,25.1,Italy
A,NAC,D1_SAL_HW,IT,2023,25.3,Italy
A,NAC,D1_SAL_HW,IT,2024,26.0,Italy
A,NAC,D1_SAL_HW,LT,2000,2.5,Lithuania
A,NAC,D1_SAL_HW,LT,2001,2.7,Lithuania
A,NAC,D1_SAL_HW,LT,2002,2.8,Lithuania
A,NAC,D1_SAL_HW,LT,2003,3.1,Lithuania
A,NAC,D1_SAL_HW,LT,2004,3.3,Lithuania
A,NAC,D1_SAL_HW,LT,2005,3.8,Lithuania
A,NAC,D1_SAL_HW,LT,2006,4.6,Lithuania
A,NAC,D1_SAL_HW,LT,2007,5.2,Lithuania
A,NAC,D1_SAL_HW,LT,2008,5.9,Lithuania
A,NAC,D1_SAL_HW,LT,2009,5.5,Lithuania
A,NAC,D1_SAL_HW,LT,2010,5.4,Lithuania
A,NAC,D1_SAL_HW,LT,2011,5.8,Lithuania
A,NAC,D1_SAL_HW,LT,2012,6.1,Lithuania
A,NAC,D1_SAL_HW,LT,2013,6.5,Lithuania
A,NAC,D1_SAL_HW,LT,2014,6.8,Lithuania
A,NAC,D1_SAL_HW,LT,2015,7.1,Lithuania
A,NAC,D1_SAL_HW,LT,2016,7.4,Lithuania
A,NAC,D1_SAL_HW,LT,2017,8.3,Lithuania
A,NAC,D1_SAL_HW,LT,2018,8.9,Lithuania
A,NAC,D1_SAL_HW,LT,2019,9.9,Lithuania
A,NAC,D1_SAL_HW,LT,2020,10.9,Lithuania
A,NAC,D1_SAL_HW,LT,2021,12.0,Lithuania
A,NAC,D1_SAL_HW,LT,2022,13.4,Lithuania
A,NAC,D1_SAL_HW,LT,2023,14.8,Lithuania
A,NAC,D1_SAL_HW,LT,2024,15.7,Lithuania
A,NAC,D1_SAL_HW,LU,2000,27.0,Luxembourg
A,NAC,D1_SAL_HW,LU,2001,28.1,Luxembourg
A,NAC,D1_SAL_HW,LU,2002,29.3,Luxembourg
A,NAC,D1_SAL_HW,LU,2003,29.7,Luxembourg
A,NAC,D1_SAL_HW,LU,2004,30.8,Luxembourg
A,NAC,D1_SAL_HW,LU,2005,32.5,Luxembourg
A,NAC,D1_SAL_HW,LU,2006,33.9,Luxembourg
A,NAC,D1_SAL_HW,LU,2007,35.1,Luxembourg
A,NAC,D1_SAL_HW,LU,2008,36.0,Luxembourg
A,NAC,D1_SAL_HW,LU,2009,38.0,Luxembourg
A,NAC,D1_SAL_HW,LU,2010,38.5,Luxembourg
A,NAC,D1_SAL_HW,LU,2011,40.0,Luxembourg
A,NAC,D1_SAL_HW,LU,2012,40.7,Luxembourg
A,NAC,D1_SAL_HW,LU,2013,42.2,Luxembourg
A,NAC,D1_SAL_HW,LU,2014,43.0,Luxembourg
A,NAC,D1_SAL_HW,LU,2015,43.4,Luxembourg
A,NAC,D1_SAL_HW,LU,2016,43.8,Luxembourg
A,NAC,D1_SAL_HW,LU,2017,45.4,Luxembourg
A,NAC,D1_SAL_HW,LU,2018,46.8,Luxembourg
A,NAC,D1_SAL_HW,LU,2019,47.9,Luxembourg
A,NAC,D1_SAL_HW,LU,2020,51.9,Luxembourg
A,NAC,D1_SAL_HW,LU,2021,51.5,Luxembourg
A,NAC,D1_SAL_HW,LU,2022,53.9,Luxembourg
A,NAC,D1_SAL_HW,LU,2023,58.1,Luxembourg
A,NAC,D1_SAL_HW,LU,2024,60.1,Luxembourg
A,NAC,D1_SAL_HW,LV,2000,1.7,Latvia
A,NAC,D1_SAL_HW,LV,2001,1.8,Latvia
A,NAC,D1_SAL_HW,LV,2002,1.9,Latvia
A,NAC,D1_SAL_HW,LV,2003,2.1,Latvia
A,NAC,D1_SAL_HW,LV,2004,2.5,Latvia
A,NAC,D1_SAL_HW,LV,2005,3.1,Latvia
A,NAC,D1_SAL_HW,LV,2006,3.8,Latvia
A,NAC,D1_SAL_HW,LV,2007,5.2,Latvia
A,NAC,D1_SAL_HW,LV,2008,6.3,Latvia
A,NAC,D1_SAL_HW,LV,2009,5.7,Latvia
A,NAC,D1_SAL_HW,LV,2010,5.4,Latvia
A,NAC,D1_SAL_HW,LV,2011,5.5,Latvia
A,NAC,D1_SAL_HW,LV,2012,5.9,Latvia
A,NAC,D1_SAL_HW,LV,2013,6.3,Latvia
A,NAC,D1_SAL_HW,LV,2014,6.8,Latvia
A,NAC,D1_SAL_HW,LV,2015,7.4,Latvia
A,NAC,D1_SAL_HW,LV,2016,7.9,Latvia
A,NAC,D1_SAL_HW,LV,2017,8.6,Latvia
A,NAC,D1_SAL_HW,LV,2018,9.2,Latvia
A,NAC,D1_SAL_HW,LV,2019,9.6,Latvia
A,NAC,D1_SAL_HW,LV,2020,10.4,Latvia
A,NAC,D1_SAL_HW,LV,2021,11.0,Latvia
A,NAC,D1_SAL_HW,LV,2022,12.2,Latvia
A,NAC,D1_SAL_HW,LV,2023,13.2,Latvia
A,NAC,D1_SAL_HW,LV,2024,14.5,Latvia
A,NAC,D1_SAL_HW,MT,2000,6.7,Malta
A,NAC,D1_SAL_HW,MT,2001,7.2,Malta
A,NAC,D1_SAL_HW,MT,2002,7.5,Malta
A,NAC,D1_SAL_HW,MT,2003,7.9,Malta
A,NAC,D1_SAL_HW,MT,2004,8.3,Malta
A,NAC,D1_SAL_HW,MT,2005,8.5,Malta
A,NAC,D1_SAL_HW,MT,2006,8.9,Malta
A,NAC,D1_SAL_HW,MT,2007,9.0,Malta
A,NAC,D1_SAL_HW,MT,2008,9.3,Malta
A,NAC,D1_SAL_HW,MT,2009,9.5,Malta
A,NAC,D1_SAL_HW,MT,2010,10.2,Malta
A,NAC,D1_SAL_HW,MT,2011,10.9,Malta
A,NAC,D1_SAL_HW,MT,2012,11.3,Malta
A,NAC,D1_SAL_HW,MT,2013,11.7,Malta
A,NAC,D1_SAL_HW,MT,2014,12.2,Malta
A,NAC,D1_SAL_HW,MT,2015,12.9,Malta
A,NAC,D1_SAL_HW,MT,2016,12.9,Malta
A,NAC,D1_SAL_HW,MT,2017,13.5,Malta
A,NAC,D1_SAL_HW,MT,2018,14.3,Malta
A,NAC,D1_SAL_HW,MT,2019,14.4,Malta
A,NAC,D1_SAL_HW,MT,2020,15.7,Malta
A,NAC,D1_SAL_HW,MT,2021,16.5,Malta
A,NAC,D1_SAL_HW,MT,2022,17.6,Malta
A,NAC,D1_SAL_HW,MT,2023,17.9,Malta
A,NAC,D1_SAL_HW,MT,2024,19.4,Malta
A,NAC,D1_SAL_HW,NL,2000,23.3,Netherlands
A,NAC,D1_SAL_HW,NL,2001,24.0,Netherlands
A,NAC,D1_SAL_HW,NL,2002,25.3,Netherlands
A,NAC,D1_SAL_HW,NL,2003,26.2,Netherlands
A,NAC,D1_SAL_HW,NL,2004,26.6,Netherlands
A,NAC,D1_SAL_HW,NL,2005,27.3,Netherlands
A,NAC,D1_SAL_HW,NL,2006,27.9,Netherlands
A,NAC,D1_SAL_HW,NL,2007,28.7,Netherlands
A,NAC,D1_SAL_HW,NL,2008,29.9,Netherlands
A,NAC,D1_SAL_HW,NL,2009,30.8,Netherlands
A,NAC,D1_SAL_HW,NL,2010,31.1,Netherlands
A,NAC,D1_SAL_HW,NL,2011,31.7,Netherlands
A,NAC,D1_SAL_HW,NL,2012,32.5,Netherlands
A,NAC,D1_SAL_HW,NL,2013,33.0,Netherlands
A,NAC,D1_SAL_HW,NL,2014,33.3,Netherlands
A,NAC,D1_SAL_HW,NL,2015,33.4,Netherlands
A,NAC,D1_SAL_HW,NL,2016,33.9,Netherlands
A,NAC,D1_SAL_HW,NL,2017,34.2,Netherlands
A,NAC,D1_SAL_HW,NL,2018,35.0,Netherlands
A,NAC,D1_SAL_HW,NL,2019,35.9,Netherlands
A,NAC,D1_SAL_HW,NL,2020,38.5,Netherlands
A,NAC,D1_SAL_HW,NL,2021,38.6,Netherlands
A,NAC,D1_SAL_HW,NL,2022,40.0,Netherlands
A,NAC,D1_SAL_HW,NL,2023,42.6,Netherlands
A,NAC,D1_SAL_HW,NL,2024,45.0,Netherlands
A,NAC,D1_SAL_HW,PL,2000,14.1,Poland
A,NAC,D1_SAL_HW,PL,2001,15.5,Poland
A,NAC,D1_SAL_HW,PL,2002,16.0,Poland
A,NAC,D1_SAL_HW,PL,2003,16.3,Poland
A,NAC,D1_SAL_HW,PL,2004,16.7,Poland
A,NAC,D1_SAL_HW,PL,2005,17.1,Poland
A,NAC,D1_SAL_HW,PL,2006,17.5,Poland
A,NAC,D1_SAL_HW,PL,2007,18.4,Poland
A,NAC,D1_SAL_HW,PL,2008,20.1,Poland
A,NAC,D1_SAL_HW,PL,2009,20.9,Poland
A,NAC,D1_SAL_HW,PL,2010,22.9,Poland
A,NAC,D1_SAL_HW,PL,2011,24.2,Poland
A,NAC,D1_SAL_HW,PL,2012,25.1,Poland
A,NAC,D1_SAL_HW,PL,2013,25.6,Poland
A,NAC,D1_SAL_HW,PL,2014,26.1,Poland
A,NAC,D1_SAL_HW,PL,2015,26.6,Poland
A,NAC,D1_SAL_HW,PL,2016,27.9,Poland
A,NAC,D1_SAL_HW,PL,2017,29.7,Poland
A,NAC,D1_SAL_HW,PL,2018,32.4,Poland
A,NAC,D1_SAL_HW,PL,2019,34.1,Poland
A,NAC,D1_SAL_HW,PL,2020,36.0,Poland
A,NAC,D1_SAL_HW,PL,2021,36.9,Poland
A,NAC,D1_SAL_HW,PL,2022,41.8,Poland
A,NAC,D1_SAL_HW,PL,2023,48.0,Poland
A,NAC,D1_SAL_HW,PL,2024,54.7,Poland
A,NAC,D1_SAL_HW,PT,2000,8.1,Portugal
A,NAC,D1_SAL_HW,PT,2001,8.5,Portugal
A,NAC,D1_SAL_HW,PT,2002,8.8,Portugal
A,NAC,D1_SAL_HW,PT,2003,9.1,Portugal
A,NAC,D1_SAL_HW,PT,2004,9.4,Portugal
A,NAC,D1_SAL_HW,PT,2005,9.8,Portugal
A,NAC,D1_SAL_HW,PT,2006,10.0,Portugal
A,NAC,D1_SAL_HW,PT,2007,10.3,Portugal
A,NAC,D1_SAL_HW,PT,2008,10.6,Portugal
A,NAC,D1_SAL_HW,PT,2009,10.9,Portugal
A,NAC,D1_SAL_HW,PT,2010,11.1,Portugal
A,NAC,D1_SAL_HW,PT,2011,11.0,Portugal
A,NAC,D1_SAL_HW,PT,2012,10.8,Portugal
A,NAC,D1_SAL_HW,PT,2013,11.0,Portugal
A,NAC,D1_SAL_HW,PT,2014,10.8,Portugal
A,NAC,D1_SAL_HW,PT,2015,10.8,Portugal
A,NAC,D1_SAL_HW,PT,2016,10.9,Portugal
A,NAC,D1_SAL_HW,PT,2017,11.2,Portugal
A,NAC,D1_SAL_HW,PT,2018,11.6,Portugal
A,NAC,D1_SAL_HW,PT,2019,12.2,Portugal
A,NAC,D1_SAL_HW,PT,2020,13.1,Portugal
A,NAC,D1_SAL_HW,PT,2021,13.4,Portugal
A,NAC,D1_SAL_HW,PT,2022,13.8,Portugal
A,NAC,D1_SAL_HW,PT,2023,14.8,Portugal
A,NAC,D1_SAL_HW,PT,2024,15.8,Portugal
A,NAC,D1_SAL_HW,RO,2000,2.8,Romania
A,NAC,D1_SAL_HW,RO,2001,4.3,Romania
A,NAC,D1_SAL_HW,RO,2002,5.0,Romania
A,NAC,D1_SAL_HW,RO,2003,6.4,Romania
A,NAC,D1_SAL_HW,RO,2004,7.5,Romania
A,NAC,D1_SAL_HW,RO,2005,9.6,Romania
A,NAC,D1_SAL_HW,RO,2006,11.0,Romania
A,NAC,D1_SAL_HW,RO,2007,11.7,Romania
A,NAC,D1_SAL_HW,RO,2008,16.0,Romania
A,NAC,D1_SAL_HW,RO,2009,15.6,Romania
A,NAC,D1_SAL_HW,RO,2010,16.3,Romania
A,NAC,D1_SAL_HW,RO,2011,16.4,Romania
A,NAC,D1_SAL_HW,RO,2012,17.2,Romania
A,NAC,D1_SAL_HW,RO,2013,18.1,Romania
A,NAC,D1_SAL_HW,RO,2014,19.5,Romania
A,NAC,D1_SAL_HW,RO,2015,19.8,Romania
A,NAC,D1_SAL_HW,RO,2016,22.8,Romania
A,NAC,D1_SAL_HW,RO,2017,26.5,Romania
A,NAC,D1_SAL_HW,RO,2018,29.8,Romania
A,NAC,D1_SAL_HW,RO,2019,32.9,Romania
A,NAC,D1_SAL_HW,RO,2020,35.3,Romania
A,NAC,D1_SAL_HW,RO,2021,36.2,Romania
A,NAC,D1_SAL_HW,RO,2022,41.8,Romania
A,NAC,D1_SAL_HW,RO,2023,50.6,Romania
A,NAC,D1_SAL_HW,RO,2024,58.0,Romania
A,NAC,D1_SAL_HW,SE,2000,166.3,Sweden
A,NAC,D1_SAL_HW,SE,2001,175.9,Sweden
A,NAC,D1_SAL_HW,SE,2002,184.2,Sweden
A,NAC,D1_SAL_HW,SE,2003,193.1,Sweden
A,NAC,D1_SAL_HW,SE,2004,198.0,Sweden
A,NAC,D1_SAL_HW,SE,2005,205.4,Sweden
A,NAC,D1_SAL_HW,SE,2006,211.4,Sweden
A,NAC,D1_SAL_HW,SE,2007,221.2,Sweden
A,NAC,D1_SAL_HW,SE,2008,227.8,Sweden
A,NAC,D1_SAL_HW,SE,2009,235.1,Sweden
A,NAC,D1_SAL_HW,SE,2010,236.8,Sweden
A,NAC,D1_SAL_HW,SE,2011,244.0,Sweden
A,NAC,D1_SAL_HW,SE,2012,253.9,Sweden
A,NAC,D1_SAL_HW,SE,2013,259.9,Sweden
A,NAC,D1_SAL_HW,SE,2014,265.8,Sweden
A,NAC,D1_SAL_HW,SE,2015,272.3,Sweden
A,NAC,D1_SAL_HW,SE,2016,276.3,Sweden
A,NAC,D1_SAL_HW,SE,2017,284.6,Sweden
A,NAC,D1_SAL_HW,SE,2018,295.7,Sweden
A,NAC,D1_SAL_HW,SE,2019,307.3,Sweden
A,NAC,D1_SAL_HW,SE,2020,320.7,Sweden
A,NAC,D1_SAL_HW,SE,2021,330.5,Sweden
A,NAC,D1_SAL_HW,SE,2022,338.6,Sweden
A,NAC,D1_SAL_HW,SE,2023,356.7,Sweden
A,NAC,D1_SAL_HW,SE,2024,373.3,Sweden
A,NAC,D1_SAL_HW,SI,2000,7.8,Slovenia
A,NAC,D1_SAL_HW,SI,2001,8.9,Slovenia
A,NAC,D1_SAL_HW,SI,2002,9.4,Slovenia
A,NAC,D1_SAL_HW,SI,2003,10.0,Slovenia
A,NAC,D1_SAL_HW,SI,2004,10.6,Slovenia
A,NAC,D1_SAL_HW,SI,2005,11.5,Slovenia
A,NAC,D1_SAL_HW,SI,2006,12.3,Slovenia
A,NAC,D1_SAL_HW,SI,2007,13.2,Slovenia
A,NAC,D1_SAL_HW,SI,2008,14.0,Slovenia
A,NAC,D1_SAL_HW,SI,2009,14.1,Slovenia
A,NAC,D1_SAL_HW,SI,2010,14.6,Slovenia
A,NAC,D1_SAL_HW,SI,2011,14.9,Slovenia
A,NAC,D1_SAL_HW,SI,2012,15.0,Slovenia
A,NAC,D1_SAL_HW,SI,2013,14.9,Slovenia
A,NAC,D1_SAL_HW,SI,2014,14.9,Slovenia
A,NAC,D1_SAL_HW,SI,2015,15.0,Slovenia
A,NAC,D1_SAL_HW,SI,2016,15.9,Slovenia
A,NAC,D1_SAL_HW,SI,2017,16.7,Slovenia
A,NAC,D1_SAL_HW,SI,2018,17.5,Slovenia
A,NAC,D1_SAL_HW,SI,2019,18.5,Slovenia
A,NAC,D1_SAL_HW,SI,2020,19.9,Slovenia
A,NAC,D1_SAL_HW,SI,2021,20.6,Slovenia
A,NAC,D1_SAL_HW,SI,2022,21.6,Slovenia
A,NAC,D1_SAL_HW,SI,2023,23.8,Slovenia
A,NAC,D1_SAL_HW,SI,2024,24.9,Slovenia
A,NAC,D1_SAL_HW,SK,2000,4.1,Slovakia
A,NAC,D1_SAL_HW,SK,2001,4.3,Slovakia
A,NAC,D1_SAL_HW,SK,2002,4.8,Slovakia
A,NAC,D1_SAL_HW,SK,2003,5.4,Slovakia
A,NAC,D1_SAL_HW,SK,2004,5.7,Slovakia
A,NAC,D1_SAL_HW,SK,2005,6.0,Slovakia
A,NAC,D1_SAL_HW,SK,2006,6.5,Slovakia
A,NAC,D1_SAL_HW,SK,2007,7.1,Slovakia
A,NAC,D1_SAL_HW,SK,2008,7.5,Slovakia
A,NAC,D1_SAL_HW,SK,2009,7.8,Slovakia
A,NAC,D1_SAL_HW,SK,2010,8.1,Slovakia
A,NAC,D1_SAL_HW,SK,2011,8.3,Slovakia
A,NAC,D1_SAL_HW,SK,2012,8.5,Slovakia
A,NAC,D1_SAL_HW,SK,2013,8.8,Slovakia
A,NAC,D1_SAL_HW,SK,2014,9.0,Slovakia
A,NAC,D1_SAL_HW,SK,2015,9.4,Slovakia
A,NAC,D1_SAL_HW,SK,2016,9.7,Slovakia
A,NAC,D1_SAL_HW,SK,2017,10.3,Slovakia
A,NAC,D1_SAL_HW,SK,2018,11.0,Slovakia
A,NAC,D1_SAL_HW,SK,2019,11.9,Slovakia
A,NAC,D1_SAL_HW,SK,2020,13.2,Slovakia
A,NAC,D1_SAL_HW,SK,2021,14.0,Slovakia
A,NAC,D1_SAL_HW,SK,2022,14.6,Slovakia
A,NAC,D1_SAL_HW,SK,2023,16.0,Slovakia
A,NAC,D1_SAL_HW,SK,2024,17.2,Slovakia
A,PCH_10Y,RLPR_HW,AT,2005,18.5,Austria
A,PCH_10Y,RLPR_HW,AT,2006,21.4,Austria
A,PCH_10Y,RLPR_HW,AT,2007,23.4,Austria
A,PCH_10Y,RLPR_HW,AT,2008,18.9,Austria
A,PCH_10Y,RLPR_HW,AT,2009,16.2,Austria
A,PCH_10Y,RLPR_HW,AT,2010,15.4,Austria
A,PCH_10Y,RLPR_HW,AT,2011,14.9,Austria
A,PCH_10Y,RLPR_HW,AT,2012,14.2,Austria
A,PCH_10Y,RLPR_HW,AT,2013,13.3,Austria
A,PCH_10Y,RLPR_HW,AT,2014,11.7,Austria
A,PCH_10Y,RLPR_HW,AT,2015,11.2,Austria
A,PCH_10Y,RLPR_HW,AT,2016,8.4,Austria
A,PCH_10Y,RLPR_HW,AT,2017,7.1,Austria
A,PCH_10Y,RLPR_HW,AT,2018,7.6,Austria
A,PCH_10Y,RLPR_HW,AT,2019,8.1,Austria
A,PCH_10Y,RLPR_HW,AT,2020,9.5,Austria
A,PCH_10Y,RLPR_HW,AT,2021,8.4,Austria
A,PCH_10Y,RLPR_HW,AT,2022,10.1,Austria
A,PCH_10Y,RLPR_HW,AT,2023,8.4,Austria
A,PCH_10Y,RLPR_HW,AT,2024,7.2,Austria
A,PCH_10Y,RLPR_HW,BE,2005,14.8,Belgium
A,PCH_10Y,RLPR_HW,BE,2006,14.0,Belgium
A,PCH_10Y,RLPR_HW,BE,2007,13.1,Belgium
A,PCH_10Y,RLPR_HW,BE,2008,11.6,Belgium
A,PCH_10Y,RLPR_HW,BE,2009,8.7,Belgium
A,PCH_10Y,RLPR_HW,BE,2010,9.0,Belgium
A,PCH_10Y,RLPR_HW,BE,2011,8.4,Belgium
A,PCH_10Y,RLPR_HW,BE,2012,7.8,Belgium
A,PCH_10Y,RLPR_HW,BE,2013,7.5,Belgium
A,PCH_10Y,RLPR_HW,BE,2014,5.8,Belgium
A,PCH_10Y,RLPR_HW,BE,2015,5.3,Belgium
A,PCH_10Y,RLPR_HW,BE,2016,4.7,Belgium
A,PCH_10Y,RLPR_HW,BE,2017,2.6,Belgium
A,PCH_10Y,RLPR_HW,BE,2018,3.5,Belgium
A,PCH_10Y,RLPR_HW,BE,2019,5.0,Belgium
A,PCH_10Y,RLPR_HW,BE,2020,7.7,Belgium
A,PCH_10Y,RLPR_HW,BE,2021,6.3,Belgium
A,PCH_10Y,RLPR_HW,BE,2022,5.6,Belgium
A,PCH_10Y,RLPR_HW,BE,2023,5.8,Belgium
A,PCH_10Y,RLPR_HW,BE,2024,5.5,Belgium
A,PCH_10Y,RLPR_HW,BG,2005,23.0,Bulgaria
A,PCH_10Y,RLPR_HW,BG,2006,24.3,Bulgaria
A,PCH_10Y,RLPR_HW,BG,2007,44.9,Bulgaria
A,PCH_10Y,RLPR_HW,BG,2008,35.3,Bulgaria
A,PCH_10Y,RLPR_HW,BG,2009,44.7,Bulgaria
A,PCH_10Y,RLPR_HW,BG,2010,40.3,Bulgaria
A,PCH_10Y,RLPR_HW,BG,2011,41.1,Bulgaria
A,PCH_10Y,RLPR_HW,BG,2012,37.9,Bulgaria
A,PCH_10Y,RLPR_HW,BG,2013,33.8,Bulgaria
A,PCH_10Y,RLPR_HW,BG,2014,31.6,Bulgaria
A,PCH_10Y,RLPR_HW,BG,2015,29.6,Bulgaria
A,PCH_10Y,RLPR_HW,BG,2016,28.3,Bulgaria
A,PCH_10Y,RLPR_HW,BG,2017,25.3,Bulgaria
A,PCH_10Y,RLPR_HW,BG,2018,26.6,Bulgaria
A,PCH_10Y,RLPR_HW,BG,2019,31.7,Bulgaria
A,PCH_10Y,RLPR_HW,BG,2020,25.8,Bulgaria
A,PCH_10Y,RLPR_HW,BG,2021,28.8,Bulgaria
A,PCH_10Y,RLPR_HW,BG,2022,28.6,Bulgaria
A,PCH_10Y,RLPR_HW,BG,2023,26.4,Bulgaria
A,PCH_10Y,RLPR_HW,BG,2024,31.2,Bulgaria
A,PCH_10Y,RLPR_HW,CY,2005,24.1,Cyprus
A,PCH_10Y,RLPR_HW,CY,2006,27.7,Cyprus
A,PCH_10Y,RLPR_HW,CY,2007,24.5,Cyprus
A,PCH_10Y,RLPR_HW,CY,2008,19.3,Cyprus
A,PCH_10Y,RLPR_HW,CY,2009,15.1,Cyprus
A,PCH_10Y,RLPR_HW,CY,2010,12.7,Cyprus
A,PCH_10Y,RLPR_HW,CY,2011,12.2,Cyprus
A,PCH_10Y,RLPR_HW,CY,2012,9.1,Cyprus
A,PCH_10Y,RLPR_HW,CY,2013,10.7,Cyprus
A,PCH_10Y,RLPR_HW,CY,2014,7.4,Cyprus
A,PCH_10Y,RLPR_HW,CY,2015,5.7,Cyprus
A,PCH_10Y,RLPR_HW,CY,2016,3.0,Cyprus
A,PCH_10Y,RLPR_HW,CY,2017,5.4,Cyprus
A,PCH_10Y,RLPR_HW,CY,2018,6.8,Cyprus
A,PCH_10Y,RLPR_HW,CY,2019,8.6,Cyprus
A,PCH_10Y,RLPR_HW,CY,2020,8.9,Cyprus
A,PCH_10Y,RLPR_HW,CY,2021,11.8,Cyprus
A,PCH_10Y,RLPR_HW,CY,2022,15.4,Cyprus
A,PCH_10Y,RLPR_HW,CY,2023,15.3,Cyprus
A,PCH_10Y,RLPR_HW,CY,2024,16.9,Cyprus
A,PCH_10Y,RLPR_HW,CZ,2005,37.8,Czechia
A,PCH_10Y,RLPR_HW,CZ,2006,40.8,Czechia
A,PCH_10Y,RLPR_HW,CZ,2007,47.2,Czechia
A,PCH_10Y,RLPR_HW,CZ,2008,46.4,Czechia
A,PCH_10Y,RLPR_HW,CZ,2009,40.0,Czechia
A,PCH_10Y,RLPR_HW,CZ,2010,37.8,Czechia
A,PCH_10Y,RLPR_HW,CZ,2011,30.6,Czechia
A,PCH_10Y,RLPR_HW,CZ,2012,29.2,Czechia
A,PCH_10Y,RLPR_HW,CZ,2013,23.6,Czechia
A,PCH_10Y,RLPR_HW,CZ,2014,20.0,Czechia
A,PCH_10Y,RLPR_HW,CZ,2015,19.8,Czechia
A,PCH_10Y,RLPR_HW,CZ,2016,13.2,Czechia
A,PCH_10Y,RLPR_HW,CZ,2017,12.7,Czechia
A,PCH_10Y,RLPR_HW,CZ,2018,14.5,Czechia
A,PCH_10Y,RLPR_HW,CZ,2019,21.8,Czechia
A,PCH_10Y,RLPR_HW,CZ,2020,22.6,Czechia
A,PCH_10Y,RLPR_HW,CZ,2021,20.4,Czechia
A,PCH_10Y,RLPR_HW,CZ,2022,18.1,Czechia
A,PCH_10Y,RLPR_HW,CZ,2023,15.7,Czechia
A,PCH_10Y,RLPR_HW,CZ,2024,14.1,Czechia
A,PCH_10Y,RLPR_HW,DE,2001,22.7,Germany
A,PCH_10Y,RLPR_HW,DE,2002,20.6,Germany
A,PCH_10Y,RLPR_HW,DE,2003,19.3,Germany
A,PCH_10Y,RLPR_HW,DE,2004,17.0,Germany
A,PCH_10Y,RLPR_HW,DE,2005,17.4,Germany
A,PCH_10Y,RLPR_HW,DE,2006,17.1,Germany
A,PCH_10Y,RLPR_HW,DE,2007,15.5,Germany
A,PCH_10Y,RLPR_HW,DE,2008,14.2,Germany
A,PCH_10Y,RLPR_HW,DE,2009,9.3,Germany
A,PCH_10Y,RLPR_HW,DE,2010,9.1,Germany
A,PCH_10Y,RLPR_HW,DE,2011,9.1,Germany
A,PCH_10Y,RLPR_HW,DE,2012,9.0,Germany
A,PCH_10Y,RLPR_HW,DE,2013,8.5,Germany
A,PCH_10Y,RLPR_HW,DE,2014,8.6,Germany
A,PCH_10Y,RLPR_HW,DE,2015,7.4,Germany
A,PCH_10Y,RLPR_HW,DE,2016,7.0,Germany
A,PCH_10Y,RLPR_HW,DE,2017,8.0,Germany
A,PCH_10Y,RLPR_HW,DE,2018,8.4,Germany
A,PCH_10Y,RLPR_HW,DE,2019,12.5,Germany
A,PCH_10Y,RLPR_HW,DE,2020,10.9,Germany
A,PCH_10Y,RLPR_HW,DE,2021,10.0,Germany
A,PCH_10Y,RLPR_HW,DE,2022,9.2,Germany
A,PCH_10Y,RLPR_HW,DE,2023,7.6,Germany
A,PCH_10Y,RLPR_HW,DE,2024,5.7,Germany
A,PCH_10Y,RLPR_HW,DK,2005,14.1,Denmark
A,PCH_10Y,RLPR_HW,DK,2006,12.8,Denmark
A,PCH_10Y,RLPR_HW,DK,2007,12.4,Denmark
A,PCH_10Y,RLPR_HW,DK,2008,10.8,Denmark
A,PCH_10Y,RLPR_HW,DK,2009,8.5,Denmark
A,PCH_10Y,RLPR_HW,DK,2010,9.9,Denmark
A,PCH_10Y,RLPR_HW,DK,2011,10.6,Denmark
A,PCH_10Y,RLPR_HW,DK,2012,11.5,Denmark
A,PCH_10Y,RLPR_HW,DK,2013,11.0,Denmark
A,PCH_10Y,RLPR_HW,DK,2014,9.0,Denmark
A,PCH_10Y,RLPR_HW,DK,2015,8.7,Denmark
A,PCH_10Y,RLPR_HW,DK,2016,8.5,Denmark
A,PCH_10Y,RLPR_HW,DK,2017,10.5,Denmark
A,PCH_10Y,RLPR_HW,DK,2018,14.4,Denmark
A,PCH_10Y,RLPR_HW,DK,2019,16.6,Denmark
A,PCH_10Y,RLPR_HW,DK,2020,14.4,Denmark
A,PCH_10Y,RLPR_HW,DK,2021,14.5,Denmark
A,PCH_10Y,RLPR_HW,DK,2022,9.0,Denmark
A,PCH_10Y,RLPR_HW,DK,2023,8.8,Denmark
A,PCH_10Y,RLPR_HW,DK,2024,11.2,Denmark
A,PCH_10Y,RLPR_HW,EE,2005,102.9,Estonia
A,PCH_10Y,RLPR_HW,EE,2006,98.2,Estonia
A,PCH_10Y,RLPR_HW,EE,2007,87.1,Estonia
A,PCH_10Y,RLPR_HW,EE,2008,73.3,Estonia
A,PCH_10Y,RLPR_HW,EE,2009,66.7,Estonia
A,PCH_10Y,RLPR_HW,EE,2010,57.3,Estonia
A,PCH_10Y,RLPR_HW,EE,2011,46.9,Estonia
A,PCH_10Y,RLPR_HW,EE,2012,42.7,Estonia
A,PCH_10Y,RLPR_HW,EE,2013,38.0,Estonia
A,PCH_10Y,RLPR_HW,EE,2014,32.9,Estonia
A,PCH_10Y,RLPR_HW,EE,2015,24.8,Estonia
A,PCH_10Y,RLPR_HW,EE,2016,21.9,Estonia
A,PCH_10Y,RLPR_HW,EE,2017,16.5,Estonia
A,PCH_10Y,RLPR_HW,EE,2018,28.4,Estonia
A,PCH_10Y,RLPR_HW,EE,2019,29.8,Estonia
A,PCH_10Y,RLPR_HW,EE,2020,27.3,Estonia
A,PCH_10Y,RLPR_HW,EE,2021,40.5,Estonia
A,PCH_10Y,RLPR_HW,EE,2022,29.7,Estonia
A,PCH_10Y,RLPR_HW,EE,2023,20.0,Estonia
A,PCH_10Y,RLPR_HW,EE,2024,15.9,Estonia
A,PCH_10Y,RLPR_HW,EL,2005,28.1,Greece
A,PCH_10Y,RLPR_HW,EL,2006,32.1,Greece
A,PCH_10Y,RLPR_HW,EL,2007,30.3,Greece
A,PCH_10Y,RLPR_HW,EL,2008,30.7,Greece
A,PCH_10Y,RLPR_HW,EL,2009,24.3,Greece
A,PCH_10Y,RLPR_HW,EL,2010,19.5,Greece
A,PCH_10Y,RLPR_HW,EL,2011,6.3,Greece
A,PCH_10Y,RLPR_HW,EL,2012,-3.2,Greece
A,PCH_10Y,RLPR_HW,EL,2013,-9.4,Greece
A,PCH_10Y,RLPR_HW,EL,2014,-12.8,Greece
A,PCH_10Y,RLPR_HW,EL,2015,-7.6,Greece
A,PCH_10Y,RLPR_HW,EL,2016,-15.4,Greece
A,PCH_10Y,RLPR_HW,EL,2017,-16.2,Greece
A,PCH_10Y,RLPR_HW,EL,2018,-18.3,Greece
A,PCH_10Y,RLPR_HW,EL,2019,-14.4,Greece
A,PCH_10Y,RLPR_HW,EL,2020,-11.7,Greece
A,PCH_10Y,RLPR_HW,EL,2021,-8.3,Greece
A,PCH_10Y,RLPR_HW,EL,2022,-2.1,Greece
A,PCH_10Y,RLPR_HW,EL,2023,0.0,Greece
A,PCH_10Y,RLPR_HW,EL,2024,1.1,Greece
A,PCH_10Y,RLPR_HW,ES,2005,1.0,Spain
A,PCH_10Y,RLPR_HW,ES,2006,0.7,Spain
A,PCH_10Y,RLPR_HW,ES,2007,2.0,Spain
A,PCH_10Y,RLPR_HW,ES,2008,2.7,Spain
A,PCH_10Y,RLPR_HW,ES,2009,5.6,Spain
A,PCH_10Y,RLPR_HW,ES,2010,7.8,Spain
A,PCH_10Y,RLPR_HW,ES,2011,9.4,Spain
A,PCH_10Y,RLPR_HW,ES,2012,11.4,Spain
A,PCH_10Y,RLPR_HW,ES,2013,12.7,Spain
A,PCH_10Y,RLPR_HW,ES,2014,12.9,Spain
A,PCH_10Y,RLPR_HW,ES,2015,13.7,Spain
A,PCH_10Y,RLPR_HW,ES,2016,13.4,Spain
A,PCH_10Y,RLPR_HW,ES,2017,13.2,Spain
A,PCH_10Y,RLPR_HW,ES,2018,13.0,Spain
A,PCH_10Y,RLPR_HW,ES,2019,10.6,Spain
A,PCH_10Y,RLPR_HW,ES,2020,8.1,Spain
A,PCH_10Y,RLPR_HW,ES,2021,5.9,Spain
A,PCH_10Y,RLPR_HW,ES,2022,5.1,Spain
A,PCH_10Y,RLPR_HW,ES,2023,3.4,Spain
A,PCH_10Y,RLPR_HW,ES,2024,4.1,Spain
A,PCH_10Y,RLPR_HW,EU27_2020,2005,19.8,European Union - 27 countries (from 2020)
A,PCH_10Y,RLPR_HW,EU27_2020,2006,20.3,European Union - 27 countries (from 2020)
A,PCH_10Y,RLPR_HW,EU27_2020,2007,19.0,European Union - 27 countries (from 2020)
A,PCH_10Y,RLPR_HW,EU27_2020,2008,16.6,European Union - 27 countries (from 2020)
A,PCH_10Y,RLPR_HW,EU27_2020,2009,12.9,European Union - 27 countries (from 2020)
A,PCH_10Y,RLPR_HW,EU27_2020,2010,12.5,European Union - 27 countries (from 2020)
A,PCH_10Y,RLPR_HW,EU27_2020,2011,12.4,European Union - 27 countries (from 2020)
A,PCH_10Y,RLPR_HW,EU27_2020,2012,10.7,European Union - 27 countries (from 2020)
A,PCH_10Y,RLPR_HW,EU27_2020,2013,10.6,European Union - 27 countries (from 2020)
A,PCH_10Y,RLPR_HW,EU27_2020,2014,9.6,European Union - 27 countries (from 2020)
A,PCH_10Y,RLPR_HW,EU27_2020,2015,9.9,European Union - 27 countries (from 2020)
A,PCH_10Y,RLPR_HW,EU27_2020,2016,8.4,European Union - 27 countries (from 2020)
A,PCH_10Y,RLPR_HW,EU27_2020,2017,9.3,European Union - 27 countries (from 2020)
A,PCH_10Y,RLPR_HW,EU27_2020,2018,10.4,European Union - 27 countries (from 2020)
A,PCH_10Y,RLPR_HW,EU27_2020,2019,12.5,European Union - 27 countries (from 2020)
A,PCH_10Y,RLPR_HW,EU27_2020,2020,10.9,European Union - 27 countries (from 2020)
A,PCH_10Y,RLPR_HW,EU27_2020,2021,9.4,European Union - 27 countries (from 2020)
A,PCH_10Y,RLPR_HW,EU27_2020,2022,9.4,European Union - 27 countries (from 2020)
A,PCH_10Y,RLPR_HW,EU27_2020,2023,7.6,European Union - 27 countries (from 2020)
A,PCH_10Y,RLPR_HW,EU27_2020,2024,7.1,European Union - 27 countries (from 2020)
A,PCH_10Y,RLPR_HW,FI,2000,36.6,Finland
A,PCH_10Y,RLPR_HW,FI,2001,38.2,Finland
A,PCH_10Y,RLPR_HW,FI,2002,34.5,Finland
A,PCH_10Y,RLPR_HW,FI,2003,30.5,Finland
A,PCH_10Y,RLPR_HW,FI,2004,29.2,Finland
A,PCH_10Y,RLPR_HW,FI,2005,29.3,Finland
A,PCH_10Y,RLPR_HW,FI,2006,29.8,Finland
A,PCH_10Y,RLPR_HW,FI,2007,29.9,Finland
A,PCH_10Y,RLPR_HW,FI,2008,23.4,Finland
A,PCH_10Y,RLPR_HW,FI,2009,15.3,Finland
A,PCH_10Y,RLPR_HW,FI,2010,14.5,Finland
A,PCH_10Y,RLPR_HW,FI,2011,13.8,Finland
A,PCH_10Y,RLPR_HW,FI,2012,11.2,Finland
A,PCH_10Y,RLPR_HW,FI,2013,9.2,Finland
A,PCH_10Y,RLPR_HW,FI,2014,6.0,Finland
A,PCH_10Y,RLPR_HW,FI,2015,4.3,Finland
A,PCH_10Y,RLPR_HW,FI,2016,3.9,Finland
A,PCH_10Y,RLPR_HW,FI,2017,3.7,Finland
A,PCH_10Y,RLPR_HW,FI,2018,3.6,Finland
A,PCH_10Y,RLPR_HW,FI,2019,9.1,Finland
A,PCH_10Y,RLPR_HW,FI,2020,5.7,Finland
A,PCH_10Y,RLPR_HW,FI,2021,4.7,Finland
A,PCH_10Y,RLPR_HW,FI,2022,4.4,Finland
A,PCH_10Y,RLPR_HW,FI,2023,2.6,Finland
A,PCH_10Y,RLPR_HW,FI,2024,4.0,Finland
A,PCH_10Y,RLPR_HW,FR,2000,20.3,France
A,PCH_10Y,RLPR_HW,FR,2001,20.6,France
A,PCH_10Y,RLPR_HW,FR,2002,21.1,France
A,PCH_10Y,RLPR_HW,FR,2003,20.6,France
A,PCH_10Y,RLPR_HW,FR,2004,19.5,France
A,PCH_10Y,RLPR_HW,FR,2005,17.8,France
A,PCH_10Y,RLPR_HW,FR,2006,19.7,France
A,PCH_10Y,RLPR_HW,FR,2007,17.1,France
A,PCH_10Y,RLPR_HW,FR,2008,13.9,France
A,PCH_10Y,RLPR_HW,FR,2009,11.4,France
A,PCH_10Y,RLPR_HW,FR,2010,9.9,France
A,PCH_10Y,RLPR_HW,FR,2011,9.4,France
A,PCH_10Y,RLPR_HW,FR,2012,6.6,France
A,PCH_10Y,RLPR_HW,FR,2013,7.6,France
A,PCH_10Y,RLPR_HW,FR,2014,7.5,France
A,PCH_10Y,RLPR_HW,FR,2015,7.2,France
A,PCH_10Y,RLPR_HW,FR,2016,4.4,France
A,PCH_10Y,RLPR_HW,FR,2017,6.8,France
A,PCH_10Y,RLPR_HW,FR,2018,7.5,France
A,PCH_10Y,RLPR_HW,FR,2019,9.1,France
A,PCH_10Y,RLPR_HW,FR,2020,7.8,France
A,PCH_10Y,RLPR_HW,FR,2021,5.0,France
A,PCH_10Y,RLPR_HW,FR,2022,3.2,France
A,PCH_10Y,RLPR_HW,FR,2023,2.0,France
A,PCH_10Y,RLPR_HW,FR,2024,1.0,France
A,PCH_10Y,RLPR_HW,HR,2005,42.0,Croatia
A,PCH_10Y,RLPR_HW,HR,2006,36.1,Croatia
A,PCH_10Y,RLPR_HW,HR,2007,30.5,Croatia
A,PCH_10Y,RLPR_HW,HR,2008,27.1,Croatia
A,PCH_10Y,RLPR_HW,HR,2009,20.5,Croatia
A,PCH_10Y,RLPR_HW,HR,2010,18.9,Croatia
A,PCH_10Y,RLPR_HW,HR,2011,19.2,Croatia
A,PCH_10Y,RLPR_HW,HR,2012,9.4,Croatia
A,PCH_10Y,RLPR_HW,HR,2013,9.9,Croatia
A,PCH_10Y,RLPR_HW,HR,2014,3.6,Croatia
A,PCH_10Y,RLPR_HW,HR,2015,3.5,Croatia
A,PCH_10Y,RLPR_HW,HR,2016,5.0,Croatia
A,PCH_10Y,RLPR_HW,HR,2017,4.0,Croatia
A,PCH_10Y,RLPR_HW,HR,2018,7.1,Croatia
A,PCH_10Y,RLPR_HW,HR,2019,15.8,Croatia
A,PCH_10Y,RLPR_HW,HR,2020,6.6,Croatia
A,PCH_10Y,RLPR_HW,HR,2021,13.7,Croatia
A,PCH_10Y,RLPR_HW,HR,2022,25.0,Croatia
A,PCH_10Y,RLPR_HW,HR,2023,22.5,Croatia
A,PCH_10Y,RLPR_HW,HR,2024,24.9,Croatia
A,PCH_10Y,RLPR_HW,HU,2005,44.8,Hungary
A,PCH_10Y,RLPR_HW,HU,2006,50.2,Hungary
A,PCH_10Y,RLPR_HW,HU,2007,51.6,Hungary
A,PCH_10Y,RLPR_HW,HU,2008,50.8,Hungary
A,PCH_10Y,RLPR_HW,HU,2009,44.9,Hungary
A,PCH_10Y,RLPR_HW,HU,2010,40.2,Hungary
A,PCH_10Y,RLPR_HW,HU,2011,36.3,Hungary
A,PCH_10Y,RLPR_HW,HU,2012,27.2,Hungary
A,PCH_10Y,RLPR_HW,HU,2013,23.9,Hungary
A,PCH_10Y,RLPR_HW,HU,2014,16.0,Hungary
A,PCH_10Y,RLPR_HW,HU,2015,10.4,Hungary
A,PCH_10Y,RLPR_HW,HU,2016,4.2,Hungary
A,PCH_10Y,RLPR_HW,HU,2017,5.0,Hungary
A,PCH_10Y,RLPR_HW,HU,2018,6.8,Hungary
A,PCH_10Y,RLPR_HW,HU,2019,15.1,Hungary
A,PCH_10Y,RLPR_HW,HU,2020,15.0,Hungary
A,PCH_10Y,RLPR_HW,HU,2021,15.1,Hungary
A,PCH_10Y,RLPR_HW,HU,2022,18.9,Hungary
A,PCH_10Y,RLPR_HW,HU,2023,18.3,Hungary
A,PCH_10Y,RLPR_HW,HU,2024,20.0,Hungary
A,PCH_10Y,RLPR_HW,IE,2005,62.0,Ireland
A,PCH_10Y,RLPR_HW,IE,2006,54.5,Ireland
A,PCH_10Y,RLPR_HW,IE,2007,43.6,Ireland
A,PCH_10Y,RLPR_HW,IE,2008,32.8,Ireland
A,PCH_10Y,RLPR_HW,IE,2009,36.0,Ireland
A,PCH_10Y,RLPR_HW,IE,2010,37.1,Ireland
A,PCH_10Y,RLPR_HW,IE,2011,37.0,Ireland
A,PCH_10Y,RLPR_HW,IE,2012,30.7,Ireland
A,PCH_10Y,RLPR_HW,IE,2013,24.8,Ireland
A,PCH_10Y,RLPR_HW,IE,2014,26.9,Ireland
A,PCH_10Y,RLPR_HW,IE,2015,52.0,Ireland
A,PCH_10Y,RLPR_HW,IE,2016,43.9,Ireland
A,PCH_10Y,RLPR_HW,IE,2017,47.9,Ireland
A,PCH_10Y,RLPR_HW,IE,2018,55.9,Ireland
A,PCH_10Y,RLPR_HW,IE,2019,48.4,Ireland
A,PCH_10Y,RLPR_HW,IE,2020,64.7,Ireland
A,PCH_10Y,RLPR_HW,IE,2021,72.2,Ireland
A,PCH_10Y,RLPR_HW,IE,2022,70.4,Ireland
A,PCH_10Y,RLPR_HW,IE,2023,65.0,Ireland
A,PCH_10Y,RLPR_HW,IE,2024,58.2,Ireland
A,PCH_10Y,RLPR_HW,IT,2005,6.7,Italy
A,PCH_10Y,RLPR_HW,IT,2006,6.2,Italy
A,PCH_10Y,RLPR_HW,IT,2007,4.1,Italy
A,PCH_10Y,RLPR_HW,IT,2008,3.5,Italy
A,PCH_10Y,RLPR_HW,IT,2009,0.8,Italy
A,PCH_10Y,RLPR_HW,IT,2010,0.0,Italy
A,PCH_10Y,RLPR_HW,IT,2011,0.1,Italy
A,PCH_10Y,RLPR_HW,IT,2012,0.0,Italy
A,PCH_10Y,RLPR_HW,IT,2013,1.4,Italy
A,PCH_10Y,RLPR_HW,IT,2014,0.5,Italy
A,PCH_10Y,RLPR_HW,IT,2015,0.1,Italy
A,PCH_10Y,RLPR_HW,IT,2016,0.0,Italy
A,PCH_10Y,RLPR_HW,IT,2017,0.6,Italy
A,PCH_10Y,RLPR_HW,IT,2018,1.1,Italy
A,PCH_10Y,RLPR_HW,IT,2019,3.4,Italy
A,PCH_10Y,RLPR_HW,IT,2020,4.6,Italy
A,PCH_10Y,RLPR_HW,IT,2021,2.6,Italy
A,PCH_10Y,RLPR_HW,IT,2022,3.9,Italy
A,PCH_10Y,RLPR_HW,IT,2023,0.9,Italy
A,PCH_10Y,RLPR_HW,IT,2024,-0.6,Italy
A,PCH_10Y,RLPR_HW,LT,2005,73.0,Lithuania
A,PCH_10Y,RLPR_HW,LT,2006,79.7,Lithuania
A,PCH_10Y,RLPR_HW,LT,2007,79.4,Lithuania
A,PCH_10Y,RLPR_HW,LT,2008,73.8,Lithuania
A,PCH_10Y,RLPR_HW,LT,2009,59.6,Lithuania
A,PCH_10Y,RLPR_HW,LT,2010,64.9,Lithuania
A,PCH_10Y,RLPR_HW,LT,2011,58.6,Lithuania
A,PCH_10Y,RLPR_HW,LT,2012,55.4,Lithuania
A,PCH_10Y,RLPR_HW,LT,2013,47.5,Lithuania
A,PCH_10Y,RLPR_HW,LT,2014,47.1,Lithuania
A,PCH_10Y,RLPR_HW,LT,2015,37.6,Lithuania
A,PCH_10Y,RLPR_HW,LT,2016,26.1,Lithuania
A,PCH_10Y,RLPR_HW,LT,2017,26.8,Lithuania
A,PCH_10Y,RLPR_HW,LT,2018,27.8,Lithuania
A,PCH_10Y,RLPR_HW,LT,2019,39.0,Lithuania
A,PCH_10Y,RLPR_HW,LT,2020,41.3,Lithuania
A,PCH_10Y,RLPR_HW,LT,2021,36.4,Lithuania
A,PCH_10Y,RLPR_HW,LT,2022,29.4,Lithuania
A,PCH_10Y,RLPR_HW,LT,2023,22.9,Lithuania
A,PCH_10Y,RLPR_HW,LT,2024,20.7,Lithuania
A,PCH_10Y,RLPR_HW,LU,2005,11.9,Luxembourg
A,PCH_10Y,RLPR_HW,LU,2006,14.0,Luxembourg
A,PCH_10Y,RLPR_HW,LU,2007,15.2,Luxembourg
A,PCH_10Y,RLPR_HW,LU,2008,7.1,Luxembourg
A,PCH_10Y,RLPR_HW,LU,2009,3.3,Luxembourg
A,PCH_10Y,RLPR_HW,LU,2010,3.8,Luxembourg
A,PCH_10Y,RLPR_HW,LU,2011,3.8,Luxembourg
A,PCH_10Y,RLPR_HW,LU,2012,2.6,Luxembourg
A,PCH_10Y,RLPR_HW,LU,2013,3.7,Luxembourg
A,PCH_10Y,RLPR_HW,LU,2014,1.6,Luxembourg
A,PCH_10Y,RLPR_HW,LU,2015,-0.2,Luxembourg
A,PCH_10Y,RLPR_HW,LU,2016,-0.3,Luxembourg
A,PCH_10Y,RLPR_HW,LU,2017,-4.3,Luxembourg
A,PCH_10Y,RLPR_HW,LU,2018,-0.7,Luxembourg
A,PCH_10Y,RLPR_HW,LU,2019,-0.9,Luxembourg
A,PCH_10Y,RLPR_HW,LU,2020,2.5,Luxembourg
A,PCH_10Y,RLPR_HW,LU,2021,2.0,Luxembourg
A,PCH_10Y,RLPR_HW,LU,2022,-1.7,Luxembourg
A,PCH_10Y,RLPR_HW,LU,2023,-4.9,Luxembourg
A,PCH_10Y,RLPR_HW,LU,2024,-5.3,Luxembourg
A,PCH_10Y,RLPR_HW,LV,2005,90.0,Latvia
A,PCH_10Y,RLPR_HW,LV,2006,100.5,Latvia
A,PCH_10Y,RLPR_HW,LV,2007,107.6,Latvia
A,PCH_10Y,RLPR_HW,LV,2008,93.6,Latvia
A,PCH_10Y,RLPR_HW,LV,2009,86.0,Latvia
A,PCH_10Y,RLPR_HW,LV,2010,77.1,Latvia
A,PCH_10Y,RLPR_HW,LV,2011,70.9,Latvia
A,PCH_10Y,RLPR_HW,LV,2012,69.0,Latvia
A,PCH_10Y,RLPR_HW,LV,2013,56.6,Latvia
A,PCH_10Y,RLPR_HW,LV,2014,45.9,Latvia
A,PCH_10Y,RLPR_HW,LV,2015,40.6,Latvia
A,PCH_10Y,RLPR_HW,LV,2016,34.5,Latvia
A,PCH_10Y,RLPR_HW,LV,2017,29.4,Latvia
A,PCH_10Y,RLPR_HW,LV,2018,31.7,Latvia
A,PCH_10Y,RLPR_HW,LV,2019,29.3,Latvia
A,PCH_10Y,RLPR_HW,LV,2020,27.6,Latvia
A,PCH_10Y,RLPR_HW,LV,2021,35.0,Latvia
A,PCH_10Y,RLPR_HW,LV,2022,26.1,Latvia
A,PCH_10Y,RLPR_HW,LV,2023,24.6,Latvia
A,PCH_10Y,RLPR_HW,LV,2024,22.2,Latvia
A,PCH_10Y,RLPR_HW,MT,2010,21.7,Malta
A,PCH_10Y,RLPR_HW,MT,2011,23.9,Malta
A,PCH_10Y,RLPR_HW,MT,2012,25.2,Malta
A,PCH_10Y,RLPR_HW,MT,2013,24.3,Malta
A,PCH_10Y,RLPR_HW,MT,2014,24.7,Malta
A,PCH_10Y,RLPR_HW,MT,2015,29.3,Malta
A,PCH_10Y,RLPR_HW,MT,2016,23.7,Malta
A,PCH_10Y,RLPR_HW,MT,2017,32.2,Malta
A,PCH_10Y,RLPR_HW,MT,2018,28.6,Malta
A,PCH_10Y,RLPR_HW,MT,2019,24.3,Malta
A,PCH_10Y,RLPR_HW,MT,2020,17.5,Malta
A,PCH_10Y,RLPR_HW,MT,2021,27.2,Malta
A,PCH_10Y,RLPR_HW,MT,2022,19.9,Malta
A,PCH_10Y,RLPR_HW,MT,2023,20.7,Malta
A,PCH_10Y,RLPR_HW,MT,2024,18.4,Malta
A,PCH_10Y,RLPR_HW,NL,2005,18.9,Netherlands
A,PCH_10Y,RLPR_HW,NL,2006,20.5,Netherlands
A,PCH_10Y,RLPR_HW,NL,2007,19.1,Netherlands
A,PCH_10Y,RLPR_HW,NL,2008,16.9,Netherlands
A,PCH_10Y,RLPR_HW,NL,2009,11.8,Netherlands
A,PCH_10Y,RLPR_HW,NL,2010,10.5,Netherlands
A,PCH_10Y,RLPR_HW,NL,2011,10.3,Netherlands
A,PCH_10Y,RLPR_HW,NL,2012,9.4,Netherlands
A,PCH_10Y,RLPR_HW,NL,2013,9.0,Netherlands
A,PCH_10Y,RLPR_HW,NL,2014,8.1,Netherlands
A,PCH_10Y,RLPR_HW,NL,2015,7.0,Netherlands
A,PCH_10Y,RLPR_HW,NL,2016,5.3,Netherlands
A,PCH_10Y,RLPR_HW,NL,2017,4.8,Netherlands
A,PCH_10Y,RLPR_HW,NL,2018,3.8,Netherlands
A,PCH_10Y,RLPR_HW,NL,2019,5.8,Netherlands
A,PCH_10Y,RLPR_HW,NL,2020,4.1,Netherlands
A,PCH_10Y,RLPR_HW,NL,2021,4.7,Netherlands
A,PCH_10Y,RLPR_HW,NL,2022,6.0,Netherlands
A,PCH_10Y,RLPR_HW,NL,2023,3.2,Netherlands
A,PCH_10Y,RLPR_HW,NL,2024,1.6,Netherlands
A,PCH_10Y,RLPR_HW,PL,2005,57.9,Poland
A,PCH_10Y,RLPR_HW,PL,2006,54.9,Poland
A,PCH_10Y,RLPR_HW,PL,2007,51.2,Poland
A,PCH_10Y,RLPR_HW,PL,2008,47.5,Poland
A,PCH_10Y,RLPR_HW,PL,2009,41.7,Poland
A,PCH_10Y,RLPR_HW,PL,2010,39.3,Poland
A,PCH_10Y,RLPR_HW,PL,2011,41.4,Poland
A,PCH_10Y,RLPR_HW,PL,2012,36.4,Poland
A,PCH_10Y,RLPR_HW,PL,2013,31.8,Poland
A,PCH_10Y,RLPR_HW,PL,2014,29.2,Poland
A,PCH_10Y,RLPR_HW,PL,2015,30.6,Poland
A,PCH_10Y,RLPR_HW,PL,2016,29.7,Poland
A,PCH_10Y,RLPR_HW,PL,2017,32.9,Poland
A,PCH_10Y,RLPR_HW,PL,2018,41.0,Poland
A,PCH_10Y,RLPR_HW,PL,2019,39.1,Poland
A,PCH_10Y,RLPR_HW,PL,2020,29.2,Poland
A,PCH_10Y,RLPR_HW,PL,2021,24.6,Poland
A,PCH_10Y,RLPR_HW,PL,2022,28.2,Poland
A,PCH_10Y,RLPR_HW,PL,2023,28.1,Poland
A,PCH_10Y,RLPR_HW,PL,2024,32.2,Poland
A,PCH_10Y,RLPR_HW,PT,2005,14.6,Portugal
A,PCH_10Y,RLPR_HW,PT,2006,14.7,Portugal
A,PCH_10Y,RLPR_HW,PT,2007,14.2,Portugal
A,PCH_10Y,RLPR_HW,PT,2008,13.7,Portugal
A,PCH_10Y,RLPR_HW,PT,2009,10.7,Portugal
A,PCH_10Y,RLPR_HW,PT,2010,12.9,Portugal
A,PCH_10Y,RLPR_HW,PT,2011,13.5,Portugal
A,PCH_10Y,RLPR_HW,PT,2012,14.1,Portugal
A,PCH_10Y,RLPR_HW,PT,2013,15.2,Portugal
A,PCH_10Y,RLPR_HW,PT,2014,11.3,Portugal
A,PCH_10Y,RLPR_HW,PT,2015,9.8,Portugal
A,PCH_10Y,RLPR_HW,PT,2016,7.7,Portugal
A,PCH_10Y,RLPR_HW,PT,2017,6.7,Portugal
A,PCH_10Y,RLPR_HW,PT,2018,6.0,Portugal
A,PCH_10Y,RLPR_HW,PT,2019,8.2,Portugal
A,PCH_10Y,RLPR_HW,PT,2020,5.0,Portugal
A,PCH_10Y,RLPR_HW,PT,2021,4.3,Portugal
A,PCH_10Y,RLPR_HW,PT,2022,3.8,Portugal
A,PCH_10Y,RLPR_HW,PT,2023,0.7,Portugal
A,PCH_10Y,RLPR_HW,PT,2024,3.3,Portugal
A,PCH_10Y,RLPR_HW,RO,2005,60.2,Romania
A,PCH_10Y,RLPR_HW,RO,2006,64.7,Romania
A,PCH_10Y,RLPR_HW,RO,2007,84.1,Romania
A,PCH_10Y,RLPR_HW,RO,2008,102.3,Romania
A,PCH_10Y,RLPR_HW,RO,2009,97.8,Romania
A,PCH_10Y,RLPR_HW,RO,2010,88.0,Romania
A,PCH_10Y,RLPR_HW,RO,2011,88.2,Romania
A,PCH_10Y,RLPR_HW,RO,2012,65.3,Romania
A,PCH_10Y,RLPR_HW,RO,2013,61.1,Romania
A,PCH_10Y,RLPR_HW,RO,2014,49.8,Romania
A,PCH_10Y,RLPR_HW,RO,2015,48.9,Romania
A,PCH_10Y,RLPR_HW,RO,2016,41.4,Romania
A,PCH_10Y,RLPR_HW,RO,2017,43.5,Romania
A,PCH_10Y,RLPR_HW,RO,2018,35.9,Romania
A,PCH_10Y,RLPR_HW,RO,2019,41.1,Romania
A,PCH_10Y,RLPR_HW,RO,2020,45.5,Romania
A,PCH_10Y,RLPR_HW,RO,2021,37.9,Romania
A,PCH_10Y,RLPR_HW,RO,2022,40.7,Romania
A,PCH_10Y,RLPR_HW,RO,2023,44.8,Romania
A,PCH_10Y,RLPR_HW,RO,2024,35.0,Romania
A,PCH_10Y,RLPR_HW,SE,2003,28.7,Sweden
A,PCH_10Y,RLPR_HW,SE,2004,29.5,Sweden
A,PCH_10Y,RLPR_HW,SE,2005,30.5,Sweden
A,PCH_10Y,RLPR_HW,SE,2006,31.9,Sweden
A,PCH_10Y,RLPR_HW,SE,2007,26.9,Sweden
A,PCH_10Y,RLPR_HW,SE,2008,20.9,Sweden
A,PCH_10Y,RLPR_HW,SE,2009,17.5,Sweden
A,PCH_10Y,RLPR_HW,SE,2010,17.5,Sweden
A,PCH_10Y,RLPR_HW,SE,2011,17.6,Sweden
A,PCH_10Y,RLPR_HW,SE,2012,13.0,Sweden
A,PCH_10Y,RLPR_HW,SE,2013,10.2,Sweden
A,PCH_10Y,RLPR_HW,SE,2014,7.6,Sweden
A,PCH_10Y,RLPR_HW,SE,2015,7.4,Sweden
A,PCH_10Y,RLPR_HW,SE,2016,3.8,Sweden
A,PCH_10Y,RLPR_HW,SE,2017,3.9,Sweden
A,PCH_10Y,RLPR_HW,SE,2018,6.5,Sweden
A,PCH_10Y,RLPR_HW,SE,2019,11.1,Sweden
A,PCH_10Y,RLPR_HW,SE,2020,9.0,Sweden
A,PCH_10Y,RLPR_HW,SE,2021,10.9,Sweden
A,PCH_10Y,RLPR_HW,SE,2022,9.2,Sweden
A,PCH_10Y,RLPR_HW,SE,2023,7.1,Sweden
A,PCH_10Y,RLPR_HW,SE,2024,9.0,Sweden
A,PCH_10Y,RLPR_HW,SI,2005,48.4,Slovenia
A,PCH_10Y,RLPR_HW,SI,2006,47.6,Slovenia
A,PCH_10Y,RLPR_HW,SI,2007,42.9,Slovenia
A,PCH_10Y,RLPR_HW,SI,2008,39.2,Slovenia
A,PCH_10Y,RLPR_HW,SI,2009,26.1,Slovenia
A,PCH_10Y,RLPR_HW,SI,2010,26.0,Slovenia
A,PCH_10Y,RLPR_HW,SI,2011,26.4,Slovenia
A,PCH_10Y,RLPR_HW,SI,2012,24.7,Slovenia
A,PCH_10Y,RLPR_HW,SI,2013,19.7,Slovenia
A,PCH_10Y,RLPR_HW,SI,2014,17.4,Slovenia
A,PCH_10Y,RLPR_HW,SI,2015,10.7,Slovenia
A,PCH_10Y,RLPR_HW,SI,2016,7.8,Slovenia
A,PCH_10Y,RLPR_HW,SI,2017,7.5,Slovenia
A,PCH_10Y,RLPR_HW,SI,2018,10.3,Slovenia
A,PCH_10Y,RLPR_HW,SI,2019,19.1,Slovenia
A,PCH_10Y,RLPR_HW,SI,2020,16.5,Slovenia
A,PCH_10Y,RLPR_HW,SI,2021,15.9,Slovenia
A,PCH_10Y,RLPR_HW,SI,2022,15.5,Slovenia
A,PCH_10Y,RLPR_HW,SI,2023,19.1,Slovenia
A,PCH_10Y,RLPR_HW,SI,2024,16.9,Slovenia
A,PCH_10Y,RLPR_HW,SK,2005,55.8,Slovakia
A,PCH_10Y,RLPR_HW,SK,2006,56.6,Slovakia
A,PCH_10Y,RLPR_HW,SK,2007,58.9,Slovakia
A,PCH_10Y,RLPR_HW,SK,2008,54.6,Slovakia
A,PCH_10Y,RLPR_HW,SK,2009,46.5,Slovakia
A,PCH_10Y,RLPR_HW,SK,2010,52.3,Slovakia
A,PCH_10Y,RLPR_HW,SK,2011,49.8,Slovakia
A,PCH_10Y,RLPR_HW,SK,2012,42.3,Slovakia
A,PCH_10Y,RLPR_HW,SK,2013,36.1,Slovakia
A,PCH_10Y,RLPR_HW,SK,2014,34.8,Slovakia
A,PCH_10Y,RLPR_HW,SK,2015,35.2,Slovakia
A,PCH_10Y,RLPR_HW,SK,2016,27.5,Slovakia
A,PCH_10Y,RLPR_HW,SK,2017,21.2,Slovakia
A,PCH_10Y,RLPR_HW,SK,2018,22.0,Slovakia
A,PCH_10Y,RLPR_HW,SK,2019,28.1,Slovakia
A,PCH_10Y,RLPR_HW,SK,2020,28.0,Slovakia
A,PCH_10Y,RLPR_HW,SK,2021,33.2,Slovakia
A,PCH_10Y,RLPR_HW,SK,2022,27.1,Slovakia
A,PCH_10Y,RLPR_HW,SK,2023,25.2,Slovakia
A,PCH_10Y,RLPR_HW,SK,2024,24.9,Slovakia
A,PCH_3Y,RLPR_HW,AT,2000,8.1,Austria
A,PCH_3Y,RLPR_HW,AT,2001,5.6,Austria
A,PCH_3Y,RLPR_HW,AT,2002,5.4,Austria
A,PCH_3Y,RLPR_HW,AT,2003,4.1,Austria
A,PCH_3Y,RLPR_HW,AT,2004,4.6,Austria
A,PCH_3Y,RLPR_HW,AT,2005,5.4,Austria
A,PCH_3Y,RLPR_HW,AT,2006,6.9,Austria
A,PCH_3Y,RLPR_HW,AT,2007,7.7,Austria
A,PCH_3Y,RLPR_HW,AT,2008,5.0,Austria
A,PCH_3Y,RLPR_HW,AT,2009,2.1,Austria
A,PCH_3Y,RLPR_HW,AT,2010,1.0,Austria
A,PCH_3Y,RLPR_HW,AT,2011,2.1,Austria
A,PCH_3Y,RLPR_HW,AT,2012,3.5,Austria
A,PCH_3Y,RLPR_HW,AT,2013,2.3,Austria
A,PCH_3Y,RLPR_HW,AT,2014,1.6,Austria
A,PCH_3Y,RLPR_HW,AT,2015,2.6,Austria
A,PCH_3Y,RLPR_HW,AT,2016,2.3,Austria
A,PCH_3Y,RLPR_HW,AT,2017,3.3,Austria
A,PCH_3Y,RLPR_HW,AT,2018,1.7,Austria
A,PCH_3Y,RLPR_HW,AT,2019,1.8,Austria
A,PCH_3Y,RLPR_HW,AT,2020,3.3,Austria
A,PCH_3Y,RLPR_HW,AT,2021,2.8,Austria
A,PCH_3Y,RLPR_HW,AT,2022,5.5,Austria
A,PCH_3Y,RLPR_HW,AT,2023,1.2,Austria
A,PCH_3Y,RLPR_HW,AT,2024,0.4,Austria
A,PCH_3Y,RLPR_HW,BE,2000,3.6,Belgium
A,PCH_3Y,RLPR_HW,BE,2001,3.1,Belgium
A,PCH_3Y,RLPR_HW,BE,2002,1.7,Belgium
A,PCH_3Y,RLPR_HW,BE,2003,1.8,Belgium
A,PCH_3Y,RLPR_HW,BE,2004,4.8,Belgium
A,PCH_3Y,RLPR_HW,BE,2005,5.7,Belgium
A,PCH_3Y,RLPR_HW,BE,2006,5.3,Belgium
A,PCH_3Y,RLPR_HW,BE,2007,3.9,Belgium
A,PCH_3Y,RLPR_HW,BE,2008,1.7,Belgium
A,PCH_3Y,RLPR_HW,BE,2009,0.6,Belgium
A,PCH_3Y,RLPR_HW,BE,2010,-0.2,Belgium
A,PCH_3Y,RLPR_HW,BE,2011,0.1,Belgium
A,PCH_3Y,RLPR_HW,BE,2012,0.8,Belgium
A,PCH_3Y,RLPR_HW,BE,2013,0.4,Belgium
A,PCH_3Y,RLPR_HW,BE,2014,2.4,Belgium
A,PCH_3Y,RLPR_HW,BE,2015,3.3,Belgium
A,PCH_3Y,RLPR_HW,BE,2016,2.6,Belgium
A,PCH_3Y,RLPR_HW,BE,2017,0.8,Belgium
A,PCH_3Y,RLPR_HW,BE,2018,0.0,Belgium
A,PCH_3Y,RLPR_HW,BE,2019,0.9,Belgium
A,PCH_3Y,RLPR_HW,BE,2020,4.8,Belgium
A,PCH_3Y,RLPR_HW,BE,2021,2.8,Belgium
A,PCH_3Y,RLPR_HW,BE,2022,1.4,Belgium
A,PCH_3Y,RLPR_HW,BE,2023,-1.4,Belgium
A,PCH_3Y,RLPR_HW,BE,2024,1.6,Belgium
A,PCH_3Y,RLPR_HW,BG,2000,11.9,Bulgaria
A,PCH_3Y,RLPR_HW,BG,2001,7.2,Bulgaria
A,PCH_3Y,RLPR_HW,BG,2002,19.7,Bulgaria
A,PCH_3Y,RLPR_HW,BG,2003,12.9,Bulgaria
A,PCH_3Y,RLPR_HW,BG,2004,11.3,Bulgaria
A,PCH_3Y,RLPR_HW,BG,2005,10.1,Bulgaria
A,PCH_3Y,RLPR_HW,BG,2006,10.9,Bulgaria
A,PCH_3Y,RLPR_HW,BG,2007,12.0,Bulgaria
A,PCH_3Y,RLPR_HW,BG,2008,8.5,Bulgaria
A,PCH_3Y,RLPR_HW,BG,2009,5.9,Bulgaria
A,PCH_3Y,RLPR_HW,BG,2010,8.4,Bulgaria
A,PCH_3Y,RLPR_HW,BG,2011,11.8,Bulgaria
A,PCH_3Y,RLPR_HW,BG,2012,14.1,Bulgaria
A,PCH_3Y,RLPR_HW,BG,2013,7.7,Bulgaria
A,PCH_3Y,RLPR_HW,BG,2014,3.8,Bulgaria
A,PCH_3Y,RLPR_HW,BG,2015,3.5,Bulgaria
A,PCH_3Y,RLPR_HW,BG,2016,6.3,Bulgaria
A,PCH_3Y,RLPR_HW,BG,2017,6.7,Bulgaria
A,PCH_3Y,RLPR_HW,BG,2018,6.0,Bulgaria
A,PCH_3Y,RLPR_HW,BG,2019,8.7,Bulgaria
A,PCH_3Y,RLPR_HW,BG,2020,8.7,Bulgaria
A,PCH_3Y,RLPR_HW,BG,2021,13.7,Bulgaria
A,PCH_3Y,RLPR_HW,BG,2022,11.4,Bulgaria
A,PCH_3Y,RLPR_HW,BG,2023,8.3,Bulgaria
A,PCH_3Y,RLPR_HW,BG,2024,5.7,Bulgaria
A,PCH_3Y,RLPR_HW,CY,2000,11.1,Cyprus
A,PCH_3Y,RLPR_HW,CY,2001,7.2,Cyprus
A,PCH_3Y,RLPR_HW,CY,2002,7.6,Cyprus
A,PCH_3Y,RLPR_HW,CY,2003,3.0,Cyprus
A,PCH_3Y,RLPR_HW,CY,2004,5.6,Cyprus
A,PCH_3Y,RLPR_HW,CY,2005,5.4,Cyprus
A,PCH_3Y,RLPR_HW,CY,2006,9.8,Cyprus
A,PCH_3Y,RLPR_HW,CY,2007,5.6,Cyprus
A,PCH_3Y,RLPR_HW,CY,2008,2.5,Cyprus
A,PCH_3Y,RLPR_HW,CY,2009,-2.1,Cyprus
A,PCH_3Y,RLPR_HW,CY,2010,0.6,Cyprus
A,PCH_3Y,RLPR_HW,CY,2011,0.8,Cyprus
A,PCH_3Y,RLPR_HW,CY,2012,2.0,Cyprus
A,PCH_3Y,RLPR_HW,CY,2013,1.1,Cyprus
A,PCH_3Y,RLPR_HW,CY,2014,1.0,Cyprus
A,PCH_3Y,RLPR_HW,CY,2015,2.1,Cyprus
A,PCH_3Y,RLPR_HW,CY,2016,2.3,Cyprus
A,PCH_3Y,RLPR_HW,CY,2017,3.7,Cyprus
A,PCH_3Y,RLPR_HW,CY,2018,3.5,Cyprus
A,PCH_3Y,RLPR_HW,CY,2019,3.2,Cyprus
A,PCH_3Y,RLPR_HW,CY,2020,3.9,Cyprus
A,PCH_3Y,RLPR_HW,CY,2021,5.6,Cyprus
A,PCH_3Y,RLPR_HW,CY,2022,8.4,Cyprus
A,PCH_3Y,RLPR_HW,CY,2023,7.0,Cyprus
A,PCH_3Y,RLPR_HW,CY,2024,5.6,Cyprus
A,PCH_3Y,RLPR_HW,CZ,2000,6.5,Czechia
A,PCH_3Y,RLPR_HW,CZ,2001,14.4,Czechia
A,PCH_3Y,RLPR_HW,CZ,2002,13.9,Czechia
A,PCH_3Y,RLPR_HW,CZ,2003,14.5,Czechia
A,PCH_3Y,RLPR_HW,CZ,2004,10.8,Czechia
A,PCH_3Y,RLPR_HW,CZ,2005,14.6,Czechia
A,PCH_3Y,RLPR_HW,CZ,2006,15.9,Czechia
A,PCH_3Y,RLPR_HW,CZ,2007,15.9,Czechia
A,PCH_3Y,RLPR_HW,CZ,2008,10.0,Czechia
A,PCH_3Y,RLPR_HW,CZ,2009,1.2,Czechia
A,PCH_3Y,RLPR_HW,CZ,2010,-0.3,Czechia
A,PCH_3Y,RLPR_HW,CZ,2011,2.0,Czechia
A,PCH_3Y,RLPR_HW,CZ,2012,5.1,Czechia
A,PCH_3Y,RLPR_HW,CZ,2013,2.7,Czechia
A,PCH_3Y,RLPR_HW,CZ,2014,1.8,Czechia
A,PCH_3Y,RLPR_HW,CZ,2015,6.3,Czechia
A,PCH_3Y,RLPR_HW,CZ,2016,6.2,Czechia
A,PCH_3Y,RLPR_HW,CZ,2017,8.9,Czechia
A,PCH_3Y,RLPR_HW,CZ,2018,5.1,Czechia
A,PCH_3Y,RLPR_HW,CZ,2019,8.8,Czechia
A,PCH_3Y,RLPR_HW,CZ,2020,8.5,Czechia
A,PCH_3Y,RLPR_HW,CZ,2021,7.3,Czechia
A,PCH_3Y,RLPR_HW,CZ,2022,1.9,Czechia
A,PCH_3Y,RLPR_HW,CZ,2023,-3.1,Czechia
A,PCH_3Y,RLPR_HW,CZ,2024,-3.5,Czechia
A,PCH_3Y,RLPR_HW,DE,2000,5.0,Germany
A,PCH_3Y,RLPR_HW,DE,2001,6.4,Germany
A,PCH_3Y,RLPR_HW,DE,2002,5.9,Germany
A,PCH_3Y,RLPR_HW,DE,2003,4.3,Germany
A,PCH_3Y,RLPR_HW,DE,2004,2.7,Germany
A,PCH_3Y,RLPR_HW,DE,2005,3.6,Germany
A,PCH_3Y,RLPR_HW,DE,2006,4.4,Germany
A,PCH_3Y,RLPR_HW,DE,2007,4.6,Germany
A,PCH_3Y,RLPR_HW,DE,2008,2.7,Germany
A,PCH_3Y,RLPR_HW,DE,2009,-2.0,Germany
A,PCH_3Y,RLPR_HW,DE,2010,-0.8,Germany
A,PCH_3Y,RLPR_HW,DE,2011,1.7,Germany
A,PCH_3Y,RLPR_HW,DE,2012,5.6,Germany
A,PCH_3Y,RLPR_HW,DE,2013,3.6,Germany
A,PCH_3Y,RLPR_HW,DE,2014,2.1,Germany
A,PCH_3Y,RLPR_HW,DE,2015,2.0,Germany
A,PCH_3Y,RLPR_HW,DE,2016,3.0,Germany
A,PCH_3Y,RLPR_HW,DE,2017,4.0,Germany
A,PCH_3Y,RLPR_HW,DE,2018,3.7,Germany
A,PCH_3Y,RLPR_HW,DE,2019,3.0,Germany
A,PCH_3Y,RLPR_HW,DE,2020,1.9,Germany
A,PCH_3Y,RLPR_HW,DE,2021,3.2,Germany
A,PCH_3Y,RLPR_HW,DE,2022,2.5,Germany
A,PCH_3Y,RLPR_HW,DE,2023,0.6,Germany
A,PCH_3Y,RLPR_HW,DE,2024,-1.9,Germany
A,PCH_3Y,RLPR_HW,DK,2000,3.3,Denmark
A,PCH_3Y,RLPR_HW,DK,2001,3.1,Denmark
A,PCH_3Y,RLPR_HW,DK,2002,2.9,Denmark
A,PCH_3Y,RLPR_HW,DK,2003,2.3,Denmark
A,PCH_3Y,RLPR_HW,DK,2004,5.9,Denmark
A,PCH_3Y,RLPR_HW,DK,2005,6.5,Denmark
A,PCH_3Y,RLPR_HW,DK,2006,6.0,Denmark
A,PCH_3Y,RLPR_HW,DK,2007,2.9,Denmark
A,PCH_3Y,RLPR_HW,DK,2008,0.0,Denmark
A,PCH_3Y,RLPR_HW,DK,2009,-2.2,Denmark
A,PCH_3Y,RLPR_HW,DK,2010,1.1,Denmark
A,PCH_3Y,RLPR_HW,DK,2011,3.0,Denmark
A,PCH_3Y,RLPR_HW,DK,2012,5.7,Denmark
A,PCH_3Y,RLPR_HW,DK,2013,3.3,Denmark
A,PCH_3Y,RLPR_HW,DK,2014,4.4,Denmark
A,PCH_3Y,RLPR_HW,DK,2015,3.8,Denmark
A,PCH_3Y,RLPR_HW,DK,2016,3.7,Denmark
A,PCH_3Y,RLPR_HW,DK,2017,4.3,Denmark
A,PCH_3Y,RLPR_HW,DK,2018,5.2,Denmark
A,PCH_3Y,RLPR_HW,DK,2019,5.1,Denmark
A,PCH_3Y,RLPR_HW,DK,2020,4.6,Denmark
A,PCH_3Y,RLPR_HW,DK,2021,3.1,Denmark
A,PCH_3Y,RLPR_HW,DK,2022,-1.1,Denmark
A,PCH_3Y,RLPR_HW,DK,2023,-1.7,Denmark
A,PCH_3Y,RLPR_HW,DK,2024,1.4,Denmark
A,PCH_3Y,RLPR_HW,EE,2000,23.5,Estonia
A,PCH_3Y,RLPR_HW,EE,2001,25.4,Estonia
A,PCH_3Y,RLPR_HW,EE,2002,26.0,Estonia
A,PCH_3Y,RLPR_HW,EE,2003,18.6,Estonia
A,PCH_3Y,RLPR_HW,EE,2004,19.8,Estonia
A,PCH_3Y,RLPR_HW,EE,2005,18.8,Estonia
A,PCH_3Y,RLPR_HW,EE,2006,18.8,Estonia
A,PCH_3Y,RLPR_HW,EE,2007,19.6,Estonia
A,PCH_3Y,RLPR_HW,EE,2008,9.0,Estonia
A,PCH_3Y,RLPR_HW,EE,2009,6.0,Estonia
A,PCH_3Y,RLPR_HW,EE,2010,3.8,Estonia
A,PCH_3Y,RLPR_HW,EE,2011,6.1,Estonia
A,PCH_3Y,RLPR_HW,EE,2012,7.9,Estonia
A,PCH_3Y,RLPR_HW,EE,2013,4.0,Estonia
A,PCH_3Y,RLPR_HW,EE,2014,8.5,Estonia
A,PCH_3Y,RLPR_HW,EE,2015,3.9,Estonia
A,PCH_3Y,RLPR_HW,EE,2016,4.9,Estonia
A,PCH_3Y,RLPR_HW,EE,2017,4.8,Estonia
A,PCH_3Y,RLPR_HW,EE,2018,12.2,Estonia
A,PCH_3Y,RLPR_HW,EE,2019,12.9,Estonia
A,PCH_3Y,RLPR_HW,EE,2020,13.5,Estonia
A,PCH_3Y,RLPR_HW,EE,2021,16.1,Estonia
A,PCH_3Y,RLPR_HW,EE,2022,7.8,Estonia
A,PCH_3Y,RLPR_HW,EE,2023,-1.9,Estonia
A,PCH_3Y,RLPR_HW,EE,2024,-10.5,Estonia
A,PCH_3Y,RLPR_HW,EL,2000,5.7,Greece
A,PCH_3Y,RLPR_HW,EL,2001,11.7,Greece
A,PCH_3Y,RLPR_HW,EL,2002,11.7,Greece
A,PCH_3Y,RLPR_HW,EL,2003,12.7,Greece
A,PCH_3Y,RLPR_HW,EL,2004,11.3,Greece
A,PCH_3Y,RLPR_HW,EL,2005,6.0,Greece
A,PCH_3Y,RLPR_HW,EL,2006,6.5,Greece
A,PCH_3Y,RLPR_HW,EL,2007,5.7,Greece
A,PCH_3Y,RLPR_HW,EL,2008,7.4,Greece
A,PCH_3Y,RLPR_HW,EL,2009,-0.3,Greece
A,PCH_3Y,RLPR_HW,EL,2010,-3.1,Greece
A,PCH_3Y,RLPR_HW,EL,2011,-9.1,Greece
A,PCH_3Y,RLPR_HW,EL,2012,-12.9,Greece
A,PCH_3Y,RLPR_HW,EL,2013,-14.5,Greece
A,PCH_3Y,RLPR_HW,EL,2014,-8.6,Greece
A,PCH_3Y,RLPR_HW,EL,2015,1.1,Greece
A,PCH_3Y,RLPR_HW,EL,2016,-0.6,Greece
A,PCH_3Y,RLPR_HW,EL,2017,1.5,Greece
A,PCH_3Y,RLPR_HW,EL,2018,-5.0,Greece
A,PCH_3Y,RLPR_HW,EL,2019,0.9,Greece
A,PCH_3Y,RLPR_HW,EL,2020,2.1,Greece
A,PCH_3Y,RLPR_HW,EL,2021,2.0,Greece
A,PCH_3Y,RLPR_HW,EL,2022,-0.5,Greece
A,PCH_3Y,RLPR_HW,EL,2023,-3.3,Greece
A,PCH_3Y,RLPR_HW,EL,2024,0.7,Greece
A,PCH_3Y,RLPR_HW,ES,2000,-0.7,Spain
A,PCH_3Y,RLPR_HW,ES,2001,-0.1,Spain
A,PCH_3Y,RLPR_HW,ES,2002,0.6,Spain
A,PCH_3Y,RLPR_HW,ES,2003,0.5,Spain
A,PCH_3Y,RLPR_HW,ES,2004,0.8,Spain
A,PCH_3Y,RLPR_HW,ES,2005,0.9,Spain
A,PCH_3Y,RLPR_HW,ES,2006,1.2,Spain
A,PCH_3Y,RLPR_HW,ES,2007,1.9,Spain
A,PCH_3Y,RLPR_HW,ES,2008,1.6,Spain
A,PCH_3Y,RLPR_HW,ES,2009,3.5,Spain
A,PCH_3Y,RLPR_HW,ES,2010,4.9,Spain
A,PCH_3Y,RLPR_HW,ES,2011,6.4,Spain
A,PCH_3Y,RLPR_HW,ES,2012,6.1,Spain
A,PCH_3Y,RLPR_HW,ES,2013,5.1,Spain
A,PCH_3Y,RLPR_HW,ES,2014,4.0,Spain
A,PCH_3Y,RLPR_HW,ES,2015,3.0,Spain
A,PCH_3Y,RLPR_HW,ES,2016,1.9,Spain
A,PCH_3Y,RLPR_HW,ES,2017,2.1,Spain
A,PCH_3Y,RLPR_HW,ES,2018,1.0,Spain
A,PCH_3Y,RLPR_HW,ES,2019,0.9,Spain
A,PCH_3Y,RLPR_HW,ES,2020,0.2,Spain
A,PCH_3Y,RLPR_HW,ES,2021,-0.2,Spain
A,PCH_3Y,RLPR_HW,ES,2022,0.8,Spain
A,PCH_3Y,RLPR_HW,ES,2023,0.5,Spain
A,PCH_3Y,RLPR_HW,ES,2024,2.2,Spain
A,PCH_3Y,RLPR_HW,EU27_2020,2000,7.3,European Union - 27 countries (from 2020)
A,PCH_3Y,RLPR_HW,EU27_2020,2001,7.6,European Union - 27 countries (from 2020)
A,PCH_3Y,RLPR_HW,EU27_2020,2002,7.4,European Union - 27 countries (from 2020)
A,PCH_3Y,RLPR_HW,EU27_2020,2003,5.1,European Union - 27 countries (from 2020)
A,PCH_3Y,RLPR_HW,EU27_2020,2004,4.7,European Union - 27 countries (from 2020)
A,PCH_3Y,RLPR_HW,EU27_2020,2005,3.9,European Union - 27 countries (from 2020)
A,PCH_3Y,RLPR_HW,EU27_2020,2006,4.6,European Union - 27 countries (from 2020)
A,PCH_3Y,RLPR_HW,EU27_2020,2007,3.9,European Union - 27 countries (from 2020)
A,PCH_3Y,RLPR_HW,EU27_2020,2008,2.4,European Union - 27 countries (from 2020)
A,PCH_3Y,RLPR_HW,EU27_2020,2009,-0.5,European Union - 27 countries (from 2020)
A,PCH_3Y,RLPR_HW,EU27_2020,2010,1.4,European Union - 27 countries (from 2020)
A,PCH_3Y,RLPR_HW,EU27_2020,2011,3.6,European Union - 27 countries (from 2020)
A,PCH_3Y,RLPR_HW,EU27_2020,2012,5.3,European Union - 27 countries (from 2020)
A,PCH_3Y,RLPR_HW,EU27_2020,2013,3.3,European Union - 27 countries (from 2020)
A,PCH_3Y,RLPR_HW,EU27_2020,2014,2.1,European Union - 27 countries (from 2020)
A,PCH_3Y,RLPR_HW,EU27_2020,2015,3.1,European Union - 27 countries (from 2020)
A,PCH_3Y,RLPR_HW,EU27_2020,2016,2.5,European Union - 27 countries (from 2020)
A,PCH_3Y,RLPR_HW,EU27_2020,2017,3.6,European Union - 27 countries (from 2020)
A,PCH_3Y,RLPR_HW,EU27_2020,2018,2.8,European Union - 27 countries (from 2020)
A,PCH_3Y,RLPR_HW,EU27_2020,2019,3.3,European Union - 27 countries (from 2020)
A,PCH_3Y,RLPR_HW,EU27_2020,2020,2.9,European Union - 27 countries (from 2020)
A,PCH_3Y,RLPR_HW,EU27_2020,2021,2.8,European Union - 27 countries (from 2020)
A,PCH_3Y,RLPR_HW,EU27_2020,2022,2.4,European Union - 27 countries (from 2020)
A,PCH_3Y,RLPR_HW,EU27_2020,2023,0.2,European Union - 27 countries (from 2020)
A,PCH_3Y,RLPR_HW,EU27_2020,2024,-0.1,European Union - 27 countries (from 2020)
A,PCH_3Y,RLPR_HW,FI,2000,11.0,Finland
A,PCH_3Y,RLPR_HW,FI,2001,8.8,Finland
A,PCH_3Y,RLPR_HW,FI,2002,7.3,Finland
A,PCH_3Y,RLPR_HW,FI,2003,5.1,Finland
A,PCH_3Y,RLPR_HW,FI,2004,6.5,Finland
A,PCH_3Y,RLPR_HW,FI,2005,7.6,Finland
A,PCH_3Y,RLPR_HW,FI,2006,7.9,Finland
A,PCH_3Y,RLPR_HW,FI,2007,7.8,Finland
A,PCH_3Y,RLPR_HW,FI,2008,4.5,Finland
A,PCH_3Y,RLPR_HW,FI,2009,-2.5,Finland
A,PCH_3Y,RLPR_HW,FI,2010,-2.2,Finland
A,PCH_3Y,RLPR_HW,FI,2011,0.3,Finland
A,PCH_3Y,RLPR_HW,FI,2012,3.5,Finland
A,PCH_3Y,RLPR_HW,FI,2013,0.3,Finland
A,PCH_3Y,RLPR_HW,FI,2014,-0.8,Finland
A,PCH_3Y,RLPR_HW,FI,2015,0.9,Finland
A,PCH_3Y,RLPR_HW,FI,2016,2.6,Finland
A,PCH_3Y,RLPR_HW,FI,2017,5.4,Finland
A,PCH_3Y,RLPR_HW,FI,2018,3.9,Finland
A,PCH_3Y,RLPR_HW,FI,2019,2.3,Finland
A,PCH_3Y,RLPR_HW,FI,2020,-0.4,Finland
A,PCH_3Y,RLPR_HW,FI,2021,1.4,Finland
A,PCH_3Y,RLPR_HW,FI,2022,-0.9,Finland
A,PCH_3Y,RLPR_HW,FI,2023,-2.7,Finland
A,PCH_3Y,RLPR_HW,FI,2024,-1.5,Finland
A,PCH_3Y,RLPR_HW,FR,2000,6.4,France
A,PCH_3Y,RLPR_HW,FR,2001,5.8,France
A,PCH_3Y,RLPR_HW,FR,2002,7.5,France
A,PCH_3Y,RLPR_HW,FR,2003,5.3,France
A,PCH_3Y,RLPR_HW,FR,2004,4.7,France
A,PCH_3Y,RLPR_HW,FR,2005,2.9,France
A,PCH_3Y,RLPR_HW,FR,2006,4.9,France
A,PCH_3Y,RLPR_HW,FR,2007,3.4,France
A,PCH_3Y,RLPR_HW,FR,2008,1.7,France
A,PCH_3Y,RLPR_HW,FR,2009,-1.9,France
A,PCH_3Y,RLPR_HW,FR,2010,-0.2,France
A,PCH_3Y,RLPR_HW,FR,2011,1.7,France
A,PCH_3Y,RLPR_HW,FR,2012,2.9,France
A,PCH_3Y,RLPR_HW,FR,2013,3.1,France
A,PCH_3Y,RLPR_HW,FR,2014,2.9,France
A,PCH_3Y,RLPR_HW,FR,2015,3.5,France
A,PCH_3Y,RLPR_HW,FR,2016,1.8,France
A,PCH_3Y,RLPR_HW,FR,2017,2.7,France
A,PCH_3Y,RLPR_HW,FR,2018,2.0,France
A,PCH_3Y,RLPR_HW,FR,2019,2.6,France
A,PCH_3Y,RLPR_HW,FR,2020,0.8,France
A,PCH_3Y,RLPR_HW,FR,2021,-0.7,France
A,PCH_3Y,RLPR_HW,FR,2022,-2.7,France
A,PCH_3Y,RLPR_HW,FR,2023,-2.5,France
A,PCH_3Y,RLPR_HW,FR,2024,-1.1,France
A,PCH_3Y,RLPR_HW,HR,2000,4.9,Croatia
A,PCH_3Y,RLPR_HW,HR,2001,6.2,Croatia
A,PCH_3Y,RLPR_HW,HR,2002,12.6,Croatia
A,PCH_3Y,RLPR_HW,HR,2003,12.4,Croatia
A,PCH_3Y,RLPR_HW,HR,2004,11.8,Croatia
A,PCH_3Y,RLPR_HW,HR,2005,10.1,Croatia
A,PCH_3Y,RLPR_HW,HR,2006,8.7,Croatia
A,PCH_3Y,RLPR_HW,HR,2007,7.2,Croatia
A,PCH_3Y,RLPR_HW,HR,2008,3.5,Croatia
A,PCH_3Y,RLPR_HW,HR,2009,-4.5,Croatia
A,PCH_3Y,RLPR_HW,HR,2010,-4.5,Croatia
A,PCH_3Y,RLPR_HW,HR,2011,-0.4,Croatia
A,PCH_3Y,RLPR_HW,HR,2012,2.2,Croatia
A,PCH_3Y,RLPR_HW,HR,2013,3.9,Croatia
A,PCH_3Y,RLPR_HW,HR,2014,-2.9,Croatia
A,PCH_3Y,RLPR_HW,HR,2015,4.1,Croatia
A,PCH_3Y,RLPR_HW,HR,2016,3.9,Croatia
A,PCH_3Y,RLPR_HW,HR,2017,7.7,Croatia
A,PCH_3Y,RLPR_HW,HR,2018,7.1,Croatia
A,PCH_3Y,RLPR_HW,HR,2019,5.4,Croatia
A,PCH_3Y,RLPR_HW,HR,2020,-2.1,Croatia
A,PCH_3Y,RLPR_HW,HR,2021,5.8,Croatia
A,PCH_3Y,RLPR_HW,HR,2022,10.4,Croatia
A,PCH_3Y,RLPR_HW,HR,2023,19.4,Croatia
A,PCH_3Y,RLPR_HW,HR,2024,6.7,Croatia
A,PCH_3Y,RLPR_HW,HU,2000,9.2,Hungary
A,PCH_3Y,RLPR_HW,HU,2001,11.6,Hungary
A,PCH_3Y,RLPR_HW,HU,2002,17.1,Hungary
A,PCH_3Y,RLPR_HW,HU,2003,15.6,Hungary
A,PCH_3Y,RLPR_HW,HU,2004,15.7,Hungary
A,PCH_3Y,RLPR_HW,HU,2005,16.6,Hungary
A,PCH_3Y,RLPR_HW,HU,2006,17.3,Hungary
A,PCH_3Y,RLPR_HW,HU,2007,13.6,Hungary
A,PCH_3Y,RLPR_HW,HU,2008,9.7,Hungary
A,PCH_3Y,RLPR_HW,HU,2009,2.0,Hungary
A,PCH_3Y,RLPR_HW,HU,2010,1.0,Hungary
A,PCH_3Y,RLPR_HW,HU,2011,0.9,Hungary
A,PCH_3Y,RLPR_HW,HU,2012,2.8,Hungary
A,PCH_3Y,RLPR_HW,HU,2013,2.1,Hungary
A,PCH_3Y,RLPR_HW,HU,2014,-1.5,Hungary
A,PCH_3Y,RLPR_HW,HU,2015,1.2,Hungary
A,PCH_3Y,RLPR_HW,HU,2016,-1.3,Hungary
A,PCH_3Y,RLPR_HW,HU,2017,2.8,Hungary
A,PCH_3Y,RLPR_HW,HU,2018,6.1,Hungary
A,PCH_3Y,RLPR_HW,HU,2019,12.6,Hungary
A,PCH_3Y,RLPR_HW,HU,2020,10.6,Hungary
A,PCH_3Y,RLPR_HW,HU,2021,8.6,Hungary
A,PCH_3Y,RLPR_HW,HU,2022,6.1,Hungary
A,PCH_3Y,RLPR_HW,HU,2023,5.1,Hungary
A,PCH_3Y,RLPR_HW,HU,2024,2.7,Hungary
A,PCH_3Y,RLPR_HW,IE,2000,17.1,Ireland
A,PCH_3Y,RLPR_HW,IE,2001,14.1,Ireland
A,PCH_3Y,RLPR_HW,IE,2002,15.0,Ireland
A,PCH_3Y,RLPR_HW,IE,2003,12.1,Ireland
A,PCH_3Y,RLPR_HW,IE,2004,12.6,Ireland
A,PCH_3Y,RLPR_HW,IE,2005,8.0,Ireland
A,PCH_3Y,RLPR_HW,IE,2006,6.8,Ireland
A,PCH_3Y,RLPR_HW,IE,2007,5.1,Ireland
A,PCH_3Y,RLPR_HW,IE,2008,2.5,Ireland
A,PCH_3Y,RLPR_HW,IE,2009,7.7,Ireland
A,PCH_3Y,RLPR_HW,IE,2010,11.8,Ireland
A,PCH_3Y,RLPR_HW,IE,2011,17.7,Ireland
A,PCH_3Y,RLPR_HW,IE,2012,10.5,Ireland
A,PCH_3Y,RLPR_HW,IE,2013,2.0,Ireland
A,PCH_3Y,RLPR_HW,IE,2014,4.2,Ireland
A,PCH_3Y,RLPR_HW,IE,2015,25.7,Ireland
A,PCH_3Y,RLPR_HW,IE,2016,23.1,Ireland
A,PCH_3Y,RLPR_HW,IE,2017,22.5,Ireland
A,PCH_3Y,RLPR_HW,IE,2018,5.1,Ireland
A,PCH_3Y,RLPR_HW,IE,2019,11.1,Ireland
A,PCH_3Y,RLPR_HW,IE,2020,24.5,Ireland
A,PCH_3Y,RLPR_HW,IE,2021,30.0,Ireland
A,PCH_3Y,RLPR_HW,IE,2022,26.9,Ireland
A,PCH_3Y,RLPR_HW,IE,2023,2.2,Ireland
A,PCH_3Y,RLPR_HW,IE,2024,-4.2,Ireland
A,PCH_3Y,RLPR_HW,IT,2000,3.6,Italy
A,PCH_3Y,RLPR_HW,IT,2001,4.3,Italy
A,PCH_3Y,RLPR_HW,IT,2002,3.0,Italy
A,PCH_3Y,RLPR_HW,IT,2003,-0.6,Italy
A,PCH_3Y,RLPR_HW,IT,2004,-0.2,Italy
A,PCH_3Y,RLPR_HW,IT,2005,0.8,Italy
A,PCH_3Y,RLPR_HW,IT,2006,1.2,Italy
A,PCH_3Y,RLPR_HW,IT,2007,0.1,Italy
A,PCH_3Y,RLPR_HW,IT,2008,-1.0,Italy
A,PCH_3Y,RLPR_HW,IT,2009,-2.6,Italy
A,PCH_3Y,RLPR_HW,IT,2010,-0.5,Italy
A,PCH_3Y,RLPR_HW,IT,2011,0.9,Italy
A,PCH_3Y,RLPR_HW,IT,2012,2.1,Italy
A,PCH_3Y,RLPR_HW,IT,2013,0.8,Italy
A,PCH_3Y,RLPR_HW,IT,2014,0.2,Italy
A,PCH_3Y,RLPR_HW,IT,2015,1.0,Italy
A,PCH_3Y,RLPR_HW,IT,2016,-0.2,Italy
A,PCH_3Y,RLPR_HW,IT,2017,0.2,Italy
A,PCH_3Y,RLPR_HW,IT,2018,-0.1,Italy
A,PCH_3Y,RLPR_HW,IT,2019,0.7,Italy
A,PCH_3Y,RLPR_HW,IT,2020,3.5,Italy
A,PCH_3Y,RLPR_HW,IT,2021,2.4,Italy
A,PCH_3Y,RLPR_HW,IT,2022,2.6,Italy
A,PCH_3Y,RLPR_HW,IT,2023,-2.8,Italy
A,PCH_3Y,RLPR_HW,IT,2024,-3.0,Italy
A,PCH_3Y,RLPR_HW,LT,2000,11.0,Lithuania
A,PCH_3Y,RLPR_HW,LT,2001,17.3,Lithuania
A,PCH_3Y,RLPR_HW,LT,2002,17.8,Lithuania
A,PCH_3Y,RLPR_HW,LT,2003,27.3,Lithuania
A,PCH_3Y,RLPR_HW,LT,2004,17.0,Lithuania
A,PCH_3Y,RLPR_HW,LT,2005,19.5,Lithuania
A,PCH_3Y,RLPR_HW,LT,2006,18.5,Lithuania
A,PCH_3Y,RLPR_HW,LT,2007,23.9,Lithuania
A,PCH_3Y,RLPR_HW,LT,2008,18.5,Lithuania
A,PCH_3Y,RLPR_HW,LT,2009,4.7,Lithuania
A,PCH_3Y,RLPR_HW,LT,2010,2.0,Lithuania
A,PCH_3Y,RLPR_HW,LT,2011,7.0,Lithuania
A,PCH_3Y,RLPR_HW,LT,2012,14.7,Lithuania
A,PCH_3Y,RLPR_HW,LT,2013,13.8,Lithuania
A,PCH_3Y,RLPR_HW,LT,2014,8.5,Lithuania
A,PCH_3Y,RLPR_HW,LT,2015,5.8,Lithuania
A,PCH_3Y,RLPR_HW,LT,2016,1.3,Lithuania
A,PCH_3Y,RLPR_HW,LT,2017,6.8,Lithuania
A,PCH_3Y,RLPR_HW,LT,2018,10.1,Lithuania
A,PCH_3Y,RLPR_HW,LT,2019,15.5,Lithuania
A,PCH_3Y,RLPR_HW,LT,2020,13.7,Lithuania
A,PCH_3Y,RLPR_HW,LT,2021,14.2,Lithuania
A,PCH_3Y,RLPR_HW,LT,2022,6.8,Lithuania
A,PCH_3Y,RLPR_HW,LT,2023,-0.9,Lithuania
A,PCH_3Y,RLPR_HW,LT,2024,-4.0,Lithuania
A,PCH_3Y,RLPR_HW,LU,2000,7.2,Luxembourg
A,PCH_3Y,RLPR_HW,LU,2001,2.9,Luxembourg
A,PCH_3Y,RLPR_HW,LU,2002,0.2,Luxembourg
A,PCH_3Y,RLPR_HW,LU,2003,-0.3,Luxembourg
A,PCH_3Y,RLPR_HW,LU,2004,3.4,Luxembourg
A,PCH_3Y,RLPR_HW,LU,2005,3.6,Luxembourg
A,PCH_3Y,RLPR_HW,LU,2006,5.0,Luxembourg
A,PCH_3Y,RLPR_HW,LU,2007,5.8,Luxembourg
A,PCH_3Y,RLPR_HW,LU,2008,-0.3,Luxembourg
A,PCH_3Y,RLPR_HW,LU,2009,-2.5,Luxembourg
A,PCH_3Y,RLPR_HW,LU,2010,-3.4,Luxembourg
A,PCH_3Y,RLPR_HW,LU,2011,-0.3,Luxembourg
A,PCH_3Y,RLPR_HW,LU,2012,-0.5,Luxembourg
A,PCH_3Y,RLPR_HW,LU,2013,-0.4,Luxembourg
A,PCH_3Y,RLPR_HW,LU,2014,1.2,Luxembourg
A,PCH_3Y,RLPR_HW,LU,2015,0.8,Luxembourg
A,PCH_3Y,RLPR_HW,LU,2016,1.0,Luxembourg
A,PCH_3Y,RLPR_HW,LU,2017,-0.3,Luxembourg
A,PCH_3Y,RLPR_HW,LU,2018,-0.8,Luxembourg
A,PCH_3Y,RLPR_HW,LU,2019,-3.1,Luxembourg
A,PCH_3Y,RLPR_HW,LU,2020,3.4,Luxembourg
A,PCH_3Y,RLPR_HW,LU,2021,2.4,Luxembourg
A,PCH_3Y,RLPR_HW,LU,2022,-1.3,Luxembourg
A,PCH_3Y,RLPR_HW,LU,2023,-7.5,Luxembourg
A,PCH_3Y,RLPR_HW,LU,2024,-6.1,Luxembourg
A,PCH_3Y,RLPR_HW,LV,2000,22.4,Latvia
A,PCH_3Y,RLPR_HW,LV,2001,19.3,Latvia
A,PCH_3Y,RLPR_HW,LV,2002,23.1,Latvia
A,PCH_3Y,RLPR_HW,LV,2003,21.7,Latvia
A,PCH_3Y,RLPR_HW,LV,2004,28.9,Latvia
A,PCH_3Y,RLPR_HW,LV,2005,29.3,Latvia
A,PCH_3Y,RLPR_HW,LV,2006,28.5,Latvia
A,PCH_3Y,RLPR_HW,LV,2007,26.1,Latvia
A,PCH_3Y,RLPR_HW,LV,2008,16.3,Latvia
A,PCH_3Y,RLPR_HW,LV,2009,8.8,Latvia
A,PCH_3Y,RLPR_HW,LV,2010,4.5,Latvia
A,PCH_3Y,RLPR_HW,LV,2011,5.3,Latvia
A,PCH_3Y,RLPR_HW,LV,2012,11.8,Latvia
A,PCH_3Y,RLPR_HW,LV,2013,7.6,Latvia
A,PCH_3Y,RLPR_HW,LV,2014,10.0,Latvia
A,PCH_3Y,RLPR_HW,LV,2015,7.5,Latvia
A,PCH_3Y,RLPR_HW,LV,2016,10.4,Latvia
A,PCH_3Y,RLPR_HW,LV,2017,11.9,Latvia
A,PCH_3Y,RLPR_HW,LV,2018,8.9,Latvia
A,PCH_3Y,RLPR_HW,LV,2019,4.6,Latvia
A,PCH_3Y,RLPR_HW,LV,2020,3.0,Latvia
A,PCH_3Y,RLPR_HW,LV,2021,8.0,Latvia
A,PCH_3Y,RLPR_HW,LV,2022,9.1,Latvia
A,PCH_3Y,RLPR_HW,LV,2023,5.1,Latvia
A,PCH_3Y,RLPR_HW,LV,2024,-0.4,Latvia
A,PCH_3Y,RLPR_HW,MT,2003,5.2,Malta
A,PCH_3Y,RLPR_HW,MT,2004,10.0,Malta
A,PCH_3Y,RLPR_HW,MT,2005,9.6,Malta
A,PCH_3Y,RLPR_HW,MT,2006,6.1,Malta
A,PCH_3Y,RLPR_HW,MT,2007,3.6,Malta
A,PCH_3Y,RLPR_HW,MT,2008,3.4,Malta
A,PCH_3Y,RLPR_HW,MT,2009,1.7,Malta
A,PCH_3Y,RLPR_HW,MT,2010,7.4,Malta
A,PCH_3Y,RLPR_HW,MT,2011,7.0,Malta
A,PCH_3Y,RLPR_HW,MT,2012,12.2,Malta
A,PCH_3Y,RLPR_HW,MT,2013,7.4,Malta
A,PCH_3Y,RLPR_HW,MT,2014,10.7,Malta
A,PCH_3Y,RLPR_HW,MT,2015,13.2,Malta
A,PCH_3Y,RLPR_HW,MT,2016,5.6,Malta
A,PCH_3Y,RLPR_HW,MT,2017,9.8,Malta
A,PCH_3Y,RLPR_HW,MT,2018,2.9,Malta
A,PCH_3Y,RLPR_HW,MT,2019,2.2,Malta
A,PCH_3Y,RLPR_HW,MT,2020,-4.6,Malta
A,PCH_3Y,RLPR_HW,MT,2021,5.8,Malta
A,PCH_3Y,RLPR_HW,MT,2022,8.2,Malta
A,PCH_3Y,RLPR_HW,MT,2023,10.4,Malta
A,PCH_3Y,RLPR_HW,MT,2024,3.0,Malta
A,PCH_3Y,RLPR_HW,NL,2000,8.2,Netherlands
A,PCH_3Y,RLPR_HW,NL,2001,6.6,Netherlands
A,PCH_3Y,RLPR_HW,NL,2002,5.1,Netherlands
A,PCH_3Y,RLPR_HW,NL,2003,3.1,Netherlands
A,PCH_3Y,RLPR_HW,NL,2004,3.8,Netherlands
A,PCH_3Y,RLPR_HW,NL,2005,5.4,Netherlands
A,PCH_3Y,RLPR_HW,NL,2006,5.8,Netherlands
A,PCH_3Y,RLPR_HW,NL,2007,5.0,Netherlands
A,PCH_3Y,RLPR_HW,NL,2008,3.2,Netherlands
A,PCH_3Y,RLPR_HW,NL,2009,-0.7,Netherlands
A,PCH_3Y,RLPR_HW,NL,2010,0.3,Netherlands
A,PCH_3Y,RLPR_HW,NL,2011,0.7,Netherlands
A,PCH_3Y,RLPR_HW,NL,2012,2.9,Netherlands
A,PCH_3Y,RLPR_HW,NL,2013,1.7,Netherlands
A,PCH_3Y,RLPR_HW,NL,2014,1.7,Netherlands
A,PCH_3Y,RLPR_HW,NL,2015,3.1,Netherlands
A,PCH_3Y,RLPR_HW,NL,2016,2.3,Netherlands
A,PCH_3Y,RLPR_HW,NL,2017,1.8,Netherlands
A,PCH_3Y,RLPR_HW,NL,2018,0.0,Netherlands
A,PCH_3Y,RLPR_HW,NL,2019,-0.3,Netherlands
A,PCH_3Y,RLPR_HW,NL,2020,-0.4,Netherlands
A,PCH_3Y,RLPR_HW,NL,2021,1.6,Netherlands
A,PCH_3Y,RLPR_HW,NL,2022,3.1,Netherlands
A,PCH_3Y,RLPR_HW,NL,2023,0.8,Netherlands
A,PCH_3Y,RLPR_HW,NL,2024,-1.3,Netherlands
A,PCH_3Y,RLPR_HW,PL,2000,19.9,Poland
A,PCH_3Y,RLPR_HW,PL,2001,19.9,Poland
A,PCH_3Y,RLPR_HW,PL,2002,17.7,Poland
A,PCH_3Y,RLPR_HW,PL,2003,13.8,Poland
A,PCH_3Y,RLPR_HW,PL,2004,14.3,Poland
A,PCH_3Y,RLPR_HW,PL,2005,10.0,Poland
A,PCH_3Y,RLPR_HW,PL,2006,8.3,Poland
A,PCH_3Y,RLPR_HW,PL,2007,6.7,Poland
A,PCH_3Y,RLPR_HW,PL,2008,6.2,Poland
A,PCH_3Y,RLPR_HW,PL,2009,6.4,Poland
A,PCH_3Y,RLPR_HW,PL,2010,10.5,Poland
A,PCH_3Y,RLPR_HW,PL,2011,14.9,Poland
A,PCH_3Y,RLPR_HW,PL,2012,13.3,Poland
A,PCH_3Y,RLPR_HW,PL,2013,7.7,Poland
A,PCH_3Y,RLPR_HW,PL,2014,4.5,Poland
A,PCH_3Y,RLPR_HW,PL,2015,5.3,Poland
A,PCH_3Y,RLPR_HW,PL,2016,6.5,Poland
A,PCH_3Y,RLPR_HW,PL,2017,9.7,Poland
A,PCH_3Y,RLPR_HW,PL,2018,14.7,Poland
A,PCH_3Y,RLPR_HW,PL,2019,14.1,Poland
A,PCH_3Y,RLPR_HW,PL,2020,7.4,Poland
A,PCH_3Y,RLPR_HW,PL,2021,1.5,Poland
A,PCH_3Y,RLPR_HW,PL,2022,4.5,Poland
A,PCH_3Y,RLPR_HW,PL,2023,6.7,Poland
A,PCH_3Y,RLPR_HW,PL,2024,10.8,Poland
A,PCH_3Y,RLPR_HW,PT,2000,4.5,Portugal
A,PCH_3Y,RLPR_HW,PT,2001,4.4,Portugal
A,PCH_3Y,RLPR_HW,PT,2002,2.9,Portugal
A,PCH_3Y,RLPR_HW,PT,2003,2.2,Portugal
A,PCH_3Y,RLPR_HW,PT,2004,3.4,Portugal
A,PCH_3Y,RLPR_HW,PT,2005,3.8,Portugal
A,PCH_3Y,RLPR_HW,PT,2006,5.3,Portugal
A,PCH_3Y,RLPR_HW,PT,2007,4.6,Portugal
A,PCH_3Y,RLPR_HW,PT,2008,4.1,Portugal
A,PCH_3Y,RLPR_HW,PT,2009,1.8,Portugal
A,PCH_3Y,RLPR_HW,PT,2010,3.3,Portugal
A,PCH_3Y,RLPR_HW,PT,2011,4.3,Portugal
A,PCH_3Y,RLPR_HW,PT,2012,6.1,Portugal
A,PCH_3Y,RLPR_HW,PT,2013,4.3,Portugal
A,PCH_3Y,RLPR_HW,PT,2014,1.4,Portugal
A,PCH_3Y,RLPR_HW,PT,2015,-0.1,Portugal
A,PCH_3Y,RLPR_HW,PT,2016,-1.6,Portugal
A,PCH_3Y,RLPR_HW,PT,2017,0.3,Portugal
A,PCH_3Y,RLPR_HW,PT,2018,0.5,Portugal
A,PCH_3Y,RLPR_HW,PT,2019,2.2,Portugal
A,PCH_3Y,RLPR_HW,PT,2020,1.6,Portugal
A,PCH_3Y,RLPR_HW,PT,2021,2.7,Portugal
A,PCH_3Y,RLPR_HW,PT,2022,1.8,Portugal
A,PCH_3Y,RLPR_HW,PT,2023,0.1,Portugal
A,PCH_3Y,RLPR_HW,PT,2024,0.4,Portugal
A,PCH_3Y,RLPR_HW,RO,2000,5.6,Romania
A,PCH_3Y,RLPR_HW,RO,2001,11.2,Romania
A,PCH_3Y,RLPR_HW,RO,2002,28.0,Romania
A,PCH_3Y,RLPR_HW,RO,2003,29.2,Romania
A,PCH_3Y,RLPR_HW,RO,2004,36.1,Romania
A,PCH_3Y,RLPR_HW,RO,2005,23.0,Romania
A,PCH_3Y,RLPR_HW,RO,2006,27.8,Romania
A,PCH_3Y,RLPR_HW,RO,2007,20.4,Romania
A,PCH_3Y,RLPR_HW,RO,2008,26.7,Romania
A,PCH_3Y,RLPR_HW,RO,2009,16.2,Romania
A,PCH_3Y,RLPR_HW,RO,2010,7.9,Romania
A,PCH_3Y,RLPR_HW,RO,2011,3.4,Romania
A,PCH_3Y,RLPR_HW,RO,2012,7.0,Romania
A,PCH_3Y,RLPR_HW,RO,2013,10.8,Romania
A,PCH_3Y,RLPR_HW,RO,2014,8.3,Romania
A,PCH_3Y,RLPR_HW,RO,2015,10.8,Romania
A,PCH_3Y,RLPR_HW,RO,2016,12.1,Romania
A,PCH_3Y,RLPR_HW,RO,2017,15.3,Romania
A,PCH_3Y,RLPR_HW,RO,2018,15.7,Romania
A,PCH_3Y,RLPR_HW,RO,2019,15.9,Romania
A,PCH_3Y,RLPR_HW,RO,2020,9.4,Romania
A,PCH_3Y,RLPR_HW,RO,2021,4.9,Romania
A,PCH_3Y,RLPR_HW,RO,2022,6.7,Romania
A,PCH_3Y,RLPR_HW,RO,2023,10.3,Romania
A,PCH_3Y,RLPR_HW,RO,2024,6.1,Romania
A,PCH_3Y,RLPR_HW,SE,2000,7.5,Sweden
A,PCH_3Y,RLPR_HW,SE,2001,5.5,Sweden
A,PCH_3Y,RLPR_HW,SE,2002,7.9,Sweden
A,PCH_3Y,RLPR_HW,SE,2003,7.9,Sweden
A,PCH_3Y,RLPR_HW,SE,2004,10.6,Sweden
A,PCH_3Y,RLPR_HW,SE,2005,9.8,Sweden
A,PCH_3Y,RLPR_HW,SE,2006,9.2,Sweden
A,PCH_3Y,RLPR_HW,SE,2007,5.9,Sweden
A,PCH_3Y,RLPR_HW,SE,2008,0.6,Sweden
A,PCH_3Y,RLPR_HW,SE,2009,-3.5,Sweden
A,PCH_3Y,RLPR_HW,SE,2010,-0.4,Sweden
A,PCH_3Y,RLPR_HW,SE,2011,2.7,Sweden
A,PCH_3Y,RLPR_HW,SE,2012,3.8,Sweden
A,PCH_3Y,RLPR_HW,SE,2013,1.2,Sweden
A,PCH_3Y,RLPR_HW,SE,2014,1.2,Sweden
A,PCH_3Y,RLPR_HW,SE,2015,4.3,Sweden
A,PCH_3Y,RLPR_HW,SE,2016,2.9,Sweden
A,PCH_3Y,RLPR_HW,SE,2017,2.3,Sweden
A,PCH_3Y,RLPR_HW,SE,2018,-0.2,Sweden
A,PCH_3Y,RLPR_HW,SE,2019,3.3,Sweden
A,PCH_3Y,RLPR_HW,SE,2020,4.4,Sweden
A,PCH_3Y,RLPR_HW,SE,2021,7.0,Sweden
A,PCH_3Y,RLPR_HW,SE,2022,2.1,Sweden
A,PCH_3Y,RLPR_HW,SE,2023,-0.5,Sweden
A,PCH_3Y,RLPR_HW,SE,2024,-0.6,Sweden
A,PCH_3Y,RLPR_HW,SI,2000,9.3,Slovenia
A,PCH_3Y,RLPR_HW,SI,2001,10.0,Slovenia
A,PCH_3Y,RLPR_HW,SI,2002,6.9,Slovenia
A,PCH_3Y,RLPR_HW,SI,2003,7.1,Slovenia
A,PCH_3Y,RLPR_HW,SI,2004,7.1,Slovenia
A,PCH_3Y,RLPR_HW,SI,2005,13.9,Slovenia
A,PCH_3Y,RLPR_HW,SI,2006,16.9,Slovenia
A,PCH_3Y,RLPR_HW,SI,2007,18.4,Slovenia
A,PCH_3Y,RLPR_HW,SI,2008,10.5,Slovenia
A,PCH_3Y,RLPR_HW,SI,2009,-2.5,Slovenia
A,PCH_3Y,RLPR_HW,SI,2010,-3.6,Slovenia
A,PCH_3Y,RLPR_HW,SI,2011,-0.1,Slovenia
A,PCH_3Y,RLPR_HW,SI,2012,5.8,Slovenia
A,PCH_3Y,RLPR_HW,SI,2013,1.7,Slovenia
A,PCH_3Y,RLPR_HW,SI,2014,-0.5,Slovenia
A,PCH_3Y,RLPR_HW,SI,2015,1.1,Slovenia
A,PCH_3Y,RLPR_HW,SI,2016,5.3,Slovenia
A,PCH_3Y,RLPR_HW,SI,2017,8.4,Slovenia
A,PCH_3Y,RLPR_HW,SI,2018,10.1,Slovenia
A,PCH_3Y,RLPR_HW,SI,2019,7.8,Slovenia
A,PCH_3Y,RLPR_HW,SI,2020,4.5,Slovenia
A,PCH_3Y,RLPR_HW,SI,2021,5.1,Slovenia
A,PCH_3Y,RLPR_HW,SI,2022,2.6,Slovenia
A,PCH_3Y,RLPR_HW,SI,2023,4.0,Slovenia
A,PCH_3Y,RLPR_HW,SI,2024,0.3,Slovenia
A,PCH_3Y,RLPR_HW,SK,2000,10.4,Slovakia
A,PCH_3Y,RLPR_HW,SK,2001,8.7,Slovakia
A,PCH_3Y,RLPR_HW,SK,2002,13.6,Slovakia
A,PCH_3Y,RLPR_HW,SK,2003,18.4,Slovakia
A,PCH_3Y,RLPR_HW,SK,2004,18.2,Slovakia
A,PCH_3Y,RLPR_HW,SK,2005,13.8,Slovakia
A,PCH_3Y,RLPR_HW,SK,2006,13.0,Slovakia
A,PCH_3Y,RLPR_HW,SK,2007,18.0,Slovakia
A,PCH_3Y,RLPR_HW,SK,2008,16.7,Slovakia
A,PCH_3Y,RLPR_HW,SK,2009,6.4,Slovakia
A,PCH_3Y,RLPR_HW,SK,2010,5.8,Slovakia
A,PCH_3Y,RLPR_HW,SK,2011,5.3,Slovakia
A,PCH_3Y,RLPR_HW,SK,2012,10.4,Slovakia
A,PCH_3Y,RLPR_HW,SK,2013,5.8,Slovakia
A,PCH_3Y,RLPR_HW,SK,2014,6.3,Slovakia
A,PCH_3Y,RLPR_HW,SK,2015,8.1,Slovakia
A,PCH_3Y,RLPR_HW,SK,2016,5.9,Slovakia
A,PCH_3Y,RLPR_HW,SK,2017,6.1,Slovakia
A,PCH_3Y,RLPR_HW,SK,2018,5.3,Slovakia
A,PCH_3Y,RLPR_HW,SK,2019,6.9,Slovakia
A,PCH_3Y,RLPR_HW,SK,2020,11.8,Slovakia
A,PCH_3Y,RLPR_HW,SK,2021,15.1,Slovakia
A,PCH_3Y,RLPR_HW,SK,2022,9.6,Slovakia
A,PCH_3Y,RLPR_HW,SK,2023,3.5,Slovakia
A,PCH_3Y,RLPR_HW,SK,2024,-0.3,Slovakia
A,PCH_5Y,RLPR_HW,AT,2000,9.1,Austria
A,PCH_5Y,RLPR_HW,AT,2001,10.6,Austria
A,PCH_5Y,RLPR_HW,AT,2002,11.4,Austria
A,PCH_5Y,RLPR_HW,AT,2003,8.5,Austria
A,PCH_5Y,RLPR_HW,AT,2004,8.3,Austria
A,PCH_5Y,RLPR_HW,AT,2005,8.7,Austria
A,PCH_5Y,RLPR_HW,AT,2006,9.9,Austria
A,PCH_5Y,RLPR_HW,AT,2007,10.7,Austria
A,PCH_5Y,RLPR_HW,AT,2008,9.6,Austria
A,PCH_5Y,RLPR_HW,AT,2009,7.3,Austria
A,PCH_5Y,RLPR_HW,AT,2010,6.2,Austria
A,PCH_5Y,RLPR_HW,AT,2011,4.6,Austria
A,PCH_5Y,RLPR_HW,AT,2012,3.1,Austria
A,PCH_5Y,RLPR_HW,AT,2013,3.4,Austria
A,PCH_5Y,RLPR_HW,AT,2014,4.1,Austria
A,PCH_5Y,RLPR_HW,AT,2015,4.7,Austria
A,PCH_5Y,RLPR_HW,AT,2016,3.7,Austria
A,PCH_5Y,RLPR_HW,AT,2017,3.9,Austria
A,PCH_5Y,RLPR_HW,AT,2018,4.1,Austria
A,PCH_5Y,RLPR_HW,AT,2019,3.9,Austria
A,PCH_5Y,RLPR_HW,AT,2020,4.6,Austria
A,PCH_5Y,RLPR_HW,AT,2021,4.6,Austria
A,PCH_5Y,RLPR_HW,AT,2022,6.1,Austria
A,PCH_5Y,RLPR_HW,AT,2023,4.1,Austria
A,PCH_5Y,RLPR_HW,AT,2024,3.2,Austria
A,PCH_5Y,RLPR_HW,BE,2000,7.7,Belgium
A,PCH_5Y,RLPR_HW,BE,2001,6.5,Belgium
A,PCH_5Y,RLPR_HW,BE,2002,4.5,Belgium
A,PCH_5Y,RLPR_HW,BE,2003,4.7,Belgium
A,PCH_5Y,RLPR_HW,BE,2004,5.9,Belgium
A,PCH_5Y,RLPR_HW,BE,2005,6.7,Belgium
A,PCH_5Y,RLPR_HW,BE,2006,7.0,Belgium
A,PCH_5Y,RLPR_HW,BE,2007,8.2,Belgium
A,PCH_5Y,RLPR_HW,BE,2008,6.6,Belgium
A,PCH_5Y,RLPR_HW,BE,2009,2.7,Belgium
A,PCH_5Y,RLPR_HW,BE,2010,2.2,Belgium
A,PCH_5Y,RLPR_HW,BE,2011,1.3,Belgium
A,PCH_5Y,RLPR_HW,BE,2012,-0.4,Belgium
A,PCH_5Y,RLPR_HW,BE,2013,0.8,Belgium
A,PCH_5Y,RLPR_HW,BE,2014,3.1,Belgium
A,PCH_5Y,RLPR_HW,BE,2015,3.0,Belgium
A,PCH_5Y,RLPR_HW,BE,2016,3.3,Belgium
A,PCH_5Y,RLPR_HW,BE,2017,3.0,Belgium
A,PCH_5Y,RLPR_HW,BE,2018,2.6,Belgium
A,PCH_5Y,RLPR_HW,BE,2019,1.9,Belgium
A,PCH_5Y,RLPR_HW,BE,2020,4.6,Belgium
A,PCH_5Y,RLPR_HW,BE,2021,2.9,Belgium
A,PCH_5Y,RLPR_HW,BE,2022,2.5,Belgium
A,PCH_5Y,RLPR_HW,BE,2023,3.1,Belgium
A,PCH_5Y,RLPR_HW,BE,2024,3.6,Belgium
A,PCH_5Y,RLPR_HW,BG,2000,1.8,Bulgaria
A,PCH_5Y,RLPR_HW,BG,2001,3.1,Bulgaria
A,PCH_5Y,RLPR_HW,BG,2002,22.9,Bulgaria
A,PCH_5Y,RLPR_HW,BG,2003,16.5,Bulgaria
A,PCH_5Y,RLPR_HW,BG,2004,26.1,Bulgaria
A,PCH_5Y,RLPR_HW,BG,2005,20.9,Bulgaria
A,PCH_5Y,RLPR_HW,BG,2006,20.6,Bulgaria
A,PCH_5Y,RLPR_HW,BG,2007,17.9,Bulgaria
A,PCH_5Y,RLPR_HW,BG,2008,16.1,Bulgaria
A,PCH_5Y,RLPR_HW,BG,2009,14.8,Bulgaria
A,PCH_5Y,RLPR_HW,BG,2010,16.1,Bulgaria
A,PCH_5Y,RLPR_HW,BG,2011,17.0,Bulgaria
A,PCH_5Y,RLPR_HW,BG,2012,16.9,Bulgaria
A,PCH_5Y,RLPR_HW,BG,2013,15.3,Bulgaria
A,PCH_5Y,RLPR_HW,BG,2014,14.7,Bulgaria
A,PCH_5Y,RLPR_HW,BG,2015,11.7,Bulgaria
A,PCH_5Y,RLPR_HW,BG,2016,9.7,Bulgaria
A,PCH_5Y,RLPR_HW,BG,2017,7.2,Bulgaria
A,PCH_5Y,RLPR_HW,BG,2018,9.9,Bulgaria
A,PCH_5Y,RLPR_HW,BG,2019,14.9,Bulgaria
A,PCH_5Y,RLPR_HW,BG,2020,12.6,Bulgaria
A,PCH_5Y,RLPR_HW,BG,2021,17.5,Bulgaria
A,PCH_5Y,RLPR_HW,BG,2022,20.0,Bulgaria
A,PCH_5Y,RLPR_HW,BG,2023,15.0,Bulgaria
A,PCH_5Y,RLPR_HW,BG,2024,14.2,Bulgaria
A,PCH_5Y,RLPR_HW,CY,2000,13.7,Cyprus
A,PCH_5Y,RLPR_HW,CY,2001,13.4,Cyprus
A,PCH_5Y,RLPR_HW,CY,2002,15.0,Cyprus
A,PCH_5Y,RLPR_HW,CY,2003,9.8,Cyprus
A,PCH_5Y,RLPR_HW,CY,2004,10.2,Cyprus
A,PCH_5Y,RLPR_HW,CY,2005,9.1,Cyprus
A,PCH_5Y,RLPR_HW,CY,2006,12.6,Cyprus
A,PCH_5Y,RLPR_HW,CY,2007,8.2,Cyprus
A,PCH_5Y,RLPR_HW,CY,2008,8.6,Cyprus
A,PCH_5Y,RLPR_HW,CY,2009,4.4,Cyprus
A,PCH_5Y,RLPR_HW,CY,2010,3.3,Cyprus
A,PCH_5Y,RLPR_HW,CY,2011,-0.3,Cyprus
A,PCH_5Y,RLPR_HW,CY,2012,0.8,Cyprus
A,PCH_5Y,RLPR_HW,CY,2013,1.9,Cyprus
A,PCH_5Y,RLPR_HW,CY,2014,2.8,Cyprus
A,PCH_5Y,RLPR_HW,CY,2015,2.4,Cyprus
A,PCH_5Y,RLPR_HW,CY,2016,3.4,Cyprus
A,PCH_5Y,RLPR_HW,CY,2017,4.5,Cyprus
A,PCH_5Y,RLPR_HW,CY,2018,4.8,Cyprus
A,PCH_5Y,RLPR_HW,CY,2019,5.6,Cyprus
A,PCH_5Y,RLPR_HW,CY,2020,6.3,Cyprus
A,PCH_5Y,RLPR_HW,CY,2021,8.2,Cyprus
A,PCH_5Y,RLPR_HW,CY,2022,10.4,Cyprus
A,PCH_5Y,RLPR_HW,CY,2023,10.0,Cyprus
A,PCH_5Y,RLPR_HW,CY,2024,10.7,Cyprus
A,PCH_5Y,RLPR_HW,CZ,2000,10.1,Czechia
A,PCH_5Y,RLPR_HW,CZ,2001,14.2,Czechia
A,PCH_5Y,RLPR_HW,CZ,2002,16.3,Czechia
A,PCH_5Y,RLPR_HW,CZ,2003,21.8,Czechia
A,PCH_5Y,RLPR_HW,CZ,2004,24.4,Czechia
A,PCH_5Y,RLPR_HW,CZ,2005,25.1,Czechia
A,PCH_5Y,RLPR_HW,CZ,2006,23.3,Czechia
A,PCH_5Y,RLPR_HW,CZ,2007,26.6,Czechia
A,PCH_5Y,RLPR_HW,CZ,2008,20.2,Czechia
A,PCH_5Y,RLPR_HW,CZ,2009,12.6,Czechia
A,PCH_5Y,RLPR_HW,CZ,2010,10.1,Czechia
A,PCH_5Y,RLPR_HW,CZ,2011,5.9,Czechia
A,PCH_5Y,RLPR_HW,CZ,2012,2.0,Czechia
A,PCH_5Y,RLPR_HW,CZ,2013,2.8,Czechia
A,PCH_5Y,RLPR_HW,CZ,2014,6.6,Czechia
A,PCH_5Y,RLPR_HW,CZ,2015,8.8,Czechia
A,PCH_5Y,RLPR_HW,CZ,2016,7.0,Czechia
A,PCH_5Y,RLPR_HW,CZ,2017,10.4,Czechia
A,PCH_5Y,RLPR_HW,CZ,2018,11.4,Czechia
A,PCH_5Y,RLPR_HW,CZ,2019,14.3,Czechia
A,PCH_5Y,RLPR_HW,CZ,2020,12.7,Czechia
A,PCH_5Y,RLPR_HW,CZ,2021,12.6,Czechia
A,PCH_5Y,RLPR_HW,CZ,2022,7.0,Czechia
A,PCH_5Y,RLPR_HW,CZ,2023,3.9,Czechia
A,PCH_5Y,RLPR_HW,CZ,2024,-0.2,Czechia
A,PCH_5Y,RLPR_HW,DE,2000,9.7,Germany
A,PCH_5Y,RLPR_HW,DE,2001,10.3,Germany
A,PCH_5Y,RLPR_HW,DE,2002,8.5,Germany
A,PCH_5Y,RLPR_HW,DE,2003,8.3,Germany
A,PCH_5Y,RLPR_HW,DE,2004,7.8,Germany
A,PCH_5Y,RLPR_HW,DE,2005,7.0,Germany
A,PCH_5Y,RLPR_HW,DE,2006,6.2,Germany
A,PCH_5Y,RLPR_HW,DE,2007,6.4,Germany
A,PCH_5Y,RLPR_HW,DE,2008,5.4,Germany
A,PCH_5Y,RLPR_HW,DE,2009,1.4,Germany
A,PCH_5Y,RLPR_HW,DE,2010,1.9,Germany
A,PCH_5Y,RLPR_HW,DE,2011,2.7,Germany
A,PCH_5Y,RLPR_HW,DE,2012,2.4,Germany
A,PCH_5Y,RLPR_HW,DE,2013,2.9,Germany
A,PCH_5Y,RLPR_HW,DE,2014,7.0,Germany
A,PCH_5Y,RLPR_HW,DE,2015,5.3,Germany
A,PCH_5Y,RLPR_HW,DE,2016,4.2,Germany
A,PCH_5Y,RLPR_HW,DE,2017,5.4,Germany
A,PCH_5Y,RLPR_HW,DE,2018,5.4,Germany
A,PCH_5Y,RLPR_HW,DE,2019,5.1,Germany
A,PCH_5Y,RLPR_HW,DE,2020,5.3,Germany
A,PCH_5Y,RLPR_HW,DE,2021,5.6,Germany
A,PCH_5Y,RLPR_HW,DE,2022,3.5,Germany
A,PCH_5Y,RLPR_HW,DE,2023,2.1,Germany
A,PCH_5Y,RLPR_HW,DE,2024,0.6,Germany
A,PCH_5Y,RLPR_HW,DK,2000,6.5,Denmark
A,PCH_5Y,RLPR_HW,DK,2001,3.8,Denmark
A,PCH_5Y,RLPR_HW,DK,2002,3.9,Denmark
A,PCH_5Y,RLPR_HW,DK,2003,5.7,Denmark
A,PCH_5Y,RLPR_HW,DK,2004,8.1,Denmark
A,PCH_5Y,RLPR_HW,DK,2005,7.1,Denmark
A,PCH_5Y,RLPR_HW,DK,2006,8.7,Denmark
A,PCH_5Y,RLPR_HW,DK,2007,8.1,Denmark
A,PCH_5Y,RLPR_HW,DK,2008,4.8,Denmark
A,PCH_5Y,RLPR_HW,DK,2009,0.4,Denmark
A,PCH_5Y,RLPR_HW,DK,2010,2.6,Denmark
A,PCH_5Y,RLPR_HW,DK,2011,1.8,Denmark
A,PCH_5Y,RLPR_HW,DK,2012,3.2,Denmark
A,PCH_5Y,RLPR_HW,DK,2013,5.9,Denmark
A,PCH_5Y,RLPR_HW,DK,2014,8.6,Denmark
A,PCH_5Y,RLPR_HW,DK,2015,6.0,Denmark
A,PCH_5Y,RLPR_HW,DK,2016,6.6,Denmark
A,PCH_5Y,RLPR_HW,DK,2017,7.1,Denmark
A,PCH_5Y,RLPR_HW,DK,2018,8.0,Denmark
A,PCH_5Y,RLPR_HW,DK,2019,7.3,Denmark
A,PCH_5Y,RLPR_HW,DK,2020,8.0,Denmark
A,PCH_5Y,RLPR_HW,DK,2021,7.4,Denmark
A,PCH_5Y,RLPR_HW,DK,2022,1.8,Denmark
A,PCH_5Y,RLPR_HW,DK,2023,0.8,Denmark
A,PCH_5Y,RLPR_HW,DK,2024,3.6,Denmark
A,PCH_5Y,RLPR_HW,EE,2000,51.3,Estonia
A,PCH_5Y,RLPR_HW,EE,2001,48.9,Estonia
A,PCH_5Y,RLPR_HW,EE,2002,39.4,Estonia
A,PCH_5Y,RLPR_HW,EE,2003,40.5,Estonia
A,PCH_5Y,RLPR_HW,EE,2004,41.3,Estonia
A,PCH_5Y,RLPR_HW,EE,2005,34.1,Estonia
A,PCH_5Y,RLPR_HW,EE,2006,33.3,Estonia
A,PCH_5Y,RLPR_HW,EE,2007,34.2,Estonia
A,PCH_5Y,RLPR_HW,EE,2008,23.3,Estonia
A,PCH_5Y,RLPR_HW,EE,2009,17.9,Estonia
A,PCH_5Y,RLPR_HW,EE,2010,17.3,Estonia
A,PCH_5Y,RLPR_HW,EE,2011,10.1,Estonia
A,PCH_5Y,RLPR_HW,EE,2012,6.4,Estonia
A,PCH_5Y,RLPR_HW,EE,2013,11.9,Estonia
A,PCH_5Y,RLPR_HW,EE,2014,12.7,Estonia
A,PCH_5Y,RLPR_HW,EE,2015,6.4,Estonia
A,PCH_5Y,RLPR_HW,EE,2016,10.7,Estonia
A,PCH_5Y,RLPR_HW,EE,2017,9.6,Estonia
A,PCH_5Y,RLPR_HW,EE,2018,14.8,Estonia
A,PCH_5Y,RLPR_HW,EE,2019,15.1,Estonia
A,PCH_5Y,RLPR_HW,EE,2020,19.6,Estonia
A,PCH_5Y,RLPR_HW,EE,2021,27.0,Estonia
A,PCH_5Y,RLPR_HW,EE,2022,18.4,Estonia
A,PCH_5Y,RLPR_HW,EE,2023,4.6,Estonia
A,PCH_5Y,RLPR_HW,EE,2024,0.7,Estonia
A,PCH_5Y,RLPR_HW,EL,2000,12.2,Greece
A,PCH_5Y,RLPR_HW,EL,2001,15.3,Greece
A,PCH_5Y,RLPR_HW,EL,2002,13.8,Greece
A,PCH_5Y,RLPR_HW,EL,2003,20.1,Greece
A,PCH_5Y,RLPR_HW,EL,2004,21.1,Greece
A,PCH_5Y,RLPR_HW,EL,2005,14.1,Greece
A,PCH_5Y,RLPR_HW,EL,2006,14.5,Greece
A,PCH_5Y,RLPR_HW,EL,2007,14.5,Greece
A,PCH_5Y,RLPR_HW,EL,2008,8.8,Greece
A,PCH_5Y,RLPR_HW,EL,2009,2.6,Greece
A,PCH_5Y,RLPR_HW,EL,2010,4.7,Greece
A,PCH_5Y,RLPR_HW,EL,2011,-7.2,Greece
A,PCH_5Y,RLPR_HW,EL,2012,-15.5,Greece
A,PCH_5Y,RLPR_HW,EL,2013,-16.7,Greece
A,PCH_5Y,RLPR_HW,EL,2014,-15.0,Greece
A,PCH_5Y,RLPR_HW,EL,2015,-11.8,Greece
A,PCH_5Y,RLPR_HW,EL,2016,-8.9,Greece
A,PCH_5Y,RLPR_HW,EL,2017,-0.9,Greece
A,PCH_5Y,RLPR_HW,EL,2018,-2.0,Greece
A,PCH_5Y,RLPR_HW,EL,2019,0.7,Greece
A,PCH_5Y,RLPR_HW,EL,2020,0.1,Greece
A,PCH_5Y,RLPR_HW,EL,2021,0.6,Greece
A,PCH_5Y,RLPR_HW,EL,2022,-1.3,Greece
A,PCH_5Y,RLPR_HW,EL,2023,2.0,Greece
A,PCH_5Y,RLPR_HW,EL,2024,0.4,Greece
A,PCH_5Y,RLPR_HW,ES,2000,-0.1,Spain
A,PCH_5Y,RLPR_HW,ES,2001,-1.0,Spain
A,PCH_5Y,RLPR_HW,ES,2002,-0.5,Spain
A,PCH_5Y,RLPR_HW,ES,2003,0.4,Spain
A,PCH_5Y,RLPR_HW,ES,2004,1.2,Spain
A,PCH_5Y,RLPR_HW,ES,2005,1.1,Spain
A,PCH_5Y,RLPR_HW,ES,2006,1.7,Spain
A,PCH_5Y,RLPR_HW,ES,2007,2.5,Spain
A,PCH_5Y,RLPR_HW,ES,2008,2.3,Spain
A,PCH_5Y,RLPR_HW,ES,2009,4.4,Spain
A,PCH_5Y,RLPR_HW,ES,2010,6.5,Spain
A,PCH_5Y,RLPR_HW,ES,2011,7.6,Spain
A,PCH_5Y,RLPR_HW,ES,2012,8.7,Spain
A,PCH_5Y,RLPR_HW,ES,2013,10.2,Spain
A,PCH_5Y,RLPR_HW,ES,2014,8.1,Spain
A,PCH_5Y,RLPR_HW,ES,2015,6.7,Spain
A,PCH_5Y,RLPR_HW,ES,2016,5.5,Spain
A,PCH_5Y,RLPR_HW,ES,2017,4.1,Spain
A,PCH_5Y,RLPR_HW,ES,2018,2.6,Spain
A,PCH_5Y,RLPR_HW,ES,2019,2.3,Spain
A,PCH_5Y,RLPR_HW,ES,2020,1.3,Spain
A,PCH_5Y,RLPR_HW,ES,2021,0.4,Spain
A,PCH_5Y,RLPR_HW,ES,2022,0.9,Spain
A,PCH_5Y,RLPR_HW,ES,2023,0.8,Spain
A,PCH_5Y,RLPR_HW,ES,2024,1.8,Spain
A,PCH_5Y,RLPR_HW,EU27_2020,2000,10.9,European Union - 27 countries (from 2020)
A,PCH_5Y,RLPR_HW,EU27_2020,2001,11.6,European Union - 27 countries (from 2020)
A,PCH_5Y,RLPR_HW,EU27_2020,2002,11.6,European Union - 27 countries (from 2020)
A,PCH_5Y,RLPR_HW,EU27_2020,2003,10.8,European Union - 27 countries (from 2020)
A,PCH_5Y,RLPR_HW,EU27_2020,2004,10.2,European Union - 27 countries (from 2020)
A,PCH_5Y,RLPR_HW,EU27_2020,2005,8.1,European Union - 27 countries (from 2020)
A,PCH_5Y,RLPR_HW,EU27_2020,2006,7.7,European Union - 27 countries (from 2020)
A,PCH_5Y,RLPR_HW,EU27_2020,2007,6.6,European Union - 27 countries (from 2020)
A,PCH_5Y,RLPR_HW,EU27_2020,2008,5.3,European Union - 27 countries (from 2020)
A,PCH_5Y,RLPR_HW,EU27_2020,2009,2.5,European Union - 27 countries (from 2020)
A,PCH_5Y,RLPR_HW,EU27_2020,2010,4.1,European Union - 27 countries (from 2020)
A,PCH_5Y,RLPR_HW,EU27_2020,2011,4.3,European Union - 27 countries (from 2020)
A,PCH_5Y,RLPR_HW,EU27_2020,2012,3.8,European Union - 27 countries (from 2020)
A,PCH_5Y,RLPR_HW,EU27_2020,2013,5.0,European Union - 27 countries (from 2020)
A,PCH_5Y,RLPR_HW,EU27_2020,2014,7.0,European Union - 27 countries (from 2020)
A,PCH_5Y,RLPR_HW,EU27_2020,2015,5.5,European Union - 27 countries (from 2020)
A,PCH_5Y,RLPR_HW,EU27_2020,2016,3.9,European Union - 27 countries (from 2020)
A,PCH_5Y,RLPR_HW,EU27_2020,2017,5.2,European Union - 27 countries (from 2020)
A,PCH_5Y,RLPR_HW,EU27_2020,2018,5.1,European Union - 27 countries (from 2020)
A,PCH_5Y,RLPR_HW,EU27_2020,2019,5.1,European Union - 27 countries (from 2020)
A,PCH_5Y,RLPR_HW,EU27_2020,2020,5.1,European Union - 27 countries (from 2020)
A,PCH_5Y,RLPR_HW,EU27_2020,2021,5.3,European Union - 27 countries (from 2020)
A,PCH_5Y,RLPR_HW,EU27_2020,2022,3.9,European Union - 27 countries (from 2020)
A,PCH_5Y,RLPR_HW,EU27_2020,2023,2.4,European Union - 27 countries (from 2020)
A,PCH_5Y,RLPR_HW,EU27_2020,2024,1.9,European Union - 27 countries (from 2020)
A,PCH_5Y,RLPR_HW,FI,2000,16.8,Finland
A,PCH_5Y,RLPR_HW,FI,2001,16.7,Finland
A,PCH_5Y,RLPR_HW,FI,2002,14.2,Finland
A,PCH_5Y,RLPR_HW,FI,2003,12.1,Finland
A,PCH_5Y,RLPR_HW,FI,2004,13.3,Finland
A,PCH_5Y,RLPR_HW,FI,2005,10.7,Finland
A,PCH_5Y,RLPR_HW,FI,2006,11.2,Finland
A,PCH_5Y,RLPR_HW,FI,2007,13.8,Finland
A,PCH_5Y,RLPR_HW,FI,2008,10.1,Finland
A,PCH_5Y,RLPR_HW,FI,2009,1.8,Finland
A,PCH_5Y,RLPR_HW,FI,2010,3.4,Finland
A,PCH_5Y,RLPR_HW,FI,2011,2.4,Finland
A,PCH_5Y,RLPR_HW,FI,2012,-2.2,Finland
A,PCH_5Y,RLPR_HW,FI,2013,-0.8,Finland
A,PCH_5Y,RLPR_HW,FI,2014,4.2,Finland
A,PCH_5Y,RLPR_HW,FI,2015,0.8,Finland
A,PCH_5Y,RLPR_HW,FI,2016,1.5,Finland
A,PCH_5Y,RLPR_HW,FI,2017,6.1,Finland
A,PCH_5Y,RLPR_HW,FI,2018,4.5,Finland
A,PCH_5Y,RLPR_HW,FI,2019,4.7,Finland
A,PCH_5Y,RLPR_HW,FI,2020,4.8,Finland
A,PCH_5Y,RLPR_HW,FI,2021,3.2,Finland
A,PCH_5Y,RLPR_HW,FI,2022,-1.6,Finland
A,PCH_5Y,RLPR_HW,FI,2023,-1.8,Finland
A,PCH_5Y,RLPR_HW,FI,2024,-0.6,Finland
A,PCH_5Y,RLPR_HW,FR,2000,9.5,France
A,PCH_5Y,RLPR_HW,FR,2001,10.2,France
A,PCH_5Y,RLPR_HW,FR,2002,11.3,France
A,PCH_5Y,RLPR_HW,FR,2003,9.6,France
A,PCH_5Y,RLPR_HW,FR,2004,9.5,France
A,PCH_5Y,RLPR_HW,FR,2005,7.6,France
A,PCH_5Y,RLPR_HW,FR,2006,8.6,France
A,PCH_5Y,RLPR_HW,FR,2007,5.2,France
A,PCH_5Y,RLPR_HW,FR,2008,3.9,France
A,PCH_5Y,RLPR_HW,FR,2009,1.8,France
A,PCH_5Y,RLPR_HW,FR,2010,2.1,France
A,PCH_5Y,RLPR_HW,FR,2011,0.7,France
A,PCH_5Y,RLPR_HW,FR,2012,1.3,France
A,PCH_5Y,RLPR_HW,FR,2013,3.5,France
A,PCH_5Y,RLPR_HW,FR,2014,5.6,France
A,PCH_5Y,RLPR_HW,FR,2015,5.0,France
A,PCH_5Y,RLPR_HW,FR,2016,3.6,France
A,PCH_5Y,RLPR_HW,FR,2017,5.4,France
A,PCH_5Y,RLPR_HW,FR,2018,3.9,France
A,PCH_5Y,RLPR_HW,FR,2019,3.3,France
A,PCH_5Y,RLPR_HW,FR,2020,2.7,France
A,PCH_5Y,RLPR_HW,FR,2021,1.4,France
A,PCH_5Y,RLPR_HW,FR,2022,-2.1,France
A,PCH_5Y,RLPR_HW,FR,2023,-1.8,France
A,PCH_5Y,RLPR_HW,FR,2024,-2.3,France
A,PCH_5Y,RLPR_HW,HR,2000,18.3,Croatia
A,PCH_5Y,RLPR_HW,HR,2001,15.6,Croatia
A,PCH_5Y,RLPR_HW,HR,2002,14.4,Croatia
A,PCH_5Y,RLPR_HW,HR,2003,15.0,Croatia
A,PCH_5Y,RLPR_HW,HR,2004,19.8,Croatia
A,PCH_5Y,RLPR_HW,HR,2005,20.0,Croatia
A,PCH_5Y,RLPR_HW,HR,2006,17.7,Croatia
A,PCH_5Y,RLPR_HW,HR,2007,14.1,Croatia
A,PCH_5Y,RLPR_HW,HR,2008,10.5,Croatia
A,PCH_5Y,RLPR_HW,HR,2009,0.5,Croatia
A,PCH_5Y,RLPR_HW,HR,2010,-0.9,Croatia
A,PCH_5Y,RLPR_HW,HR,2011,1.3,Croatia
A,PCH_5Y,RLPR_HW,HR,2012,-4.1,Croatia
A,PCH_5Y,RLPR_HW,HR,2013,-0.6,Croatia
A,PCH_5Y,RLPR_HW,HR,2014,3.0,Croatia
A,PCH_5Y,RLPR_HW,HR,2015,4.5,Croatia
A,PCH_5Y,RLPR_HW,HR,2016,3.6,Croatia
A,PCH_5Y,RLPR_HW,HR,2017,8.5,Croatia
A,PCH_5Y,RLPR_HW,HR,2018,7.7,Croatia
A,PCH_5Y,RLPR_HW,HR,2019,12.4,Croatia
A,PCH_5Y,RLPR_HW,HR,2020,2.0,Croatia
A,PCH_5Y,RLPR_HW,HR,2021,9.8,Croatia
A,PCH_5Y,RLPR_HW,HR,2022,15.2,Croatia
A,PCH_5Y,RLPR_HW,HR,2023,13.7,Croatia
A,PCH_5Y,RLPR_HW,HR,2024,11.1,Croatia
A,PCH_5Y,RLPR_HW,HU,2000,11.2,Hungary
A,PCH_5Y,RLPR_HW,HU,2001,17.1,Hungary
A,PCH_5Y,RLPR_HW,HU,2002,21.9,Hungary
A,PCH_5Y,RLPR_HW,HU,2003,22.0,Hungary
A,PCH_5Y,RLPR_HW,HU,2004,28.2,Hungary
A,PCH_5Y,RLPR_HW,HU,2005,30.2,Hungary
A,PCH_5Y,RLPR_HW,HU,2006,28.3,Hungary
A,PCH_5Y,RLPR_HW,HU,2007,24.3,Hungary
A,PCH_5Y,RLPR_HW,HU,2008,23.6,Hungary
A,PCH_5Y,RLPR_HW,HU,2009,13.0,Hungary
A,PCH_5Y,RLPR_HW,HU,2010,7.7,Hungary
A,PCH_5Y,RLPR_HW,HU,2011,6.2,Hungary
A,PCH_5Y,RLPR_HW,HU,2012,2.3,Hungary
A,PCH_5Y,RLPR_HW,HU,2013,0.3,Hungary
A,PCH_5Y,RLPR_HW,HU,2014,2.6,Hungary
A,PCH_5Y,RLPR_HW,HU,2015,2.5,Hungary
A,PCH_5Y,RLPR_HW,HU,2016,-1.9,Hungary
A,PCH_5Y,RLPR_HW,HU,2017,2.6,Hungary
A,PCH_5Y,RLPR_HW,HU,2018,6.5,Hungary
A,PCH_5Y,RLPR_HW,HU,2019,12.2,Hungary
A,PCH_5Y,RLPR_HW,HU,2020,12.2,Hungary
A,PCH_5Y,RLPR_HW,HU,2021,17.3,Hungary
A,PCH_5Y,RLPR_HW,HU,2022,15.9,Hungary
A,PCH_5Y,RLPR_HW,HU,2023,11.1,Hungary
A,PCH_5Y,RLPR_HW,HU,2024,6.9,Hungary
A,PCH_5Y,RLPR_HW,IE,2000,37.5,Ireland
A,PCH_5Y,RLPR_HW,IE,2001,33.8,Ireland
A,PCH_5Y,RLPR_HW,IE,2002,27.7,Ireland
A,PCH_5Y,RLPR_HW,IE,2003,23.4,Ireland
A,PCH_5Y,RLPR_HW,IE,2004,23.1,Ireland
A,PCH_5Y,RLPR_HW,IE,2005,17.8,Ireland
A,PCH_5Y,RLPR_HW,IE,2006,15.5,Ireland
A,PCH_5Y,RLPR_HW,IE,2007,12.5,Ireland
A,PCH_5Y,RLPR_HW,IE,2008,7.7,Ireland
A,PCH_5Y,RLPR_HW,IE,2009,10.5,Ireland
A,PCH_5Y,RLPR_HW,IE,2010,16.4,Ireland
A,PCH_5Y,RLPR_HW,IE,2011,18.7,Ireland
A,PCH_5Y,RLPR_HW,IE,2012,16.1,Ireland
A,PCH_5Y,RLPR_HW,IE,2013,15.9,Ireland
A,PCH_5Y,RLPR_HW,IE,2014,14.8,Ireland
A,PCH_5Y,RLPR_HW,IE,2015,30.6,Ireland
A,PCH_5Y,RLPR_HW,IE,2016,21.2,Ireland
A,PCH_5Y,RLPR_HW,IE,2017,27.4,Ireland
A,PCH_5Y,RLPR_HW,IE,2018,34.5,Ireland
A,PCH_5Y,RLPR_HW,IE,2019,29.2,Ireland
A,PCH_5Y,RLPR_HW,IE,2020,26.1,Ireland
A,PCH_5Y,RLPR_HW,IE,2021,42.0,Ireland
A,PCH_5Y,RLPR_HW,IE,2022,33.8,Ireland
A,PCH_5Y,RLPR_HW,IE,2023,22.6,Ireland
A,PCH_5Y,RLPR_HW,IE,2024,22.4,Ireland
A,PCH_5Y,RLPR_HW,IT,2000,5.8,Italy
A,PCH_5Y,RLPR_HW,IT,2001,6.2,Italy
A,PCH_5Y,RLPR_HW,IT,2002,3.6,Italy
A,PCH_5Y,RLPR_HW,IT,2003,3.0,Italy
A,PCH_5Y,RLPR_HW,IT,2004,3.3,Italy
A,PCH_5Y,RLPR_HW,IT,2005,0.8,Italy
A,PCH_5Y,RLPR_HW,IT,2006,0.0,Italy
A,PCH_5Y,RLPR_HW,IT,2007,0.4,Italy
A,PCH_5Y,RLPR_HW,IT,2008,0.4,Italy
A,PCH_5Y,RLPR_HW,IT,2009,-2.4,Italy
A,PCH_5Y,RLPR_HW,IT,2010,-0.8,Italy
A,PCH_5Y,RLPR_HW,IT,2011,0.1,Italy
A,PCH_5Y,RLPR_HW,IT,2012,-0.5,Italy
A,PCH_5Y,RLPR_HW,IT,2013,0.9,Italy
A,PCH_5Y,RLPR_HW,IT,2014,3.0,Italy
A,PCH_5Y,RLPR_HW,IT,2015,1.0,Italy
A,PCH_5Y,RLPR_HW,IT,2016,-0.2,Italy
A,PCH_5Y,RLPR_HW,IT,2017,1.1,Italy
A,PCH_5Y,RLPR_HW,IT,2018,0.1,Italy
A,PCH_5Y,RLPR_HW,IT,2019,0.4,Italy
A,PCH_5Y,RLPR_HW,IT,2020,3.6,Italy
A,PCH_5Y,RLPR_HW,IT,2021,2.8,Italy
A,PCH_5Y,RLPR_HW,IT,2022,2.8,Italy
A,PCH_5Y,RLPR_HW,IT,2023,0.8,Italy
A,PCH_5Y,RLPR_HW,IT,2024,-1.0,Italy
A,PCH_5Y,RLPR_HW,LT,2000,24.1,Lithuania
A,PCH_5Y,RLPR_HW,LT,2001,32.8,Lithuania
A,PCH_5Y,RLPR_HW,LT,2002,29.5,Lithuania
A,PCH_5Y,RLPR_HW,LT,2003,34.0,Lithuania
A,PCH_5Y,RLPR_HW,LT,2004,31.8,Lithuania
A,PCH_5Y,RLPR_HW,LT,2005,39.3,Lithuania
A,PCH_5Y,RLPR_HW,LT,2006,35.3,Lithuania
A,PCH_5Y,RLPR_HW,LT,2007,38.6,Lithuania
A,PCH_5Y,RLPR_HW,LT,2008,29.8,Lithuania
A,PCH_5Y,RLPR_HW,LT,2009,21.1,Lithuania
A,PCH_5Y,RLPR_HW,LT,2010,18.4,Lithuania
A,PCH_5Y,RLPR_HW,LT,2011,17.2,Lithuania
A,PCH_5Y,RLPR_HW,LT,2012,12.1,Lithuania
A,PCH_5Y,RLPR_HW,LT,2013,13.7,Lithuania
A,PCH_5Y,RLPR_HW,LT,2014,21.4,Lithuania
A,PCH_5Y,RLPR_HW,LT,2015,16.3,Lithuania
A,PCH_5Y,RLPR_HW,LT,2016,7.6,Lithuania
A,PCH_5Y,RLPR_HW,LT,2017,13.0,Lithuania
A,PCH_5Y,RLPR_HW,LT,2018,12.5,Lithuania
A,PCH_5Y,RLPR_HW,LT,2019,14.5,Lithuania
A,PCH_5Y,RLPR_HW,LT,2020,21.5,Lithuania
A,PCH_5Y,RLPR_HW,LT,2021,26.8,Lithuania
A,PCH_5Y,RLPR_HW,LT,2022,14.5,Lithuania
A,PCH_5Y,RLPR_HW,LT,2023,9.3,Lithuania
A,PCH_5Y,RLPR_HW,LT,2024,5.4,Lithuania
A,PCH_5Y,RLPR_HW,LU,2000,9.1,Luxembourg
A,PCH_5Y,RLPR_HW,LU,2001,6.9,Luxembourg
A,PCH_5Y,RLPR_HW,LU,2002,6.1,Luxembourg
A,PCH_5Y,RLPR_HW,LU,2003,4.4,Luxembourg
A,PCH_5Y,RLPR_HW,LU,2004,2.8,Luxembourg
A,PCH_5Y,RLPR_HW,LU,2005,2.6,Luxembourg
A,PCH_5Y,RLPR_HW,LU,2006,6.6,Luxembourg
A,PCH_5Y,RLPR_HW,LU,2007,8.6,Luxembourg
A,PCH_5Y,RLPR_HW,LU,2008,2.6,Luxembourg
A,PCH_5Y,RLPR_HW,LU,2009,0.5,Luxembourg
A,PCH_5Y,RLPR_HW,LU,2010,1.2,Luxembourg
A,PCH_5Y,RLPR_HW,LU,2011,-2.6,Luxembourg
A,PCH_5Y,RLPR_HW,LU,2012,-5.5,Luxembourg
A,PCH_5Y,RLPR_HW,LU,2013,1.1,Luxembourg
A,PCH_5Y,RLPR_HW,LU,2014,1.1,Luxembourg
A,PCH_5Y,RLPR_HW,LU,2015,-1.4,Luxembourg
A,PCH_5Y,RLPR_HW,LU,2016,2.4,Luxembourg
A,PCH_5Y,RLPR_HW,LU,2017,1.3,Luxembourg
A,PCH_5Y,RLPR_HW,LU,2018,-1.8,Luxembourg
A,PCH_5Y,RLPR_HW,LU,2019,-1.9,Luxembourg
A,PCH_5Y,RLPR_HW,LU,2020,3.9,Luxembourg
A,PCH_5Y,RLPR_HW,LU,2021,-0.4,Luxembourg
A,PCH_5Y,RLPR_HW,LU,2022,-2.9,Luxembourg
A,PCH_5Y,RLPR_HW,LU,2023,-3.2,Luxembourg
A,PCH_5Y,RLPR_HW,LU,2024,-3.4,Luxembourg
A,PCH_5Y,RLPR_HW,LV,2000,30.6,Latvia
A,PCH_5Y,RLPR_HW,LV,2001,33.8,Latvia
A,PCH_5Y,RLPR_HW,LV,2002,37.8,Latvia
A,PCH_5Y,RLPR_HW,LV,2003,39.2,Latvia
A,PCH_5Y,RLPR_HW,LV,2004,47.0,Latvia
A,PCH_5Y,RLPR_HW,LV,2005,45.5,Latvia
A,PCH_5Y,RLPR_HW,LV,2006,49.9,Latvia
A,PCH_5Y,RLPR_HW,LV,2007,50.6,Latvia
A,PCH_5Y,RLPR_HW,LV,2008,39.1,Latvia
A,PCH_5Y,RLPR_HW,LV,2009,26.5,Latvia
A,PCH_5Y,RLPR_HW,LV,2010,21.7,Latvia
A,PCH_5Y,RLPR_HW,LV,2011,14.0,Latvia
A,PCH_5Y,RLPR_HW,LV,2012,12.2,Latvia
A,PCH_5Y,RLPR_HW,LV,2013,12.6,Latvia
A,PCH_5Y,RLPR_HW,LV,2014,15.3,Latvia
A,PCH_5Y,RLPR_HW,LV,2015,15.5,Latvia
A,PCH_5Y,RLPR_HW,LV,2016,18.0,Latvia
A,PCH_5Y,RLPR_HW,LV,2017,15.3,Latvia
A,PCH_5Y,RLPR_HW,LV,2018,16.9,Latvia
A,PCH_5Y,RLPR_HW,LV,2019,12.2,Latvia
A,PCH_5Y,RLPR_HW,LV,2020,10.5,Latvia
A,PCH_5Y,RLPR_HW,LV,2021,14.4,Latvia
A,PCH_5Y,RLPR_HW,LV,2022,9.3,Latvia
A,PCH_5Y,RLPR_HW,LV,2023,6.6,Latvia
A,PCH_5Y,RLPR_HW,LV,2024,9.0,Latvia
A,PCH_5Y,RLPR_HW,MT,2005,11.4,Malta
A,PCH_5Y,RLPR_HW,MT,2006,12.2,Malta
A,PCH_5Y,RLPR_HW,MT,2007,11.5,Malta
A,PCH_5Y,RLPR_HW,MT,2008,9.5,Malta
A,PCH_5Y,RLPR_HW,MT,2009,3.7,Malta
A,PCH_5Y,RLPR_HW,MT,2010,9.2,Malta
A,PCH_5Y,RLPR_HW,MT,2011,10.5,Malta
A,PCH_5Y,RLPR_HW,MT,2012,12.3,Malta
A,PCH_5Y,RLPR_HW,MT,2013,13.5,Malta
A,PCH_5Y,RLPR_HW,MT,2014,20.2,Malta
A,PCH_5Y,RLPR_HW,MT,2015,18.4,Malta
A,PCH_5Y,RLPR_HW,MT,2016,12.0,Malta
A,PCH_5Y,RLPR_HW,MT,2017,17.7,Malta
A,PCH_5Y,RLPR_HW,MT,2018,13.4,Malta
A,PCH_5Y,RLPR_HW,MT,2019,3.4,Malta
A,PCH_5Y,RLPR_HW,MT,2020,-0.8,Malta
A,PCH_5Y,RLPR_HW,MT,2021,13.6,Malta
A,PCH_5Y,RLPR_HW,MT,2022,1.9,Malta
A,PCH_5Y,RLPR_HW,MT,2023,6.5,Malta
A,PCH_5Y,RLPR_HW,MT,2024,14.5,Malta
A,PCH_5Y,RLPR_HW,NL,2000,10.8,Netherlands
A,PCH_5Y,RLPR_HW,NL,2001,11.6,Netherlands
A,PCH_5Y,RLPR_HW,NL,2002,10.1,Netherlands
A,PCH_5Y,RLPR_HW,NL,2003,8.8,Netherlands
A,PCH_5Y,RLPR_HW,NL,2004,8.3,Netherlands
A,PCH_5Y,RLPR_HW,NL,2005,7.3,Netherlands
A,PCH_5Y,RLPR_HW,NL,2006,7.9,Netherlands
A,PCH_5Y,RLPR_HW,NL,2007,8.2,Netherlands
A,PCH_5Y,RLPR_HW,NL,2008,7.4,Netherlands
A,PCH_5Y,RLPR_HW,NL,2009,3.2,Netherlands
A,PCH_5Y,RLPR_HW,NL,2010,2.9,Netherlands
A,PCH_5Y,RLPR_HW,NL,2011,2.2,Netherlands
A,PCH_5Y,RLPR_HW,NL,2012,1.1,Netherlands
A,PCH_5Y,RLPR_HW,NL,2013,1.5,Netherlands
A,PCH_5Y,RLPR_HW,NL,2014,4.7,Netherlands
A,PCH_5Y,RLPR_HW,NL,2015,4.0,Netherlands
A,PCH_5Y,RLPR_HW,NL,2016,3.0,Netherlands
A,PCH_5Y,RLPR_HW,NL,2017,3.6,Netherlands
A,PCH_5Y,RLPR_HW,NL,2018,2.3,Netherlands
A,PCH_5Y,RLPR_HW,NL,2019,1.0,Netherlands
A,PCH_5Y,RLPR_HW,NL,2020,0.1,Netherlands
A,PCH_5Y,RLPR_HW,NL,2021,1.6,Netherlands
A,PCH_5Y,RLPR_HW,NL,2022,2.3,Netherlands
A,PCH_5Y,RLPR_HW,NL,2023,0.9,Netherlands
A,PCH_5Y,RLPR_HW,NL,2024,0.6,Netherlands
A,PCH_5Y,RLPR_HW,PL,2000,31.8,Poland
A,PCH_5Y,RLPR_HW,PL,2001,30.0,Poland
A,PCH_5Y,RLPR_HW,PL,2002,30.6,Poland
A,PCH_5Y,RLPR_HW,PL,2003,31.9,Poland
A,PCH_5Y,RLPR_HW,PL,2004,27.7,Poland
A,PCH_5Y,RLPR_HW,PL,2005,19.8,Poland
A,PCH_5Y,RLPR_HW,PL,2006,19.2,Poland
A,PCH_5Y,RLPR_HW,PL,2007,15.7,Poland
A,PCH_5Y,RLPR_HW,PL,2008,11.9,Poland
A,PCH_5Y,RLPR_HW,PL,2009,10.9,Poland
A,PCH_5Y,RLPR_HW,PL,2010,16.3,Poland
A,PCH_5Y,RLPR_HW,PL,2011,18.6,Poland
A,PCH_5Y,RLPR_HW,PL,2012,17.9,Poland
A,PCH_5Y,RLPR_HW,PL,2013,17.8,Poland
A,PCH_5Y,RLPR_HW,PL,2014,16.5,Poland
A,PCH_5Y,RLPR_HW,PL,2015,12.4,Poland
A,PCH_5Y,RLPR_HW,PL,2016,9.3,Poland
A,PCH_5Y,RLPR_HW,PL,2017,12.8,Poland
A,PCH_5Y,RLPR_HW,PL,2018,19.7,Poland
A,PCH_5Y,RLPR_HW,PL,2019,19.4,Poland
A,PCH_5Y,RLPR_HW,PL,2020,15.0,Poland
A,PCH_5Y,RLPR_HW,PL,2021,14.0,Poland
A,PCH_5Y,RLPR_HW,PL,2022,13.7,Poland
A,PCH_5Y,RLPR_HW,PL,2023,7.0,Poland
A,PCH_5Y,RLPR_HW,PL,2024,10.7,Poland
A,PCH_5Y,RLPR_HW,PT,2000,8.4,Portugal
A,PCH_5Y,RLPR_HW,PT,2001,7.7,Portugal
A,PCH_5Y,RLPR_HW,PT,2002,6.4,Portugal
A,PCH_5Y,RLPR_HW,PT,2003,5.6,Portugal
A,PCH_5Y,RLPR_HW,PT,2004,5.6,Portugal
A,PCH_5Y,RLPR_HW,PT,2005,5.7,Portugal
A,PCH_5Y,RLPR_HW,PT,2006,6.5,Portugal
A,PCH_5Y,RLPR_HW,PT,2007,7.4,Portugal
A,PCH_5Y,RLPR_HW,PT,2008,7.6,Portugal
A,PCH_5Y,RLPR_HW,PT,2009,4.9,Portugal
A,PCH_5Y,RLPR_HW,PT,2010,6.8,Portugal
A,PCH_5Y,RLPR_HW,PT,2011,6.6,Portugal
A,PCH_5Y,RLPR_HW,PT,2012,6.3,Portugal
A,PCH_5Y,RLPR_HW,PT,2013,7.0,Portugal
A,PCH_5Y,RLPR_HW,PT,2014,6.2,Portugal
A,PCH_5Y,RLPR_HW,PT,2015,2.8,Portugal
A,PCH_5Y,RLPR_HW,PT,2016,1.0,Portugal
A,PCH_5Y,RLPR_HW,PT,2017,0.4,Portugal
A,PCH_5Y,RLPR_HW,PT,2018,-1.0,Portugal
A,PCH_5Y,RLPR_HW,PT,2019,1.9,Portugal
A,PCH_5Y,RLPR_HW,PT,2020,2.1,Portugal
A,PCH_5Y,RLPR_HW,PT,2021,3.3,Portugal
A,PCH_5Y,RLPR_HW,PT,2022,3.4,Portugal
A,PCH_5Y,RLPR_HW,PT,2023,1.7,Portugal
A,PCH_5Y,RLPR_HW,PT,2024,1.4,Portugal
A,PCH_5Y,RLPR_HW,RO,2000,4.9,Romania
A,PCH_5Y,RLPR_HW,RO,2001,6.1,Romania
A,PCH_5Y,RLPR_HW,RO,2002,31.2,Romania
A,PCH_5Y,RLPR_HW,RO,2003,35.0,Romania
A,PCH_5Y,RLPR_HW,RO,2004,49.2,Romania
A,PCH_5Y,RLPR_HW,RO,2005,52.7,Romania
A,PCH_5Y,RLPR_HW,RO,2006,55.3,Romania
A,PCH_5Y,RLPR_HW,RO,2007,40.3,Romania
A,PCH_5Y,RLPR_HW,RO,2008,49.8,Romania
A,PCH_5Y,RLPR_HW,RO,2009,32.6,Romania
A,PCH_5Y,RLPR_HW,RO,2010,23.1,Romania
A,PCH_5Y,RLPR_HW,RO,2011,21.2,Romania
A,PCH_5Y,RLPR_HW,RO,2012,17.8,Romania
A,PCH_5Y,RLPR_HW,RO,2013,7.6,Romania
A,PCH_5Y,RLPR_HW,RO,2014,13.0,Romania
A,PCH_5Y,RLPR_HW,RO,2015,21.0,Romania
A,PCH_5Y,RLPR_HW,RO,2016,16.7,Romania
A,PCH_5Y,RLPR_HW,RO,2017,21.8,Romania
A,PCH_5Y,RLPR_HW,RO,2018,26.3,Romania
A,PCH_5Y,RLPR_HW,RO,2019,24.8,Romania
A,PCH_5Y,RLPR_HW,RO,2020,20.3,Romania
A,PCH_5Y,RLPR_HW,RO,2021,18.2,Romania
A,PCH_5Y,RLPR_HW,RO,2022,15.5,Romania
A,PCH_5Y,RLPR_HW,RO,2023,14.6,Romania
A,PCH_5Y,RLPR_HW,RO,2024,8.2,Romania
A,PCH_5Y,RLPR_HW,SE,2000,13.9,Sweden
A,PCH_5Y,RLPR_HW,SE,2001,12.7,Sweden
A,PCH_5Y,RLPR_HW,SE,2002,12.3,Sweden
A,PCH_5Y,RLPR_HW,SE,2003,13.1,Sweden
A,PCH_5Y,RLPR_HW,SE,2004,15.1,Sweden
A,PCH_5Y,RLPR_HW,SE,2005,14.6,Sweden
A,PCH_5Y,RLPR_HW,SE,2006,17.0,Sweden
A,PCH_5Y,RLPR_HW,SE,2007,13.0,Sweden
A,PCH_5Y,RLPR_HW,SE,2008,6.9,Sweden
A,PCH_5Y,RLPR_HW,SE,2009,2.1,Sweden
A,PCH_5Y,RLPR_HW,SE,2010,2.5,Sweden
A,PCH_5Y,RLPR_HW,SE,2011,0.5,Sweden
A,PCH_5Y,RLPR_HW,SE,2012,0.1,Sweden
A,PCH_5Y,RLPR_HW,SE,2013,3.1,Sweden
A,PCH_5Y,RLPR_HW,SE,2014,5.3,Sweden
A,PCH_5Y,RLPR_HW,SE,2015,4.8,Sweden
A,PCH_5Y,RLPR_HW,SE,2016,3.3,Sweden
A,PCH_5Y,RLPR_HW,SE,2017,3.8,Sweden
A,PCH_5Y,RLPR_HW,SE,2018,3.3,Sweden
A,PCH_5Y,RLPR_HW,SE,2019,5.5,Sweden
A,PCH_5Y,RLPR_HW,SE,2020,4.0,Sweden
A,PCH_5Y,RLPR_HW,SE,2021,7.3,Sweden
A,PCH_5Y,RLPR_HW,SE,2022,5.2,Sweden
A,PCH_5Y,RLPR_HW,SE,2023,3.7,Sweden
A,PCH_5Y,RLPR_HW,SE,2024,3.4,Sweden
A,PCH_5Y,RLPR_HW,SI,2000,25.8,Slovenia
A,PCH_5Y,RLPR_HW,SI,2001,21.6,Slovenia
A,PCH_5Y,RLPR_HW,SI,2002,13.2,Slovenia
A,PCH_5Y,RLPR_HW,SI,2003,14.3,Slovenia
A,PCH_5Y,RLPR_HW,SI,2004,14.1,Slovenia
A,PCH_5Y,RLPR_HW,SI,2005,18.0,Slovenia
A,PCH_5Y,RLPR_HW,SI,2006,21.4,Slovenia
A,PCH_5Y,RLPR_HW,SI,2007,26.3,Slovenia
A,PCH_5Y,RLPR_HW,SI,2008,21.8,Slovenia
A,PCH_5Y,RLPR_HW,SI,2009,10.5,Slovenia
A,PCH_5Y,RLPR_HW,SI,2010,6.8,Slovenia
A,PCH_5Y,RLPR_HW,SI,2011,4.1,Slovenia
A,PCH_5Y,RLPR_HW,SI,2012,-1.2,Slovenia
A,PCH_5Y,RLPR_HW,SI,2013,-1.7,Slovenia
A,PCH_5Y,RLPR_HW,SI,2014,6.2,Slovenia
A,PCH_5Y,RLPR_HW,SI,2015,3.6,Slovenia
A,PCH_5Y,RLPR_HW,SI,2016,3.5,Slovenia
A,PCH_5Y,RLPR_HW,SI,2017,8.8,Slovenia
A,PCH_5Y,RLPR_HW,SI,2018,12.2,Slovenia
A,PCH_5Y,RLPR_HW,SI,2019,12.2,Slovenia
A,PCH_5Y,RLPR_HW,SI,2020,12.4,Slovenia
A,PCH_5Y,RLPR_HW,SI,2021,12.0,Slovenia
A,PCH_5Y,RLPR_HW,SI,2022,6.2,Slovenia
A,PCH_5Y,RLPR_HW,SI,2023,6.1,Slovenia
A,PCH_5Y,RLPR_HW,SI,2024,4.2,Slovenia
A,PCH_5Y,RLPR_HW,SK,2000,23.8,Slovakia
A,PCH_5Y,RLPR_HW,SK,2001,20.7,Slovakia
A,PCH_5Y,RLPR_HW,SK,2002,22.0,Slovakia
A,PCH_5Y,RLPR_HW,SK,2003,24.8,Slovakia
A,PCH_5Y,RLPR_HW,SK,2004,25.4,Slovakia
A,PCH_5Y,RLPR_HW,SK,2005,25.8,Slovakia
A,PCH_5Y,RLPR_HW,SK,2006,29.7,Slovakia
A,PCH_5Y,RLPR_HW,SK,2007,30.2,Slovakia
A,PCH_5Y,RLPR_HW,SK,2008,23.9,Slovakia
A,PCH_5Y,RLPR_HW,SK,2009,16.8,Slovakia
A,PCH_5Y,RLPR_HW,SK,2010,21.1,Slovakia
A,PCH_5Y,RLPR_HW,SK,2011,15.5,Slovakia
A,PCH_5Y,RLPR_HW,SK,2012,9.3,Slovakia
A,PCH_5Y,RLPR_HW,SK,2013,9.8,Slovakia
A,PCH_5Y,RLPR_HW,SK,2014,15.4,Slovakia
A,PCH_5Y,RLPR_HW,SK,2015,11.6,Slovakia
A,PCH_5Y,RLPR_HW,SK,2016,10.4,Slovakia
A,PCH_5Y,RLPR_HW,SK,2017,10.9,Slovakia
A,PCH_5Y,RLPR_HW,SK,2018,11.0,Slovakia
A,PCH_5Y,RLPR_HW,SK,2019,11.0,Slovakia
A,PCH_5Y,RLPR_HW,SK,2020,14.7,Slovakia
A,PCH_5Y,RLPR_HW,SK,2021,20.7,Slovakia
A,PCH_5Y,RLPR_HW,SK,2022,14.6,Slovakia
A,PCH_5Y,RLPR_HW,SK,2023,12.7,Slovakia
A,PCH_5Y,RLPR_HW,SK,2024,12.5,Slovakia
A,PCH_PRE,HW_EMP,AT,2000,0.0,Austria
A,PCH_PRE,HW_EMP,AT,2001,-0.8,Austria
A,PCH_PRE,HW_EMP,AT,2002,-0.2,Austria
A,PCH_PRE,HW_EMP,AT,2003,-0.5,Austria
A,PCH_PRE,HW_EMP,AT,2004,0.1,Austria
A,PCH_PRE,HW_EMP,AT,2005,-1.4,Austria
A,PCH_PRE,HW_EMP,AT,2006,-1.0,Austria
A,PCH_PRE,HW_EMP,AT,2007,-0.6,Austria
A,PCH_PRE,HW_EMP,AT,2008,-0.4,Austria
A,PCH_PRE,HW_EMP,AT,2009,-2.7,Austria
A,PCH_PRE,HW_EMP,AT,2010,-0.4,Austria
A,PCH_PRE,HW_EMP,AT,2011,0.4,Austria
A,PCH_PRE,HW_EMP,AT,2012,-1.5,Austria
A,PCH_PRE,HW_EMP,AT,2013,-0.9,Austria
A,PCH_PRE,HW_EMP,AT,2014,-0.5,Austria
A,PCH_PRE,HW_EMP,AT,2015,-1.4,Austria
A,PCH_PRE,HW_EMP,AT,2016,0.8,Austria
A,PCH_PRE,HW_EMP,AT,2017,-0.6,Austria
A,PCH_PRE,HW_EMP,AT,2018,0.3,Austria
A,PCH_PRE,HW_EMP,AT,2019,0.5,Austria
A,PCH_PRE,HW_EMP,AT,2020,-7.3,Austria
A,PCH_PRE,HW_EMP,AT,2021,2.9,Austria
A,PCH_PRE,HW_EMP,AT,2022,-0.2,Austria
A,PCH_PRE,HW_EMP,AT,2023,-0.2,Austria
A,PCH_PRE,HW_EMP,AT,2024,0.1,Austria
A,PCH_PRE,HW_EMP,BE,2000,0.9,Belgium
A,PCH_PRE,HW_EMP,BE,2001,-0.5,Belgium
A,PCH_PRE,HW_EMP,BE,2002,0.8,Belgium
A,PCH_PRE,HW_EMP,BE,2003,0.3,Belgium
A,PCH_PRE,HW_EMP,BE,2004,-0.7,Belgium
A,PCH_PRE,HW_EMP,BE,2005,-0.6,Belgium
A,PCH_PRE,HW_EMP,BE,2006,0.9,Belgium
A,PCH_PRE,HW_EMP,BE,2007,0.1,Belgium
A,PCH_PRE,HW_EMP,BE,2008,-0.7,Belgium
A,PCH_PRE,HW_EMP,BE,2009,-1.2,Belgium
A,PCH_PRE,HW_EMP,BE,2010,0.9,Belgium
A,PCH_PRE,HW_EMP,BE,2011,1.0,Belgium
A,PCH_PRE,HW_EMP,BE,2012,-0.1,Belgium
A,PCH_PRE,HW_EMP,BE,2013,-0.1,Belgium
A,PCH_PRE,HW_EMP,BE,2014,-0.2,Belgium
A,PCH_PRE,HW_EMP,BE,2015,-0.4,Belgium
A,PCH_PRE,HW_EMP,BE,2016,0.0,Belgium
A,PCH_PRE,HW_EMP,BE,2017,0.1,Belgium
A,PCH_PRE,HW_EMP,BE,2018,0.2,Belgium
A,PCH_PRE,HW_EMP,BE,2019,0.0,Belgium
A,PCH_PRE,HW_EMP,BE,2020,-8.1,Belgium
A,PCH_PRE,HW_EMP,BE,2021,6.3,Belgium
A,PCH_PRE,HW_EMP,BE,2022,2.5,Belgium
A,PCH_PRE,HW_EMP,BE,2023,0.1,Belgium
A,PCH_PRE,HW_EMP,BE,2024,-0.5,Belgium
A,PCH_PRE,HW_EMP,BG,2000,-1.8,Bulgaria
A,PCH_PRE,HW_EMP,BG,2001,0.7,Bulgaria
A,PCH_PRE,HW_EMP,BG,2002,0.0,Bulgaria
A,PCH_PRE,HW_EMP,BG,2003,-0.7,Bulgaria
A,PCH_PRE,HW_EMP,BG,2004,1.4,Bulgaria
A,PCH_PRE,HW_EMP,BG,2005,-0.3,Bulgaria
A,PCH_PRE,HW_EMP,BG,2006,-0.3,Bulgaria
A,PCH_PRE,HW_EMP,BG,2007,0.0,Bulgaria
A,PCH_PRE,HW_EMP,BG,2008,2.4,Bulgaria
A,PCH_PRE,HW_EMP,BG,2009,-2.8,Bulgaria
A,PCH_PRE,HW_EMP,BG,2010,-0.1,Bulgaria
A,PCH_PRE,HW_EMP,BG,2011,-0.1,Bulgaria
A,PCH_PRE,HW_EMP,BG,2012,0.1,Bulgaria
A,PCH_PRE,HW_EMP,BG,2013,0.0,Bulgaria
A,PCH_PRE,HW_EMP,BG,2014,-0.1,Bulgaria
A,PCH_PRE,HW_EMP,BG,2015,0.0,Bulgaria
A,PCH_PRE,HW_EMP,BG,2016,-0.1,Bulgaria
A,PCH_PRE,HW_EMP,BG,2017,0.0,Bulgaria
A,PCH_PRE,HW_EMP,BG,2018,0.1,Bulgaria
A,PCH_PRE,HW_EMP,BG,2019,0.2,Bulgaria
A,PCH_PRE,HW_EMP,BG,2020,-2.3,Bulgaria
A,PCH_PRE,HW_EMP,BG,2021,0.7,Bulgaria
A,PCH_PRE,HW_EMP,BG,2022,-0.1,Bulgaria
A,PCH_PRE,HW_EMP,BG,2023,2.5,Bulgaria
A,PCH_PRE,HW_EMP,BG,2024,-2.1,Bulgaria
A,PCH_PRE,HW_EMP,CY,2000,0.3,Cyprus
A,PCH_PRE,HW_EMP,CY,2001,1.3,Cyprus
A,PCH_PRE,HW_EMP,CY,2002,-1.4,Cyprus
A,PCH_PRE,HW_EMP,CY,2003,-0.4,Cyprus
A,PCH_PRE,HW_EMP,CY,2004,-2.0,Cyprus
A,PCH_PRE,HW_EMP,CY,2005,-1.7,Cyprus
A,PCH_PRE,HW_EMP,CY,2006,-0.8,Cyprus
A,PCH_PRE,HW_EMP,CY,2007,1.6,Cyprus
A,PCH_PRE,HW_EMP,CY,2008,0.3,Cyprus
A,PCH_PRE,HW_EMP,CY,2009,-1.1,Cyprus
A,PCH_PRE,HW_EMP,CY,2010,-0.1,Cyprus
A,PCH_PRE,HW_EMP,CY,2011,0.1,Cyprus
A,PCH_PRE,HW_EMP,CY,2012,-0.1,Cyprus
A,PCH_PRE,HW_EMP,CY,2013,-1.9,Cyprus
A,PCH_PRE,HW_EMP,CY,2014,0.3,Cyprus
A,PCH_PRE,HW_EMP,CY,2015,0.5,Cyprus
A,PCH_PRE,HW_EMP,CY,2016,0.8,Cyprus
A,PCH_PRE,HW_EMP,CY,2017,-1.0,Cyprus
A,PCH_PRE,HW_EMP,CY,2018,-0.8,Cyprus
A,PCH_PRE,HW_EMP,CY,2019,0.3,Cyprus
A,PCH_PRE,HW_EMP,CY,2020,-4.8,Cyprus
A,PCH_PRE,HW_EMP,CY,2021,5.3,Cyprus
A,PCH_PRE,HW_EMP,CY,2022,1.0,Cyprus
A,PCH_PRE,HW_EMP,CY,2023,0.0,Cyprus
A,PCH_PRE,HW_EMP,CY,2024,0.2,Cyprus
A,PCH_PRE,HW_EMP,CZ,2000,0.5,Czechia
A,PCH_PRE,HW_EMP,CZ,2001,-4.1,Czechia
A,PCH_PRE,HW_EMP,CZ,2002,-0.6,Czechia
A,PCH_PRE,HW_EMP,CZ,2003,-0.7,Czechia
A,PCH_PRE,HW_EMP,CZ,2004,0.8,Czechia
A,PCH_PRE,HW_EMP,CZ,2005,-0.6,Czechia
A,PCH_PRE,HW_EMP,CZ,2006,-0.8,Czechia
A,PCH_PRE,HW_EMP,CZ,2007,-0.8,Czechia
A,PCH_PRE,HW_EMP,CZ,2008,0.8,Czechia
A,PCH_PRE,HW_EMP,CZ,2009,-0.6,Czechia
A,PCH_PRE,HW_EMP,CZ,2010,1.1,Czechia
A,PCH_PRE,HW_EMP,CZ,2011,0.3,Czechia
A,PCH_PRE,HW_EMP,CZ,2012,-1.7,Czechia
A,PCH_PRE,HW_EMP,CZ,2013,-0.7,Czechia
A,PCH_PRE,HW_EMP,CZ,2014,0.6,Czechia
A,PCH_PRE,HW_EMP,CZ,2015,-1.2,Czechia
A,PCH_PRE,HW_EMP,CZ,2016,1.3,Czechia
A,PCH_PRE,HW_EMP,CZ,2017,0.1,Czechia
A,PCH_PRE,HW_EMP,CZ,2018,0.4,Czechia
A,PCH_PRE,HW_EMP,CZ,2019,0.0,Czechia
A,PCH_PRE,HW_EMP,CZ,2020,-6.2,Czechia
A,PCH_PRE,HW_EMP,CZ,2021,2.9,Czechia
A,PCH_PRE,HW_EMP,CZ,2022,3.4,Czechia
A,PCH_PRE,HW_EMP,CZ,2023,0.2,Czechia
A,PCH_PRE,HW_EMP,CZ,2024,1.0,Czechia
A,PCH_PRE,HW_EMP,DE,2000,-1.7,Germany
A,PCH_PRE,HW_EMP,DE,2001,-0.5,Germany
A,PCH_PRE,HW_EMP,DE,2002,-0.6,Germany
A,PCH_PRE,HW_EMP,DE,2003,-0.4,Germany
A,PCH_PRE,HW_EMP,DE,2004,0.0,Germany
A,PCH_PRE,HW_EMP,DE,2005,-0.7,Germany
A,PCH_PRE,HW_EMP,DE,2006,1.4,Germany
A,PCH_PRE,HW_EMP,DE,2007,0.1,Germany
A,PCH_PRE,HW_EMP,DE,2008,-0.5,Germany
A,PCH_PRE,HW_EMP,DE,2009,-2.8,Germany
A,PCH_PRE,HW_EMP,DE,2010,1.3,Germany
A,PCH_PRE,HW_EMP,DE,2011,0.1,Germany
A,PCH_PRE,HW_EMP,DE,2012,-1.5,Germany
A,PCH_PRE,HW_EMP,DE,2013,-0.7,Germany
A,PCH_PRE,HW_EMP,DE,2014,0.3,Germany
A,PCH_PRE,HW_EMP,DE,2015,0.1,Germany
A,PCH_PRE,HW_EMP,DE,2016,-0.4,Germany
A,PCH_PRE,HW_EMP,DE,2017,-0.5,Germany
A,PCH_PRE,HW_EMP,DE,2018,-0.5,Germany
A,PCH_PRE,HW_EMP,DE,2019,-0.6,Germany
A,PCH_PRE,HW_EMP,DE,2020,-4.3,Germany
A,PCH_PRE,HW_EMP,DE,2021,2.1,Germany
A,PCH_PRE,HW_EMP,DE,2022,0.5,Germany
A,PCH_PRE,HW_EMP,DE,2023,-0.5,Germany
A,PCH_PRE,HW_EMP,DE,2024,0.2,Germany
A,PCH_PRE,HW_EMP,DK,2000,0.6,Denmark
A,PCH_PRE,HW_EMP,DK,2001,0.2,Denmark
A,PCH_PRE,HW_EMP,DK,2002,-0.4,Denmark
A,PCH_PRE,HW_EMP,DK,2003,-0.3,Denmark
A,PCH_PRE,HW_EMP,DK,2004,0.0,Denmark
A,PCH_PRE,HW_EMP,DK,2005,-0.5,Denmark
A,PCH_PRE,HW_EMP,DK,2006,0.3,Denmark
A,PCH_PRE,HW_EMP,DK,2007,-1.6,Denmark
A,PCH_PRE,HW_EMP,DK,2008,-0.2,Denmark
A,PCH_PRE,HW_EMP,DK,2009,-0.9,Denmark
A,PCH_PRE,HW_EMP,DK,2010,0.4,Denmark
A,PCH_PRE,HW_EMP,DK,2011,1.0,Denmark
A,PCH_PRE,HW_EMP,DK,2012,-0.9,Denmark
A,PCH_PRE,HW_EMP,DK,2013,0.2,Denmark
A,PCH_PRE,HW_EMP,DK,2014,-0.8,Denmark
A,PCH_PRE,HW_EMP,DK,2015,-0.5,Denmark
A,PCH_PRE,HW_EMP,DK,2016,0.4,Denmark
A,PCH_PRE,HW_EMP,DK,2017,-0.6,Denmark
A,PCH_PRE,HW_EMP,DK,2018,-1.7,Denmark
A,PCH_PRE,HW_EMP,DK,2019,-0.6,Denmark
A,PCH_PRE,HW_EMP,DK,2020,-2.3,Denmark
A,PCH_PRE,HW_EMP,DK,2021,3.6,Denmark
A,PCH_PRE,HW_EMP,DK,2022,-0.2,Denmark
A,PCH_PRE,HW_EMP,DK,2023,-0.9,Denmark
A,PCH_PRE,HW_EMP,DK,2024,-0.5,Denmark
A,PCH_PRE,HW_EMP,EE,2000,-2.2,Estonia
A,PCH_PRE,HW_EMP,EE,2001,-0.4,Estonia
A,PCH_PRE,HW_EMP,EE,2002,0.1,Estonia
A,PCH_PRE,HW_EMP,EE,2003,0.3,Estonia
A,PCH_PRE,HW_EMP,EE,2004,0.4,Estonia
A,PCH_PRE,HW_EMP,EE,2005,1.1,Estonia
A,PCH_PRE,HW_EMP,EE,2006,-0.4,Estonia
A,PCH_PRE,HW_EMP,EE,2007,-0.1,Estonia
A,PCH_PRE,HW_EMP,EE,2008,-1.5,Estonia
A,PCH_PRE,HW_EMP,EE,2009,-6.9,Estonia
A,PCH_PRE,HW_EMP,EE,2010,2.3,Estonia
A,PCH_PRE,HW_EMP,EE,2011,2.4,Estonia
A,PCH_PRE,HW_EMP,EE,2012,-1.7,Estonia
A,PCH_PRE,HW_EMP,EE,2013,-1.1,Estonia
A,PCH_PRE,HW_EMP,EE,2014,-0.3,Estonia
A,PCH_PRE,HW_EMP,EE,2015,-0.4,Estonia
A,PCH_PRE,HW_EMP,EE,2016,0.2,Estonia
A,PCH_PRE,HW_EMP,EE,2017,0.1,Estonia
A,PCH_PRE,HW_EMP,EE,2018,-3.4,Estonia
A,PCH_PRE,HW_EMP,EE,2019,-0.8,Estonia
A,PCH_PRE,HW_EMP,EE,2020,-3.4,Estonia
A,PCH_PRE,HW_EMP,EE,2021,-0.7,Estonia
A,PCH_PRE,HW_EMP,EE,2022,-1.5,Estonia
A,PCH_PRE,HW_EMP,EE,2023,0.3,Estonia
A,PCH_PRE,HW_EMP,EE,2024,0.3,Estonia
A,PCH_PRE,HW_EMP,EL,2000,-0.1,Greece
A,PCH_PRE,HW_EMP,EL,2001,-0.4,Greece
A,PCH_PRE,HW_EMP,EL,2002,-0.5,Greece
A,PCH_PRE,HW_EMP,EL,2003,-0.1,Greece
A,PCH_PRE,HW_EMP,EL,2004,-0.8,Greece
A,PCH_PRE,HW_EMP,EL,2005,2.4,Greece
A,PCH_PRE,HW_EMP,EL,2006,-0.7,Greece
A,PCH_PRE,HW_EMP,EL,2007,-0.6,Greece
A,PCH_PRE,HW_EMP,EL,2008,-0.6,Greece
A,PCH_PRE,HW_EMP,EL,2009,-1.2,Greece
A,PCH_PRE,HW_EMP,EL,2010,-2.9,Greece
A,PCH_PRE,HW_EMP,EL,2011,1.0,Greece
A,PCH_PRE,HW_EMP,EL,2012,2.0,Greece
A,PCH_PRE,HW_EMP,EL,2013,0.3,Greece
A,PCH_PRE,HW_EMP,EL,2014,-2.4,Greece
A,PCH_PRE,HW_EMP,EL,2015,-0.7,Greece
A,PCH_PRE,HW_EMP,EL,2016,0.4,Greece
A,PCH_PRE,HW_EMP,EL,2017,0.2,Greece
A,PCH_PRE,HW_EMP,EL,2018,0.7,Greece
A,PCH_PRE,HW_EMP,EL,2019,-2.2,Greece
A,PCH_PRE,HW_EMP,EL,2020,-9.5,Greece
A,PCH_PRE,HW_EMP,EL,2021,6.8,Greece
A,PCH_PRE,HW_EMP,EL,2022,2.1,Greece
A,PCH_PRE,HW_EMP,EL,2023,0.1,Greece
A,PCH_PRE,HW_EMP,EL,2024,0.3,Greece
A,PCH_PRE,HW_EMP,ES,2000,-0.3,Spain
A,PCH_PRE,HW_EMP,ES,2001,0.5,Spain
A,PCH_PRE,HW_EMP,ES,2002,0.0,Spain
A,PCH_PRE,HW_EMP,ES,2003,-0.6,Spain
A,PCH_PRE,HW_EMP,ES,2004,-0.9,Spain
A,PCH_PRE,HW_EMP,ES,2005,-1.0,Spain
A,PCH_PRE,HW_EMP,ES,2006,-0.6,Spain
A,PCH_PRE,HW_EMP,ES,2007,-0.7,Spain
A,PCH_PRE,HW_EMP,ES,2008,0.6,Spain
A,PCH_PRE,HW_EMP,ES,2009,0.4,Spain
A,PCH_PRE,HW_EMP,ES,2010,-0.5,Spain
A,PCH_PRE,HW_EMP,ES,2011,0.3,Spain
A,PCH_PRE,HW_EMP,ES,2012,-0.5,Spain
A,PCH_PRE,HW_EMP,ES,2013,-0.7,Spain
A,PCH_PRE,HW_EMP,ES,2014,0.0,Spain
A,PCH_PRE,HW_EMP,ES,2015,0.1,Spain
A,PCH_PRE,HW_EMP,ES,2016,0.4,Spain
A,PCH_PRE,HW_EMP,ES,2017,-0.5,Spain
A,PCH_PRE,HW_EMP,ES,2018,0.3,Spain
A,PCH_PRE,HW_EMP,ES,2019,-0.9,Spain
A,PCH_PRE,HW_EMP,ES,2020,-6.9,Spain
A,PCH_PRE,HW_EMP,ES,2021,4.5,Spain
A,PCH_PRE,HW_EMP,ES,2022,1.3,Spain
A,PCH_PRE,HW_EMP,ES,2023,-0.6,Spain
A,PCH_PRE,HW_EMP,ES,2024,-0.1,Spain
A,PCH_PRE,HW_EMP,EU27_2020,2000,-0.9,European Union - 27 countries (from 2020)
A,PCH_PRE,HW_EMP,EU27_2020,2001,-0.6,European Union - 27 countries (from 2020)
A,PCH_PRE,HW_EMP,EU27_2020,2002,-0.7,European Union - 27 countries (from 2020)
A,PCH_PRE,HW_EMP,EU27_2020,2003,-0.4,European Union - 27 countries (from 2020)
A,PCH_PRE,HW_EMP,EU27_2020,2004,0.4,European Union - 27 countries (from 2020)
A,PCH_PRE,HW_EMP,EU27_2020,2005,-0.3,European Union - 27 countries (from 2020)
A,PCH_PRE,HW_EMP,EU27_2020,2006,-0.1,European Union - 27 countries (from 2020)
A,PCH_PRE,HW_EMP,EU27_2020,2007,0.1,European Union - 27 countries (from 2020)
A,PCH_PRE,HW_EMP,EU27_2020,2008,-0.1,European Union - 27 countries (from 2020)
A,PCH_PRE,HW_EMP,EU27_2020,2009,-1.4,European Union - 27 countries (from 2020)
A,PCH_PRE,HW_EMP,EU27_2020,2010,0.2,European Union - 27 countries (from 2020)
A,PCH_PRE,HW_EMP,EU27_2020,2011,0.0,European Union - 27 countries (from 2020)
A,PCH_PRE,HW_EMP,EU27_2020,2012,-1.0,European Union - 27 countries (from 2020)
A,PCH_PRE,HW_EMP,EU27_2020,2013,-0.6,European Union - 27 countries (from 2020)
A,PCH_PRE,HW_EMP,EU27_2020,2014,0.0,European Union - 27 countries (from 2020)
A,PCH_PRE,HW_EMP,EU27_2020,2015,0.0,European Union - 27 countries (from 2020)
A,PCH_PRE,HW_EMP,EU27_2020,2016,0.3,European Union - 27 countries (from 2020)
A,PCH_PRE,HW_EMP,EU27_2020,2017,-0.6,European Union - 27 countries (from 2020)
A,PCH_PRE,HW_EMP,EU27_2020,2018,-0.1,European Union - 27 countries (from 2020)
A,PCH_PRE,HW_EMP,EU27_2020,2019,-0.2,European Union - 27 countries (from 2020)
A,PCH_PRE,HW_EMP,EU27_2020,2020,-5.5,European Union - 27 countries (from 2020)
A,PCH_PRE,HW_EMP,EU27_2020,2021,4.1,European Union - 27 countries (from 2020)
A,PCH_PRE,HW_EMP,EU27_2020,2022,0.9,European Union - 27 countries (from 2020)
A,PCH_PRE,HW_EMP,EU27_2020,2023,0.0,European Union - 27 countries (from 2020)
A,PCH_PRE,HW_EMP,EU27_2020,2024,0.1,European Union - 27 countries (from 2020)
A,PCH_PRE,HW_EMP,FI,2000,-0.7,Finland
A,PCH_PRE,HW_EMP,FI,2001,-0.9,Finland
A,PCH_PRE,HW_EMP,FI,2002,-0.4,Finland
A,PCH_PRE,HW_EMP,FI,2003,-0.4,Finland
A,PCH_PRE,HW_EMP,FI,2004,0.1,Finland
A,PCH_PRE,HW_EMP,FI,2005,-0.6,Finland
A,PCH_PRE,HW_EMP,FI,2006,-0.3,Finland
A,PCH_PRE,HW_EMP,FI,2007,-0.2,Finland
A,PCH_PRE,HW_EMP,FI,2008,-0.3,Finland
A,PCH_PRE,HW_EMP,FI,2009,-1.3,Finland
A,PCH_PRE,HW_EMP,FI,2010,0.4,Finland
A,PCH_PRE,HW_EMP,FI,2011,-0.5,Finland
A,PCH_PRE,HW_EMP,FI,2012,-0.7,Finland
A,PCH_PRE,HW_EMP,FI,2013,-0.5,Finland
A,PCH_PRE,HW_EMP,FI,2014,-0.3,Finland
A,PCH_PRE,HW_EMP,FI,2015,-0.1,Finland
A,PCH_PRE,HW_EMP,FI,2016,0.0,Finland
A,PCH_PRE,HW_EMP,FI,2017,-0.4,Finland
A,PCH_PRE,HW_EMP,FI,2018,-0.1,Finland
A,PCH_PRE,HW_EMP,FI,2019,-0.7,Finland
A,PCH_PRE,HW_EMP,FI,2020,-0.5,Finland
A,PCH_PRE,HW_EMP,FI,2021,-0.1,Finland
A,PCH_PRE,HW_EMP,FI,2022,-0.9,Finland
A,PCH_PRE,HW_EMP,FI,2023,-0.8,Finland
A,PCH_PRE,HW_EMP,FI,2024,0.0,Finland
A,PCH_PRE,HW_EMP,FR,2000,-1.2,France
A,PCH_PRE,HW_EMP,FR,2001,-1.2,France
A,PCH_PRE,HW_EMP,FR,2002,-2.2,France
A,PCH_PRE,HW_EMP,FR,2003,0.2,France
A,PCH_PRE,HW_EMP,FR,2004,1.6,France
A,PCH_PRE,HW_EMP,FR,2005,0.1,France
A,PCH_PRE,HW_EMP,FR,2006,-1.0,France
A,PCH_PRE,HW_EMP,FR,2007,1.5,France
A,PCH_PRE,HW_EMP,FR,2008,0.4,France
A,PCH_PRE,HW_EMP,FR,2009,-0.8,France
A,PCH_PRE,HW_EMP,FR,2010,0.5,France
A,PCH_PRE,HW_EMP,FR,2011,0.4,France
A,PCH_PRE,HW_EMP,FR,2012,-0.4,France
A,PCH_PRE,HW_EMP,FR,2013,-1.0,France
A,PCH_PRE,HW_EMP,FR,2014,-0.6,France
A,PCH_PRE,HW_EMP,FR,2015,0.0,France
A,PCH_PRE,HW_EMP,FR,2016,0.2,France
A,PCH_PRE,HW_EMP,FR,2017,-1.0,France
A,PCH_PRE,HW_EMP,FR,2018,0.5,France
A,PCH_PRE,HW_EMP,FR,2019,0.3,France
A,PCH_PRE,HW_EMP,FR,2020,-7.5,France
A,PCH_PRE,HW_EMP,FR,2021,5.6,France
A,PCH_PRE,HW_EMP,FR,2022,2.0,France
A,PCH_PRE,HW_EMP,FR,2023,0.2,France
A,PCH_PRE,HW_EMP,FR,2024,0.8,France
A,PCH_PRE,HW_EMP,HR,2000,-0.1,Croatia
A,PCH_PRE,HW_EMP,HR,2001,0.1,Croatia
A,PCH_PRE,HW_EMP,HR,2002,0.0,Croatia
A,PCH_PRE,HW_EMP,HR,2003,0.0,Croatia
A,PCH_PRE,HW_EMP,HR,2004,0.1,Croatia
A,PCH_PRE,HW_EMP,HR,2005,0.0,Croatia
A,PCH_PRE,HW_EMP,HR,2006,0.1,Croatia
A,PCH_PRE,HW_EMP,HR,2007,0.1,Croatia
A,PCH_PRE,HW_EMP,HR,2008,0.1,Croatia
A,PCH_PRE,HW_EMP,HR,2009,-0.2,Croatia
A,PCH_PRE,HW_EMP,HR,2010,0.7,Croatia
A,PCH_PRE,HW_EMP,HR,2011,-0.1,Croatia
A,PCH_PRE,HW_EMP,HR,2012,4.9,Croatia
A,PCH_PRE,HW_EMP,HR,2013,-0.4,Croatia
A,PCH_PRE,HW_EMP,HR,2014,-0.5,Croatia
A,PCH_PRE,HW_EMP,HR,2015,-2.0,Croatia
A,PCH_PRE,HW_EMP,HR,2016,0.8,Croatia
A,PCH_PRE,HW_EMP,HR,2017,1.1,Croatia
A,PCH_PRE,HW_EMP,HR,2018,-0.6,Croatia
A,PCH_PRE,HW_EMP,HR,2019,-0.3,Croatia
A,PCH_PRE,HW_EMP,HR,2020,-0.9,Croatia
A,PCH_PRE,HW_EMP,HR,2021,-0.2,Croatia
A,PCH_PRE,HW_EMP,HR,2022,-0.6,Croatia
A,PCH_PRE,HW_EMP,HR,2023,0.6,Croatia
A,PCH_PRE,HW_EMP,HR,2024,-0.9,Croatia
A,PCH_PRE,HW_EMP,HU,2000,-1.0,Hungary
A,PCH_PRE,HW_EMP,HU,2001,-1.8,Hungary
A,PCH_PRE,HW_EMP,HU,2002,-0.7,Hungary
A,PCH_PRE,HW_EMP,HU,2003,-1.5,Hungary
A,PCH_PRE,HW_EMP,HU,2004,0.1,Hungary
A,PCH_PRE,HW_EMP,HU,2005,-1.3,Hungary
A,PCH_PRE,HW_EMP,HU,2006,-1.1,Hungary
A,PCH_PRE,HW_EMP,HU,2007,-1.4,Hungary
A,PCH_PRE,HW_EMP,HU,2008,0.2,Hungary
A,PCH_PRE,HW_EMP,HU,2009,-1.8,Hungary
A,PCH_PRE,HW_EMP,HU,2010,0.5,Hungary
A,PCH_PRE,HW_EMP,HU,2011,-0.7,Hungary
A,PCH_PRE,HW_EMP,HU,2012,-0.9,Hungary
A,PCH_PRE,HW_EMP,HU,2013,-0.3,Hungary
A,PCH_PRE,HW_EMP,HU,2014,0.9,Hungary
A,PCH_PRE,HW_EMP,HU,2015,-0.2,Hungary
A,PCH_PRE,HW_EMP,HU,2016,0.8,Hungary
A,PCH_PRE,HW_EMP,HU,2017,-0.8,Hungary
A,PCH_PRE,HW_EMP,HU,2018,-1.0,Hungary
A,PCH_PRE,HW_EMP,HU,2019,-0.5,Hungary
A,PCH_PRE,HW_EMP,HU,2020,-3.6,Hungary
A,PCH_PRE,HW_EMP,HU,2021,1.9,Hungary
A,PCH_PRE,HW_EMP,HU,2022,0.5,Hungary
A,PCH_PRE,HW_EMP,HU,2023,-1.7,Hungary
A,PCH_PRE,HW_EMP,HU,2024,0.1,Hungary
A,PCH_PRE,HW_EMP,IE,2000,-0.7,Ireland
A,PCH_PRE,HW_EMP,IE,2001,-1.2,Ireland
A,PCH_PRE,HW_EMP,IE,2002,-0.8,Ireland
A,PCH_PRE,HW_EMP,IE,2003,-1.7,Ireland
A,PCH_PRE,HW_EMP,IE,2004,-0.8,Ireland
A,PCH_PRE,HW_EMP,IE,2005,0.1,Ireland
A,PCH_PRE,HW_EMP,IE,2006,-1.1,Ireland
A,PCH_PRE,HW_EMP,IE,2007,-1.4,Ireland
A,PCH_PRE,HW_EMP,IE,2008,-1.9,Ireland
A,PCH_PRE,HW_EMP,IE,2009,-3.0,Ireland
A,PCH_PRE,HW_EMP,IE,2010,0.2,Ireland
A,PCH_PRE,HW_EMP,IE,2011,0.2,Ireland
A,PCH_PRE,HW_EMP,IE,2012,-0.3,Ireland
A,PCH_PRE,HW_EMP,IE,2013,1.1,Ireland
A,PCH_PRE,HW_EMP,IE,2014,0.6,Ireland
A,PCH_PRE,HW_EMP,IE,2015,-0.5,Ireland
A,PCH_PRE,HW_EMP,IE,2016,1.4,Ireland
A,PCH_PRE,HW_EMP,IE,2017,1.3,Ireland
A,PCH_PRE,HW_EMP,IE,2018,0.8,Ireland
A,PCH_PRE,HW_EMP,IE,2019,0.1,Ireland
A,PCH_PRE,HW_EMP,IE,2020,-7.1,Ireland
A,PCH_PRE,HW_EMP,IE,2021,0.9,Ireland
A,PCH_PRE,HW_EMP,IE,2022,2.0,Ireland
A,PCH_PRE,HW_EMP,IE,2023,-1.7,Ireland
A,PCH_PRE,HW_EMP,IE,2024,-0.6,Ireland
A,PCH_PRE,HW_EMP,IT,2000,-1.1,Italy
A,PCH_PRE,HW_EMP,IT,2001,-0.5,Italy
A,PCH_PRE,HW_EMP,IT,2002,-0.9,Italy
A,PCH_PRE,HW_EMP,IT,2003,-0.9,Italy
A,PCH_PRE,HW_EMP,IT,2004,0.0,Italy
A,PCH_PRE,HW_EMP,IT,2005,-0.2,Italy
A,PCH_PRE,HW_EMP,IT,2006,0.1,Italy
A,PCH_PRE,HW_EMP,IT,2007,0.3,Italy
A,PCH_PRE,HW_EMP,IT,2008,-0.6,Italy
A,PCH_PRE,HW_EMP,IT,2009,-1.8,Italy
A,PCH_PRE,HW_EMP,IT,2010,0.0,Italy
A,PCH_PRE,HW_EMP,IT,2011,-0.2,Italy
A,PCH_PRE,HW_EMP,IT,2012,-2.2,Italy
A,PCH_PRE,HW_EMP,IT,2013,-0.8,Italy
A,PCH_PRE,HW_EMP,IT,2014,-0.1,Italy
A,PCH_PRE,HW_EMP,IT,2015,0.1,Italy
A,PCH_PRE,HW_EMP,IT,2016,0.2,Italy
A,PCH_PRE,HW_EMP,IT,2017,-0.1,Italy
A,PCH_PRE,HW_EMP,IT,2018,0.0,Italy
A,PCH_PRE,HW_EMP,IT,2019,-0.6,Italy
A,PCH_PRE,HW_EMP,IT,2020,-9.9,Italy
A,PCH_PRE,HW_EMP,IT,2021,9.2,Italy
A,PCH_PRE,HW_EMP,IT,2022,2.3,Italy
A,PCH_PRE,HW_EMP,IT,2023,1.0,Italy
A,PCH_PRE,HW_EMP,IT,2024,0.4,Italy
A,PCH_PRE,HW_EMP,LT,2000,6.9,Lithuania
A,PCH_PRE,HW_EMP,LT,2001,-0.8,Lithuania
A,PCH_PRE,HW_EMP,LT,2002,-1.6,Lithuania
A,PCH_PRE,HW_EMP,LT,2003,-1.0,Lithuania
A,PCH_PRE,HW_EMP,LT,2004,5.1,Lithuania
A,PCH_PRE,HW_EMP,LT,2005,0.1,Lithuania
A,PCH_PRE,HW_EMP,LT,2006,-0.5,Lithuania
A,PCH_PRE,HW_EMP,LT,2007,1.6,Lithuania
A,PCH_PRE,HW_EMP,LT,2008,1.7,Lithuania
A,PCH_PRE,HW_EMP,LT,2009,-3.6,Lithuania
A,PCH_PRE,HW_EMP,LT,2010,1.6,Lithuania
A,PCH_PRE,HW_EMP,LT,2011,-1.3,Lithuania
A,PCH_PRE,HW_EMP,LT,2012,-0.1,Lithuania
A,PCH_PRE,HW_EMP,LT,2013,-0.9,Lithuania
A,PCH_PRE,HW_EMP,LT,2014,-0.5,Lithuania
A,PCH_PRE,HW_EMP,LT,2015,1.4,Lithuania
A,PCH_PRE,HW_EMP,LT,2016,1.3,Lithuania
A,PCH_PRE,HW_EMP,LT,2017,-2.2,Lithuania
A,PCH_PRE,HW_EMP,LT,2018,0.4,Lithuania
A,PCH_PRE,HW_EMP,LT,2019,0.1,Lithuania
A,PCH_PRE,HW_EMP,LT,2020,-4.2,Lithuania
A,PCH_PRE,HW_EMP,LT,2021,1.5,Lithuania
A,PCH_PRE,HW_EMP,LT,2022,0.4,Lithuania
A,PCH_PRE,HW_EMP,LT,2023,0.9,Lithuania
A,PCH_PRE,HW_EMP,LT,2024,1.2,Lithuania
A,PCH_PRE,HW_EMP,LU,2000,0.4,Luxembourg
A,PCH_PRE,HW_EMP,LU,2001,-0.8,Luxembourg
A,PCH_PRE,HW_EMP,LU,2002,-0.3,Luxembourg
A,PCH_PRE,HW_EMP,LU,2003,-0.1,Luxembourg
A,PCH_PRE,HW_EMP,LU,2004,0.0,Luxembourg
A,PCH_PRE,HW_EMP,LU,2005,-1.2,Luxembourg
A,PCH_PRE,HW_EMP,LU,2006,0.0,Luxembourg
A,PCH_PRE,HW_EMP,LU,2007,0.9,Luxembourg
A,PCH_PRE,HW_EMP,LU,2008,0.0,Luxembourg
A,PCH_PRE,HW_EMP,LU,2009,-4.0,Luxembourg
A,PCH_PRE,HW_EMP,LU,2010,0.2,Luxembourg
A,PCH_PRE,HW_EMP,LU,2011,-0.1,Luxembourg
A,PCH_PRE,HW_EMP,LU,2012,-0.4,Luxembourg
A,PCH_PRE,HW_EMP,LU,2013,-0.5,Luxembourg
A,PCH_PRE,HW_EMP,LU,2014,0.4,Luxembourg
A,PCH_PRE,HW_EMP,LU,2015,0.5,Luxembourg
A,PCH_PRE,HW_EMP,LU,2016,-0.1,Luxembourg
A,PCH_PRE,HW_EMP,LU,2017,-0.6,Luxembourg
A,PCH_PRE,HW_EMP,LU,2018,-0.6,Luxembourg
A,PCH_PRE,HW_EMP,LU,2019,-0.4,Luxembourg
A,PCH_PRE,HW_EMP,LU,2020,-7.1,Luxembourg
A,PCH_PRE,HW_EMP,LU,2021,6.3,Luxembourg
A,PCH_PRE,HW_EMP,LU,2022,-0.3,Luxembourg
A,PCH_PRE,HW_EMP,LU,2023,-0.3,Luxembourg
A,PCH_PRE,HW_EMP,LU,2024,0.1,Luxembourg
A,PCH_PRE,HW_EMP,LV,2000,0.2,Latvia
A,PCH_PRE,HW_EMP,LV,2001,0.4,Latvia
A,PCH_PRE,HW_EMP,LV,2002,-1.6,Latvia
A,PCH_PRE,HW_EMP,LV,2003,-0.3,Latvia
A,PCH_PRE,HW_EMP,LV,2004,-1.8,Latvia
A,PCH_PRE,HW_EMP,LV,2005,2.2,Latvia
A,PCH_PRE,HW_EMP,LV,2006,-0.7,Latvia
A,PCH_PRE,HW_EMP,LV,2007,-1.9,Latvia
A,PCH_PRE,HW_EMP,LV,2008,-2.4,Latvia
A,PCH_PRE,HW_EMP,LV,2009,-2.5,Latvia
A,PCH_PRE,HW_EMP,LV,2010,-0.9,Latvia
A,PCH_PRE,HW_EMP,LV,2011,0.9,Latvia
A,PCH_PRE,HW_EMP,LV,2012,-0.9,Latvia
A,PCH_PRE,HW_EMP,LV,2013,-0.3,Latvia
A,PCH_PRE,HW_EMP,LV,2014,0.6,Latvia
A,PCH_PRE,HW_EMP,LV,2015,-1.9,Latvia
A,PCH_PRE,HW_EMP,LV,2016,0.0,Latvia
A,PCH_PRE,HW_EMP,LV,2017,-0.8,Latvia
A,PCH_PRE,HW_EMP,LV,2018,0.7,Latvia
A,PCH_PRE,HW_EMP,LV,2019,0.0,Latvia
A,PCH_PRE,HW_EMP,LV,2020,-5.4,Latvia
A,PCH_PRE,HW_EMP,LV,2021,1.7,Latvia
A,PCH_PRE,HW_EMP,LV,2022,2.1,Latvia
A,PCH_PRE,HW_EMP,LV,2023,-1.7,Latvia
A,PCH_PRE,HW_EMP,LV,2024,0.5,Latvia
A,PCH_PRE,HW_EMP,MT,2000,3.5,Malta
A,PCH_PRE,HW_EMP,MT,2001,-1.1,Malta
A,PCH_PRE,HW_EMP,MT,2002,-0.8,Malta
A,PCH_PRE,HW_EMP,MT,2003,-1.5,Malta
A,PCH_PRE,HW_EMP,MT,2004,-3.5,Malta
A,PCH_PRE,HW_EMP,MT,2005,0.2,Malta
A,PCH_PRE,HW_EMP,MT,2006,0.4,Malta
A,PCH_PRE,HW_EMP,MT,2007,1.3,Malta
A,PCH_PRE,HW_EMP,MT,2008,0.3,Malta
A,PCH_PRE,HW_EMP,MT,2009,-0.3,Malta
A,PCH_PRE,HW_EMP,MT,2010,-1.2,Malta
A,PCH_PRE,HW_EMP,MT,2011,-2.7,Malta
A,PCH_PRE,HW_EMP,MT,2012,-1.2,Malta
A,PCH_PRE,HW_EMP,MT,2013,-1.0,Malta
A,PCH_PRE,HW_EMP,MT,2014,-0.9,Malta
A,PCH_PRE,HW_EMP,MT,2015,-0.3,Malta
A,PCH_PRE,HW_EMP,MT,2016,2.7,Malta
A,PCH_PRE,HW_EMP,MT,2017,-0.7,Malta
A,PCH_PRE,HW_EMP,MT,2018,1.4,Malta
A,PCH_PRE,HW_EMP,MT,2019,3.1,Malta
A,PCH_PRE,HW_EMP,MT,2020,-7.8,Malta
A,PCH_PRE,HW_EMP,MT,2021,0.4,Malta
A,PCH_PRE,HW_EMP,MT,2022,0.3,Malta
A,PCH_PRE,HW_EMP,MT,2023,0.2,Malta
A,PCH_PRE,HW_EMP,MT,2024,-1.1,Malta
A,PCH_PRE,HW_EMP,NL,2000,-0.9,Netherlands
A,PCH_PRE,HW_EMP,NL,2001,-0.7,Netherlands
A,PCH_PRE,HW_EMP,NL,2002,-1.2,Netherlands
A,PCH_PRE,HW_EMP,NL,2003,-0.6,Netherlands
A,PCH_PRE,HW_EMP,NL,2004,1.5,Netherlands
A,PCH_PRE,HW_EMP,NL,2005,-1.0,Netherlands
A,PCH_PRE,HW_EMP,NL,2006,-0.3,Netherlands
A,PCH_PRE,HW_EMP,NL,2007,-0.1,Netherlands
A,PCH_PRE,HW_EMP,NL,2008,0.0,Netherlands
A,PCH_PRE,HW_EMP,NL,2009,-0.6,Netherlands
A,PCH_PRE,HW_EMP,NL,2010,0.0,Netherlands
A,PCH_PRE,HW_EMP,NL,2011,0.0,Netherlands
A,PCH_PRE,HW_EMP,NL,2012,-0.6,Netherlands
A,PCH_PRE,HW_EMP,NL,2013,0.3,Netherlands
A,PCH_PRE,HW_EMP,NL,2014,0.8,Netherlands
A,PCH_PRE,HW_EMP,NL,2015,0.0,Netherlands
A,PCH_PRE,HW_EMP,NL,2016,0.9,Netherlands
A,PCH_PRE,HW_EMP,NL,2017,0.0,Netherlands
A,PCH_PRE,HW_EMP,NL,2018,0.0,Netherlands
A,PCH_PRE,HW_EMP,NL,2019,0.4,Netherlands
A,PCH_PRE,HW_EMP,NL,2020,-3.7,Netherlands
A,PCH_PRE,HW_EMP,NL,2021,2.9,Netherlands
A,PCH_PRE,HW_EMP,NL,2022,0.6,Netherlands
A,PCH_PRE,HW_EMP,NL,2023,-0.6,Netherlands
A,PCH_PRE,HW_EMP,NL,2024,0.7,Netherlands
A,PCH_PRE,HW_EMP,PL,2000,-0.9,Poland
A,PCH_PRE,HW_EMP,PL,2001,0.1,Poland
A,PCH_PRE,HW_EMP,PL,2002,-0.3,Poland
A,PCH_PRE,HW_EMP,PL,2003,0.3,Poland
A,PCH_PRE,HW_EMP,PL,2004,0.0,Poland
A,PCH_PRE,HW_EMP,PL,2005,-0.3,Poland
A,PCH_PRE,HW_EMP,PL,2006,0.1,Poland
A,PCH_PRE,HW_EMP,PL,2007,-0.1,Poland
A,PCH_PRE,HW_EMP,PL,2008,-0.4,Poland
A,PCH_PRE,HW_EMP,PL,2009,-0.8,Poland
A,PCH_PRE,HW_EMP,PL,2010,-0.3,Poland
A,PCH_PRE,HW_EMP,PL,2011,-0.3,Poland
A,PCH_PRE,HW_EMP,PL,2012,-0.3,Poland
A,PCH_PRE,HW_EMP,PL,2013,-0.2,Poland
A,PCH_PRE,HW_EMP,PL,2014,0.3,Poland
A,PCH_PRE,HW_EMP,PL,2015,0.4,Poland
A,PCH_PRE,HW_EMP,PL,2016,0.1,Poland
A,PCH_PRE,HW_EMP,PL,2017,-1.1,Poland
A,PCH_PRE,HW_EMP,PL,2018,-1.3,Poland
A,PCH_PRE,HW_EMP,PL,2019,0.5,Poland
A,PCH_PRE,HW_EMP,PL,2020,-1.0,Poland
A,PCH_PRE,HW_EMP,PL,2021,2.7,Poland
A,PCH_PRE,HW_EMP,PL,2022,-0.5,Poland
A,PCH_PRE,HW_EMP,PL,2023,-0.6,Poland
A,PCH_PRE,HW_EMP,PL,2024,-1.2,Poland
A,PCH_PRE,HW_EMP,PT,2000,0.5,Portugal
A,PCH_PRE,HW_EMP,PT,2001,-0.9,Portugal
A,PCH_PRE,HW_EMP,PT,2002,-0.4,Portugal
A,PCH_PRE,HW_EMP,PT,2003,-0.4,Portugal
A,PCH_PRE,HW_EMP,PT,2004,0.3,Portugal
A,PCH_PRE,HW_EMP,PT,2005,0.1,Portugal
A,PCH_PRE,HW_EMP,PT,2006,-0.6,Portugal
A,PCH_PRE,HW_EMP,PT,2007,0.9,Portugal
A,PCH_PRE,HW_EMP,PT,2008,-0.7,Portugal
A,PCH_PRE,HW_EMP,PT,2009,0.0,Portugal
A,PCH_PRE,HW_EMP,PT,2010,0.2,Portugal
A,PCH_PRE,HW_EMP,PT,2011,-1.5,Portugal
A,PCH_PRE,HW_EMP,PT,2012,-1.2,Portugal
A,PCH_PRE,HW_EMP,PT,2013,0.6,Portugal
A,PCH_PRE,HW_EMP,PT,2014,0.4,Portugal
A,PCH_PRE,HW_EMP,PT,2015,0.3,Portugal
A,PCH_PRE,HW_EMP,PT,2016,0.3,Portugal
A,PCH_PRE,HW_EMP,PT,2017,-0.6,Portugal
A,PCH_PRE,HW_EMP,PT,2018,0.6,Portugal
A,PCH_PRE,HW_EMP,PT,2019,0.3,Portugal
A,PCH_PRE,HW_EMP,PT,2020,-6.3,Portugal
A,PCH_PRE,HW_EMP,PT,2021,3.0,Portugal
A,PCH_PRE,HW_EMP,PT,2022,2.4,Portugal
A,PCH_PRE,HW_EMP,PT,2023,2.8,Portugal
A,PCH_PRE,HW_EMP,PT,2024,0.2,Portugal
A,PCH_PRE,HW_EMP,RO,2000,0.2,Romania
A,PCH_PRE,HW_EMP,RO,2001,0.0,Romania
A,PCH_PRE,HW_EMP,RO,2002,0.8,Romania
A,PCH_PRE,HW_EMP,RO,2003,-1.6,Romania
A,PCH_PRE,HW_EMP,RO,2004,2.7,Romania
A,PCH_PRE,HW_EMP,RO,2005,-0.5,Romania
A,PCH_PRE,HW_EMP,RO,2006,-2.2,Romania
A,PCH_PRE,HW_EMP,RO,2007,0.2,Romania
A,PCH_PRE,HW_EMP,RO,2008,-0.3,Romania
A,PCH_PRE,HW_EMP,RO,2009,-1.1,Romania
A,PCH_PRE,HW_EMP,RO,2010,1.4,Romania
A,PCH_PRE,HW_EMP,RO,2011,0.5,Romania
A,PCH_PRE,HW_EMP,RO,2012,-2.0,Romania
A,PCH_PRE,HW_EMP,RO,2013,-0.3,Romania
A,PCH_PRE,HW_EMP,RO,2014,-0.8,Romania
A,PCH_PRE,HW_EMP,RO,2015,-0.4,Romania
A,PCH_PRE,HW_EMP,RO,2016,1.3,Romania
A,PCH_PRE,HW_EMP,RO,2017,-1.3,Romania
A,PCH_PRE,HW_EMP,RO,2018,0.1,Romania
A,PCH_PRE,HW_EMP,RO,2019,0.9,Romania
A,PCH_PRE,HW_EMP,RO,2020,-2.6,Romania
A,PCH_PRE,HW_EMP,RO,2021,3.8,Romania
A,PCH_PRE,HW_EMP,RO,2022,-1.2,Romania
A,PCH_PRE,HW_EMP,RO,2023,-0.8,Romania
A,PCH_PRE,HW_EMP,RO,2024,2.3,Romania
A,PCH_PRE,HW_EMP,SE,2000,-1.1,Sweden
A,PCH_PRE,HW_EMP,SE,2001,-1.4,Sweden
A,PCH_PRE,HW_EMP,SE,2002,-1.5,Sweden
A,PCH_PRE,HW_EMP,SE,2003,-0.9,Sweden
A,PCH_PRE,HW_EMP,SE,2004,1.4,Sweden
A,PCH_PRE,HW_EMP,SE,2005,-0.1,Sweden
A,PCH_PRE,HW_EMP,SE,2006,-0.1,Sweden
A,PCH_PRE,HW_EMP,SE,2007,0.8,Sweden
A,PCH_PRE,HW_EMP,SE,2008,0.9,Sweden
A,PCH_PRE,HW_EMP,SE,2009,-0.9,Sweden
A,PCH_PRE,HW_EMP,SE,2010,1.7,Sweden
A,PCH_PRE,HW_EMP,SE,2011,0.1,Sweden
A,PCH_PRE,HW_EMP,SE,2012,-0.9,Sweden
A,PCH_PRE,HW_EMP,SE,2013,-0.6,Sweden
A,PCH_PRE,HW_EMP,SE,2014,0.1,Sweden
A,PCH_PRE,HW_EMP,SE,2015,0.1,Sweden
A,PCH_PRE,HW_EMP,SE,2016,0.7,Sweden
A,PCH_PRE,HW_EMP,SE,2017,-0.8,Sweden
A,PCH_PRE,HW_EMP,SE,2018,-0.1,Sweden
A,PCH_PRE,HW_EMP,SE,2019,-0.9,Sweden
A,PCH_PRE,HW_EMP,SE,2020,-2.0,Sweden
A,PCH_PRE,HW_EMP,SE,2021,1.3,Sweden
A,PCH_PRE,HW_EMP,SE,2022,-0.4,Sweden
A,PCH_PRE,HW_EMP,SE,2023,-0.2,Sweden
A,PCH_PRE,HW_EMP,SE,2024,-0.1,Sweden
A,PCH_PRE,HW_EMP,SI,2000,-1.3,Slovenia
A,PCH_PRE,HW_EMP,SI,2001,-0.8,Slovenia
A,PCH_PRE,HW_EMP,SI,2002,1.4,Slovenia
A,PCH_PRE,HW_EMP,SI,2003,0.2,Slovenia
A,PCH_PRE,HW_EMP,SI,2004,0.8,Slovenia
A,PCH_PRE,HW_EMP,SI,2005,-2.3,Slovenia
A,PCH_PRE,HW_EMP,SI,2006,-1.7,Slovenia
A,PCH_PRE,HW_EMP,SI,2007,-0.8,Slovenia
A,PCH_PRE,HW_EMP,SI,2008,1.1,Slovenia
A,PCH_PRE,HW_EMP,SI,2009,0.3,Slovenia
A,PCH_PRE,HW_EMP,SI,2010,0.1,Slovenia
A,PCH_PRE,HW_EMP,SI,2011,-1.0,Slovenia
A,PCH_PRE,HW_EMP,SI,2012,-1.1,Slovenia
A,PCH_PRE,HW_EMP,SI,2013,1.1,Slovenia
A,PCH_PRE,HW_EMP,SI,2014,1.2,Slovenia
A,PCH_PRE,HW_EMP,SI,2015,0.3,Slovenia
A,PCH_PRE,HW_EMP,SI,2016,-2.1,Slovenia
A,PCH_PRE,HW_EMP,SI,2017,-1.9,Slovenia
A,PCH_PRE,HW_EMP,SI,2018,-1.1,Slovenia
A,PCH_PRE,HW_EMP,SI,2019,-0.1,Slovenia
A,PCH_PRE,HW_EMP,SI,2020,-4.3,Slovenia
A,PCH_PRE,HW_EMP,SI,2021,4.0,Slovenia
A,PCH_PRE,HW_EMP,SI,2022,1.0,Slovenia
A,PCH_PRE,HW_EMP,SI,2023,-1.4,Slovenia
A,PCH_PRE,HW_EMP,SI,2024,2.0,Slovenia
A,PCH_PRE,HW_EMP,SK,2000,0.0,Slovakia
A,PCH_PRE,HW_EMP,SK,2001,-0.8,Slovakia
A,PCH_PRE,HW_EMP,SK,2002,-2.6,Slovakia
A,PCH_PRE,HW_EMP,SK,2003,-3.2,Slovakia
A,PCH_PRE,HW_EMP,SK,2004,2.6,Slovakia
A,PCH_PRE,HW_EMP,SK,2005,1.6,Slovakia
A,PCH_PRE,HW_EMP,SK,2006,0.3,Slovakia
A,PCH_PRE,HW_EMP,SK,2007,0.9,Slovakia
A,PCH_PRE,HW_EMP,SK,2008,0.1,Slovakia
A,PCH_PRE,HW_EMP,SK,2009,-0.7,Slovakia
A,PCH_PRE,HW_EMP,SK,2010,1.4,Slovakia
A,PCH_PRE,HW_EMP,SK,2011,-0.7,Slovakia
A,PCH_PRE,HW_EMP,SK,2012,-0.2,Slovakia
A,PCH_PRE,HW_EMP,SK,2013,-1.0,Slovakia
A,PCH_PRE,HW_EMP,SK,2014,-0.7,Slovakia
A,PCH_PRE,HW_EMP,SK,2015,-0.3,Slovakia
A,PCH_PRE,HW_EMP,SK,2016,-0.8,Slovakia
A,PCH_PRE,HW_EMP,SK,2017,-1.5,Slovakia
A,PCH_PRE,HW_EMP,SK,2018,-0.6,Slovakia
A,PCH_PRE,HW_EMP,SK,2019,-0.7,Slovakia
A,PCH_PRE,HW_EMP,SK,2020,-7.1,Slovakia
A,PCH_PRE,HW_EMP,SK,2021,0.6,Slovakia
A,PCH_PRE,HW_EMP,SK,2022,1.8,Slovakia
A,PCH_PRE,HW_EMP,SK,2023,0.9,Slovakia
A,PCH_PRE,HW_EMP,SK,2024,0.3,Slovakia
A,PCH_PRE,RLPR_HW,AT,2000,2.2,Austria
A,PCH_PRE,RLPR_HW,AT,2001,1.4,Austria
A,PCH_PRE,RLPR_HW,AT,2002,1.7,Austria
A,PCH_PRE,RLPR_HW,AT,2003,1.0,Austria
A,PCH_PRE,RLPR_HW,AT,2004,1.8,Austria
A,PCH_PRE,RLPR_HW,AT,2005,2.5,Austria
A,PCH_PRE,RLPR_HW,AT,2006,2.5,Austria
A,PCH_PRE,RLPR_HW,AT,2007,2.5,Austria
A,PCH_PRE,RLPR_HW,AT,2008,0.0,Austria
A,PCH_PRE,RLPR_HW,AT,2009,-0.4,Austria
A,PCH_PRE,RLPR_HW,AT,2010,1.5,Austria
A,PCH_PRE,RLPR_HW,AT,2011,1.0,Austria
A,PCH_PRE,RLPR_HW,AT,2012,1.1,Austria
A,PCH_PRE,RLPR_HW,AT,2013,0.2,Austria
A,PCH_PRE,RLPR_HW,AT,2014,0.3,Austria
A,PCH_PRE,RLPR_HW,AT,2015,2.1,Austria
A,PCH_PRE,RLPR_HW,AT,2016,0.0,Austria
A,PCH_PRE,RLPR_HW,AT,2017,1.3,Austria
A,PCH_PRE,RLPR_HW,AT,2018,0.4,Austria
A,PCH_PRE,RLPR_HW,AT,2019,0.1,Austria
A,PCH_PRE,RLPR_HW,AT,2020,2.7,Austria
A,PCH_PRE,RLPR_HW,AT,2021,0.0,Austria
A,PCH_PRE,RLPR_HW,AT,2022,2.7,Austria
A,PCH_PRE,RLPR_HW,AT,2023,-1.4,Austria
A,PCH_PRE,RLPR_HW,AT,2024,-0.8,Austria
A,PCH_PRE,RLPR_HW,BE,2000,0.8,Belgium
A,PCH_PRE,RLPR_HW,BE,2001,0.2,Belgium
A,PCH_PRE,RLPR_HW,BE,2002,0.7,Belgium
A,PCH_PRE,RLPR_HW,BE,2003,0.8,Belgium
A,PCH_PRE,RLPR_HW,BE,2004,3.2,Belgium
A,PCH_PRE,RLPR_HW,BE,2005,1.5,Belgium
A,PCH_PRE,RLPR_HW,BE,2006,0.5,Belgium
A,PCH_PRE,RLPR_HW,BE,2007,1.8,Belgium
A,PCH_PRE,RLPR_HW,BE,2008,-0.6,Belgium
A,PCH_PRE,RLPR_HW,BE,2009,-0.6,Belgium
A,PCH_PRE,RLPR_HW,BE,2010,1.1,Belgium
A,PCH_PRE,RLPR_HW,BE,2011,-0.4,Belgium
A,PCH_PRE,RLPR_HW,BE,2012,0.1,Belgium
A,PCH_PRE,RLPR_HW,BE,2013,0.6,Belgium
A,PCH_PRE,RLPR_HW,BE,2014,1.6,Belgium
A,PCH_PRE,RLPR_HW,BE,2015,1.0,Belgium
A,PCH_PRE,RLPR_HW,BE,2016,-0.1,Belgium
A,PCH_PRE,RLPR_HW,BE,2017,-0.2,Belgium
A,PCH_PRE,RLPR_HW,BE,2018,0.2,Belgium
A,PCH_PRE,RLPR_HW,BE,2019,0.9,Belgium
A,PCH_PRE,RLPR_HW,BE,2020,3.7,Belgium
A,PCH_PRE,RLPR_HW,BE,2021,-1.7,Belgium
A,PCH_PRE,RLPR_HW,BE,2022,-0.5,Belgium
A,PCH_PRE,RLPR_HW,BE,2023,0.7,Belgium
A,PCH_PRE,RLPR_HW,BE,2024,1.4,Belgium
A,PCH_PRE,RLPR_HW,BG,2000,9.0,Bulgaria
A,PCH_PRE,RLPR_HW,BG,2001,3.9,Bulgaria
A,PCH_PRE,RLPR_HW,BG,2002,5.7,Bulgaria
A,PCH_PRE,RLPR_HW,BG,2003,2.9,Bulgaria
A,PCH_PRE,RLPR_HW,BG,2004,2.4,Bulgaria
A,PCH_PRE,RLPR_HW,BG,2005,4.6,Bulgaria
A,PCH_PRE,RLPR_HW,BG,2006,3.6,Bulgaria
A,PCH_PRE,RLPR_HW,BG,2007,3.3,Bulgaria
A,PCH_PRE,RLPR_HW,BG,2008,1.3,Bulgaria
A,PCH_PRE,RLPR_HW,BG,2009,1.2,Bulgaria
A,PCH_PRE,RLPR_HW,BG,2010,5.7,Bulgaria
A,PCH_PRE,RLPR_HW,BG,2011,4.5,Bulgaria
A,PCH_PRE,RLPR_HW,BG,2012,3.3,Bulgaria
A,PCH_PRE,RLPR_HW,BG,2013,-0.1,Bulgaria
A,PCH_PRE,RLPR_HW,BG,2014,0.6,Bulgaria
A,PCH_PRE,RLPR_HW,BG,2015,3.0,Bulgaria
A,PCH_PRE,RLPR_HW,BG,2016,2.6,Bulgaria
A,PCH_PRE,RLPR_HW,BG,2017,1.0,Bulgaria
A,PCH_PRE,RLPR_HW,BG,2018,2.4,Bulgaria
A,PCH_PRE,RLPR_HW,BG,2019,5.2,Bulgaria
A,PCH_PRE,RLPR_HW,BG,2020,1.0,Bulgaria
A,PCH_PRE,RLPR_HW,BG,2021,7.0,Bulgaria
A,PCH_PRE,RLPR_HW,BG,2022,3.1,Bulgaria
A,PCH_PRE,RLPR_HW,BG,2023,-1.8,Bulgaria
A,PCH_PRE,RLPR_HW,BG,2024,4.4,Bulgaria
A,PCH_PRE,RLPR_HW,CY,2000,3.9,Cyprus
A,PCH_PRE,RLPR_HW,CY,2001,0.5,Cyprus
A,PCH_PRE,RLPR_HW,CY,2002,3.1,Cyprus
A,PCH_PRE,RLPR_HW,CY,2003,-0.6,Cyprus
A,PCH_PRE,RLPR_HW,CY,2004,3.0,Cyprus
A,PCH_PRE,RLPR_HW,CY,2005,2.9,Cyprus
A,PCH_PRE,RLPR_HW,CY,2006,3.6,Cyprus
A,PCH_PRE,RLPR_HW,CY,2007,-0.9,Cyprus
A,PCH_PRE,RLPR_HW,CY,2008,-0.2,Cyprus
A,PCH_PRE,RLPR_HW,CY,2009,-1.0,Cyprus
A,PCH_PRE,RLPR_HW,CY,2010,1.8,Cyprus
A,PCH_PRE,RLPR_HW,CY,2011,0.0,Cyprus
A,PCH_PRE,RLPR_HW,CY,2012,0.2,Cyprus
A,PCH_PRE,RLPR_HW,CY,2013,0.9,Cyprus
A,PCH_PRE,RLPR_HW,CY,2014,0.0,Cyprus
A,PCH_PRE,RLPR_HW,CY,2015,1.3,Cyprus
A,PCH_PRE,RLPR_HW,CY,2016,1.0,Cyprus
A,PCH_PRE,RLPR_HW,CY,2017,1.3,Cyprus
A,PCH_PRE,RLPR_HW,CY,2018,1.1,Cyprus
A,PCH_PRE,RLPR_HW,CY,2019,0.7,Cyprus
A,PCH_PRE,RLPR_HW,CY,2020,2.1,Cyprus
A,PCH_PRE,RLPR_HW,CY,2021,2.7,Cyprus
A,PCH_PRE,RLPR_HW,CY,2022,3.4,Cyprus
A,PCH_PRE,RLPR_HW,CY,2023,0.7,Cyprus
A,PCH_PRE,RLPR_HW,CY,2024,1.4,Cyprus
A,PCH_PRE,RLPR_HW,CZ,2000,4.3,Czechia
A,PCH_PRE,RLPR_HW,CZ,2001,7.6,Czechia
A,PCH_PRE,RLPR_HW,CZ,2002,1.5,Czechia
A,PCH_PRE,RLPR_HW,CZ,2003,4.9,Czechia
A,PCH_PRE,RLPR_HW,CZ,2004,4.1,Czechia
A,PCH_PRE,RLPR_HW,CZ,2005,5.0,Czechia
A,PCH_PRE,RLPR_HW,CZ,2006,6.0,Czechia
A,PCH_PRE,RLPR_HW,CZ,2007,4.2,Czechia
A,PCH_PRE,RLPR_HW,CZ,2008,-0.4,Czechia
A,PCH_PRE,RLPR_HW,CZ,2009,-2.5,Czechia
A,PCH_PRE,RLPR_HW,CZ,2010,2.7,Czechia
A,PCH_PRE,RLPR_HW,CZ,2011,1.9,Czechia
A,PCH_PRE,RLPR_HW,CZ,2012,0.4,Czechia
A,PCH_PRE,RLPR_HW,CZ,2013,0.3,Czechia
A,PCH_PRE,RLPR_HW,CZ,2014,1.1,Czechia
A,PCH_PRE,RLPR_HW,CZ,2015,4.8,Czechia
A,PCH_PRE,RLPR_HW,CZ,2016,0.2,Czechia
A,PCH_PRE,RLPR_HW,CZ,2017,3.6,Czechia
A,PCH_PRE,RLPR_HW,CZ,2018,1.2,Czechia
A,PCH_PRE,RLPR_HW,CZ,2019,3.7,Czechia
A,PCH_PRE,RLPR_HW,CZ,2020,3.3,Czechia
A,PCH_PRE,RLPR_HW,CZ,2021,0.1,Czechia
A,PCH_PRE,RLPR_HW,CZ,2022,-1.5,Czechia
A,PCH_PRE,RLPR_HW,CZ,2023,-1.7,Czechia
A,PCH_PRE,RLPR_HW,CZ,2024,-0.3,Czechia
A,PCH_PRE,RLPR_HW,DE,2000,2.5,Germany
A,PCH_PRE,RLPR_HW,DE,2001,2.4,Germany
A,PCH_PRE,RLPR_HW,DE,2002,0.9,Germany
A,PCH_PRE,RLPR_HW,DE,2003,0.9,Germany
A,PCH_PRE,RLPR_HW,DE,2004,0.9,Germany
A,PCH_PRE,RLPR_HW,DE,2005,1.8,Germany
A,PCH_PRE,RLPR_HW,DE,2006,1.7,Germany
A,PCH_PRE,RLPR_HW,DE,2007,1.1,Germany
A,PCH_PRE,RLPR_HW,DE,2008,0.0,Germany
A,PCH_PRE,RLPR_HW,DE,2009,-3.0,Germany
A,PCH_PRE,RLPR_HW,DE,2010,2.3,Germany
A,PCH_PRE,RLPR_HW,DE,2011,2.5,Germany
A,PCH_PRE,RLPR_HW,DE,2012,0.8,Germany
A,PCH_PRE,RLPR_HW,DE,2013,0.4,Germany
A,PCH_PRE,RLPR_HW,DE,2014,1.0,Germany
A,PCH_PRE,RLPR_HW,DE,2015,0.7,Germany
A,PCH_PRE,RLPR_HW,DE,2016,1.4,Germany
A,PCH_PRE,RLPR_HW,DE,2017,2.0,Germany
A,PCH_PRE,RLPR_HW,DE,2018,0.4,Germany
A,PCH_PRE,RLPR_HW,DE,2019,0.7,Germany
A,PCH_PRE,RLPR_HW,DE,2020,0.9,Germany
A,PCH_PRE,RLPR_HW,DE,2021,1.6,Germany
A,PCH_PRE,RLPR_HW,DE,2022,0.0,Germany
A,PCH_PRE,RLPR_HW,DE,2023,-1.0,Germany
A,PCH_PRE,RLPR_HW,DE,2024,-0.8,Germany
A,PCH_PRE,RLPR_HW,DK,2000,2.3,Denmark
A,PCH_PRE,RLPR_HW,DK,2001,-0.2,Denmark
A,PCH_PRE,RLPR_HW,DK,2002,0.8,Denmark
A,PCH_PRE,RLPR_HW,DK,2003,1.7,Denmark
A,PCH_PRE,RLPR_HW,DK,2004,3.3,Denmark
A,PCH_PRE,RLPR_HW,DK,2005,1.4,Denmark
A,PCH_PRE,RLPR_HW,DK,2006,1.2,Denmark
A,PCH_PRE,RLPR_HW,DK,2007,0.3,Denmark
A,PCH_PRE,RLPR_HW,DK,2008,-1.5,Denmark
A,PCH_PRE,RLPR_HW,DK,2009,-1.0,Denmark
A,PCH_PRE,RLPR_HW,DK,2010,3.6,Denmark
A,PCH_PRE,RLPR_HW,DK,2011,0.4,Denmark
A,PCH_PRE,RLPR_HW,DK,2012,1.7,Denmark
A,PCH_PRE,RLPR_HW,DK,2013,1.2,Denmark
A,PCH_PRE,RLPR_HW,DK,2014,1.5,Denmark
A,PCH_PRE,RLPR_HW,DK,2015,1.1,Denmark
A,PCH_PRE,RLPR_HW,DK,2016,1.0,Denmark
A,PCH_PRE,RLPR_HW,DK,2017,2.1,Denmark
A,PCH_PRE,RLPR_HW,DK,2018,2.0,Denmark
A,PCH_PRE,RLPR_HW,DK,2019,0.9,Denmark
A,PCH_PRE,RLPR_HW,DK,2020,1.7,Denmark
A,PCH_PRE,RLPR_HW,DK,2021,0.5,Denmark
A,PCH_PRE,RLPR_HW,DK,2022,-3.2,Denmark
A,PCH_PRE,RLPR_HW,DK,2023,1.0,Denmark
A,PCH_PRE,RLPR_HW,DK,2024,3.7,Denmark
A,PCH_PRE,RLPR_HW,EE,2000,11.6,Estonia
A,PCH_PRE,RLPR_HW,EE,2001,5.7,Estonia
A,PCH_PRE,RLPR_HW,EE,2002,6.8,Estonia
A,PCH_PRE,RLPR_HW,EE,2003,5.0,Estonia
A,PCH_PRE,RLPR_HW,EE,2004,6.8,Estonia
A,PCH_PRE,RLPR_HW,EE,2005,5.9,Estonia
A,PCH_PRE,RLPR_HW,EE,2006,5.0,Estonia
A,PCH_PRE,RLPR_HW,EE,2007,7.5,Estonia
A,PCH_PRE,RLPR_HW,EE,2008,-3.4,Estonia
A,PCH_PRE,RLPR_HW,EE,2009,2.1,Estonia
A,PCH_PRE,RLPR_HW,EE,2010,5.3,Estonia
A,PCH_PRE,RLPR_HW,EE,2011,-1.3,Estonia
A,PCH_PRE,RLPR_HW,EE,2012,3.8,Estonia
A,PCH_PRE,RLPR_HW,EE,2013,1.6,Estonia
A,PCH_PRE,RLPR_HW,EE,2014,2.9,Estonia
A,PCH_PRE,RLPR_HW,EE,2015,-0.6,Estonia
A,PCH_PRE,RLPR_HW,EE,2016,2.6,Estonia
A,PCH_PRE,RLPR_HW,EE,2017,2.8,Estonia
A,PCH_PRE,RLPR_HW,EE,2018,6.4,Estonia
A,PCH_PRE,RLPR_HW,EE,2019,3.2,Estonia
A,PCH_PRE,RLPR_HW,EE,2020,3.3,Estonia
A,PCH_PRE,RLPR_HW,EE,2021,8.9,Estonia
A,PCH_PRE,RLPR_HW,EE,2022,-4.2,Estonia
A,PCH_PRE,RLPR_HW,EE,2023,-6.0,Estonia
A,PCH_PRE,RLPR_HW,EE,2024,-0.6,Estonia
A,PCH_PRE,RLPR_HW,EL,2000,3.8,Greece
A,PCH_PRE,RLPR_HW,EL,2001,4.8,Greece
A,PCH_PRE,RLPR_HW,EL,2002,2.7,Greece
A,PCH_PRE,RLPR_HW,EL,2003,4.7,Greece
A,PCH_PRE,RLPR_HW,EL,2004,3.5,Greece
A,PCH_PRE,RLPR_HW,EL,2005,-2.2,Greece
A,PCH_PRE,RLPR_HW,EL,2006,5.2,Greece
A,PCH_PRE,RLPR_HW,EL,2007,2.7,Greece
A,PCH_PRE,RLPR_HW,EL,2008,-0.6,Greece
A,PCH_PRE,RLPR_HW,EL,2009,-2.3,Greece
A,PCH_PRE,RLPR_HW,EL,2010,-0.2,Greece
A,PCH_PRE,RLPR_HW,EL,2011,-6.8,Greece
A,PCH_PRE,RLPR_HW,EL,2012,-6.4,Greece
A,PCH_PRE,RLPR_HW,EL,2013,-2.0,Greece
A,PCH_PRE,RLPR_HW,EL,2014,-0.3,Greece
A,PCH_PRE,RLPR_HW,EL,2015,3.6,Greece
A,PCH_PRE,RLPR_HW,EL,2016,-3.7,Greece
A,PCH_PRE,RLPR_HW,EL,2017,1.8,Greece
A,PCH_PRE,RLPR_HW,EL,2018,-3.1,Greece
A,PCH_PRE,RLPR_HW,EL,2019,2.4,Greece
A,PCH_PRE,RLPR_HW,EL,2020,3.0,Greece
A,PCH_PRE,RLPR_HW,EL,2021,-3.2,Greece
A,PCH_PRE,RLPR_HW,EL,2022,-0.1,Greece
A,PCH_PRE,RLPR_HW,EL,2023,0.1,Greece
A,PCH_PRE,RLPR_HW,EL,2024,0.8,Greece
A,PCH_PRE,RLPR_HW,ES,2000,0.4,Spain
A,PCH_PRE,RLPR_HW,ES,2001,0.0,Spain
A,PCH_PRE,RLPR_HW,ES,2002,0.2,Spain
A,PCH_PRE,RLPR_HW,ES,2003,0.3,Spain
A,PCH_PRE,RLPR_HW,ES,2004,0.3,Spain
A,PCH_PRE,RLPR_HW,ES,2005,0.3,Spain
A,PCH_PRE,RLPR_HW,ES,2006,0.6,Spain
A,PCH_PRE,RLPR_HW,ES,2007,1.0,Spain
A,PCH_PRE,RLPR_HW,ES,2008,0.1,Spain
A,PCH_PRE,RLPR_HW,ES,2009,2.3,Spain
A,PCH_PRE,RLPR_HW,ES,2010,2.4,Spain
A,PCH_PRE,RLPR_HW,ES,2011,1.5,Spain
A,PCH_PRE,RLPR_HW,ES,2012,2.0,Spain
A,PCH_PRE,RLPR_HW,ES,2013,1.5,Spain
A,PCH_PRE,RLPR_HW,ES,2014,0.5,Spain
A,PCH_PRE,RLPR_HW,ES,2015,1.0,Spain
A,PCH_PRE,RLPR_HW,ES,2016,0.4,Spain
A,PCH_PRE,RLPR_HW,ES,2017,0.7,Spain
A,PCH_PRE,RLPR_HW,ES,2018,-0.1,Spain
A,PCH_PRE,RLPR_HW,ES,2019,0.2,Spain
A,PCH_PRE,RLPR_HW,ES,2020,0.0,Spain
A,PCH_PRE,RLPR_HW,ES,2021,-0.5,Spain
A,PCH_PRE,RLPR_HW,ES,2022,1.2,Spain
A,PCH_PRE,RLPR_HW,ES,2023,-0.2,Spain
A,PCH_PRE,RLPR_HW,ES,2024,1.2,Spain
A,PCH_PRE,RLPR_HW,EU27_2020,2000,3.2,European Union - 27 countries (from 2020)
A,PCH_PRE,RLPR_HW,EU27_2020,2001,2.0,European Union - 27 countries (from 2020)
A,PCH_PRE,RLPR_HW,EU27_2020,2002,2.0,European Union - 27 countries (from 2020)
A,PCH_PRE,RLPR_HW,EU27_2020,2003,1.0,European Union - 27 countries (from 2020)
A,PCH_PRE,RLPR_HW,EU27_2020,2004,1.6,European Union - 27 countries (from 2020)
A,PCH_PRE,RLPR_HW,EU27_2020,2005,1.2,European Union - 27 countries (from 2020)
A,PCH_PRE,RLPR_HW,EU27_2020,2006,1.7,European Union - 27 countries (from 2020)
A,PCH_PRE,RLPR_HW,EU27_2020,2007,0.9,European Union - 27 countries (from 2020)
A,PCH_PRE,RLPR_HW,EU27_2020,2008,-0.3,European Union - 27 countries (from 2020)
A,PCH_PRE,RLPR_HW,EU27_2020,2009,-1.1,European Union - 27 countries (from 2020)
A,PCH_PRE,RLPR_HW,EU27_2020,2010,2.9,European Union - 27 countries (from 2020)
A,PCH_PRE,RLPR_HW,EU27_2020,2011,1.9,European Union - 27 countries (from 2020)
A,PCH_PRE,RLPR_HW,EU27_2020,2012,0.5,European Union - 27 countries (from 2020)
A,PCH_PRE,RLPR_HW,EU27_2020,2013,0.9,European Union - 27 countries (from 2020)
A,PCH_PRE,RLPR_HW,EU27_2020,2014,0.7,European Union - 27 countries (from 2020)
A,PCH_PRE,RLPR_HW,EU27_2020,2015,1.4,European Union - 27 countries (from 2020)
A,PCH_PRE,RLPR_HW,EU27_2020,2016,0.3,European Union - 27 countries (from 2020)
A,PCH_PRE,RLPR_HW,EU27_2020,2017,1.8,European Union - 27 countries (from 2020)
A,PCH_PRE,RLPR_HW,EU27_2020,2018,0.7,European Union - 27 countries (from 2020)
A,PCH_PRE,RLPR_HW,EU27_2020,2019,0.8,European Union - 27 countries (from 2020)
A,PCH_PRE,RLPR_HW,EU27_2020,2020,1.4,European Union - 27 countries (from 2020)
A,PCH_PRE,RLPR_HW,EU27_2020,2021,0.6,European Union - 27 countries (from 2020)
A,PCH_PRE,RLPR_HW,EU27_2020,2022,0.4,European Union - 27 countries (from 2020)
A,PCH_PRE,RLPR_HW,EU27_2020,2023,-0.8,European Union - 27 countries (from 2020)
A,PCH_PRE,RLPR_HW,EU27_2020,2024,0.3,European Union - 27 countries (from 2020)
A,PCH_PRE,RLPR_HW,FI,2000,4.3,Finland
A,PCH_PRE,RLPR_HW,FI,2001,2.0,Finland
A,PCH_PRE,RLPR_HW,FI,2002,0.9,Finland
A,PCH_PRE,RLPR_HW,FI,2003,2.1,Finland
A,PCH_PRE,RLPR_HW,FI,2004,3.4,Finland
A,PCH_PRE,RLPR_HW,FI,2005,1.9,Finland
A,PCH_PRE,RLPR_HW,FI,2006,2.4,Finland
A,PCH_PRE,RLPR_HW,FI,2007,3.3,Finland
A,PCH_PRE,RLPR_HW,FI,2008,-1.2,Finland
A,PCH_PRE,RLPR_HW,FI,2009,-4.5,Finland
A,PCH_PRE,RLPR_HW,FI,2010,3.6,Finland
A,PCH_PRE,RLPR_HW,FI,2011,1.4,Finland
A,PCH_PRE,RLPR_HW,FI,2012,-1.4,Finland
A,PCH_PRE,RLPR_HW,FI,2013,0.3,Finland
A,PCH_PRE,RLPR_HW,FI,2014,0.3,Finland
A,PCH_PRE,RLPR_HW,FI,2015,0.3,Finland
A,PCH_PRE,RLPR_HW,FI,2016,2.0,Finland
A,PCH_PRE,RLPR_HW,FI,2017,3.1,Finland
A,PCH_PRE,RLPR_HW,FI,2018,-1.3,Finland
A,PCH_PRE,RLPR_HW,FI,2019,0.5,Finland
A,PCH_PRE,RLPR_HW,FI,2020,0.3,Finland
A,PCH_PRE,RLPR_HW,FI,2021,0.5,Finland
A,PCH_PRE,RLPR_HW,FI,2022,-1.7,Finland
A,PCH_PRE,RLPR_HW,FI,2023,-1.4,Finland
A,PCH_PRE,RLPR_HW,FI,2024,1.7,Finland
A,PCH_PRE,RLPR_HW,FR,2000,2.8,France
A,PCH_PRE,RLPR_HW,FR,2001,1.7,France
A,PCH_PRE,RLPR_HW,FR,2002,2.8,France
A,PCH_PRE,RLPR_HW,FR,2003,0.7,France
A,PCH_PRE,RLPR_HW,FR,2004,1.1,France
A,PCH_PRE,RLPR_HW,FR,2005,1.1,France
A,PCH_PRE,RLPR_HW,FR,2006,2.6,France
A,PCH_PRE,RLPR_HW,FR,2007,-0.4,France
A,PCH_PRE,RLPR_HW,FR,2008,-0.6,France
A,PCH_PRE,RLPR_HW,FR,2009,-1.0,France
A,PCH_PRE,RLPR_HW,FR,2010,1.4,France
A,PCH_PRE,RLPR_HW,FR,2011,1.3,France
A,PCH_PRE,RLPR_HW,FR,2012,0.2,France
A,PCH_PRE,RLPR_HW,FR,2013,1.6,France
A,PCH_PRE,RLPR_HW,FR,2014,1.0,France
A,PCH_PRE,RLPR_HW,FR,2015,0.8,France
A,PCH_PRE,RLPR_HW,FR,2016,-0.1,France
A,PCH_PRE,RLPR_HW,FR,2017,1.9,France
A,PCH_PRE,RLPR_HW,FR,2018,0.1,France
A,PCH_PRE,RLPR_HW,FR,2019,0.5,France
A,PCH_PRE,RLPR_HW,FR,2020,0.2,France
A,PCH_PRE,RLPR_HW,FR,2021,-1.4,France
A,PCH_PRE,RLPR_HW,FR,2022,-1.5,France
A,PCH_PRE,RLPR_HW,FR,2023,0.4,France
A,PCH_PRE,RLPR_HW,FR,2024,0.0,France
A,PCH_PRE,RLPR_HW,HR,2000,3.2,Croatia
A,PCH_PRE,RLPR_HW,HR,2001,3.8,Croatia
A,PCH_PRE,RLPR_HW,HR,2002,5.0,Croatia
A,PCH_PRE,RLPR_HW,HR,2003,3.1,Croatia
A,PCH_PRE,RLPR_HW,HR,2004,3.3,Croatia
A,PCH_PRE,RLPR_HW,HR,2005,3.4,Croatia
A,PCH_PRE,RLPR_HW,HR,2006,1.8,Croatia
A,PCH_PRE,RLPR_HW,HR,2007,1.8,Croatia
A,PCH_PRE,RLPR_HW,HR,2008,-0.1,Croatia
A,PCH_PRE,RLPR_HW,HR,2009,-6.1,Croatia
A,PCH_PRE,RLPR_HW,HR,2010,1.8,Croatia
A,PCH_PRE,RLPR_HW,HR,2011,4.1,Croatia
A,PCH_PRE,RLPR_HW,HR,2012,-3.6,Croatia
A,PCH_PRE,RLPR_HW,HR,2013,3.5,Croatia
A,PCH_PRE,RLPR_HW,HR,2014,-2.6,Croatia
A,PCH_PRE,RLPR_HW,HR,2015,3.4,Croatia
A,PCH_PRE,RLPR_HW,HR,2016,3.2,Croatia
A,PCH_PRE,RLPR_HW,HR,2017,0.9,Croatia
A,PCH_PRE,RLPR_HW,HR,2018,2.8,Croatia
A,PCH_PRE,RLPR_HW,HR,2019,1.6,Croatia
A,PCH_PRE,RLPR_HW,HR,2020,-6.2,Croatia
A,PCH_PRE,RLPR_HW,HR,2021,11.1,Croatia
A,PCH_PRE,RLPR_HW,HR,2022,6.0,Croatia
A,PCH_PRE,RLPR_HW,HR,2023,1.4,Croatia
A,PCH_PRE,RLPR_HW,HR,2024,-0.7,Croatia
A,PCH_PRE,RLPR_HW,HU,2000,4.8,Hungary
A,PCH_PRE,RLPR_HW,HU,2001,5.7,Hungary
A,PCH_PRE,RLPR_HW,HU,2002,5.6,Hungary
A,PCH_PRE,RLPR_HW,HU,2003,3.5,Hungary
A,PCH_PRE,RLPR_HW,HU,2004,5.8,Hungary
A,PCH_PRE,RLPR_HW,HU,2005,6.5,Hungary
A,PCH_PRE,RLPR_HW,HU,2006,4.2,Hungary
A,PCH_PRE,RLPR_HW,HU,2007,2.4,Hungary
A,PCH_PRE,RLPR_HW,HU,2008,2.8,Hungary
A,PCH_PRE,RLPR_HW,HU,2009,-3.2,Hungary
A,PCH_PRE,RLPR_HW,HU,2010,1.4,Hungary
A,PCH_PRE,RLPR_HW,HU,2011,2.7,Hungary
A,PCH_PRE,RLPR_HW,HU,2012,-1.4,Hungary
A,PCH_PRE,RLPR_HW,HU,2013,0.8,Hungary
A,PCH_PRE,RLPR_HW,HU,2014,-1.0,Hungary
A,PCH_PRE,RLPR_HW,HU,2015,1.3,Hungary
A,PCH_PRE,RLPR_HW,HU,2016,-1.7,Hungary
A,PCH_PRE,RLPR_HW,HU,2017,3.2,Hungary
A,PCH_PRE,RLPR_HW,HU,2018,4.6,Hungary
A,PCH_PRE,RLPR_HW,HU,2019,4.3,Hungary
A,PCH_PRE,RLPR_HW,HU,2020,1.3,Hungary
A,PCH_PRE,RLPR_HW,HU,2021,2.8,Hungary
A,PCH_PRE,RLPR_HW,HU,2022,1.9,Hungary
A,PCH_PRE,RLPR_HW,HU,2023,0.3,Hungary
A,PCH_PRE,RLPR_HW,HU,2024,0.4,Hungary
A,PCH_PRE,RLPR_HW,IE,2000,5.5,Ireland
A,PCH_PRE,RLPR_HW,IE,2001,3.6,Ireland
A,PCH_PRE,RLPR_HW,IE,2002,5.2,Ireland
A,PCH_PRE,RLPR_HW,IE,2003,2.8,Ireland
A,PCH_PRE,RLPR_HW,IE,2004,4.1,Ireland
A,PCH_PRE,RLPR_HW,IE,2005,0.9,Ireland
A,PCH_PRE,RLPR_HW,IE,2006,1.6,Ireland
A,PCH_PRE,RLPR_HW,IE,2007,2.5,Ireland
A,PCH_PRE,RLPR_HW,IE,2008,-1.6,Ireland
A,PCH_PRE,RLPR_HW,IE,2009,6.8,Ireland
A,PCH_PRE,RLPR_HW,IE,2010,6.3,Ireland
A,PCH_PRE,RLPR_HW,IE,2011,3.6,Ireland
A,PCH_PRE,RLPR_HW,IE,2012,0.3,Ireland
A,PCH_PRE,RLPR_HW,IE,2013,-1.8,Ireland
A,PCH_PRE,RLPR_HW,IE,2014,5.9,Ireland
A,PCH_PRE,RLPR_HW,IE,2015,20.9,Ireland
A,PCH_PRE,RLPR_HW,IE,2016,-3.8,Ireland
A,PCH_PRE,RLPR_HW,IE,2017,5.4,Ireland
A,PCH_PRE,RLPR_HW,IE,2018,3.7,Ireland
A,PCH_PRE,RLPR_HW,IE,2019,1.7,Ireland
A,PCH_PRE,RLPR_HW,IE,2020,18.0,Ireland
A,PCH_PRE,RLPR_HW,IE,2021,8.3,Ireland
A,PCH_PRE,RLPR_HW,IE,2022,-0.8,Ireland
A,PCH_PRE,RLPR_HW,IE,2023,-4.9,Ireland
A,PCH_PRE,RLPR_HW,IE,2024,1.5,Ireland
A,PCH_PRE,RLPR_HW,IT,2000,2.9,Italy
A,PCH_PRE,RLPR_HW,IT,2001,0.6,Italy
A,PCH_PRE,RLPR_HW,IT,2002,-0.6,Italy
A,PCH_PRE,RLPR_HW,IT,2003,-0.6,Italy
A,PCH_PRE,RLPR_HW,IT,2004,1.0,Italy
A,PCH_PRE,RLPR_HW,IT,2005,0.5,Italy
A,PCH_PRE,RLPR_HW,IT,2006,-0.3,Italy
A,PCH_PRE,RLPR_HW,IT,2007,-0.1,Italy
A,PCH_PRE,RLPR_HW,IT,2008,-0.6,Italy
A,PCH_PRE,RLPR_HW,IT,2009,-1.9,Italy
A,PCH_PRE,RLPR_HW,IT,2010,2.1,Italy
A,PCH_PRE,RLPR_HW,IT,2011,0.7,Italy
A,PCH_PRE,RLPR_HW,IT,2012,-0.7,Italy
A,PCH_PRE,RLPR_HW,IT,2013,0.8,Italy
A,PCH_PRE,RLPR_HW,IT,2014,0.1,Italy
A,PCH_PRE,RLPR_HW,IT,2015,0.1,Italy
A,PCH_PRE,RLPR_HW,IT,2016,-0.4,Italy
A,PCH_PRE,RLPR_HW,IT,2017,0.5,Italy
A,PCH_PRE,RLPR_HW,IT,2018,-0.2,Italy
A,PCH_PRE,RLPR_HW,IT,2019,0.4,Italy
A,PCH_PRE,RLPR_HW,IT,2020,3.3,Italy
A,PCH_PRE,RLPR_HW,IT,2021,-1.2,Italy
A,PCH_PRE,RLPR_HW,IT,2022,0.5,Italy
A,PCH_PRE,RLPR_HW,IT,2023,-2.1,Italy
A,PCH_PRE,RLPR_HW,IT,2024,-1.4,Italy
A,PCH_PRE,RLPR_HW,LT,2000,1.0,Lithuania
A,PCH_PRE,RLPR_HW,LT,2001,11.5,Lithuania
A,PCH_PRE,RLPR_HW,LT,2002,4.6,Lithuania
A,PCH_PRE,RLPR_HW,LT,2003,9.1,Lithuania
A,PCH_PRE,RLPR_HW,LT,2004,2.5,Lithuania
A,PCH_PRE,RLPR_HW,LT,2005,6.8,Lithuania
A,PCH_PRE,RLPR_HW,LT,2006,8.3,Lithuania
A,PCH_PRE,RLPR_HW,LT,2007,7.2,Lithuania
A,PCH_PRE,RLPR_HW,LT,2008,2.2,Lithuania
A,PCH_PRE,RLPR_HW,LT,2009,-4.3,Lithuania
A,PCH_PRE,RLPR_HW,LT,2010,4.4,Lithuania
A,PCH_PRE,RLPR_HW,LT,2011,7.2,Lithuania
A,PCH_PRE,RLPR_HW,LT,2012,2.6,Lithuania
A,PCH_PRE,RLPR_HW,LT,2013,3.6,Lithuania
A,PCH_PRE,RLPR_HW,LT,2014,2.2,Lithuania
A,PCH_PRE,RLPR_HW,LT,2015,0.0,Lithuania
A,PCH_PRE,RLPR_HW,LT,2016,-0.9,Lithuania
A,PCH_PRE,RLPR_HW,LT,2017,7.7,Lithuania
A,PCH_PRE,RLPR_HW,LT,2018,3.1,Lithuania
A,PCH_PRE,RLPR_HW,LT,2019,4.0,Lithuania
A,PCH_PRE,RLPR_HW,LT,2020,6.1,Lithuania
A,PCH_PRE,RLPR_HW,LT,2021,3.5,Lithuania
A,PCH_PRE,RLPR_HW,LT,2022,-2.7,Lithuania
A,PCH_PRE,RLPR_HW,LT,2023,-1.6,Lithuania
A,PCH_PRE,RLPR_HW,LT,2024,0.3,Lithuania
A,PCH_PRE,RLPR_HW,LU,2000,1.2,Luxembourg
A,PCH_PRE,RLPR_HW,LU,2001,-1.8,Luxembourg
A,PCH_PRE,RLPR_HW,LU,2002,0.8,Luxembourg
A,PCH_PRE,RLPR_HW,LU,2003,0.7,Luxembourg
A,PCH_PRE,RLPR_HW,LU,2004,1.9,Luxembourg
A,PCH_PRE,RLPR_HW,LU,2005,1.0,Luxembourg
A,PCH_PRE,RLPR_HW,LU,2006,2.1,Luxembourg
A,PCH_PRE,RLPR_HW,LU,2007,2.7,Luxembourg
A,PCH_PRE,RLPR_HW,LU,2008,-4.8,Luxembourg
A,PCH_PRE,RLPR_HW,LU,2009,-0.2,Luxembourg
A,PCH_PRE,RLPR_HW,LU,2010,1.7,Luxembourg
A,PCH_PRE,RLPR_HW,LU,2011,-1.8,Luxembourg
A,PCH_PRE,RLPR_HW,LU,2012,-0.4,Luxembourg
A,PCH_PRE,RLPR_HW,LU,2013,1.8,Luxembourg
A,PCH_PRE,RLPR_HW,LU,2014,-0.2,Luxembourg
A,PCH_PRE,RLPR_HW,LU,2015,-0.8,Luxembourg
A,PCH_PRE,RLPR_HW,LU,2016,2.0,Luxembourg
A,PCH_PRE,RLPR_HW,LU,2017,-1.5,Luxembourg
A,PCH_PRE,RLPR_HW,LU,2018,-1.2,Luxembourg
A,PCH_PRE,RLPR_HW,LU,2019,-0.4,Luxembourg
A,PCH_PRE,RLPR_HW,LU,2020,5.2,Luxembourg
A,PCH_PRE,RLPR_HW,LU,2021,-2.2,Luxembourg
A,PCH_PRE,RLPR_HW,LU,2022,-4.0,Luxembourg
A,PCH_PRE,RLPR_HW,LU,2023,-1.5,Luxembourg
A,PCH_PRE,RLPR_HW,LU,2024,-0.7,Luxembourg
A,PCH_PRE,RLPR_HW,LV,2000,9.3,Latvia
A,PCH_PRE,RLPR_HW,LV,2001,4.3,Latvia
A,PCH_PRE,RLPR_HW,LV,2002,7.9,Latvia
A,PCH_PRE,RLPR_HW,LV,2003,8.1,Latvia
A,PCH_PRE,RLPR_HW,LV,2004,10.5,Latvia
A,PCH_PRE,RLPR_HW,LV,2005,8.2,Latvia
A,PCH_PRE,RLPR_HW,LV,2006,7.4,Latvia
A,PCH_PRE,RLPR_HW,LV,2007,8.5,Latvia
A,PCH_PRE,RLPR_HW,LV,2008,-0.2,Latvia
A,PCH_PRE,RLPR_HW,LV,2009,0.5,Latvia
A,PCH_PRE,RLPR_HW,LV,2010,4.1,Latvia
A,PCH_PRE,RLPR_HW,LV,2011,0.6,Latvia
A,PCH_PRE,RLPR_HW,LV,2012,6.7,Latvia
A,PCH_PRE,RLPR_HW,LV,2013,0.1,Latvia
A,PCH_PRE,RLPR_HW,LV,2014,2.9,Latvia
A,PCH_PRE,RLPR_HW,LV,2015,4.3,Latvia
A,PCH_PRE,RLPR_HW,LV,2016,2.8,Latvia
A,PCH_PRE,RLPR_HW,LV,2017,4.3,Latvia
A,PCH_PRE,RLPR_HW,LV,2018,1.5,Latvia
A,PCH_PRE,RLPR_HW,LV,2019,-1.3,Latvia
A,PCH_PRE,RLPR_HW,LV,2020,2.8,Latvia
A,PCH_PRE,RLPR_HW,LV,2021,6.5,Latvia
A,PCH_PRE,RLPR_HW,LV,2022,-0.3,Latvia
A,PCH_PRE,RLPR_HW,LV,2023,-1.0,Latvia
A,PCH_PRE,RLPR_HW,LV,2024,0.9,Latvia
A,PCH_PRE,RLPR_HW,MT,2001,-0.6,Malta
A,PCH_PRE,RLPR_HW,MT,2002,2.2,Malta
A,PCH_PRE,RLPR_HW,MT,2003,3.5,Malta
A,PCH_PRE,RLPR_HW,MT,2004,4.0,Malta
A,PCH_PRE,RLPR_HW,MT,2005,1.9,Malta
A,PCH_PRE,RLPR_HW,MT,2006,0.1,Malta
A,PCH_PRE,RLPR_HW,MT,2007,1.6,Malta
A,PCH_PRE,RLPR_HW,MT,2008,1.7,Malta
A,PCH_PRE,RLPR_HW,MT,2009,-1.5,Malta
A,PCH_PRE,RLPR_HW,MT,2010,7.2,Malta
A,PCH_PRE,RLPR_HW,MT,2011,1.3,Malta
A,PCH_PRE,RLPR_HW,MT,2012,3.3,Malta
A,PCH_PRE,RLPR_HW,MT,2013,2.7,Malta
A,PCH_PRE,RLPR_HW,MT,2014,4.4,Malta
A,PCH_PRE,RLPR_HW,MT,2015,5.6,Malta
A,PCH_PRE,RLPR_HW,MT,2016,-4.2,Malta
A,PCH_PRE,RLPR_HW,MT,2017,8.6,Malta
A,PCH_PRE,RLPR_HW,MT,2018,-1.1,Malta
A,PCH_PRE,RLPR_HW,MT,2019,-4.8,Malta
A,PCH_PRE,RLPR_HW,MT,2020,1.4,Malta
A,PCH_PRE,RLPR_HW,MT,2021,9.6,Malta
A,PCH_PRE,RLPR_HW,MT,2022,-2.6,Malta
A,PCH_PRE,RLPR_HW,MT,2023,3.4,Malta
A,PCH_PRE,RLPR_HW,MT,2024,2.3,Malta
A,PCH_PRE,RLPR_HW,NL,2000,3.3,Netherlands
A,PCH_PRE,RLPR_HW,NL,2001,1.0,Netherlands
A,PCH_PRE,RLPR_HW,NL,2002,0.8,Netherlands
A,PCH_PRE,RLPR_HW,NL,2003,1.3,Netherlands
A,PCH_PRE,RLPR_HW,NL,2004,1.7,Netherlands
A,PCH_PRE,RLPR_HW,NL,2005,2.4,Netherlands
A,PCH_PRE,RLPR_HW,NL,2006,1.6,Netherlands
A,PCH_PRE,RLPR_HW,NL,2007,1.0,Netherlands
A,PCH_PRE,RLPR_HW,NL,2008,0.5,Netherlands
A,PCH_PRE,RLPR_HW,NL,2009,-2.2,Netherlands
A,PCH_PRE,RLPR_HW,NL,2010,2.1,Netherlands
A,PCH_PRE,RLPR_HW,NL,2011,0.9,Netherlands
A,PCH_PRE,RLPR_HW,NL,2012,-0.1,Netherlands
A,PCH_PRE,RLPR_HW,NL,2013,0.9,Netherlands
A,PCH_PRE,RLPR_HW,NL,2014,0.9,Netherlands
A,PCH_PRE,RLPR_HW,NL,2015,1.3,Netherlands
A,PCH_PRE,RLPR_HW,NL,2016,0.0,Netherlands
A,PCH_PRE,RLPR_HW,NL,2017,0.4,Netherlands
A,PCH_PRE,RLPR_HW,NL,2018,-0.4,Netherlands
A,PCH_PRE,RLPR_HW,NL,2019,-0.3,Netherlands
A,PCH_PRE,RLPR_HW,NL,2020,0.4,Netherlands
A,PCH_PRE,RLPR_HW,NL,2021,1.6,Netherlands
A,PCH_PRE,RLPR_HW,NL,2022,1.1,Netherlands
A,PCH_PRE,RLPR_HW,NL,2023,-1.8,Netherlands
A,PCH_PRE,RLPR_HW,NL,2024,-0.6,Netherlands
A,PCH_PRE,RLPR_HW,PL,2000,8.0,Poland
A,PCH_PRE,RLPR_HW,PL,2001,3.4,Poland
A,PCH_PRE,RLPR_HW,PL,2002,5.3,Poland
A,PCH_PRE,RLPR_HW,PL,2003,4.5,Poland
A,PCH_PRE,RLPR_HW,PL,2004,3.9,Poland
A,PCH_PRE,RLPR_HW,PL,2005,1.3,Poland
A,PCH_PRE,RLPR_HW,PL,2006,2.9,Poland
A,PCH_PRE,RLPR_HW,PL,2007,2.3,Poland
A,PCH_PRE,RLPR_HW,PL,2008,1.0,Poland
A,PCH_PRE,RLPR_HW,PL,2009,3.0,Poland
A,PCH_PRE,RLPR_HW,PL,2010,6.3,Poland
A,PCH_PRE,RLPR_HW,PL,2011,4.9,Poland
A,PCH_PRE,RLPR_HW,PL,2012,1.7,Poland
A,PCH_PRE,RLPR_HW,PL,2013,0.9,Poland
A,PCH_PRE,RLPR_HW,PL,2014,1.8,Poland
A,PCH_PRE,RLPR_HW,PL,2015,2.5,Poland
A,PCH_PRE,RLPR_HW,PL,2016,2.1,Poland
A,PCH_PRE,RLPR_HW,PL,2017,4.9,Poland
A,PCH_PRE,RLPR_HW,PL,2018,7.1,Poland
A,PCH_PRE,RLPR_HW,PL,2019,1.6,Poland
A,PCH_PRE,RLPR_HW,PL,2020,-1.3,Poland
A,PCH_PRE,RLPR_HW,PL,2021,1.2,Poland
A,PCH_PRE,RLPR_HW,PL,2022,4.6,Poland
A,PCH_PRE,RLPR_HW,PL,2023,0.8,Poland
A,PCH_PRE,RLPR_HW,PL,2024,5.1,Poland
A,PCH_PRE,RLPR_HW,PT,2000,1.1,Portugal
A,PCH_PRE,RLPR_HW,PT,2001,1.1,Portugal
A,PCH_PRE,RLPR_HW,PT,2002,0.8,Portugal
A,PCH_PRE,RLPR_HW,PT,2003,0.4,Portugal
A,PCH_PRE,RLPR_HW,PT,2004,2.2,Portugal
A,PCH_PRE,RLPR_HW,PT,2005,1.1,Portugal
A,PCH_PRE,RLPR_HW,PT,2006,1.9,Portugal
A,PCH_PRE,RLPR_HW,PT,2007,1.6,Portugal
A,PCH_PRE,RLPR_HW,PT,2008,0.6,Portugal
A,PCH_PRE,RLPR_HW,PT,2009,-0.4,Portugal
A,PCH_PRE,RLPR_HW,PT,2010,3.1,Portugal
A,PCH_PRE,RLPR_HW,PT,2011,1.7,Portugal
A,PCH_PRE,RLPR_HW,PT,2012,1.2,Portugal
A,PCH_PRE,RLPR_HW,PT,2013,1.4,Portugal
A,PCH_PRE,RLPR_HW,PT,2014,-1.2,Portugal
A,PCH_PRE,RLPR_HW,PT,2015,-0.3,Portugal
A,PCH_PRE,RLPR_HW,PT,2016,-0.1,Portugal
A,PCH_PRE,RLPR_HW,PT,2017,0.6,Portugal
A,PCH_PRE,RLPR_HW,PT,2018,0.0,Portugal
A,PCH_PRE,RLPR_HW,PT,2019,1.6,Portugal
A,PCH_PRE,RLPR_HW,PT,2020,0.0,Portugal
A,PCH_PRE,RLPR_HW,PT,2021,1.0,Portugal
A,PCH_PRE,RLPR_HW,PT,2022,0.8,Portugal
A,PCH_PRE,RLPR_HW,PT,2023,-1.7,Portugal
A,PCH_PRE,RLPR_HW,PT,2024,1.3,Portugal
A,PCH_PRE,RLPR_HW,RO,2000,3.1,Romania
A,PCH_PRE,RLPR_HW,RO,2001,6.4,Romania
A,PCH_PRE,RLPR_HW,RO,2002,16.7,Romania
A,PCH_PRE,RLPR_HW,RO,2003,4.1,Romania
A,PCH_PRE,RLPR_HW,RO,2004,12.0,Romania
A,PCH_PRE,RLPR_HW,RO,2005,5.5,Romania
A,PCH_PRE,RLPR_HW,RO,2006,8.1,Romania
A,PCH_PRE,RLPR_HW,RO,2007,5.5,Romania
A,PCH_PRE,RLPR_HW,RO,2008,11.1,Romania
A,PCH_PRE,RLPR_HW,RO,2009,-0.9,Romania
A,PCH_PRE,RLPR_HW,RO,2010,-2.0,Romania
A,PCH_PRE,RLPR_HW,RO,2011,6.5,Romania
A,PCH_PRE,RLPR_HW,RO,2012,2.6,Romania
A,PCH_PRE,RLPR_HW,RO,2013,1.5,Romania
A,PCH_PRE,RLPR_HW,RO,2014,4.1,Romania
A,PCH_PRE,RLPR_HW,RO,2015,4.9,Romania
A,PCH_PRE,RLPR_HW,RO,2016,2.7,Romania
A,PCH_PRE,RLPR_HW,RO,2017,7.0,Romania
A,PCH_PRE,RLPR_HW,RO,2018,5.2,Romania
A,PCH_PRE,RLPR_HW,RO,2019,2.9,Romania
A,PCH_PRE,RLPR_HW,RO,2020,1.0,Romania
A,PCH_PRE,RLPR_HW,RO,2021,0.9,Romania
A,PCH_PRE,RLPR_HW,RO,2022,4.6,Romania
A,PCH_PRE,RLPR_HW,RO,2023,4.4,Romania
A,PCH_PRE,RLPR_HW,RO,2024,-2.9,Romania
A,PCH_PRE,RLPR_HW,SE,2000,3.3,Sweden
A,PCH_PRE,RLPR_HW,SE,2001,0.7,Sweden
A,PCH_PRE,RLPR_HW,SE,2002,3.7,Sweden
A,PCH_PRE,RLPR_HW,SE,2003,3.3,Sweden
A,PCH_PRE,RLPR_HW,SE,2004,3.2,Sweden
A,PCH_PRE,RLPR_HW,SE,2005,2.9,Sweden
A,PCH_PRE,RLPR_HW,SE,2006,2.8,Sweden
A,PCH_PRE,RLPR_HW,SE,2007,0.1,Sweden
A,PCH_PRE,RLPR_HW,SE,2008,-2.3,Sweden
A,PCH_PRE,RLPR_HW,SE,2009,-1.3,Sweden
A,PCH_PRE,RLPR_HW,SE,2010,3.3,Sweden
A,PCH_PRE,RLPR_HW,SE,2011,0.8,Sweden
A,PCH_PRE,RLPR_HW,SE,2012,-0.3,Sweden
A,PCH_PRE,RLPR_HW,SE,2013,0.7,Sweden
A,PCH_PRE,RLPR_HW,SE,2014,0.8,Sweden
A,PCH_PRE,RLPR_HW,SE,2015,2.7,Sweden
A,PCH_PRE,RLPR_HW,SE,2016,-0.6,Sweden
A,PCH_PRE,RLPR_HW,SE,2017,0.2,Sweden
A,PCH_PRE,RLPR_HW,SE,2018,0.1,Sweden
A,PCH_PRE,RLPR_HW,SE,2019,2.9,Sweden
A,PCH_PRE,RLPR_HW,SE,2020,1.3,Sweden
A,PCH_PRE,RLPR_HW,SE,2021,2.6,Sweden
A,PCH_PRE,RLPR_HW,SE,2022,-1.8,Sweden
A,PCH_PRE,RLPR_HW,SE,2023,-1.2,Sweden
A,PCH_PRE,RLPR_HW,SE,2024,2.6,Sweden
A,PCH_PRE,RLPR_HW,SI,2000,3.2,Slovenia
A,PCH_PRE,RLPR_HW,SI,2001,3.1,Slovenia
A,PCH_PRE,RLPR_HW,SI,2002,0.4,Slovenia
A,PCH_PRE,RLPR_HW,SI,2003,3.4,Slovenia
A,PCH_PRE,RLPR_HW,SI,2004,3.2,Slovenia
A,PCH_PRE,RLPR_HW,SI,2005,6.8,Slovenia
A,PCH_PRE,RLPR_HW,SI,2006,6.1,Slovenia
A,PCH_PRE,RLPR_HW,SI,2007,4.4,Slovenia
A,PCH_PRE,RLPR_HW,SI,2008,-0.3,Slovenia
A,PCH_PRE,RLPR_HW,SI,2009,-6.4,Slovenia
A,PCH_PRE,RLPR_HW,SI,2010,3.2,Slovenia
A,PCH_PRE,RLPR_HW,SI,2011,3.4,Slovenia
A,PCH_PRE,RLPR_HW,SI,2012,-0.9,Slovenia
A,PCH_PRE,RLPR_HW,SI,2013,-0.8,Slovenia
A,PCH_PRE,RLPR_HW,SI,2014,1.1,Slovenia
A,PCH_PRE,RLPR_HW,SI,2015,0.7,Slovenia
A,PCH_PRE,RLPR_HW,SI,2016,3.3,Slovenia
A,PCH_PRE,RLPR_HW,SI,2017,4.2,Slovenia
A,PCH_PRE,RLPR_HW,SI,2018,2.3,Slovenia
A,PCH_PRE,RLPR_HW,SI,2019,1.1,Slovenia
A,PCH_PRE,RLPR_HW,SI,2020,0.9,Slovenia
A,PCH_PRE,RLPR_HW,SI,2021,3.0,Slovenia
A,PCH_PRE,RLPR_HW,SI,2022,-1.3,Slovenia
A,PCH_PRE,RLPR_HW,SI,2023,2.3,Slovenia
A,PCH_PRE,RLPR_HW,SI,2024,-0.7,Slovenia
A,PCH_PRE,RLPR_HW,SK,2000,2.8,Slovakia
A,PCH_PRE,RLPR_HW,SK,2001,3.2,Slovakia
A,PCH_PRE,RLPR_HW,SK,2002,7.1,Slovakia
A,PCH_PRE,RLPR_HW,SK,2003,7.2,Slovakia
A,PCH_PRE,RLPR_HW,SK,2004,2.9,Slovakia
A,PCH_PRE,RLPR_HW,SK,2005,3.2,Slovakia
A,PCH_PRE,RLPR_HW,SK,2006,6.4,Slovakia
A,PCH_PRE,RLPR_HW,SK,2007,7.5,Slovakia
A,PCH_PRE,RLPR_HW,SK,2008,2.0,Slovakia
A,PCH_PRE,RLPR_HW,SK,2009,-2.9,Slovakia
A,PCH_PRE,RLPR_HW,SK,2010,6.9,Slovakia
A,PCH_PRE,RLPR_HW,SK,2011,1.5,Slovakia
A,PCH_PRE,RLPR_HW,SK,2012,1.7,Slovakia
A,PCH_PRE,RLPR_HW,SK,2013,2.5,Slovakia
A,PCH_PRE,RLPR_HW,SK,2014,2.0,Slovakia
A,PCH_PRE,RLPR_HW,SK,2015,3.5,Slovakia
A,PCH_PRE,RLPR_HW,SK,2016,0.4,Slovakia
A,PCH_PRE,RLPR_HW,SK,2017,2.2,Slovakia
A,PCH_PRE,RLPR_HW,SK,2018,2.6,Slovakia
A,PCH_PRE,RLPR_HW,SK,2019,1.9,Slovakia
A,PCH_PRE,RLPR_HW,SK,2020,6.9,Slovakia
A,PCH_PRE,RLPR_HW,SK,2021,5.6,Slovakia
A,PCH_PRE,RLPR_HW,SK,2022,-3.0,Slovakia
A,PCH_PRE,RLPR_HW,SK,2023,0.9,Slovakia
A,PCH_PRE,RLPR_HW,SK,2024,1.7,Slovakia
A,PC_EU27_2020,HW_EMP,AT,2000,105.3,Austria
A,PC_EU27_2020,HW_EMP,AT,2001,105.1,Austria
A,PC_EU27_2020,HW_EMP,AT,2002,105.7,Austria
A,PC_EU27_2020,HW_EMP,AT,2003,105.7,Austria
A,PC_EU27_2020,HW_EMP,AT,2004,105.4,Austria
A,PC_EU27_2020,HW_EMP,AT,2005,104.2,Austria
A,PC_EU27_2020,HW_EMP,AT,2006,103.3,Austria
A,PC_EU27_2020,HW_EMP,AT,2007,102.6,Austria
A,PC_EU27_2020,HW_EMP,AT,2008,102.3,Austria
A,PC_EU27_2020,HW_EMP,AT,2009,100.9,Austria
A,PC_EU27_2020,HW_EMP,AT,2010,100.3,Austria
A,PC_EU27_2020,HW_EMP,AT,2011,100.7,Austria
A,PC_EU27_2020,HW_EMP,AT,2012,100.2,Austria
A,PC_EU27_2020,HW_EMP,AT,2013,99.8,Austria
A,PC_EU27_2020,HW_EMP,AT,2014,99.3,Austria
A,PC_EU27_2020,HW_EMP,AT,2015,98.0,Austria
A,PC_EU27_2020,HW_EMP,AT,2016,98.6,Austria
A,PC_EU27_2020,HW_EMP,AT,2017,98.5,Austria
A,PC_EU27_2020,HW_EMP,AT,2018,98.9,Austria
A,PC_EU27_2020,HW_EMP,AT,2019,99.6,Austria
A,PC_EU27_2020,HW_EMP,AT,2020,97.7,Austria
A,PC_EU27_2020,HW_EMP,AT,2021,96.6,Austria
A,PC_EU27_2020,HW_EMP,AT,2022,95.6,Austria
A,PC_EU27_2020,HW_EMP,AT,2023,95.4,Austria
A,PC_EU27_2020,HW_EMP,AT,2024,95.4,Austria
A,PC_EU27_2020,HW_EMP,BE,2000,93.1,Belgium
A,PC_EU27_2020,HW_EMP,BE,2001,93.2,Belgium
A,PC_EU27_2020,HW_EMP,BE,2002,94.6,Belgium
A,PC_EU27_2020,HW_EMP,BE,2003,95.3,Belgium
A,PC_EU27_2020,HW_EMP,BE,2004,94.3,Belgium
A,PC_EU27_2020,HW_EMP,BE,2005,94.0,Belgium
A,PC_EU27_2020,HW_EMP,BE,2006,94.9,Belgium
A,PC_EU27_2020,HW_EMP,BE,2007,94.9,Belgium
A,PC_EU27_2020,HW_EMP,BE,2008,94.3,Belgium
A,PC_EU27_2020,HW_EMP,BE,2009,94.5,Belgium
A,PC_EU27_2020,HW_EMP,BE,2010,95.2,Belgium
A,PC_EU27_2020,HW_EMP,BE,2011,96.2,Belgium
A,PC_EU27_2020,HW_EMP,BE,2012,97.0,Belgium
A,PC_EU27_2020,HW_EMP,BE,2013,97.5,Belgium
A,PC_EU27_2020,HW_EMP,BE,2014,97.3,Belgium
A,PC_EU27_2020,HW_EMP,BE,2015,97.0,Belgium
A,PC_EU27_2020,HW_EMP,BE,2016,96.7,Belgium
A,PC_EU27_2020,HW_EMP,BE,2017,97.4,Belgium
A,PC_EU27_2020,HW_EMP,BE,2018,97.7,Belgium
A,PC_EU27_2020,HW_EMP,BE,2019,97.9,Belgium
A,PC_EU27_2020,HW_EMP,BE,2020,95.3,Belgium
A,PC_EU27_2020,HW_EMP,BE,2021,97.3,Belgium
A,PC_EU27_2020,HW_EMP,BE,2022,98.9,Belgium
A,PC_EU27_2020,HW_EMP,BE,2023,99.0,Belgium
A,PC_EU27_2020,HW_EMP,BE,2024,98.4,Belgium
A,PC_EU27_2020,HW_EMP,BG,2000,96.1,Bulgaria
A,PC_EU27_2020,HW_EMP,BG,2001,97.3,Bulgaria
A,PC_EU27_2020,HW_EMP,BG,2002,98.0,Bulgaria
A,PC_EU27_2020,HW_EMP,BG,2003,97.8,Bulgaria
A,PC_EU27_2020,HW_EMP,BG,2004,98.8,Bulgaria
A,PC_EU27_2020,HW_EMP,BG,2005,98.8,Bulgaria
A,PC_EU27_2020,HW_EMP,BG,2006,98.6,Bulgaria
A,PC_EU27_2020,HW_EMP,BG,2007,98.5,Bulgaria
A,PC_EU27_2020,HW_EMP,BG,2008,100.9,Bulgaria
A,PC_EU27_2020,HW_EMP,BG,2009,99.5,Bulgaria
A,PC_EU27_2020,HW_EMP,BG,2010,99.2,Bulgaria
A,PC_EU27_2020,HW_EMP,BG,2011,99.1,Bulgaria
A,PC_EU27_2020,HW_EMP,BG,2012,100.2,Bulgaria
A,PC_EU27_2020,HW_EMP,BG,2013,100.8,Bulgaria
A,PC_EU27_2020,HW_EMP,BG,2014,100.7,Bulgaria
A,PC_EU27_2020,HW_EMP,BG,2015,100.8,Bulgaria
A,PC_EU27_2020,HW_EMP,BG,2016,100.5,Bulgaria
A,PC_EU27_2020,HW_EMP,BG,2017,101.0,Bulgaria
A,PC_EU27_2020,HW_EMP,BG,2018,101.2,Bulgaria
A,PC_EU27_2020,HW_EMP,BG,2019,101.6,Bulgaria
A,PC_EU27_2020,HW_EMP,BG,2020,105.1,Bulgaria
A,PC_EU27_2020,HW_EMP,BG,2021,101.7,Bulgaria
A,PC_EU27_2020,HW_EMP,BG,2022,100.7,Bulgaria
A,PC_EU27_2020,HW_EMP,BG,2023,103.2,Bulgaria
A,PC_EU27_2020,HW_EMP,BG,2024,101.0,Bulgaria
A,PC_EU27_2020,HW_EMP,CY,2000,112.8,Cyprus
A,PC_EU27_2020,HW_EMP,CY,2001,115.0,Cyprus
A,PC_EU27_2020,HW_EMP,CY,2002,114.2,Cyprus
A,PC_EU27_2020,HW_EMP,CY,2003,114.3,Cyprus
A,PC_EU27_2020,HW_EMP,CY,2004,111.5,Cyprus
A,PC_EU27_2020,HW_EMP,CY,2005,110.0,Cyprus
A,PC_EU27_2020,HW_EMP,CY,2006,109.3,Cyprus
A,PC_EU27_2020,HW_EMP,CY,2007,110.9,Cyprus
A,PC_EU27_2020,HW_EMP,CY,2008,111.3,Cyprus
A,PC_EU27_2020,HW_EMP,CY,2009,111.6,Cyprus
A,PC_EU27_2020,HW_EMP,CY,2010,111.3,Cyprus
A,PC_EU27_2020,HW_EMP,CY,2011,111.4,Cyprus
A,PC_EU27_2020,HW_EMP,CY,2012,112.4,Cyprus
A,PC_EU27_2020,HW_EMP,CY,2013,110.9,Cyprus
A,PC_EU27_2020,HW_EMP,CY,2014,111.2,Cyprus
A,PC_EU27_2020,HW_EMP,CY,2015,111.8,Cyprus
A,PC_EU27_2020,HW_EMP,CY,2016,112.5,Cyprus
A,PC_EU27_2020,HW_EMP,CY,2017,112.0,Cyprus
A,PC_EU27_2020,HW_EMP,CY,2018,111.2,Cyprus
A,PC_EU27_2020,HW_EMP,CY,2019,111.8,Cyprus
A,PC_EU27_2020,HW_EMP,CY,2020,112.7,Cyprus
A,PC_EU27_2020,HW_EMP,CY,2021,114.1,Cyprus
A,PC_EU27_2020,HW_EMP,CY,2022,114.2,Cyprus
A,PC_EU27_2020,HW_EMP,CY,2023,114.2,Cyprus
A,PC_EU27_2020,HW_EMP,CY,2024,114.3,Cyprus
A,PC_EU27_2020,HW_EMP,CZ,2000,111.3,Czechia
A,PC_EU27_2020,HW_EMP,CZ,2001,107.4,Czechia
A,PC_EU27_2020,HW_EMP,CZ,2002,107.6,Czechia
A,PC_EU27_2020,HW_EMP,CZ,2003,107.3,Czechia
A,PC_EU27_2020,HW_EMP,CZ,2004,107.7,Czechia
A,PC_EU27_2020,HW_EMP,CZ,2005,107.4,Czechia
A,PC_EU27_2020,HW_EMP,CZ,2006,106.7,Czechia
A,PC_EU27_2020,HW_EMP,CZ,2007,105.7,Czechia
A,PC_EU27_2020,HW_EMP,CZ,2008,106.6,Czechia
A,PC_EU27_2020,HW_EMP,CZ,2009,107.5,Czechia
A,PC_EU27_2020,HW_EMP,CZ,2010,108.5,Czechia
A,PC_EU27_2020,HW_EMP,CZ,2011,108.9,Czechia
A,PC_EU27_2020,HW_EMP,CZ,2012,108.1,Czechia
A,PC_EU27_2020,HW_EMP,CZ,2013,107.9,Czechia
A,PC_EU27_2020,HW_EMP,CZ,2014,108.5,Czechia
A,PC_EU27_2020,HW_EMP,CZ,2015,107.2,Czechia
A,PC_EU27_2020,HW_EMP,CZ,2016,108.4,Czechia
A,PC_EU27_2020,HW_EMP,CZ,2017,109.1,Czechia
A,PC_EU27_2020,HW_EMP,CZ,2018,109.8,Czechia
A,PC_EU27_2020,HW_EMP,CZ,2019,110.0,Czechia
A,PC_EU27_2020,HW_EMP,CZ,2020,109.2,Czechia
A,PC_EU27_2020,HW_EMP,CZ,2021,108.0,Czechia
A,PC_EU27_2020,HW_EMP,CZ,2022,110.6,Czechia
A,PC_EU27_2020,HW_EMP,CZ,2023,110.9,Czechia
A,PC_EU27_2020,HW_EMP,CZ,2024,111.9,Czechia
A,PC_EU27_2020,HW_EMP,DE,2000,85.8,Germany
A,PC_EU27_2020,HW_EMP,DE,2001,85.9,Germany
A,PC_EU27_2020,HW_EMP,DE,2002,86.0,Germany
A,PC_EU27_2020,HW_EMP,DE,2003,86.1,Germany
A,PC_EU27_2020,HW_EMP,DE,2004,85.7,Germany
A,PC_EU27_2020,HW_EMP,DE,2005,85.3,Germany
A,PC_EU27_2020,HW_EMP,DE,2006,86.6,Germany
A,PC_EU27_2020,HW_EMP,DE,2007,86.6,Germany
A,PC_EU27_2020,HW_EMP,DE,2008,86.2,Germany
A,PC_EU27_2020,HW_EMP,DE,2009,85.0,Germany
A,PC_EU27_2020,HW_EMP,DE,2010,86.0,Germany
A,PC_EU27_2020,HW_EMP,DE,2011,86.1,Germany
A,PC_EU27_2020,HW_EMP,DE,2012,85.6,Germany
A,PC_EU27_2020,HW_EMP,DE,2013,85.5,Germany
A,PC_EU27_2020,HW_EMP,DE,2014,85.8,Germany
A,PC_EU27_2020,HW_EMP,DE,2015,85.9,Germany
A,PC_EU27_2020,HW_EMP,DE,2016,85.3,Germany
A,PC_EU27_2020,HW_EMP,DE,2017,85.3,Germany
A,PC_EU27_2020,HW_EMP,DE,2018,85.0,Germany
A,PC_EU27_2020,HW_EMP,DE,2019,84.6,Germany
A,PC_EU27_2020,HW_EMP,DE,2020,85.8,Germany
A,PC_EU27_2020,HW_EMP,DE,2021,84.2,Germany
A,PC_EU27_2020,HW_EMP,DE,2022,83.8,Germany
A,PC_EU27_2020,HW_EMP,DE,2023,83.5,Germany
A,PC_EU27_2020,HW_EMP,DE,2024,83.6,Germany
A,PC_EU27_2020,HW_EMP,DK,2000,85.9,Denmark
A,PC_EU27_2020,HW_EMP,DK,2001,86.6,Denmark
A,PC_EU27_2020,HW_EMP,DK,2002,86.8,Denmark
A,PC_EU27_2020,HW_EMP,DK,2003,86.9,Denmark
A,PC_EU27_2020,HW_EMP,DK,2004,86.6,Denmark
A,PC_EU27_2020,HW_EMP,DK,2005,86.4,Denmark
A,PC_EU27_2020,HW_EMP,DK,2006,86.8,Denmark
A,PC_EU27_2020,HW_EMP,DK,2007,85.3,Denmark
A,PC_EU27_2020,HW_EMP,DK,2008,85.2,Denmark
A,PC_EU27_2020,HW_EMP,DK,2009,85.6,Denmark
A,PC_EU27_2020,HW_EMP,DK,2010,85.8,Denmark
A,PC_EU27_2020,HW_EMP,DK,2011,86.7,Denmark
A,PC_EU27_2020,HW_EMP,DK,2012,86.7,Denmark
A,PC_EU27_2020,HW_EMP,DK,2013,87.3,Denmark
A,PC_EU27_2020,HW_EMP,DK,2014,86.6,Denmark
A,PC_EU27_2020,HW_EMP,DK,2015,86.2,Denmark
A,PC_EU27_2020,HW_EMP,DK,2016,86.3,Denmark
A,PC_EU27_2020,HW_EMP,DK,2017,86.3,Denmark
A,PC_EU27_2020,HW_EMP,DK,2018,85.0,Denmark
A,PC_EU27_2020,HW_EMP,DK,2019,84.7,Denmark
A,PC_EU27_2020,HW_EMP,DK,2020,87.5,Denmark
A,PC_EU27_2020,HW_EMP,DK,2021,87.2,Denmark
A,PC_EU27_2020,HW_EMP,DK,2022,86.1,Denmark
A,PC_EU27_2020,HW_EMP,DK,2023,85.4,Denmark
A,PC_EU27_2020,HW_EMP,DK,2024,84.9,Denmark
A,PC_EU27_2020,HW_EMP,EE,2000,115.9,Estonia
A,PC_EU27_2020,HW_EMP,EE,2001,116.1,Estonia
A,PC_EU27_2020,HW_EMP,EE,2002,117.1,Estonia
A,PC_EU27_2020,HW_EMP,EE,2003,118.0,Estonia
A,PC_EU27_2020,HW_EMP,EE,2004,118.0,Estonia
A,PC_EU27_2020,HW_EMP,EE,2005,119.6,Estonia
A,PC_EU27_2020,HW_EMP,EE,2006,119.3,Estonia
A,PC_EU27_2020,HW_EMP,EE,2007,119.0,Estonia
A,PC_EU27_2020,HW_EMP,EE,2008,117.3,Estonia
A,PC_EU27_2020,HW_EMP,EE,2009,110.7,Estonia
A,PC_EU27_2020,HW_EMP,EE,2010,113.1,Estonia
A,PC_EU27_2020,HW_EMP,EE,2011,115.7,Estonia
A,PC_EU27_2020,HW_EMP,EE,2012,114.9,Estonia
A,PC_EU27_2020,HW_EMP,EE,2013,114.3,Estonia
A,PC_EU27_2020,HW_EMP,EE,2014,113.9,Estonia
A,PC_EU27_2020,HW_EMP,EE,2015,113.5,Estonia
A,PC_EU27_2020,HW_EMP,EE,2016,113.4,Estonia
A,PC_EU27_2020,HW_EMP,EE,2017,114.1,Estonia
A,PC_EU27_2020,HW_EMP,EE,2018,110.4,Estonia
A,PC_EU27_2020,HW_EMP,EE,2019,109.7,Estonia
A,PC_EU27_2020,HW_EMP,EE,2020,112.3,Estonia
A,PC_EU27_2020,HW_EMP,EE,2021,107.1,Estonia
A,PC_EU27_2020,HW_EMP,EE,2022,104.6,Estonia
A,PC_EU27_2020,HW_EMP,EE,2023,104.9,Estonia
A,PC_EU27_2020,HW_EMP,EE,2024,105.1,Estonia
A,PC_EU27_2020,HW_EMP,EL,2000,126.0,Greece
A,PC_EU27_2020,HW_EMP,EL,2001,126.2,Greece
A,PC_EU27_2020,HW_EMP,EL,2002,126.5,Greece
A,PC_EU27_2020,HW_EMP,EL,2003,127.0,Greece
A,PC_EU27_2020,HW_EMP,EL,2004,125.5,Greece
A,PC_EU27_2020,HW_EMP,EL,2005,128.9,Greece
A,PC_EU27_2020,HW_EMP,EL,2006,128.1,Greece
A,PC_EU27_2020,HW_EMP,EL,2007,127.2,Greece
A,PC_EU27_2020,HW_EMP,EL,2008,126.6,Greece
A,PC_EU27_2020,HW_EMP,EL,2009,126.8,Greece
A,PC_EU27_2020,HW_EMP,EL,2010,122.9,Greece
A,PC_EU27_2020,HW_EMP,EL,2011,124.1,Greece
A,PC_EU27_2020,HW_EMP,EL,2012,127.9,Greece
A,PC_EU27_2020,HW_EMP,EL,2013,129.0,Greece
A,PC_EU27_2020,HW_EMP,EL,2014,126.0,Greece
A,PC_EU27_2020,HW_EMP,EL,2015,125.1,Greece
A,PC_EU27_2020,HW_EMP,EL,2016,125.3,Greece
A,PC_EU27_2020,HW_EMP,EL,2017,126.2,Greece
A,PC_EU27_2020,HW_EMP,EL,2018,127.3,Greece
A,PC_EU27_2020,HW_EMP,EL,2019,124.8,Greece
A,PC_EU27_2020,HW_EMP,EL,2020,119.5,Greece
A,PC_EU27_2020,HW_EMP,EL,2021,122.7,Greece
A,PC_EU27_2020,HW_EMP,EL,2022,124.1,Greece
A,PC_EU27_2020,HW_EMP,EL,2023,124.3,Greece
A,PC_EU27_2020,HW_EMP,EL,2024,124.5,Greece
A,PC_EU27_2020,HW_EMP,ES,2000,102.7,Spain
A,PC_EU27_2020,HW_EMP,ES,2001,103.9,Spain
A,PC_EU27_2020,HW_EMP,ES,2002,104.6,Spain
A,PC_EU27_2020,HW_EMP,ES,2003,104.4,Spain
A,PC_EU27_2020,HW_EMP,ES,2004,103.0,Spain
A,PC_EU27_2020,HW_EMP,ES,2005,102.3,Spain
A,PC_EU27_2020,HW_EMP,ES,2006,101.8,Spain
A,PC_EU27_2020,HW_EMP,ES,2007,100.9,Spain
A,PC_EU27_2020,HW_EMP,ES,2008,101.6,Spain
A,PC_EU27_2020,HW_EMP,ES,2009,103.4,Spain
A,PC_EU27_2020,HW_EMP,ES,2010,102.7,Spain
A,PC_EU27_2020,HW_EMP,ES,2011,103.1,Spain
A,PC_EU27_2020,HW_EMP,ES,2012,103.5,Spain
A,PC_EU27_2020,HW_EMP,ES,2013,103.4,Spain
A,PC_EU27_2020,HW_EMP,ES,2014,103.4,Spain
A,PC_EU27_2020,HW_EMP,ES,2015,103.6,Spain
A,PC_EU27_2020,HW_EMP,ES,2016,103.7,Spain
A,PC_EU27_2020,HW_EMP,ES,2017,103.8,Spain
A,PC_EU27_2020,HW_EMP,ES,2018,104.2,Spain
A,PC_EU27_2020,HW_EMP,ES,2019,103.5,Spain
A,PC_EU27_2020,HW_EMP,ES,2020,102.0,Spain
A,PC_EU27_2020,HW_EMP,ES,2021,102.5,Spain
A,PC_EU27_2020,HW_EMP,ES,2022,102.8,Spain
A,PC_EU27_2020,HW_EMP,ES,2023,102.3,Spain
A,PC_EU27_2020,HW_EMP,ES,2024,102.1,Spain
A,PC_EU27_2020,HW_EMP,EU27_2020,2000,100.0,European Union - 27 countries (from 2020)
A,PC_EU27_2020,HW_EMP,EU27_2020,2001,100.0,European Union - 27 countries (from 2020)
A,PC_EU27_2020,HW_EMP,EU27_2020,2002,100.0,European Union - 27 countries (from 2020)
A,PC_EU27_2020,HW_EMP,EU27_2020,2003,100.0,European Union - 27 countries (from 2020)
A,PC_EU27_2020,HW_EMP,EU27_2020,2004,100.0,European Union - 27 countries (from 2020)
A,PC_EU27_2020,HW_EMP,EU27_2020,2005,100.0,European Union - 27 countries (from 2020)
A,PC_EU27_2020,HW_EMP,EU27_2020,2006,100.0,European Union - 27 countries (from 2020)
A,PC_EU27_2020,HW_EMP,EU27_2020,2007,100.0,European Union - 27 countries (from 2020)
A,PC_EU27_2020,HW_EMP,EU27_2020,2008,100.0,European Union - 27 countries (from 2020)
A,PC_EU27_2020,HW_EMP,EU27_2020,2009,100.0,European Union - 27 countries (from 2020)
A,PC_EU27_2020,HW_EMP,EU27_2020,2010,100.0,European Union - 27 countries (from 2020)
A,PC_EU27_2020,HW_EMP,EU27_2020,2011,100.0,European Union - 27 countries (from 2020)
A,PC_EU27_2020,HW_EMP,EU27_2020,2012,100.0,European Union - 27 countries (from 2020)
A,PC_EU27_2020,HW_EMP,EU27_2020,2013,100.0,European Union - 27 countries (from 2020)
A,PC_EU27_2020,HW_EMP,EU27_2020,2014,100.0,European Union - 27 countries (from 2020)
A,PC_EU27_2020,HW_EMP,EU27_2020,2015,100.0,European Union - 27 countries (from 2020)
A,PC_EU27_2020,HW_EMP,EU27_2020,2016,100.0,European Union - 27 countries (from 2020)
A,PC_EU27_2020,HW_EMP,EU27_2020,2017,100.0,European Union - 27 countries (from 2020)
A,PC_EU27_2020,HW_EMP,EU27_2020,2018,100.0,European Union - 27 countries (from 2020)
A,PC_EU27_2020,HW_EMP,EU27_2020,2019,100.0,European Union - 27 countries (from 2020)
A,PC_EU27_2020,HW_EMP,EU27_2020,2020,100.0,European Union - 27 countries (from 2020)
A,PC_EU27_2020,HW_EMP,EU27_2020,2021,100.0,European Union - 27 countries (from 2020)
A,PC_EU27_2020,HW_EMP,EU27_2020,2022,100.0,European Union - 27 countries (from 2020)
A,PC_EU27_2020,HW_EMP,EU27_2020,2023,100.0,European Union - 27 countries (from 2020)
A,PC_EU27_2020,HW_EMP,EU27_2020,2024,100.0,European Union - 27 countries (from 2020)
A,PC_EU27_2020,HW_EMP,FI,2000,99.9,Finland
A,PC_EU27_2020,HW_EMP,FI,2001,99.6,Finland
A,PC_EU27_2020,HW_EMP,FI,2002,99.9,Finland
A,PC_EU27_2020,HW_EMP,FI,2003,100.0,Finland
A,PC_EU27_2020,HW_EMP,FI,2004,99.6,Finland
A,PC_EU27_2020,HW_EMP,FI,2005,99.3,Finland
A,PC_EU27_2020,HW_EMP,FI,2006,99.1,Finland
A,PC_EU27_2020,HW_EMP,FI,2007,98.7,Finland
A,PC_EU27_2020,HW_EMP,FI,2008,98.6,Finland
A,PC_EU27_2020,HW_EMP,FI,2009,98.7,Finland
A,PC_EU27_2020,HW_EMP,FI,2010,98.8,Finland
A,PC_EU27_2020,HW_EMP,FI,2011,98.3,Finland
A,PC_EU27_2020,HW_EMP,FI,2012,98.6,Finland
A,PC_EU27_2020,HW_EMP,FI,2013,98.7,Finland
A,PC_EU27_2020,HW_EMP,FI,2014,98.4,Finland
A,PC_EU27_2020,HW_EMP,FI,2015,98.3,Finland
A,PC_EU27_2020,HW_EMP,FI,2016,98.1,Finland
A,PC_EU27_2020,HW_EMP,FI,2017,98.2,Finland
A,PC_EU27_2020,HW_EMP,FI,2018,98.3,Finland
A,PC_EU27_2020,HW_EMP,FI,2019,97.8,Finland
A,PC_EU27_2020,HW_EMP,FI,2020,103.0,Finland
A,PC_EU27_2020,HW_EMP,FI,2021,98.9,Finland
A,PC_EU27_2020,HW_EMP,FI,2022,97.1,Finland
A,PC_EU27_2020,HW_EMP,FI,2023,96.3,Finland
A,PC_EU27_2020,HW_EMP,FI,2024,96.1,Finland
A,PC_EU27_2020,HW_EMP,FR,2000,90.3,France
A,PC_EU27_2020,HW_EMP,FR,2001,89.8,France
A,PC_EU27_2020,HW_EMP,FR,2002,88.4,France
A,PC_EU27_2020,HW_EMP,FR,2003,89.0,France
A,PC_EU27_2020,HW_EMP,FR,2004,90.1,France
A,PC_EU27_2020,HW_EMP,FR,2005,90.4,France
A,PC_EU27_2020,HW_EMP,FR,2006,89.6,France
A,PC_EU27_2020,HW_EMP,FR,2007,90.8,France
A,PC_EU27_2020,HW_EMP,FR,2008,91.3,France
A,PC_EU27_2020,HW_EMP,FR,2009,91.9,France
A,PC_EU27_2020,HW_EMP,FR,2010,92.2,France
A,PC_EU27_2020,HW_EMP,FR,2011,92.5,France
A,PC_EU27_2020,HW_EMP,FR,2012,93.1,France
A,PC_EU27_2020,HW_EMP,FR,2013,92.7,France
A,PC_EU27_2020,HW_EMP,FR,2014,92.1,France
A,PC_EU27_2020,HW_EMP,FR,2015,92.2,France
A,PC_EU27_2020,HW_EMP,FR,2016,92.1,France
A,PC_EU27_2020,HW_EMP,FR,2017,91.7,France
A,PC_EU27_2020,HW_EMP,FR,2018,92.3,France
A,PC_EU27_2020,HW_EMP,FR,2019,92.8,France
A,PC_EU27_2020,HW_EMP,FR,2020,90.8,France
A,PC_EU27_2020,HW_EMP,FR,2021,92.2,France
A,PC_EU27_2020,HW_EMP,FR,2022,93.1,France
A,PC_EU27_2020,HW_EMP,FR,2023,93.4,France
A,PC_EU27_2020,HW_EMP,FR,2024,94.0,France
A,PC_EU27_2020,HW_EMP,HR,2000,112.6,Croatia
A,PC_EU27_2020,HW_EMP,HR,2001,113.3,Croatia
A,PC_EU27_2020,HW_EMP,HR,2002,114.2,Croatia
A,PC_EU27_2020,HW_EMP,HR,2003,114.7,Croatia
A,PC_EU27_2020,HW_EMP,HR,2004,114.3,Croatia
A,PC_EU27_2020,HW_EMP,HR,2005,114.7,Croatia
A,PC_EU27_2020,HW_EMP,HR,2006,114.9,Croatia
A,PC_EU27_2020,HW_EMP,HR,2007,114.9,Croatia
A,PC_EU27_2020,HW_EMP,HR,2008,115.1,Croatia
A,PC_EU27_2020,HW_EMP,HR,2009,116.5,Croatia
A,PC_EU27_2020,HW_EMP,HR,2010,117.1,Croatia
A,PC_EU27_2020,HW_EMP,HR,2011,117.0,Croatia
A,PC_EU27_2020,HW_EMP,HR,2012,123.9,Croatia
A,PC_EU27_2020,HW_EMP,HR,2013,124.1,Croatia
A,PC_EU27_2020,HW_EMP,HR,2014,123.5,Croatia
A,PC_EU27_2020,HW_EMP,HR,2015,121.0,Croatia
A,PC_EU27_2020,HW_EMP,HR,2016,121.6,Croatia
A,PC_EU27_2020,HW_EMP,HR,2017,123.7,Croatia
A,PC_EU27_2020,HW_EMP,HR,2018,123.1,Croatia
A,PC_EU27_2020,HW_EMP,HR,2019,123.0,Croatia
A,PC_EU27_2020,HW_EMP,HR,2020,129.1,Croatia
A,PC_EU27_2020,HW_EMP,HR,2021,123.8,Croatia
A,PC_EU27_2020,HW_EMP,HR,2022,122.0,Croatia
A,PC_EU27_2020,HW_EMP,HR,2023,122.7,Croatia
A,PC_EU27_2020,HW_EMP,HR,2024,121.4,Croatia
A,PC_EU27_2020,HW_EMP,HU,2000,113.3,Hungary
A,PC_EU27_2020,HW_EMP,HU,2001,111.9,Hungary
A,PC_EU27_2020,HW_EMP,HU,2002,111.9,Hungary
A,PC_EU27_2020,HW_EMP,HU,2003,110.7,Hungary
A,PC_EU27_2020,HW_EMP,HU,2004,110.4,Hungary
A,PC_EU27_2020,HW_EMP,HU,2005,109.3,Hungary
A,PC_EU27_2020,HW_EMP,HU,2006,108.2,Hungary
A,PC_EU27_2020,HW_EMP,HU,2007,106.5,Hungary
A,PC_EU27_2020,HW_EMP,HU,2008,106.8,Hungary
A,PC_EU27_2020,HW_EMP,HU,2009,106.3,Hungary
A,PC_EU27_2020,HW_EMP,HU,2010,106.6,Hungary
A,PC_EU27_2020,HW_EMP,HU,2011,105.8,Hungary
A,PC_EU27_2020,HW_EMP,HU,2012,105.9,Hungary
A,PC_EU27_2020,HW_EMP,HU,2013,106.2,Hungary
A,PC_EU27_2020,HW_EMP,HU,2014,107.1,Hungary
A,PC_EU27_2020,HW_EMP,HU,2015,107.0,Hungary
A,PC_EU27_2020,HW_EMP,HU,2016,107.6,Hungary
A,PC_EU27_2020,HW_EMP,HU,2017,107.3,Hungary
A,PC_EU27_2020,HW_EMP,HU,2018,106.4,Hungary
A,PC_EU27_2020,HW_EMP,HU,2019,106.1,Hungary
A,PC_EU27_2020,HW_EMP,HU,2020,108.3,Hungary
A,PC_EU27_2020,HW_EMP,HU,2021,106.0,Hungary
A,PC_EU27_2020,HW_EMP,HU,2022,105.6,Hungary
A,PC_EU27_2020,HW_EMP,HU,2023,103.8,Hungary
A,PC_EU27_2020,HW_EMP,HU,2024,103.8,Hungary
A,PC_EU27_2020,HW_EMP,IE,2000,110.9,Ireland
A,PC_EU27_2020,HW_EMP,IE,2001,110.3,Ireland
A,PC_EU27_2020,HW_EMP,IE,2002,110.2,Ireland
A,PC_EU27_2020,HW_EMP,IE,2003,108.7,Ireland
A,PC_EU27_2020,HW_EMP,IE,2004,107.4,Ireland
A,PC_EU27_2020,HW_EMP,IE,2005,107.8,Ireland
A,PC_EU27_2020,HW_EMP,IE,2006,106.7,Ireland
A,PC_EU27_2020,HW_EMP,IE,2007,105.1,Ireland
A,PC_EU27_2020,HW_EMP,IE,2008,103.1,Ireland
A,PC_EU27_2020,HW_EMP,IE,2009,101.4,Ireland
A,PC_EU27_2020,HW_EMP,IE,2010,101.4,Ireland
A,PC_EU27_2020,HW_EMP,IE,2011,101.5,Ireland
A,PC_EU27_2020,HW_EMP,IE,2012,102.3,Ireland
A,PC_EU27_2020,HW_EMP,IE,2013,103.9,Ireland
A,PC_EU27_2020,HW_EMP,IE,2014,104.6,Ireland
A,PC_EU27_2020,HW_EMP,IE,2015,104.2,Ireland
A,PC_EU27_2020,HW_EMP,IE,2016,105.3,Ireland
A,PC_EU27_2020,HW_EMP,IE,2017,107.3,Ireland
A,PC_EU27_2020,HW_EMP,IE,2018,108.3,Ireland
A,PC_EU27_2020,HW_EMP,IE,2019,108.6,Ireland
A,PC_EU27_2020,HW_EMP,IE,2020,106.8,Ireland
A,PC_EU27_2020,HW_EMP,IE,2021,103.6,Ireland
A,PC_EU27_2020,HW_EMP,IE,2022,104.6,Ireland
A,PC_EU27_2020,HW_EMP,IE,2023,102.9,Ireland
A,PC_EU27_2020,HW_EMP,IE,2024,102.2,Ireland
A,PC_EU27_2020,HW_EMP,IT,2000,107.1,Italy
A,PC_EU27_2020,HW_EMP,IT,2001,107.1,Italy
A,PC_EU27_2020,HW_EMP,IT,2002,106.9,Italy
A,PC_EU27_2020,HW_EMP,IT,2003,106.4,Italy
A,PC_EU27_2020,HW_EMP,IT,2004,105.9,Italy
A,PC_EU27_2020,HW_EMP,IT,2005,106.0,Italy
A,PC_EU27_2020,HW_EMP,IT,2006,106.2,Italy
A,PC_EU27_2020,HW_EMP,IT,2007,106.4,Italy
A,PC_EU27_2020,HW_EMP,IT,2008,105.8,Italy
A,PC_EU27_2020,HW_EMP,IT,2009,105.3,Italy
A,PC_EU27_2020,HW_EMP,IT,2010,105.1,Italy
A,PC_EU27_2020,HW_EMP,IT,2011,104.9,Italy
A,PC_EU27_2020,HW_EMP,IT,2012,103.6,Italy
A,PC_EU27_2020,HW_EMP,IT,2013,103.4,Italy
A,PC_EU27_2020,HW_EMP,IT,2014,103.3,Italy
A,PC_EU27_2020,HW_EMP,IT,2015,103.5,Italy
A,PC_EU27_2020,HW_EMP,IT,2016,103.4,Italy
A,PC_EU27_2020,HW_EMP,IT,2017,103.9,Italy
A,PC_EU27_2020,HW_EMP,IT,2018,104.0,Italy
A,PC_EU27_2020,HW_EMP,IT,2019,103.7,Italy
A,PC_EU27_2020,HW_EMP,IT,2020,98.9,Italy
A,PC_EU27_2020,HW_EMP,IT,2021,103.7,Italy
A,PC_EU27_2020,HW_EMP,IT,2022,105.2,Italy
A,PC_EU27_2020,HW_EMP,IT,2023,106.3,Italy
A,PC_EU27_2020,HW_EMP,IT,2024,106.6,Italy
A,PC_EU27_2020,HW_EMP,LT,2000,109.8,Lithuania
A,PC_EU27_2020,HW_EMP,LT,2001,109.6,Lithuania
A,PC_EU27_2020,HW_EMP,LT,2002,108.7,Lithuania
A,PC_EU27_2020,HW_EMP,LT,2003,108.1,Lithuania
A,PC_EU27_2020,HW_EMP,LT,2004,113.2,Lithuania
A,PC_EU27_2020,HW_EMP,LT,2005,113.6,Lithuania
A,PC_EU27_2020,HW_EMP,LT,2006,113.1,Lithuania
A,PC_EU27_2020,HW_EMP,LT,2007,114.8,Lithuania
A,PC_EU27_2020,HW_EMP,LT,2008,116.9,Lithuania
A,PC_EU27_2020,HW_EMP,LT,2009,114.3,Lithuania
A,PC_EU27_2020,HW_EMP,LT,2010,115.8,Lithuania
A,PC_EU27_2020,HW_EMP,LT,2011,114.3,Lithuania
A,PC_EU27_2020,HW_EMP,LT,2012,115.3,Lithuania
A,PC_EU27_2020,HW_EMP,LT,2013,114.9,Lithuania
A,PC_EU27_2020,HW_EMP,LT,2014,114.4,Lithuania
A,PC_EU27_2020,HW_EMP,LT,2015,116.1,Lithuania
A,PC_EU27_2020,HW_EMP,LT,2016,117.2,Lithuania
A,PC_EU27_2020,HW_EMP,LT,2017,115.3,Lithuania
A,PC_EU27_2020,HW_EMP,LT,2018,116.0,Lithuania
A,PC_EU27_2020,HW_EMP,LT,2019,116.3,Lithuania
A,PC_EU27_2020,HW_EMP,LT,2020,117.9,Lithuania
A,PC_EU27_2020,HW_EMP,LT,2021,115.0,Lithuania
A,PC_EU27_2020,HW_EMP,LT,2022,114.4,Lithuania
A,PC_EU27_2020,HW_EMP,LT,2023,115.5,Lithuania
A,PC_EU27_2020,HW_EMP,LT,2024,116.7,Lithuania
A,PC_EU27_2020,HW_EMP,LU,2000,94.0,Luxembourg
A,PC_EU27_2020,HW_EMP,LU,2001,93.9,Luxembourg
A,PC_EU27_2020,HW_EMP,LU,2002,94.3,Luxembourg
A,PC_EU27_2020,HW_EMP,LU,2003,94.6,Luxembourg
A,PC_EU27_2020,HW_EMP,LU,2004,94.2,Luxembourg
A,PC_EU27_2020,HW_EMP,LU,2005,93.3,Luxembourg
A,PC_EU27_2020,HW_EMP,LU,2006,93.4,Luxembourg
A,PC_EU27_2020,HW_EMP,LU,2007,94.1,Luxembourg
A,PC_EU27_2020,HW_EMP,LU,2008,94.2,Luxembourg
A,PC_EU27_2020,HW_EMP,LU,2009,91.8,Luxembourg
A,PC_EU27_2020,HW_EMP,LU,2010,91.7,Luxembourg
A,PC_EU27_2020,HW_EMP,LU,2011,91.6,Luxembourg
A,PC_EU27_2020,HW_EMP,LU,2012,92.2,Luxembourg
A,PC_EU27_2020,HW_EMP,LU,2013,92.3,Luxembourg
A,PC_EU27_2020,HW_EMP,LU,2014,92.6,Luxembourg
A,PC_EU27_2020,HW_EMP,LU,2015,93.1,Luxembourg
A,PC_EU27_2020,HW_EMP,LU,2016,92.8,Luxembourg
A,PC_EU27_2020,HW_EMP,LU,2017,92.7,Luxembourg
A,PC_EU27_2020,HW_EMP,LU,2018,92.3,Luxembourg
A,PC_EU27_2020,HW_EMP,LU,2019,92.1,Luxembourg
A,PC_EU27_2020,HW_EMP,LU,2020,90.6,Luxembourg
A,PC_EU27_2020,HW_EMP,LU,2021,92.6,Luxembourg
A,PC_EU27_2020,HW_EMP,LU,2022,91.5,Luxembourg
A,PC_EU27_2020,HW_EMP,LU,2023,91.2,Luxembourg
A,PC_EU27_2020,HW_EMP,LU,2024,91.2,Luxembourg
A,PC_EU27_2020,HW_EMP,LV,2000,124.9,Latvia
A,PC_EU27_2020,HW_EMP,LV,2001,126.2,Latvia
A,PC_EU27_2020,HW_EMP,LV,2002,125.0,Latvia
A,PC_EU27_2020,HW_EMP,LV,2003,125.2,Latvia
A,PC_EU27_2020,HW_EMP,LV,2004,122.4,Latvia
A,PC_EU27_2020,HW_EMP,LV,2005,125.4,Latvia
A,PC_EU27_2020,HW_EMP,LV,2006,124.7,Latvia
A,PC_EU27_2020,HW_EMP,LV,2007,122.1,Latvia
A,PC_EU27_2020,HW_EMP,LV,2008,119.3,Latvia
A,PC_EU27_2020,HW_EMP,LV,2009,118.0,Latvia
A,PC_EU27_2020,HW_EMP,LV,2010,116.7,Latvia
A,PC_EU27_2020,HW_EMP,LV,2011,117.7,Latvia
A,PC_EU27_2020,HW_EMP,LV,2012,117.8,Latvia
A,PC_EU27_2020,HW_EMP,LV,2013,118.1,Latvia
A,PC_EU27_2020,HW_EMP,LV,2014,118.8,Latvia
A,PC_EU27_2020,HW_EMP,LV,2015,116.6,Latvia
A,PC_EU27_2020,HW_EMP,LV,2016,116.3,Latvia
A,PC_EU27_2020,HW_EMP,LV,2017,116.0,Latvia
A,PC_EU27_2020,HW_EMP,LV,2018,116.9,Latvia
A,PC_EU27_2020,HW_EMP,LV,2019,117.1,Latvia
A,PC_EU27_2020,HW_EMP,LV,2020,117.3,Latvia
A,PC_EU27_2020,HW_EMP,LV,2021,114.6,Latvia
A,PC_EU27_2020,HW_EMP,LV,2022,115.9,Latvia
A,PC_EU27_2020,HW_EMP,LV,2023,114.0,Latvia
A,PC_EU27_2020,HW_EMP,LV,2024,114.4,Latvia
A,PC_EU27_2020,HW_EMP,MT,2000,123.8,Malta
A,PC_EU27_2020,HW_EMP,MT,2001,123.1,Malta
A,PC_EU27_2020,HW_EMP,MT,2002,123.0,Malta
A,PC_EU27_2020,HW_EMP,MT,2003,121.8,Malta
A,PC_EU27_2020,HW_EMP,MT,2004,117.0,Malta
A,PC_EU27_2020,HW_EMP,MT,2005,117.5,Malta
A,PC_EU27_2020,HW_EMP,MT,2006,118.1,Malta
A,PC_EU27_2020,HW_EMP,MT,2007,119.4,Malta
A,PC_EU27_2020,HW_EMP,MT,2008,119.9,Malta
A,PC_EU27_2020,HW_EMP,MT,2009,121.3,Malta
A,PC_EU27_2020,HW_EMP,MT,2010,119.6,Malta
A,PC_EU27_2020,HW_EMP,MT,2011,116.4,Malta
A,PC_EU27_2020,HW_EMP,MT,2012,116.1,Malta
A,PC_EU27_2020,HW_EMP,MT,2013,115.6,Malta
A,PC_EU27_2020,HW_EMP,MT,2014,114.6,Malta
A,PC_EU27_2020,HW_EMP,MT,2015,114.3,Malta
A,PC_EU27_2020,HW_EMP,MT,2016,117.1,Malta
A,PC_EU27_2020,HW_EMP,MT,2017,116.9,Malta
A,PC_EU27_2020,HW_EMP,MT,2018,118.7,Malta
A,PC_EU27_2020,HW_EMP,MT,2019,122.7,Malta
A,PC_EU27_2020,HW_EMP,MT,2020,119.8,Malta
A,PC_EU27_2020,HW_EMP,MT,2021,115.5,Malta
A,PC_EU27_2020,HW_EMP,MT,2022,114.8,Malta
A,PC_EU27_2020,HW_EMP,MT,2023,115.0,Malta
A,PC_EU27_2020,HW_EMP,MT,2024,113.6,Malta
A,PC_EU27_2020,HW_EMP,NL,2000,86.3,Netherlands
A,PC_EU27_2020,HW_EMP,NL,2001,86.2,Netherlands
A,PC_EU27_2020,HW_EMP,NL,2002,85.8,Netherlands
A,PC_EU27_2020,HW_EMP,NL,2003,85.7,Netherlands
A,PC_EU27_2020,HW_EMP,NL,2004,86.6,Netherlands
A,PC_EU27_2020,HW_EMP,NL,2005,86.0,Netherlands
A,PC_EU27_2020,HW_EMP,NL,2006,85.9,Netherlands
A,PC_EU27_2020,HW_EMP,NL,2007,85.7,Netherlands
A,PC_EU27_2020,HW_EMP,NL,2008,85.8,Netherlands
A,PC_EU27_2020,HW_EMP,NL,2009,86.5,Netherlands
A,PC_EU27_2020,HW_EMP,NL,2010,86.2,Netherlands
A,PC_EU27_2020,HW_EMP,NL,2011,86.3,Netherlands
A,PC_EU27_2020,HW_EMP,NL,2012,86.6,Netherlands
A,PC_EU27_2020,HW_EMP,NL,2013,87.4,Netherlands
A,PC_EU27_2020,HW_EMP,NL,2014,88.1,Netherlands
A,PC_EU27_2020,HW_EMP,NL,2015,88.2,Netherlands
A,PC_EU27_2020,HW_EMP,NL,2016,88.7,Netherlands
A,PC_EU27_2020,HW_EMP,NL,2017,89.2,Netherlands
A,PC_EU27_2020,HW_EMP,NL,2018,89.3,Netherlands
A,PC_EU27_2020,HW_EMP,NL,2019,89.8,Netherlands
A,PC_EU27_2020,HW_EMP,NL,2020,91.6,Netherlands
A,PC_EU27_2020,HW_EMP,NL,2021,90.5,Netherlands
A,PC_EU27_2020,HW_EMP,NL,2022,90.2,Netherlands
A,PC_EU27_2020,HW_EMP,NL,2023,89.7,Netherlands
A,PC_EU27_2020,HW_EMP,NL,2024,90.3,Netherlands
A,PC_EU27_2020,HW_EMP,PL,2000,121.9,Poland
A,PC_EU27_2020,HW_EMP,PL,2001,122.8,Poland
A,PC_EU27_2020,HW_EMP,PL,2002,123.4,Poland
A,PC_EU27_2020,HW_EMP,PL,2003,124.3,Poland
A,PC_EU27_2020,HW_EMP,PL,2004,123.8,Poland
A,PC_EU27_2020,HW_EMP,PL,2005,123.8,Poland
A,PC_EU27_2020,HW_EMP,PL,2006,124.0,Poland
A,PC_EU27_2020,HW_EMP,PL,2007,123.7,Poland
A,PC_EU27_2020,HW_EMP,PL,2008,123.3,Poland
A,PC_EU27_2020,HW_EMP,PL,2009,124.1,Poland
A,PC_EU27_2020,HW_EMP,PL,2010,123.6,Poland
A,PC_EU27_2020,HW_EMP,PL,2011,123.3,Poland
A,PC_EU27_2020,HW_EMP,PL,2012,124.2,Poland
A,PC_EU27_2020,HW_EMP,PL,2013,124.6,Poland
A,PC_EU27_2020,HW_EMP,PL,2014,125.1,Poland
A,PC_EU27_2020,HW_EMP,PL,2015,125.6,Poland
A,PC_EU27_2020,HW_EMP,PL,2016,125.4,Poland
A,PC_EU27_2020,HW_EMP,PL,2017,124.7,Poland
A,PC_EU27_2020,HW_EMP,PL,2018,123.2,Poland
A,PC_EU27_2020,HW_EMP,PL,2019,124.1,Poland
A,PC_EU27_2020,HW_EMP,PL,2020,130.1,Poland
A,PC_EU27_2020,HW_EMP,PL,2021,128.5,Poland
A,PC_EU27_2020,HW_EMP,PL,2022,126.7,Poland
A,PC_EU27_2020,HW_EMP,PL,2023,125.9,Poland
A,PC_EU27_2020,HW_EMP,PL,2024,124.3,Poland
A,PC_EU27_2020,HW_EMP,PT,2000,112.5,Portugal
A,PC_EU27_2020,HW_EMP,PT,2001,112.2,Portugal
A,PC_EU27_2020,HW_EMP,PT,2002,112.6,Portugal
A,PC_EU27_2020,HW_EMP,PT,2003,112.7,Portugal
A,PC_EU27_2020,HW_EMP,PT,2004,112.6,Portugal
A,PC_EU27_2020,HW_EMP,PT,2005,113.0,Portugal
A,PC_EU27_2020,HW_EMP,PT,2006,112.5,Portugal
A,PC_EU27_2020,HW_EMP,PT,2007,113.3,Portugal
A,PC_EU27_2020,HW_EMP,PT,2008,112.7,Portugal
A,PC_EU27_2020,HW_EMP,PT,2009,114.3,Portugal
A,PC_EU27_2020,HW_EMP,PT,2010,114.2,Portugal
A,PC_EU27_2020,HW_EMP,PT,2011,112.6,Portugal
A,PC_EU27_2020,HW_EMP,PT,2012,112.3,Portugal
A,PC_EU27_2020,HW_EMP,PT,2013,113.6,Portugal
A,PC_EU27_2020,HW_EMP,PT,2014,114.1,Portugal
A,PC_EU27_2020,HW_EMP,PT,2015,114.5,Portugal
A,PC_EU27_2020,HW_EMP,PT,2016,114.6,Portugal
A,PC_EU27_2020,HW_EMP,PT,2017,114.5,Portugal
A,PC_EU27_2020,HW_EMP,PT,2018,115.4,Portugal
A,PC_EU27_2020,HW_EMP,PT,2019,115.9,Portugal
A,PC_EU27_2020,HW_EMP,PT,2020,114.9,Portugal
A,PC_EU27_2020,HW_EMP,PT,2021,113.8,Portugal
A,PC_EU27_2020,HW_EMP,PT,2022,115.4,Portugal
A,PC_EU27_2020,HW_EMP,PT,2023,118.7,Portugal
A,PC_EU27_2020,HW_EMP,PT,2024,118.8,Portugal
A,PC_EU27_2020,HW_EMP,RO,2000,108.5,Romania
A,PC_EU27_2020,HW_EMP,RO,2001,109.2,Romania
A,PC_EU27_2020,HW_EMP,RO,2002,110.9,Romania
A,PC_EU27_2020,HW_EMP,RO,2003,109.5,Romania
A,PC_EU27_2020,HW_EMP,RO,2004,112.0,Romania
A,PC_EU27_2020,HW_EMP,RO,2005,111.8,Romania
A,PC_EU27_2020,HW_EMP,RO,2006,109.5,Romania
A,PC_EU27_2020,HW_EMP,RO,2007,109.6,Romania
A,PC_EU27_2020,HW_EMP,RO,2008,109.4,Romania
A,PC_EU27_2020,HW_EMP,RO,2009,109.7,Romania
A,PC_EU27_2020,HW_EMP,RO,2010,111.0,Romania
A,PC_EU27_2020,HW_EMP,RO,2011,111.5,Romania
A,PC_EU27_2020,HW_EMP,RO,2012,110.4,Romania
A,PC_EU27_2020,HW_EMP,RO,2013,110.7,Romania
A,PC_EU27_2020,HW_EMP,RO,2014,109.8,Romania
A,PC_EU27_2020,HW_EMP,RO,2015,109.4,Romania
A,PC_EU27_2020,HW_EMP,RO,2016,110.6,Romania
A,PC_EU27_2020,HW_EMP,RO,2017,109.8,Romania
A,PC_EU27_2020,HW_EMP,RO,2018,110.0,Romania
A,PC_EU27_2020,HW_EMP,RO,2019,111.2,Romania
A,PC_EU27_2020,HW_EMP,RO,2020,114.7,Romania
A,PC_EU27_2020,HW_EMP,RO,2021,114.4,Romania
A,PC_EU27_2020,HW_EMP,RO,2022,112.1,Romania
A,PC_EU27_2020,HW_EMP,RO,2023,111.2,Romania
A,PC_EU27_2020,HW_EMP,RO,2024,113.6,Romania
A,PC_EU27_2020,HW_EMP,SE,2000,96.2,Sweden
A,PC_EU27_2020,HW_EMP,SE,2001,95.5,Sweden
A,PC_EU27_2020,HW_EMP,SE,2002,94.8,Sweden
A,PC_EU27_2020,HW_EMP,SE,2003,94.3,Sweden
A,PC_EU27_2020,HW_EMP,SE,2004,95.2,Sweden
A,PC_EU27_2020,HW_EMP,SE,2005,95.4,Sweden
A,PC_EU27_2020,HW_EMP,SE,2006,95.4,Sweden
A,PC_EU27_2020,HW_EMP,SE,2007,96.0,Sweden
A,PC_EU27_2020,HW_EMP,SE,2008,96.9,Sweden
A,PC_EU27_2020,HW_EMP,SE,2009,97.4,Sweden
A,PC_EU27_2020,HW_EMP,SE,2010,98.8,Sweden
A,PC_EU27_2020,HW_EMP,SE,2011,98.9,Sweden
A,PC_EU27_2020,HW_EMP,SE,2012,99.0,Sweden
A,PC_EU27_2020,HW_EMP,SE,2013,99.0,Sweden
A,PC_EU27_2020,HW_EMP,SE,2014,99.0,Sweden
A,PC_EU27_2020,HW_EMP,SE,2015,99.2,Sweden
A,PC_EU27_2020,HW_EMP,SE,2016,99.7,Sweden
A,PC_EU27_2020,HW_EMP,SE,2017,99.4,Sweden
A,PC_EU27_2020,HW_EMP,SE,2018,99.5,Sweden
A,PC_EU27_2020,HW_EMP,SE,2019,98.8,Sweden
A,PC_EU27_2020,HW_EMP,SE,2020,102.5,Sweden
A,PC_EU27_2020,HW_EMP,SE,2021,99.8,Sweden
A,PC_EU27_2020,HW_EMP,SE,2022,98.5,Sweden
A,PC_EU27_2020,HW_EMP,SE,2023,98.4,Sweden
A,PC_EU27_2020,HW_EMP,SE,2024,98.2,Sweden
A,PC_EU27_2020,HW_EMP,SI,2000,100.2,Slovenia
A,PC_EU27_2020,HW_EMP,SI,2001,99.9,Slovenia
A,PC_EU27_2020,HW_EMP,SI,2002,102.1,Slovenia
A,PC_EU27_2020,HW_EMP,SI,2003,102.8,Slovenia
A,PC_EU27_2020,HW_EMP,SI,2004,103.1,Slovenia
A,PC_EU27_2020,HW_EMP,SI,2005,101.0,Slovenia
A,PC_EU27_2020,HW_EMP,SI,2006,99.4,Slovenia
A,PC_EU27_2020,HW_EMP,SI,2007,98.5,Slovenia
A,PC_EU27_2020,HW_EMP,SI,2008,99.7,Slovenia
A,PC_EU27_2020,HW_EMP,SI,2009,101.5,Slovenia
A,PC_EU27_2020,HW_EMP,SI,2010,101.3,Slovenia
A,PC_EU27_2020,HW_EMP,SI,2011,100.3,Slovenia
A,PC_EU27_2020,HW_EMP,SI,2012,100.2,Slovenia
A,PC_EU27_2020,HW_EMP,SI,2013,101.8,Slovenia
A,PC_EU27_2020,HW_EMP,SI,2014,103.0,Slovenia
A,PC_EU27_2020,HW_EMP,SI,2015,103.4,Slovenia
A,PC_EU27_2020,HW_EMP,SI,2016,101.0,Slovenia
A,PC_EU27_2020,HW_EMP,SI,2017,99.7,Slovenia
A,PC_EU27_2020,HW_EMP,SI,2018,98.7,Slovenia
A,PC_EU27_2020,HW_EMP,SI,2019,98.8,Slovenia
A,PC_EU27_2020,HW_EMP,SI,2020,100.1,Slovenia
A,PC_EU27_2020,HW_EMP,SI,2021,100.0,Slovenia
A,PC_EU27_2020,HW_EMP,SI,2022,100.1,Slovenia
A,PC_EU27_2020,HW_EMP,SI,2023,98.7,Slovenia
A,PC_EU27_2020,HW_EMP,SI,2024,100.6,Slovenia
A,PC_EU27_2020,HW_EMP,SK,2000,106.4,Slovakia
A,PC_EU27_2020,HW_EMP,SK,2001,106.1,Slovakia
A,PC_EU27_2020,HW_EMP,SK,2002,104.1,Slovakia
A,PC_EU27_2020,HW_EMP,SK,2003,101.2,Slovakia
A,PC_EU27_2020,HW_EMP,SK,2004,103.4,Slovakia
A,PC_EU27_2020,HW_EMP,SK,2005,105.4,Slovakia
A,PC_EU27_2020,HW_EMP,SK,2006,105.8,Slovakia
A,PC_EU27_2020,HW_EMP,SK,2007,106.7,Slovakia
A,PC_EU27_2020,HW_EMP,SK,2008,106.9,Slovakia
A,PC_EU27_2020,HW_EMP,SK,2009,107.6,Slovakia
A,PC_EU27_2020,HW_EMP,SK,2010,108.9,Slovakia
A,PC_EU27_2020,HW_EMP,SK,2011,108.1,Slovakia
A,PC_EU27_2020,HW_EMP,SK,2012,109.0,Slovakia
A,PC_EU27_2020,HW_EMP,SK,2013,108.5,Slovakia
A,PC_EU27_2020,HW_EMP,SK,2014,107.8,Slovakia
A,PC_EU27_2020,HW_EMP,SK,2015,107.5,Slovakia
A,PC_EU27_2020,HW_EMP,SK,2016,106.4,Slovakia
A,PC_EU27_2020,HW_EMP,SK,2017,105.3,Slovakia
A,PC_EU27_2020,HW_EMP,SK,2018,104.9,Slovakia
A,PC_EU27_2020,HW_EMP,SK,2019,104.4,Slovakia
A,PC_EU27_2020,HW_EMP,SK,2020,102.6,Slovakia
A,PC_EU27_2020,HW_EMP,SK,2021,99.2,Slovakia
A,PC_EU27_2020,HW_EMP,SK,2022,100.1,Slovakia
A,PC_EU27_2020,HW_EMP,SK,2023,101.0,Slovakia
A,PC_EU27_2020,HW_EMP,SK,2024,101.3,Slovakia
A,PC_EU27_2020_MEUR_CP,D1_SAL_HW,AT,2000,127.6,Austria
A,PC_EU27_2020_MEUR_CP,D1_SAL_HW,AT,2001,125.2,Austria
A,PC_EU27_2020_MEUR_CP,D1_SAL_HW,AT,2002,123.7,Austria
A,PC_EU27_2020_MEUR_CP,D1_SAL_HW,AT,2003,123.0,Austria
A,PC_EU27_2020_MEUR_CP,D1_SAL_HW,AT,2004,122.8,Austria
A,PC_EU27_2020_MEUR_CP,D1_SAL_HW,AT,2005,122.7,Austria
A,PC_EU27_2020_MEUR_CP,D1_SAL_HW,AT,2006,124.6,Austria
A,PC_EU27_2020_MEUR_CP,D1_SAL_HW,AT,2007,125.1,Austria
A,PC_EU27_2020_MEUR_CP,D1_SAL_HW,AT,2008,124.5,Austria
A,PC_EU27_2020_MEUR_CP,D1_SAL_HW,AT,2009,126.9,Austria
A,PC_EU27_2020_MEUR_CP,D1_SAL_HW,AT,2010,124.3,Austria
A,PC_EU27_2020_MEUR_CP,D1_SAL_HW,AT,2011,123.9,Austria
A,PC_EU27_2020_MEUR_CP,D1_SAL_HW,AT,2012,125.1,Austria
A,PC_EU27_2020_MEUR_CP,D1_SAL_HW,AT,2013,126.0,Austria
A,PC_EU27_2020_MEUR_CP,D1_SAL_HW,AT,2014,127.3,Austria
A,PC_EU27_2020_MEUR_CP,D1_SAL_HW,AT,2015,130.2,Austria
A,PC_EU27_2020_MEUR_CP,D1_SAL_HW,AT,2016,130.7,Austria
A,PC_EU27_2020_MEUR_CP,D1_SAL_HW,AT,2017,130.3,Austria
A,PC_EU27_2020_MEUR_CP,D1_SAL_HW,AT,2018,130.7,Austria
A,PC_EU27_2020_MEUR_CP,D1_SAL_HW,AT,2019,130.2,Austria
A,PC_EU27_2020_MEUR_CP,D1_SAL_HW,AT,2020,136.4,Austria
A,PC_EU27_2020_MEUR_CP,D1_SAL_HW,AT,2021,134.4,Austria
A,PC_EU27_2020_MEUR_CP,D1_SAL_HW,AT,2022,135.7,Austria
A,PC_EU27_2020_MEUR_CP,D1_SAL_HW,AT,2023,137.1,Austria
A,PC_EU27_2020_MEUR_CP,D1_SAL_HW,AT,2024,139.8,Austria
A,PC_EU27_2020_MEUR_CP,D1_SAL_HW,BE,2000,170.3,Belgium
A,PC_EU27_2020_MEUR_CP,D1_SAL_HW,BE,2001,170.3,Belgium
A,PC_EU27_2020_MEUR_CP,D1_SAL_HW,BE,2002,170.5,Belgium
A,PC_EU27_2020_MEUR_CP,D1_SAL_HW,BE,2003,168.3,Belgium
A,PC_EU27_2020_MEUR_CP,D1_SAL_HW,BE,2004,168.8,Belgium
A,PC_EU27_2020_MEUR_CP,D1_SAL_HW,BE,2005,167.9,Belgium
A,PC_EU27_2020_MEUR_CP,D1_SAL_HW,BE,2006,169.0,Belgium
A,PC_EU27_2020_MEUR_CP,D1_SAL_HW,BE,2007,170.2,Belgium
A,PC_EU27_2020_MEUR_CP,D1_SAL_HW,BE,2008,171.0,Belgium
A,PC_EU27_2020_MEUR_CP,D1_SAL_HW,BE,2009,173.0,Belgium
A,PC_EU27_2020_MEUR_CP,D1_SAL_HW,BE,2010,169.9,Belgium
A,PC_EU27_2020_MEUR_CP,D1_SAL_HW,BE,2011,170.0,Belgium
A,PC_EU27_2020_MEUR_CP,D1_SAL_HW,BE,2012,171.5,Belgium
A,PC_EU27_2020_MEUR_CP,D1_SAL_HW,BE,2013,172.6,Belgium
A,PC_EU27_2020_MEUR_CP,D1_SAL_HW,BE,2014,173.0,Belgium
A,PC_EU27_2020_MEUR_CP,D1_SAL_HW,BE,2015,171.4,Belgium
A,PC_EU27_2020_MEUR_CP,D1_SAL_HW,BE,2016,170.1,Belgium
A,PC_EU27_2020_MEUR_CP,D1_SAL_HW,BE,2017,168.4,Belgium
A,PC_EU27_2020_MEUR_CP,D1_SAL_HW,BE,2018,166.8,Belgium
A,PC_EU27_2020_MEUR_CP,D1_SAL_HW,BE,2019,166.1,Belgium
A,PC_EU27_2020_MEUR_CP,D1_SAL_HW,BE,2020,166.4,Belgium
A,PC_EU27_2020_MEUR_CP,D1_SAL_HW,BE,2021,165.8,Belgium
A,PC_EU27_2020_MEUR_CP,D1_SAL_HW,BE,2022,167.5,Belgium
A,PC_EU27_2020_MEUR_CP,D1_SAL_HW,BE,2023,170.2,Belgium
A,PC_EU27_2020_MEUR_CP,D1_SAL_HW,BE,2024,168.0,Belgium
A,PC_EU27_2020_MEUR_CP,D1_SAL_HW,BG,2000,8.6,Bulgaria
A,PC_EU27_2020_MEUR_CP,D1_SAL_HW,BG,2001,9.2,Bulgaria
A,PC_EU27_2020_MEUR_CP,D1_SAL_HW,BG,2002,9.4,Bulgaria
A,PC_EU27_2020_MEUR_CP,D1_SAL_HW,BG,2003,9.7,Bulgaria
A,PC_EU27_2020_MEUR_CP,D1_SAL_HW,BG,2004,10.0,Bulgaria
A,PC_EU27_2020_MEUR_CP,D1_SAL_HW,BG,2005,10.7,Bulgaria
A,PC_EU27_2020_MEUR_CP,D1_SAL_HW,BG,2006,11.2,Bulgaria
A,PC_EU27_2020_MEUR_CP,D1_SAL_HW,BG,2007,12.3,Bulgaria
A,PC_EU27_2020_MEUR_CP,D1_SAL_HW,BG,2008,13.4,Bulgaria
A,PC_EU27_2020_MEUR_CP,D1_SAL_HW,BG,2009,14.8,Bulgaria
A,PC_EU27_2020_MEUR_CP,D1_SAL_HW,BG,2010,15.8,Bulgaria
A,PC_EU27_2020_MEUR_CP,D1_SAL_HW,BG,2011,16.4,Bulgaria
A,PC_EU27_2020_MEUR_CP,D1_SAL_HW,BG,2012,17.3,Bulgaria
A,PC_EU27_2020_MEUR_CP,D1_SAL_HW,BG,2013,18.4,Bulgaria
A,PC_EU27_2020_MEUR_CP,D1_SAL_HW,BG,2014,19.3,Bulgaria
A,PC_EU27_2020_MEUR_CP,D1_SAL_HW,BG,2015,20.1,Bulgaria
A,PC_EU27_2020_MEUR_CP,D1_SAL_HW,BG,2016,21.0,Bulgaria
A,PC_EU27_2020_MEUR_CP,D1_SAL_HW,BG,2017,22.6,Bulgaria
A,PC_EU27_2020_MEUR_CP,D1_SAL_HW,BG,2018,24.2,Bulgaria
A,PC_EU27_2020_MEUR_CP,D1_SAL_HW,BG,2019,25.2,Bulgaria
A,PC_EU27_2020_MEUR_CP,D1_SAL_HW,BG,2020,26.3,Bulgaria
A,PC_EU27_2020_MEUR_CP,D1_SAL_HW,BG,2021,28.8,Bulgaria
A,PC_EU27_2020_MEUR_CP,D1_SAL_HW,BG,2022,31.6,Bulgaria
A,PC_EU27_2020_MEUR_CP,D1_SAL_HW,BG,2023,32.6,Bulgaria
A,PC_EU27_2020_MEUR_CP,D1_SAL_HW,BG,2024,36.3,Bulgaria
A,PC_EU27_2020_MEUR_CP,D1_SAL_HW,CY,2000,66.9,Cyprus
A,PC_EU27_2020_MEUR_CP,D1_SAL_HW,CY,2001,66.0,Cyprus
A,PC_EU27_2020_MEUR_CP,D1_SAL_HW,CY,2002,67.4,Cyprus
A,PC_EU27_2020_MEUR_CP,D1_SAL_HW,CY,2003,70.1,Cyprus
A,PC_EU27_2020_MEUR_CP,D1_SAL_HW,CY,2004,72.6,Cyprus
A,PC_EU27_2020_MEUR_CP,D1_SAL_HW,CY,2005,77.4,Cyprus
A,PC_EU27_2020_MEUR_CP,D1_SAL_HW,CY,2006,78.1,Cyprus
A,PC_EU27_2020_MEUR_CP,D1_SAL_HW,CY,2007,74.5,Cyprus
A,PC_EU27_2020_MEUR_CP,D1_SAL_HW,CY,2008,72.3,Cyprus
A,PC_EU27_2020_MEUR_CP,D1_SAL_HW,CY,2009,75.4,Cyprus
A,PC_EU27_2020_MEUR_CP,D1_SAL_HW,CY,2010,73.4,Cyprus
A,PC_EU27_2020_MEUR_CP,D1_SAL_HW,CY,2011,73.0,Cyprus
A,PC_EU27_2020_MEUR_CP,D1_SAL_HW,CY,2012,72.1,Cyprus
A,PC_EU27_2020_MEUR_CP,D1_SAL_HW,CY,2013,68.3,Cyprus
A,PC_EU27_2020_MEUR_CP,D1_SAL_HW,CY,2014,65.3,Cyprus
A,PC_EU27_2020_MEUR_CP,D1_SAL_HW,CY,2015,63.0,Cyprus
A,PC_EU27_2020_MEUR_CP,D1_SAL_HW,CY,2016,61.1,Cyprus
A,PC_EU27_2020_MEUR_CP,D1_SAL_HW,CY,2017,61.0,Cyprus
A,PC_EU27_2020_MEUR_CP,D1_SAL_HW,CY,2018,60.9,Cyprus
A,PC_EU27_2020_MEUR_CP,D1_SAL_HW,CY,2019,62.4,Cyprus
A,PC_EU27_2020_MEUR_CP,D1_SAL_HW,CY,2020,62.7,Cyprus
A,PC_EU27_2020_MEUR_CP,D1_SAL_HW,CY,2021,61.3,Cyprus
A,PC_EU27_2020_MEUR_CP,D1_SAL_HW,CY,2022,62.6,Cyprus
A,PC_EU27_2020_MEUR_CP,D1_SAL_HW,CY,2023,64.8,Cyprus
A,PC_EU27_2020_MEUR_CP,D1_SAL_HW,CY,2024,63.5,Cyprus
A,PC_EU27_2020_MEUR_CP,D1_SAL_HW,CZ,2000,23.2,Czechia
A,PC_EU27_2020_MEUR_CP,D1_SAL_HW,CZ,2001,26.5,Czechia
A,PC_EU27_2020_MEUR_CP,D1_SAL_HW,CZ,2002,30.7,Czechia
A,PC_EU27_2020_MEUR_CP,D1_SAL_HW,CZ,2003,31.5,Czechia
A,PC_EU27_2020_MEUR_CP,D1_SAL_HW,CZ,2004,32.9,Czechia
A,PC_EU27_2020_MEUR_CP,D1_SAL_HW,CZ,2005,35.5,Czechia
A,PC_EU27_2020_MEUR_CP,D1_SAL_HW,CZ,2006,38.9,Czechia
A,PC_EU27_2020_MEUR_CP,D1_SAL_HW,CZ,2007,41.2,Czechia
A,PC_EU27_2020_MEUR_CP,D1_SAL_HW,CZ,2008,45.6,Czechia
A,PC_EU27_2020_MEUR_CP,D1_SAL_HW,CZ,2009,41.9,Czechia
A,PC_EU27_2020_MEUR_CP,D1_SAL_HW,CZ,2010,43.6,Czechia
A,PC_EU27_2020_MEUR_CP,D1_SAL_HW,CZ,2011,44.8,Czechia
A,PC_EU27_2020_MEUR_CP,D1_SAL_HW,CZ,2012,43.7,Czechia
A,PC_EU27_2020_MEUR_CP,D1_SAL_HW,CZ,2013,41.5,Czechia
A,PC_EU27_2020_MEUR_CP,D1_SAL_HW,CZ,2014,39.7,Czechia
A,PC_EU27_2020_MEUR_CP,D1_SAL_HW,CZ,2015,41.3,Czechia
A,PC_EU27_2020_MEUR_CP,D1_SAL_HW,CZ,2016,42.7,Czechia
A,PC_EU27_2020_MEUR_CP,D1_SAL_HW,CZ,2017,45.9,Czechia
A,PC_EU27_2020_MEUR_CP,D1_SAL_HW,CZ,2018,49.6,Czechia
A,PC_EU27_2020_MEUR_CP,D1_SAL_HW,CZ,2019,51.8,Czechia
A,PC_EU27_2020_MEUR_CP,D1_SAL_HW,CZ,2020,53.0,Czechia
A,PC_EU27_2020_MEUR_CP,D1_SAL_HW,CZ,2021,56.2,Czechia
A,PC_EU27_2020_MEUR_CP,D1_SAL_HW,CZ,2022,58.6,Czechia
A,PC_EU27_2020_MEUR_CP,D1_SAL_HW,CZ,2023,60.4,Czechia
A,PC_EU27_2020_MEUR_CP,D1_SAL_HW,CZ,2024,57.3,Czechia
A,PC_EU27_2020_MEUR_CP,D1_SAL_HW,DE,2000,151.0,Germany
A,PC_EU27_2020_MEUR_CP,D1_SAL_HW,DE,2001,148.5,Germany
A,PC_EU27_2020_MEUR_CP,D1_SAL_HW,DE,2002,146.0,Germany
A,PC_EU27_2020_MEUR_CP,D1_SAL_HW,DE,2003,145.4,Germany
A,PC_EU27_2020_MEUR_CP,D1_SAL_HW,DE,2004,143.4,Germany
A,PC_EU27_2020_MEUR_CP,D1_SAL_HW,DE,2005,140.8,Germany
A,PC_EU27_2020_MEUR_CP,D1_SAL_HW,DE,2006,136.7,Germany
A,PC_EU27_2020_MEUR_CP,D1_SAL_HW,DE,2007,134.1,Germany
A,PC_EU27_2020_MEUR_CP,D1_SAL_HW,DE,2008,132.7,Germany
A,PC_EU27_2020_MEUR_CP,D1_SAL_HW,DE,2009,135.0,Germany
A,PC_EU27_2020_MEUR_CP,D1_SAL_HW,DE,2010,132.0,Germany
A,PC_EU27_2020_MEUR_CP,D1_SAL_HW,DE,2011,132.3,Germany
A,PC_EU27_2020_MEUR_CP,D1_SAL_HW,DE,2012,134.3,Germany
A,PC_EU27_2020_MEUR_CP,D1_SAL_HW,DE,2013,135.2,Germany
A,PC_EU27_2020_MEUR_CP,D1_SAL_HW,DE,2014,137.2,Germany
A,PC_EU27_2020_MEUR_CP,D1_SAL_HW,DE,2015,138.8,Germany
A,PC_EU27_2020_MEUR_CP,D1_SAL_HW,DE,2016,141.0,Germany
A,PC_EU27_2020_MEUR_CP,D1_SAL_HW,DE,2017,141.5,Germany
A,PC_EU27_2020_MEUR_CP,D1_SAL_HW,DE,2018,142.9,Germany
A,PC_EU27_2020_MEUR_CP,D1_SAL_HW,DE,2019,144.6,Germany
A,PC_EU27_2020_MEUR_CP,D1_SAL_HW,DE,2020,143.3,Germany
A,PC_EU27_2020_MEUR_CP,D1_SAL_HW,DE,2021,143.5,Germany
A,PC_EU27_2020_MEUR_CP,D1_SAL_HW,DE,2022,143.4,Germany
A,PC_EU27_2020_MEUR_CP,D1_SAL_HW,DE,2023,144.4,Germany
A,PC_EU27_2020_MEUR_CP,D1_SAL_HW,DE,2024,143.9,Germany
A,PC_EU27_2020_MEUR_CP,D1_SAL_HW,DK,2000,161.5,Denmark
A,PC_EU27_2020_MEUR_CP,D1_SAL_HW,DK,2001,160.9,Denmark
A,PC_EU27_2020_MEUR_CP,D1_SAL_HW,DK,2002,162.8,Denmark
A,PC_EU27_2020_MEUR_CP,D1_SAL_HW,DK,2003,164.5,Denmark
A,PC_EU27_2020_MEUR_CP,D1_SAL_HW,DK,2004,166.4,Denmark
A,PC_EU27_2020_MEUR_CP,D1_SAL_HW,DK,2005,166.8,Denmark
A,PC_EU27_2020_MEUR_CP,D1_SAL_HW,DK,2006,167.8,Denmark
A,PC_EU27_2020_MEUR_CP,D1_SAL_HW,DK,2007,171.9,Denmark
A,PC_EU27_2020_MEUR_CP,D1_SAL_HW,DK,2008,171.5,Denmark
A,PC_EU27_2020_MEUR_CP,D1_SAL_HW,DK,2009,174.5,Denmark
A,PC_EU27_2020_MEUR_CP,D1_SAL_HW,DK,2010,173.9,Denmark
A,PC_EU27_2020_MEUR_CP,D1_SAL_HW,DK,2011,170.5,Denmark
A,PC_EU27_2020_MEUR_CP,D1_SAL_HW,DK,2012,170.7,Denmark
A,PC_EU27_2020_MEUR_CP,D1_SAL_HW,DK,2013,169.5,Denmark
A,PC_EU27_2020_MEUR_CP,D1_SAL_HW,DK,2014,171.9,Denmark
A,PC_EU27_2020_MEUR_CP,D1_SAL_HW,DK,2015,173.7,Denmark
A,PC_EU27_2020_MEUR_CP,D1_SAL_HW,DK,2016,173.3,Denmark
A,PC_EU27_2020_MEUR_CP,D1_SAL_HW,DK,2017,172.4,Denmark
A,PC_EU27_2020_MEUR_CP,D1_SAL_HW,DK,2018,173.5,Denmark
A,PC_EU27_2020_MEUR_CP,D1_SAL_HW,DK,2019,172.1,Denmark
A,PC_EU27_2020_MEUR_CP,D1_SAL_HW,DK,2020,172.1,Denmark
A,PC_EU27_2020_MEUR_CP,D1_SAL_HW,DK,2021,171.2,Denmark
A,PC_EU27_2020_MEUR_CP,D1_SAL_HW,DK,2022,169.1,Denmark
A,PC_EU27_2020_MEUR_CP,D1_SAL_HW,DK,2023,166.6,Denmark
A,PC_EU27_2020_MEUR_CP,D1_SAL_HW,DK,2024,165.9,Denmark
A,PC_EU27_2020_MEUR_CP,D1_SAL_HW,EE,2000,17.7,Estonia
A,PC_EU27_2020_MEUR_CP,D1_SAL_HW,EE,2001,18.7,Estonia
A,PC_EU27_2020_MEUR_CP,D1_SAL_HW,EE,2002,19.9,Estonia
A,PC_EU27_2020_MEUR_CP,D1_SAL_HW,EE,2003,21.4,Estonia
A,PC_EU27_2020_MEUR_CP,D1_SAL_HW,EE,2004,23.4,Estonia
A,PC_EU27_2020_MEUR_CP,D1_SAL_HW,EE,2005,24.8,Estonia
A,PC_EU27_2020_MEUR_CP,D1_SAL_HW,EE,2006,28.0,Estonia
A,PC_EU27_2020_MEUR_CP,D1_SAL_HW,EE,2007,34.2,Estonia
A,PC_EU27_2020_MEUR_CP,D1_SAL_HW,EE,2008,36.9,Estonia
A,PC_EU27_2020_MEUR_CP,D1_SAL_HW,EE,2009,37.3,Estonia
A,PC_EU27_2020_MEUR_CP,D1_SAL_HW,EE,2010,36.3,Estonia
A,PC_EU27_2020_MEUR_CP,D1_SAL_HW,EE,2011,35.4,Estonia
A,PC_EU27_2020_MEUR_CP,D1_SAL_HW,EE,2012,37.2,Estonia
A,PC_EU27_2020_MEUR_CP,D1_SAL_HW,EE,2013,38.9,Estonia
A,PC_EU27_2020_MEUR_CP,D1_SAL_HW,EE,2014,41.1,Estonia
A,PC_EU27_2020_MEUR_CP,D1_SAL_HW,EE,2015,42.0,Estonia
A,PC_EU27_2020_MEUR_CP,D1_SAL_HW,EE,2016,44.4,Estonia
A,PC_EU27_2020_MEUR_CP,D1_SAL_HW,EE,2017,46.1,Estonia
A,PC_EU27_2020_MEUR_CP,D1_SAL_HW,EE,2018,51.1,Estonia
A,PC_EU27_2020_MEUR_CP,D1_SAL_HW,EE,2019,54.2,Estonia
A,PC_EU27_2020_MEUR_CP,D1_SAL_HW,EE,2020,55.6,Estonia
A,PC_EU27_2020_MEUR_CP,D1_SAL_HW,EE,2021,60.8,Estonia
A,PC_EU27_2020_MEUR_CP,D1_SAL_HW,EE,2022,63.6,Estonia
A,PC_EU27_2020_MEUR_CP,D1_SAL_HW,EE,2023,65.1,Estonia
A,PC_EU27_2020_MEUR_CP,D1_SAL_HW,EE,2024,66.1,Estonia
A,PC_EU27_2020_MEUR_CP,D1_SAL_HW,EL,2000,54.2,Greece
A,PC_EU27_2020_MEUR_CP,D1_SAL_HW,EL,2001,54.4,Greece
A,PC_EU27_2020_MEUR_CP,D1_SAL_HW,EL,2002,58.0,Greece
A,PC_EU27_2020_MEUR_CP,D1_SAL_HW,EL,2003,60.8,Greece
A,PC_EU27_2020_MEUR_CP,D1_SAL_HW,EL,2004,62.8,Greece
A,PC_EU27_2020_MEUR_CP,D1_SAL_HW,EL,2005,63.4,Greece
A,PC_EU27_2020_MEUR_CP,D1_SAL_HW,EL,2006,64.2,Greece
A,PC_EU27_2020_MEUR_CP,D1_SAL_HW,EL,2007,65.4,Greece
A,PC_EU27_2020_MEUR_CP,D1_SAL_HW,EL,2008,65.4,Greece
A,PC_EU27_2020_MEUR_CP,D1_SAL_HW,EL,2009,66.7,Greece
A,PC_EU27_2020_MEUR_CP,D1_SAL_HW,EL,2010,66.5,Greece
A,PC_EU27_2020_MEUR_CP,D1_SAL_HW,EL,2011,62.2,Greece
A,PC_EU27_2020_MEUR_CP,D1_SAL_HW,EL,2012,58.0,Greece
A,PC_EU27_2020_MEUR_CP,D1_SAL_HW,EL,2013,52.2,Greece
A,PC_EU27_2020_MEUR_CP,D1_SAL_HW,EL,2014,50.2,Greece
A,PC_EU27_2020_MEUR_CP,D1_SAL_HW,EL,2015,49.3,Greece
A,PC_EU27_2020_MEUR_CP,D1_SAL_HW,EL,2016,46.4,Greece
A,PC_EU27_2020_MEUR_CP,D1_SAL_HW,EL,2017,46.0,Greece
A,PC_EU27_2020_MEUR_CP,D1_SAL_HW,EL,2018,42.8,Greece
A,PC_EU27_2020_MEUR_CP,D1_SAL_HW,EL,2019,42.3,Greece
A,PC_EU27_2020_MEUR_CP,D1_SAL_HW,EL,2020,44.4,Greece
A,PC_EU27_2020_MEUR_CP,D1_SAL_HW,EL,2021,41.9,Greece
A,PC_EU27_2020_MEUR_CP,D1_SAL_HW,EL,2022,40.3,Greece
A,PC_EU27_2020_MEUR_CP,D1_SAL_HW,EL,2023,38.9,Greece
A,PC_EU27_2020_MEUR_CP,D1_SAL_HW,EL,2024,39.3,Greece
A,PC_EU27_2020_MEUR_CP,D1_SAL_HW,ES,2000,87.9,Spain
A,PC_EU27_2020_MEUR_CP,D1_SAL_HW,ES,2001,86.4,Spain
A,PC_EU27_2020_MEUR_CP,D1_SAL_HW,ES,2002,86.1,Spain
A,PC_EU27_2020_MEUR_CP,D1_SAL_HW,ES,2003,86.1,Spain
A,PC_EU27_2020_MEUR_CP,D1_SAL_HW,ES,2004,87.7,Spain
A,PC_EU27_2020_MEUR_CP,D1_SAL_HW,ES,2005,88.3,Spain
A,PC_EU27_2020_MEUR_CP,D1_SAL_HW,ES,2006,90.0,Spain
A,PC_EU27_2020_MEUR_CP,D1_SAL_HW,ES,2007,92.0,Spain
A,PC_EU27_2020_MEUR_CP,D1_SAL_HW,ES,2008,94.4,Spain
A,PC_EU27_2020_MEUR_CP,D1_SAL_HW,ES,2009,96.0,Spain
A,PC_EU27_2020_MEUR_CP,D1_SAL_HW,ES,2010,94.8,Spain
A,PC_EU27_2020_MEUR_CP,D1_SAL_HW,ES,2011,92.4,Spain
A,PC_EU27_2020_MEUR_CP,D1_SAL_HW,ES,2012,89.9,Spain
A,PC_EU27_2020_MEUR_CP,D1_SAL_HW,ES,2013,89.0,Spain
A,PC_EU27_2020_MEUR_CP,D1_SAL_HW,ES,2014,88.5,Spain
A,PC_EU27_2020_MEUR_CP,D1_SAL_HW,ES,2015,88.1,Spain
A,PC_EU27_2020_MEUR_CP,D1_SAL_HW,ES,2016,86.9,Spain
A,PC_EU27_2020_MEUR_CP,D1_SAL_HW,ES,2017,85.5,Spain
A,PC_EU27_2020_MEUR_CP,D1_SAL_HW,ES,2018,84.6,Spain
A,PC_EU27_2020_MEUR_CP,D1_SAL_HW,ES,2019,86.3,Spain
A,PC_EU27_2020_MEUR_CP,D1_SAL_HW,ES,2020,87.5,Spain
A,PC_EU27_2020_MEUR_CP,D1_SAL_HW,ES,2021,87.8,Spain
A,PC_EU27_2020_MEUR_CP,D1_SAL_HW,ES,2022,87.0,Spain
A,PC_EU27_2020_MEUR_CP,D1_SAL_HW,ES,2023,86.8,Spain
A,PC_EU27_2020_MEUR_CP,D1_SAL_HW,ES,2024,86.5,Spain
A,PC_EU27_2020_MEUR_CP,D1_SAL_HW,EU27_2020,2000,100.0,European Union - 27 countries (from 2020)
A,PC_EU27_2020_MEUR_CP,D1_SAL_HW,EU27_2020,2001,100.0,European Union - 27 countries (from 2020)
A,PC_EU27_2020_MEUR_CP,D1_SAL_HW,EU27_2020,2002,100.0,European Union - 27 countries (from 2020)
A,PC_EU27_2020_MEUR_CP,D1_SAL_HW,EU27_2020,2003,100.0,European Union - 27 countries (from 2020)
A,PC_EU27_2020_MEUR_CP,D1_SAL_HW,EU27_2020,2004,100.0,European Union - 27 countries (from 2020)
A,PC_EU27_2020_MEUR_CP,D1_SAL_HW,EU27_2020,2005,100.0,European Union - 27 countries (from 2020)
A,PC_EU27_2020_MEUR_CP,D1_SAL_HW,EU27_2020,2006,100.0,European Union - 27 countries (from 2020)
A,PC_EU27_2020_MEUR_CP,D1_SAL_HW,EU27_2020,2007,100.0,European Union - 27 countries (from 2020)
A,PC_EU27_2020_MEUR_CP,D1_SAL_HW,EU27_2020,2008,100.0,European Union - 27 countries (from 2020)
A,PC_EU27_2020_MEUR_CP,D1_SAL_HW,EU27_2020,2009,100.0,European Union - 27 countries (from 2020)
A,PC_EU27_2020_MEUR_CP,D1_SAL_HW,EU27_2020,2010,100.0,European Union - 27 countries (from 2020)
A,PC_EU27_2020_MEUR_CP,D1_SAL_HW,EU27_2020,2011,100.0,European Union - 27 countries (from 2020)
A,PC_EU27_2020_MEUR_CP,D1_SAL_HW,EU27_2020,2012,100.0,European Union - 27 countries (from 2020)
A,PC_EU27_2020_MEUR_CP,D1_SAL_HW,EU27_2020,2013,100.0,European Union - 27 countries (from 2020)
A,PC_EU27_2020_MEUR_CP,D1_SAL_HW,EU27_2020,2014,100.0,European Union - 27 countries (from 2020)
A,PC_EU27_2020_MEUR_CP,D1_SAL_HW,EU27_2020,2015,100.0,European Union - 27 countries (from 2020)
A,PC_EU27_2020_MEUR_CP,D1_SAL_HW,EU27_2020,2016,100.0,European Union - 27 countries (from 2020)
A,PC_EU27_2020_MEUR_CP,D1_SAL_HW,EU27_2020,2017,100.0,European Union - 27 countries (from 2020)
A,PC_EU27_2020_MEUR_CP,D1_SAL_HW,EU27_2020,2018,100.0,European Union - 27 countries (from 2020)
A,PC_EU27_2020_MEUR_CP,D1_SAL_HW,EU27_2020,2019,100.0,European Union - 27 countries (from 2020)
A,PC_EU27_2020_MEUR_CP,D1_SAL_HW,EU27_2020,2020,100.0,European Union - 27 countries (from 2020)
A,PC_EU27_2020_MEUR_CP,D1_SAL_HW,EU27_2020,2021,100.0,European Union - 27 countries (from 2020)
A,PC_EU27_2020_MEUR_CP,D1_SAL_HW,EU27_2020,2022,100.0,European Union - 27 countries (from 2020)
A,PC_EU27_2020_MEUR_CP,D1_SAL_HW,EU27_2020,2023,100.0,European Union - 27 countries (from 2020)
A,PC_EU27_2020_MEUR_CP,D1_SAL_HW,EU27_2020,2024,100.0,European Union - 27 countries (from 2020)
A,PC_EU27_2020_MEUR_CP,D1_SAL_HW,FI,2000,127.8,Finland
A,PC_EU27_2020_MEUR_CP,D1_SAL_HW,FI,2001,128.2,Finland
A,PC_EU27_2020_MEUR_CP,D1_SAL_HW,FI,2002,126.2,Finland
A,PC_EU27_2020_MEUR_CP,D1_SAL_HW,FI,2003,125.6,Finland
A,PC_EU27_2020_MEUR_CP,D1_SAL_HW,FI,2004,127.6,Finland
A,PC_EU27_2020_MEUR_CP,D1_SAL_HW,FI,2005,129.1,Finland
A,PC_EU27_2020_MEUR_CP,D1_SAL_HW,FI,2006,130.5,Finland
A,PC_EU27_2020_MEUR_CP,D1_SAL_HW,FI,2007,131.3,Finland
A,PC_EU27_2020_MEUR_CP,D1_SAL_HW,FI,2008,132.0,Finland
A,PC_EU27_2020_MEUR_CP,D1_SAL_HW,FI,2009,134.1,Finland
A,PC_EU27_2020_MEUR_CP,D1_SAL_HW,FI,2010,133.1,Finland
A,PC_EU27_2020_MEUR_CP,D1_SAL_HW,FI,2011,134.6,Finland
A,PC_EU27_2020_MEUR_CP,D1_SAL_HW,FI,2012,135.4,Finland
A,PC_EU27_2020_MEUR_CP,D1_SAL_HW,FI,2013,135.0,Finland
A,PC_EU27_2020_MEUR_CP,D1_SAL_HW,FI,2014,135.5,Finland
A,PC_EU27_2020_MEUR_CP,D1_SAL_HW,FI,2015,135.0,Finland
A,PC_EU27_2020_MEUR_CP,D1_SAL_HW,FI,2016,134.9,Finland
A,PC_EU27_2020_MEUR_CP,D1_SAL_HW,FI,2017,131.1,Finland
A,PC_EU27_2020_MEUR_CP,D1_SAL_HW,FI,2018,129.6,Finland
A,PC_EU27_2020_MEUR_CP,D1_SAL_HW,FI,2019,129.3,Finland
A,PC_EU27_2020_MEUR_CP,D1_SAL_HW,FI,2020,124.2,Finland
A,PC_EU27_2020_MEUR_CP,D1_SAL_HW,FI,2021,128.5,Finland
A,PC_EU27_2020_MEUR_CP,D1_SAL_HW,FI,2022,127.7,Finland
A,PC_EU27_2020_MEUR_CP,D1_SAL_HW,FI,2023,125.3,Finland
A,PC_EU27_2020_MEUR_CP,D1_SAL_HW,FI,2024,121.2,Finland
A,PC_EU27_2020_MEUR_CP,D1_SAL_HW,FR,2000,149.0,France
A,PC_EU27_2020_MEUR_CP,D1_SAL_HW,FR,2001,148.8,France
A,PC_EU27_2020_MEUR_CP,D1_SAL_HW,FR,2002,151.8,France
A,PC_EU27_2020_MEUR_CP,D1_SAL_HW,FR,2003,151.8,France
A,PC_EU27_2020_MEUR_CP,D1_SAL_HW,FR,2004,151.8,France
A,PC_EU27_2020_MEUR_CP,D1_SAL_HW,FR,2005,151.8,France
A,PC_EU27_2020_MEUR_CP,D1_SAL_HW,FR,2006,154.6,France
A,PC_EU27_2020_MEUR_CP,D1_SAL_HW,FR,2007,151.7,France
A,PC_EU27_2020_MEUR_CP,D1_SAL_HW,FR,2008,148.9,France
A,PC_EU27_2020_MEUR_CP,D1_SAL_HW,FR,2009,149.8,France
A,PC_EU27_2020_MEUR_CP,D1_SAL_HW,FR,2010,148.3,France
A,PC_EU27_2020_MEUR_CP,D1_SAL_HW,FR,2011,148.0,France
A,PC_EU27_2020_MEUR_CP,D1_SAL_HW,FR,2012,148.1,France
A,PC_EU27_2020_MEUR_CP,D1_SAL_HW,FR,2013,149.4,France
A,PC_EU27_2020_MEUR_CP,D1_SAL_HW,FR,2014,150.6,France
A,PC_EU27_2020_MEUR_CP,D1_SAL_HW,FR,2015,150.3,France
A,PC_EU27_2020_MEUR_CP,D1_SAL_HW,FR,2016,149.8,France
A,PC_EU27_2020_MEUR_CP,D1_SAL_HW,FR,2017,149.9,France
A,PC_EU27_2020_MEUR_CP,D1_SAL_HW,FR,2018,147.6,France
A,PC_EU27_2020_MEUR_CP,D1_SAL_HW,FR,2019,143.4,France
A,PC_EU27_2020_MEUR_CP,D1_SAL_HW,FR,2020,142.7,France
A,PC_EU27_2020_MEUR_CP,D1_SAL_HW,FR,2021,140.1,France
A,PC_EU27_2020_MEUR_CP,D1_SAL_HW,FR,2022,138.7,France
A,PC_EU27_2020_MEUR_CP,D1_SAL_HW,FR,2023,136.5,France
A,PC_EU27_2020_MEUR_CP,D1_SAL_HW,FR,2024,132.9,France
A,PC_EU27_2020_MEUR_CP,D1_SAL_HW,HR,2000,34.6,Croatia
A,PC_EU27_2020_MEUR_CP,D1_SAL_HW,HR,2001,34.6,Croatia
A,PC_EU27_2020_MEUR_CP,D1_SAL_HW,HR,2002,37.4,Croatia
A,PC_EU27_2020_MEUR_CP,D1_SAL_HW,HR,2003,38.4,Croatia
A,PC_EU27_2020_MEUR_CP,D1_SAL_HW,HR,2004,40.0,Croatia
A,PC_EU27_2020_MEUR_CP,D1_SAL_HW,HR,2005,41.5,Croatia
A,PC_EU27_2020_MEUR_CP,D1_SAL_HW,HR,2006,42.2,Croatia
A,PC_EU27_2020_MEUR_CP,D1_SAL_HW,HR,2007,43.3,Croatia
A,PC_EU27_2020_MEUR_CP,D1_SAL_HW,HR,2008,44.2,Croatia
A,PC_EU27_2020_MEUR_CP,D1_SAL_HW,HR,2009,42.6,Croatia
A,PC_EU27_2020_MEUR_CP,D1_SAL_HW,HR,2010,42.1,Croatia
A,PC_EU27_2020_MEUR_CP,D1_SAL_HW,HR,2011,41.9,Croatia
A,PC_EU27_2020_MEUR_CP,D1_SAL_HW,HR,2012,37.9,Croatia
A,PC_EU27_2020_MEUR_CP,D1_SAL_HW,HR,2013,37.2,Croatia
A,PC_EU27_2020_MEUR_CP,D1_SAL_HW,HR,2014,35.0,Croatia
A,PC_EU27_2020_MEUR_CP,D1_SAL_HW,HR,2015,35.8,Croatia
A,PC_EU27_2020_MEUR_CP,D1_SAL_HW,HR,2016,36.3,Croatia
A,PC_EU27_2020_MEUR_CP,D1_SAL_HW,HR,2017,36.1,Croatia
A,PC_EU27_2020_MEUR_CP,D1_SAL_HW,HR,2018,37.7,Croatia
A,PC_EU27_2020_MEUR_CP,D1_SAL_HW,HR,2019,37.6,Croatia
A,PC_EU27_2020_MEUR_CP,D1_SAL_HW,HR,2020,35.9,Croatia
A,PC_EU27_2020_MEUR_CP,D1_SAL_HW,HR,2021,37.8,Croatia
A,PC_EU27_2020_MEUR_CP,D1_SAL_HW,HR,2022,41.1,Croatia
A,PC_EU27_2020_MEUR_CP,D1_SAL_HW,HR,2023,43.9,Croatia
A,PC_EU27_2020_MEUR_CP,D1_SAL_HW,HR,2024,46.0,Croatia
A,PC_EU27_2020_MEUR_CP,D1_SAL_HW,HU,2000,23.2,Hungary
A,PC_EU27_2020_MEUR_CP,D1_SAL_HW,HU,2001,26.5,Hungary
A,PC_EU27_2020_MEUR_CP,D1_SAL_HW,HU,2002,30.3,Hungary
A,PC_EU27_2020_MEUR_CP,D1_SAL_HW,HU,2003,31.3,Hungary
A,PC_EU27_2020_MEUR_CP,D1_SAL_HW,HU,2004,34.4,Hungary
A,PC_EU27_2020_MEUR_CP,D1_SAL_HW,HU,2005,37.0,Hungary
A,PC_EU27_2020_MEUR_CP,D1_SAL_HW,HU,2006,36.1,Hungary
A,PC_EU27_2020_MEUR_CP,D1_SAL_HW,HU,2007,39.7,Hungary
A,PC_EU27_2020_MEUR_CP,D1_SAL_HW,HU,2008,41.1,Hungary
A,PC_EU27_2020_MEUR_CP,D1_SAL_HW,HU,2009,35.5,Hungary
A,PC_EU27_2020_MEUR_CP,D1_SAL_HW,HU,2010,35.5,Hungary
A,PC_EU27_2020_MEUR_CP,D1_SAL_HW,HU,2011,35.8,Hungary
A,PC_EU27_2020_MEUR_CP,D1_SAL_HW,HU,2012,34.9,Hungary
A,PC_EU27_2020_MEUR_CP,D1_SAL_HW,HU,2013,33.4,Hungary
A,PC_EU27_2020_MEUR_CP,D1_SAL_HW,HU,2014,31.6,Hungary
A,PC_EU27_2020_MEUR_CP,D1_SAL_HW,HU,2015,31.6,Hungary
A,PC_EU27_2020_MEUR_CP,D1_SAL_HW,HU,2016,31.8,Hungary
A,PC_EU27_2020_MEUR_CP,D1_SAL_HW,HU,2017,33.5,Hungary
A,PC_EU27_2020_MEUR_CP,D1_SAL_HW,HU,2018,34.0,Hungary
A,PC_EU27_2020_MEUR_CP,D1_SAL_HW,HU,2019,35.5,Hungary
A,PC_EU27_2020_MEUR_CP,D1_SAL_HW,HU,2020,33.7,Hungary
A,PC_EU27_2020_MEUR_CP,D1_SAL_HW,HU,2021,34.7,Hungary
A,PC_EU27_2020_MEUR_CP,D1_SAL_HW,HU,2022,35.7,Hungary
A,PC_EU27_2020_MEUR_CP,D1_SAL_HW,HU,2023,40.3,Hungary
A,PC_EU27_2020_MEUR_CP,D1_SAL_HW,HU,2024,41.5,Hungary
A,PC_EU27_2020_MEUR_CP,D1_SAL_HW,IE,2000,106.4,Ireland
A,PC_EU27_2020_MEUR_CP,D1_SAL_HW,IE,2001,111.8,Ireland
A,PC_EU27_2020_MEUR_CP,D1_SAL_HW,IE,2002,114.3,Ireland
A,PC_EU27_2020_MEUR_CP,D1_SAL_HW,IE,2003,120.0,Ireland
A,PC_EU27_2020_MEUR_CP,D1_SAL_HW,IE,2004,125.7,Ireland
A,PC_EU27_2020_MEUR_CP,D1_SAL_HW,IE,2005,128.6,Ireland
A,PC_EU27_2020_MEUR_CP,D1_SAL_HW,IE,2006,132.6,Ireland
A,PC_EU27_2020_MEUR_CP,D1_SAL_HW,IE,2007,138.2,Ireland
A,PC_EU27_2020_MEUR_CP,D1_SAL_HW,IE,2008,140.7,Ireland
A,PC_EU27_2020_MEUR_CP,D1_SAL_HW,IE,2009,142.7,Ireland
A,PC_EU27_2020_MEUR_CP,D1_SAL_HW,IE,2010,134.8,Ireland
A,PC_EU27_2020_MEUR_CP,D1_SAL_HW,IE,2011,137.4,Ireland
A,PC_EU27_2020_MEUR_CP,D1_SAL_HW,IE,2012,135.5,Ireland
A,PC_EU27_2020_MEUR_CP,D1_SAL_HW,IE,2013,130.1,Ireland
A,PC_EU27_2020_MEUR_CP,D1_SAL_HW,IE,2014,129.4,Ireland
A,PC_EU27_2020_MEUR_CP,D1_SAL_HW,IE,2015,131.1,Ireland
A,PC_EU27_2020_MEUR_CP,D1_SAL_HW,IE,2016,130.9,Ireland
A,PC_EU27_2020_MEUR_CP,D1_SAL_HW,IE,2017,129.3,Ireland
A,PC_EU27_2020_MEUR_CP,D1_SAL_HW,IE,2018,128.3,Ireland
A,PC_EU27_2020_MEUR_CP,D1_SAL_HW,IE,2019,129.8,Ireland
A,PC_EU27_2020_MEUR_CP,D1_SAL_HW,IE,2020,133.7,Ireland
A,PC_EU27_2020_MEUR_CP,D1_SAL_HW,IE,2021,138.6,Ireland
A,PC_EU27_2020_MEUR_CP,D1_SAL_HW,IE,2022,136.8,Ireland
A,PC_EU27_2020_MEUR_CP,D1_SAL_HW,IE,2023,136.6,Ireland
A,PC_EU27_2020_MEUR_CP,D1_SAL_HW,IE,2024,139.4,Ireland
A,PC_EU27_2020_MEUR_CP,D1_SAL_HW,IT,2000,107.2,Italy
A,PC_EU27_2020_MEUR_CP,D1_SAL_HW,IT,2001,106.8,Italy
A,PC_EU27_2020_MEUR_CP,D1_SAL_HW,IT,2002,106.6,Italy
A,PC_EU27_2020_MEUR_CP,D1_SAL_HW,IT,2003,108.2,Italy
A,PC_EU27_2020_MEUR_CP,D1_SAL_HW,IT,2004,109.8,Italy
A,PC_EU27_2020_MEUR_CP,D1_SAL_HW,IT,2005,110.2,Italy
A,PC_EU27_2020_MEUR_CP,D1_SAL_HW,IT,2006,109.7,Italy
A,PC_EU27_2020_MEUR_CP,D1_SAL_HW,IT,2007,109.3,Italy
A,PC_EU27_2020_MEUR_CP,D1_SAL_HW,IT,2008,108.3,Italy
A,PC_EU27_2020_MEUR_CP,D1_SAL_HW,IT,2009,109.2,Italy
A,PC_EU27_2020_MEUR_CP,D1_SAL_HW,IT,2010,108.5,Italy
A,PC_EU27_2020_MEUR_CP,D1_SAL_HW,IT,2011,107.1,Italy
A,PC_EU27_2020_MEUR_CP,D1_SAL_HW,IT,2012,105.6,Italy
A,PC_EU27_2020_MEUR_CP,D1_SAL_HW,IT,2013,105.1,Italy
A,PC_EU27_2020_MEUR_CP,D1_SAL_HW,IT,2014,104.5,Italy
A,PC_EU27_2020_MEUR_CP,D1_SAL_HW,IT,2015,103.8,Italy
A,PC_EU27_2020_MEUR_CP,D1_SAL_HW,IT,2016,102.3,Italy
A,PC_EU27_2020_MEUR_CP,D1_SAL_HW,IT,2017,100.0,Italy
A,PC_EU27_2020_MEUR_CP,D1_SAL_HW,IT,2018,98.9,Italy
A,PC_EU27_2020_MEUR_CP,D1_SAL_HW,IT,2019,98.3,Italy
A,PC_EU27_2020_MEUR_CP,D1_SAL_HW,IT,2020,98.4,Italy
A,PC_EU27_2020_MEUR_CP,D1_SAL_HW,IT,2021,96.5,Italy
A,PC_EU27_2020_MEUR_CP,D1_SAL_HW,IT,2022,94.1,Italy
A,PC_EU27_2020_MEUR_CP,D1_SAL_HW,IT,2023,90.0,Italy
A,PC_EU27_2020_MEUR_CP,D1_SAL_HW,IT,2024,88.0,Italy
A,PC_EU27_2020_MEUR_CP,D1_SAL_HW,LT,2000,15.3,Lithuania
A,PC_EU27_2020_MEUR_CP,D1_SAL_HW,LT,2001,16.4,Lithuania
A,PC_EU27_2020_MEUR_CP,D1_SAL_HW,LT,2002,17.4,Lithuania
A,PC_EU27_2020_MEUR_CP,D1_SAL_HW,LT,2003,18.5,Lithuania
A,PC_EU27_2020_MEUR_CP,D1_SAL_HW,LT,2004,19.5,Lithuania
A,PC_EU27_2020_MEUR_CP,D1_SAL_HW,LT,2005,21.6,Lithuania
A,PC_EU27_2020_MEUR_CP,D1_SAL_HW,LT,2006,25.6,Lithuania
A,PC_EU27_2020_MEUR_CP,D1_SAL_HW,LT,2007,28.0,Lithuania
A,PC_EU27_2020_MEUR_CP,D1_SAL_HW,LT,2008,30.6,Lithuania
A,PC_EU27_2020_MEUR_CP,D1_SAL_HW,LT,2009,28.2,Lithuania
A,PC_EU27_2020_MEUR_CP,D1_SAL_HW,LT,2010,26.8,Lithuania
A,PC_EU27_2020_MEUR_CP,D1_SAL_HW,LT,2011,28.2,Lithuania
A,PC_EU27_2020_MEUR_CP,D1_SAL_HW,LT,2012,28.7,Lithuania
A,PC_EU27_2020_MEUR_CP,D1_SAL_HW,LT,2013,29.9,Lithuania
A,PC_EU27_2020_MEUR_CP,D1_SAL_HW,LT,2014,31.0,Lithuania
A,PC_EU27_2020_MEUR_CP,D1_SAL_HW,LT,2015,32.0,Lithuania
A,PC_EU27_2020_MEUR_CP,D1_SAL_HW,LT,2016,33.1,Lithuania
A,PC_EU27_2020_MEUR_CP,D1_SAL_HW,LT,2017,36.1,Lithuania
A,PC_EU27_2020_MEUR_CP,D1_SAL_HW,LT,2018,37.9,Lithuania
A,PC_EU27_2020_MEUR_CP,D1_SAL_HW,LT,2019,40.8,Lithuania
A,PC_EU27_2020_MEUR_CP,D1_SAL_HW,LT,2020,42.8,Lithuania
A,PC_EU27_2020_MEUR_CP,D1_SAL_HW,LT,2021,46.8,Lithuania
A,PC_EU27_2020_MEUR_CP,D1_SAL_HW,LT,2022,50.3,Lithuania
A,PC_EU27_2020_MEUR_CP,D1_SAL_HW,LT,2023,52.5,Lithuania
A,PC_EU27_2020_MEUR_CP,D1_SAL_HW,LT,2024,52.9,Lithuania
A,PC_EU27_2020_MEUR_CP,D1_SAL_HW,LU,2000,178.1,Luxembourg
A,PC_EU27_2020_MEUR_CP,D1_SAL_HW,LU,2001,178.1,Luxembourg
A,PC_EU27_2020_MEUR_CP,D1_SAL_HW,LU,2002,179.1,Luxembourg
A,PC_EU27_2020_MEUR_CP,D1_SAL_HW,LU,2003,176.9,Luxembourg
A,PC_EU27_2020_MEUR_CP,D1_SAL_HW,LU,2004,180.1,Luxembourg
A,PC_EU27_2020_MEUR_CP,D1_SAL_HW,LU,2005,184.7,Luxembourg
A,PC_EU27_2020_MEUR_CP,D1_SAL_HW,LU,2006,188.0,Luxembourg
A,PC_EU27_2020_MEUR_CP,D1_SAL_HW,LU,2007,189.5,Luxembourg
A,PC_EU27_2020_MEUR_CP,D1_SAL_HW,LU,2008,187.4,Luxembourg
A,PC_EU27_2020_MEUR_CP,D1_SAL_HW,LU,2009,193.7,Luxembourg
A,PC_EU27_2020_MEUR_CP,D1_SAL_HW,LU,2010,190.7,Luxembourg
A,PC_EU27_2020_MEUR_CP,D1_SAL_HW,LU,2011,193.5,Luxembourg
A,PC_EU27_2020_MEUR_CP,D1_SAL_HW,LU,2012,191.8,Luxembourg
A,PC_EU27_2020_MEUR_CP,D1_SAL_HW,LU,2013,194.9,Luxembourg
A,PC_EU27_2020_MEUR_CP,D1_SAL_HW,LU,2014,196.6,Luxembourg
A,PC_EU27_2020_MEUR_CP,D1_SAL_HW,LU,2015,196.0,Luxembourg
A,PC_EU27_2020_MEUR_CP,D1_SAL_HW,LU,2016,195.4,Luxembourg
A,PC_EU27_2020_MEUR_CP,D1_SAL_HW,LU,2017,197.3,Luxembourg
A,PC_EU27_2020_MEUR_CP,D1_SAL_HW,LU,2018,198.5,Luxembourg
A,PC_EU27_2020_MEUR_CP,D1_SAL_HW,LU,2019,198.0,Luxembourg
A,PC_EU27_2020_MEUR_CP,D1_SAL_HW,LU,2020,204.5,Luxembourg
A,PC_EU27_2020_MEUR_CP,D1_SAL_HW,LU,2021,201.0,Luxembourg
A,PC_EU27_2020_MEUR_CP,D1_SAL_HW,LU,2022,202.5,Luxembourg
A,PC_EU27_2020_MEUR_CP,D1_SAL_HW,LU,2023,206.3,Luxembourg
A,PC_EU27_2020_MEUR_CP,D1_SAL_HW,LU,2024,203.1,Luxembourg
A,PC_EU27_2020_MEUR_CP,D1_SAL_HW,LV,2000,14.2,Latvia
A,PC_EU27_2020_MEUR_CP,D1_SAL_HW,LV,2001,14.1,Latvia
A,PC_EU27_2020_MEUR_CP,D1_SAL_HW,LV,2002,13.8,Latvia
A,PC_EU27_2020_MEUR_CP,D1_SAL_HW,LV,2003,13.7,Latvia
A,PC_EU27_2020_MEUR_CP,D1_SAL_HW,LV,2004,15.2,Latvia
A,PC_EU27_2020_MEUR_CP,D1_SAL_HW,LV,2005,17.5,Latvia
A,PC_EU27_2020_MEUR_CP,D1_SAL_HW,LV,2006,21.2,Latvia
A,PC_EU27_2020_MEUR_CP,D1_SAL_HW,LV,2007,28.1,Latvia
A,PC_EU27_2020_MEUR_CP,D1_SAL_HW,LV,2008,32.6,Latvia
A,PC_EU27_2020_MEUR_CP,D1_SAL_HW,LV,2009,29.1,Latvia
A,PC_EU27_2020_MEUR_CP,D1_SAL_HW,LV,2010,26.4,Latvia
A,PC_EU27_2020_MEUR_CP,D1_SAL_HW,LV,2011,26.3,Latvia
A,PC_EU27_2020_MEUR_CP,D1_SAL_HW,LV,2012,28.1,Latvia
A,PC_EU27_2020_MEUR_CP,D1_SAL_HW,LV,2013,29.0,Latvia
A,PC_EU27_2020_MEUR_CP,D1_SAL_HW,LV,2014,30.9,Latvia
A,PC_EU27_2020_MEUR_CP,D1_SAL_HW,LV,2015,33.5,Latvia
A,PC_EU27_2020_MEUR_CP,D1_SAL_HW,LV,2016,35.5,Latvia
A,PC_EU27_2020_MEUR_CP,D1_SAL_HW,LV,2017,37.4,Latvia
A,PC_EU27_2020_MEUR_CP,D1_SAL_HW,LV,2018,38.8,Latvia
A,PC_EU27_2020_MEUR_CP,D1_SAL_HW,LV,2019,39.9,Latvia
A,PC_EU27_2020_MEUR_CP,D1_SAL_HW,LV,2020,41.0,Latvia
A,PC_EU27_2020_MEUR_CP,D1_SAL_HW,LV,2021,43.0,Latvia
A,PC_EU27_2020_MEUR_CP,D1_SAL_HW,LV,2022,45.8,Latvia
A,PC_EU27_2020_MEUR_CP,D1_SAL_HW,LV,2023,46.9,Latvia
A,PC_EU27_2020_MEUR_CP,D1_SAL_HW,LV,2024,48.9,Latvia
A,PC_EU27_2020_MEUR_CP,D1_SAL_HW,MT,2000,46.5,Malta
A,PC_EU27_2020_MEUR_CP,D1_SAL_HW,MT,2001,48.3,Malta
A,PC_EU27_2020_MEUR_CP,D1_SAL_HW,MT,2002,48.0,Malta
A,PC_EU27_2020_MEUR_CP,D1_SAL_HW,MT,2003,47.1,Malta
A,PC_EU27_2020_MEUR_CP,D1_SAL_HW,MT,2004,48.9,Malta
A,PC_EU27_2020_MEUR_CP,D1_SAL_HW,MT,2005,48.2,Malta
A,PC_EU27_2020_MEUR_CP,D1_SAL_HW,MT,2006,49.1,Malta
A,PC_EU27_2020_MEUR_CP,D1_SAL_HW,MT,2007,48.6,Malta
A,PC_EU27_2020_MEUR_CP,D1_SAL_HW,MT,2008,48.5,Malta
A,PC_EU27_2020_MEUR_CP,D1_SAL_HW,MT,2009,48.6,Malta
A,PC_EU27_2020_MEUR_CP,D1_SAL_HW,MT,2010,50.5,Malta
A,PC_EU27_2020_MEUR_CP,D1_SAL_HW,MT,2011,52.5,Malta
A,PC_EU27_2020_MEUR_CP,D1_SAL_HW,MT,2012,53.1,Malta
A,PC_EU27_2020_MEUR_CP,D1_SAL_HW,MT,2013,53.8,Malta
A,PC_EU27_2020_MEUR_CP,D1_SAL_HW,MT,2014,55.8,Malta
A,PC_EU27_2020_MEUR_CP,D1_SAL_HW,MT,2015,58.2,Malta
A,PC_EU27_2020_MEUR_CP,D1_SAL_HW,MT,2016,57.6,Malta
A,PC_EU27_2020_MEUR_CP,D1_SAL_HW,MT,2017,58.8,Malta
A,PC_EU27_2020_MEUR_CP,D1_SAL_HW,MT,2018,60.9,Malta
A,PC_EU27_2020_MEUR_CP,D1_SAL_HW,MT,2019,59.5,Malta
A,PC_EU27_2020_MEUR_CP,D1_SAL_HW,MT,2020,61.8,Malta
A,PC_EU27_2020_MEUR_CP,D1_SAL_HW,MT,2021,64.5,Malta
A,PC_EU27_2020_MEUR_CP,D1_SAL_HW,MT,2022,66.2,Malta
A,PC_EU27_2020_MEUR_CP,D1_SAL_HW,MT,2023,63.6,Malta
A,PC_EU27_2020_MEUR_CP,D1_SAL_HW,MT,2024,65.7,Malta
A,PC_EU27_2020_MEUR_CP,D1_SAL_HW,NL,2000,153.2,Netherlands
A,PC_EU27_2020_MEUR_CP,D1_SAL_HW,NL,2001,152.2,Netherlands
A,PC_EU27_2020_MEUR_CP,D1_SAL_HW,NL,2002,154.5,Netherlands
A,PC_EU27_2020_MEUR_CP,D1_SAL_HW,NL,2003,155.8,Netherlands
A,PC_EU27_2020_MEUR_CP,D1_SAL_HW,NL,2004,155.7,Netherlands
A,PC_EU27_2020_MEUR_CP,D1_SAL_HW,NL,2005,155.2,Netherlands
A,PC_EU27_2020_MEUR_CP,D1_SAL_HW,NL,2006,154.7,Netherlands
A,PC_EU27_2020_MEUR_CP,D1_SAL_HW,NL,2007,155.4,Netherlands
A,PC_EU27_2020_MEUR_CP,D1_SAL_HW,NL,2008,155.4,Netherlands
A,PC_EU27_2020_MEUR_CP,D1_SAL_HW,NL,2009,157.1,Netherlands
A,PC_EU27_2020_MEUR_CP,D1_SAL_HW,NL,2010,153.9,Netherlands
A,PC_EU27_2020_MEUR_CP,D1_SAL_HW,NL,2011,153.0,Netherlands
A,PC_EU27_2020_MEUR_CP,D1_SAL_HW,NL,2012,153.2,Netherlands
A,PC_EU27_2020_MEUR_CP,D1_SAL_HW,NL,2013,152.5,Netherlands
A,PC_EU27_2020_MEUR_CP,D1_SAL_HW,NL,2014,152.5,Netherlands
A,PC_EU27_2020_MEUR_CP,D1_SAL_HW,NL,2015,151.0,Netherlands
A,PC_EU27_2020_MEUR_CP,D1_SAL_HW,NL,2016,151.2,Netherlands
A,PC_EU27_2020_MEUR_CP,D1_SAL_HW,NL,2017,148.7,Netherlands
A,PC_EU27_2020_MEUR_CP,D1_SAL_HW,NL,2018,148.3,Netherlands
A,PC_EU27_2020_MEUR_CP,D1_SAL_HW,NL,2019,148.7,Netherlands
A,PC_EU27_2020_MEUR_CP,D1_SAL_HW,NL,2020,151.7,Netherlands
A,PC_EU27_2020_MEUR_CP,D1_SAL_HW,NL,2021,150.6,Netherlands
A,PC_EU27_2020_MEUR_CP,D1_SAL_HW,NL,2022,150.3,Netherlands
A,PC_EU27_2020_MEUR_CP,D1_SAL_HW,NL,2023,151.3,Netherlands
A,PC_EU27_2020_MEUR_CP,D1_SAL_HW,NL,2024,152.0,Netherlands
A,PC_EU27_2020_MEUR_CP,D1_SAL_HW,PL,2000,23.2,Poland
A,PC_EU27_2020_MEUR_CP,D1_SAL_HW,PL,2001,26.7,Poland
A,PC_EU27_2020_MEUR_CP,D1_SAL_HW,PL,2002,25.3,Poland
A,PC_EU27_2020_MEUR_CP,D1_SAL_HW,PL,2003,22.0,Poland
A,PC_EU27_2020_MEUR_CP,D1_SAL_HW,PL,2004,21.5,Poland
A,PC_EU27_2020_MEUR_CP,D1_SAL_HW,PL,2005,24.1,Poland
A,PC_EU27_2020_MEUR_CP,D1_SAL_HW,PL,2006,24.9,Poland
A,PC_EU27_2020_MEUR_CP,D1_SAL_HW,PL,2007,26.3,Poland
A,PC_EU27_2020_MEUR_CP,D1_SAL_HW,PL,2008,29.8,Poland
A,PC_EU27_2020_MEUR_CP,D1_SAL_HW,PL,2009,24.6,Poland
A,PC_EU27_2020_MEUR_CP,D1_SAL_HW,PL,2010,28.3,Poland
A,PC_EU27_2020_MEUR_CP,D1_SAL_HW,PL,2011,28.4,Poland
A,PC_EU27_2020_MEUR_CP,D1_SAL_HW,PL,2012,28.3,Poland
A,PC_EU27_2020_MEUR_CP,D1_SAL_HW,PL,2013,28.2,Poland
A,PC_EU27_2020_MEUR_CP,D1_SAL_HW,PL,2014,28.5,Poland
A,PC_EU27_2020_MEUR_CP,D1_SAL_HW,PL,2015,28.7,Poland
A,PC_EU27_2020_MEUR_CP,D1_SAL_HW,PL,2016,28.5,Poland
A,PC_EU27_2020_MEUR_CP,D1_SAL_HW,PL,2017,30.4,Poland
A,PC_EU27_2020_MEUR_CP,D1_SAL_HW,PL,2018,32.2,Poland
A,PC_EU27_2020_MEUR_CP,D1_SAL_HW,PL,2019,32.8,Poland
A,PC_EU27_2020_MEUR_CP,D1_SAL_HW,PL,2020,31.9,Poland
A,PC_EU27_2020_MEUR_CP,D1_SAL_HW,PL,2021,31.6,Poland
A,PC_EU27_2020_MEUR_CP,D1_SAL_HW,PL,2022,33.5,Poland
A,PC_EU27_2020_MEUR_CP,D1_SAL_HW,PL,2023,37.5,Poland
A,PC_EU27_2020_MEUR_CP,D1_SAL_HW,PL,2024,42.9,Poland
A,PC_EU27_2020_MEUR_CP,D1_SAL_HW,PT,2000,53.3,Portugal
A,PC_EU27_2020_MEUR_CP,D1_SAL_HW,PT,2001,53.7,Portugal
A,PC_EU27_2020_MEUR_CP,D1_SAL_HW,PT,2002,53.9,Portugal
A,PC_EU27_2020_MEUR_CP,D1_SAL_HW,PT,2003,54.2,Portugal
A,PC_EU27_2020_MEUR_CP,D1_SAL_HW,PT,2004,54.8,Portugal
A,PC_EU27_2020_MEUR_CP,D1_SAL_HW,PT,2005,55.7,Portugal
A,PC_EU27_2020_MEUR_CP,D1_SAL_HW,PT,2006,55.5,Portugal
A,PC_EU27_2020_MEUR_CP,D1_SAL_HW,PT,2007,55.8,Portugal
A,PC_EU27_2020_MEUR_CP,D1_SAL_HW,PT,2008,55.4,Portugal
A,PC_EU27_2020_MEUR_CP,D1_SAL_HW,PT,2009,55.5,Portugal
A,PC_EU27_2020_MEUR_CP,D1_SAL_HW,PT,2010,54.9,Portugal
A,PC_EU27_2020_MEUR_CP,D1_SAL_HW,PT,2011,53.3,Portugal
A,PC_EU27_2020_MEUR_CP,D1_SAL_HW,PT,2012,50.7,Portugal
A,PC_EU27_2020_MEUR_CP,D1_SAL_HW,PT,2013,51.0,Portugal
A,PC_EU27_2020_MEUR_CP,D1_SAL_HW,PT,2014,49.4,Portugal
A,PC_EU27_2020_MEUR_CP,D1_SAL_HW,PT,2015,48.8,Portugal
A,PC_EU27_2020_MEUR_CP,D1_SAL_HW,PT,2016,48.7,Portugal
A,PC_EU27_2020_MEUR_CP,D1_SAL_HW,PT,2017,48.7,Portugal
A,PC_EU27_2020_MEUR_CP,D1_SAL_HW,PT,2018,49.2,Portugal
A,PC_EU27_2020_MEUR_CP,D1_SAL_HW,PT,2019,50.4,Portugal
A,PC_EU27_2020_MEUR_CP,D1_SAL_HW,PT,2020,51.7,Portugal
A,PC_EU27_2020_MEUR_CP,D1_SAL_HW,PT,2021,52.3,Portugal
A,PC_EU27_2020_MEUR_CP,D1_SAL_HW,PT,2022,52.0,Portugal
A,PC_EU27_2020_MEUR_CP,D1_SAL_HW,PT,2023,52.5,Portugal
A,PC_EU27_2020_MEUR_CP,D1_SAL_HW,PT,2024,53.5,Portugal
A,PC_EU27_2020_MEUR_CP,D1_SAL_HW,RO,2000,9.2,Romania
A,PC_EU27_2020_MEUR_CP,D1_SAL_HW,RO,2001,10.5,Romania
A,PC_EU27_2020_MEUR_CP,D1_SAL_HW,RO,2002,9.9,Romania
A,PC_EU27_2020_MEUR_CP,D1_SAL_HW,RO,2003,10.1,Romania
A,PC_EU27_2020_MEUR_CP,D1_SAL_HW,RO,2004,10.8,Romania
A,PC_EU27_2020_MEUR_CP,D1_SAL_HW,RO,2005,15.0,Romania
A,PC_EU27_2020_MEUR_CP,D1_SAL_HW,RO,2006,17.3,Romania
A,PC_EU27_2020_MEUR_CP,D1_SAL_HW,RO,2007,19.0,Romania
A,PC_EU27_2020_MEUR_CP,D1_SAL_HW,RO,2008,22.6,Romania
A,PC_EU27_2020_MEUR_CP,D1_SAL_HW,RO,2009,18.8,Romania
A,PC_EU27_2020_MEUR_CP,D1_SAL_HW,RO,2010,19.1,Romania
A,PC_EU27_2020_MEUR_CP,D1_SAL_HW,RO,2011,18.7,Romania
A,PC_EU27_2020_MEUR_CP,D1_SAL_HW,RO,2012,18.2,Romania
A,PC_EU27_2020_MEUR_CP,D1_SAL_HW,RO,2013,18.9,Romania
A,PC_EU27_2020_MEUR_CP,D1_SAL_HW,RO,2014,20.0,Romania
A,PC_EU27_2020_MEUR_CP,D1_SAL_HW,RO,2015,20.1,Romania
A,PC_EU27_2020_MEUR_CP,D1_SAL_HW,RO,2016,22.7,Romania
A,PC_EU27_2020_MEUR_CP,D1_SAL_HW,RO,2017,25.2,Romania
A,PC_EU27_2020_MEUR_CP,D1_SAL_HW,RO,2018,27.2,Romania
A,PC_EU27_2020_MEUR_CP,D1_SAL_HW,RO,2019,28.7,Romania
A,PC_EU27_2020_MEUR_CP,D1_SAL_HW,RO,2020,28.7,Romania
A,PC_EU27_2020_MEUR_CP,D1_SAL_HW,RO,2021,28.7,Romania
A,PC_EU27_2020_MEUR_CP,D1_SAL_HW,RO,2022,31.8,Romania
A,PC_EU27_2020_MEUR_CP,D1_SAL_HW,RO,2023,36.3,Romania
A,PC_EU27_2020_MEUR_CP,D1_SAL_HW,RO,2024,39.4,Romania
A,PC_EU27_2020_MEUR_CP,D1_SAL_HW,SE,2000,129.7,Sweden
A,PC_EU27_2020_MEUR_CP,D1_SAL_HW,SE,2001,120.4,Sweden
A,PC_EU27_2020_MEUR_CP,D1_SAL_HW,SE,2002,123.0,Sweden
A,PC_EU27_2020_MEUR_CP,D1_SAL_HW,SE,2003,125.9,Sweden
A,PC_EU27_2020_MEUR_CP,D1_SAL_HW,SE,2004,126.9,Sweden
A,PC_EU27_2020_MEUR_CP,D1_SAL_HW,SE,2005,125.7,Sweden
A,PC_EU27_2020_MEUR_CP,D1_SAL_HW,SE,2006,126.8,Sweden
A,PC_EU27_2020_MEUR_CP,D1_SAL_HW,SE,2007,129.3,Sweden
A,PC_EU27_2020_MEUR_CP,D1_SAL_HW,SE,2008,123.3,Sweden
A,PC_EU27_2020_MEUR_CP,D1_SAL_HW,SE,2009,113.0,Sweden
A,PC_EU27_2020_MEUR_CP,D1_SAL_HW,SE,2010,122.9,Sweden
A,PC_EU27_2020_MEUR_CP,D1_SAL_HW,SE,2011,130.6,Sweden
A,PC_EU27_2020_MEUR_CP,D1_SAL_HW,SE,2012,137.4,Sweden
A,PC_EU27_2020_MEUR_CP,D1_SAL_HW,SE,2013,138.7,Sweden
A,PC_EU27_2020_MEUR_CP,D1_SAL_HW,SE,2014,133.7,Sweden
A,PC_EU27_2020_MEUR_CP,D1_SAL_HW,SE,2015,131.4,Sweden
A,PC_EU27_2020_MEUR_CP,D1_SAL_HW,SE,2016,130.3,Sweden
A,PC_EU27_2020_MEUR_CP,D1_SAL_HW,SE,2017,128.4,Sweden
A,PC_EU27_2020_MEUR_CP,D1_SAL_HW,SE,2018,122.3,Sweden
A,PC_EU27_2020_MEUR_CP,D1_SAL_HW,SE,2019,120.0,Sweden
A,PC_EU27_2020_MEUR_CP,D1_SAL_HW,SE,2020,120.4,Sweden
A,PC_EU27_2020_MEUR_CP,D1_SAL_HW,SE,2021,127.2,Sweden
A,PC_EU27_2020_MEUR_CP,D1_SAL_HW,SE,2022,119.6,Sweden
A,PC_EU27_2020_MEUR_CP,D1_SAL_HW,SE,2023,110.3,Sweden
A,PC_EU27_2020_MEUR_CP,D1_SAL_HW,SE,2024,110.3,Sweden
A,PC_EU27_2020_MEUR_CP,D1_SAL_HW,SI,2000,59.8,Slovenia
A,PC_EU27_2020_MEUR_CP,D1_SAL_HW,SI,2001,61.7,Slovenia
A,PC_EU27_2020_MEUR_CP,D1_SAL_HW,SI,2002,60.7,Slovenia
A,PC_EU27_2020_MEUR_CP,D1_SAL_HW,SI,2003,61.1,Slovenia
A,PC_EU27_2020_MEUR_CP,D1_SAL_HW,SI,2004,62.2,Slovenia
A,PC_EU27_2020_MEUR_CP,D1_SAL_HW,SI,2005,65.5,Slovenia
A,PC_EU27_2020_MEUR_CP,D1_SAL_HW,SI,2006,68.4,Slovenia
A,PC_EU27_2020_MEUR_CP,D1_SAL_HW,SI,2007,71.1,Slovenia
A,PC_EU27_2020_MEUR_CP,D1_SAL_HW,SI,2008,72.9,Slovenia
A,PC_EU27_2020_MEUR_CP,D1_SAL_HW,SI,2009,72.2,Slovenia
A,PC_EU27_2020_MEUR_CP,D1_SAL_HW,SI,2010,72.0,Slovenia
A,PC_EU27_2020_MEUR_CP,D1_SAL_HW,SI,2011,72.0,Slovenia
A,PC_EU27_2020_MEUR_CP,D1_SAL_HW,SI,2012,70.5,Slovenia
A,PC_EU27_2020_MEUR_CP,D1_SAL_HW,SI,2013,68.6,Slovenia
A,PC_EU27_2020_MEUR_CP,D1_SAL_HW,SI,2014,68.2,Slovenia
A,PC_EU27_2020_MEUR_CP,D1_SAL_HW,SI,2015,67.8,Slovenia
A,PC_EU27_2020_MEUR_CP,D1_SAL_HW,SI,2016,71.0,Slovenia
A,PC_EU27_2020_MEUR_CP,D1_SAL_HW,SI,2017,72.5,Slovenia
A,PC_EU27_2020_MEUR_CP,D1_SAL_HW,SI,2018,74.4,Slovenia
A,PC_EU27_2020_MEUR_CP,D1_SAL_HW,SI,2019,76.4,Slovenia
A,PC_EU27_2020_MEUR_CP,D1_SAL_HW,SI,2020,78.5,Slovenia
A,PC_EU27_2020_MEUR_CP,D1_SAL_HW,SI,2021,80.5,Slovenia
A,PC_EU27_2020_MEUR_CP,D1_SAL_HW,SI,2022,81.1,Slovenia
A,PC_EU27_2020_MEUR_CP,D1_SAL_HW,SI,2023,84.6,Slovenia
A,PC_EU27_2020_MEUR_CP,D1_SAL_HW,SI,2024,84.2,Slovenia
A,PC_EU27_2020_MEUR_CP,D1_SAL_HW,SK,2000,18.9,Slovakia
A,PC_EU27_2020_MEUR_CP,D1_SAL_HW,SK,2001,19.0,Slovakia
A,PC_EU27_2020_MEUR_CP,D1_SAL_HW,SK,2002,20.9,Slovakia
A,PC_EU27_2020_MEUR_CP,D1_SAL_HW,SK,2003,23.3,Slovakia
A,PC_EU27_2020_MEUR_CP,D1_SAL_HW,SK,2004,24.9,Slovakia
A,PC_EU27_2020_MEUR_CP,D1_SAL_HW,SK,2005,26.7,Slovakia
A,PC_EU27_2020_MEUR_CP,D1_SAL_HW,SK,2006,29.2,Slovakia
A,PC_EU27_2020_MEUR_CP,D1_SAL_HW,SK,2007,34.0,Slovakia
A,PC_EU27_2020_MEUR_CP,D1_SAL_HW,SK,2008,37.6,Slovakia
A,PC_EU27_2020_MEUR_CP,D1_SAL_HW,SK,2009,39.7,Slovakia
A,PC_EU27_2020_MEUR_CP,D1_SAL_HW,SK,2010,39.9,Slovakia
A,PC_EU27_2020_MEUR_CP,D1_SAL_HW,SK,2011,40.0,Slovakia
A,PC_EU27_2020_MEUR_CP,D1_SAL_HW,SK,2012,40.1,Slovakia
A,PC_EU27_2020_MEUR_CP,D1_SAL_HW,SK,2013,40.7,Slovakia
A,PC_EU27_2020_MEUR_CP,D1_SAL_HW,SK,2014,41.3,Slovakia
A,PC_EU27_2020_MEUR_CP,D1_SAL_HW,SK,2015,42.3,Slovakia
A,PC_EU27_2020_MEUR_CP,D1_SAL_HW,SK,2016,43.2,Slovakia
A,PC_EU27_2020_MEUR_CP,D1_SAL_HW,SK,2017,45.0,Slovakia
A,PC_EU27_2020_MEUR_CP,D1_SAL_HW,SK,2018,46.7,Slovakia
A,PC_EU27_2020_MEUR_CP,D1_SAL_HW,SK,2019,49.1,Slovakia
A,PC_EU27_2020_MEUR_CP,D1_SAL_HW,SK,2020,51.9,Slovakia
A,PC_EU27_2020_MEUR_CP,D1_SAL_HW,SK,2021,54.5,Slovakia
A,PC_EU27_2020_MEUR_CP,D1_SAL_HW,SK,2022,54.7,Slovakia
A,PC_EU27_2020_MEUR_CP,D1_SAL_HW,SK,2023,56.8,Slovakia
A,PC_EU27_2020_MEUR_CP,D1_SAL_HW,SK,2024,58.0,Slovakia
A,PC_EU27_2020_MPPS_CP,D1_SAL_HW,AT,2000,116.8,Austria
A,PC_EU27_2020_MPPS_CP,D1_SAL_HW,AT,2001,112.3,Austria
A,PC_EU27_2020_MPPS_CP,D1_SAL_HW,AT,2002,112.7,Austria
A,PC_EU27_2020_MPPS_CP,D1_SAL_HW,AT,2003,113.7,Austria
A,PC_EU27_2020_MPPS_CP,D1_SAL_HW,AT,2004,114.3,Austria
A,PC_EU27_2020_MPPS_CP,D1_SAL_HW,AT,2005,113.9,Austria
A,PC_EU27_2020_MPPS_CP,D1_SAL_HW,AT,2006,115.1,Austria
A,PC_EU27_2020_MPPS_CP,D1_SAL_HW,AT,2007,113.8,Austria
A,PC_EU27_2020_MPPS_CP,D1_SAL_HW,AT,2008,113.1,Austria
A,PC_EU27_2020_MPPS_CP,D1_SAL_HW,AT,2009,113.6,Austria
A,PC_EU27_2020_MPPS_CP,D1_SAL_HW,AT,2010,111.7,Austria
A,PC_EU27_2020_MPPS_CP,D1_SAL_HW,AT,2011,111.1,Austria
A,PC_EU27_2020_MPPS_CP,D1_SAL_HW,AT,2012,113.6,Austria
A,PC_EU27_2020_MPPS_CP,D1_SAL_HW,AT,2013,114.1,Austria
A,PC_EU27_2020_MPPS_CP,D1_SAL_HW,AT,2014,114.3,Austria
A,PC_EU27_2020_MPPS_CP,D1_SAL_HW,AT,2015,117.2,Austria
A,PC_EU27_2020_MPPS_CP,D1_SAL_HW,AT,2016,116.9,Austria
A,PC_EU27_2020_MPPS_CP,D1_SAL_HW,AT,2017,115.5,Austria
A,PC_EU27_2020_MPPS_CP,D1_SAL_HW,AT,2018,115.8,Austria
A,PC_EU27_2020_MPPS_CP,D1_SAL_HW,AT,2019,114.7,Austria
A,PC_EU27_2020_MPPS_CP,D1_SAL_HW,AT,2020,119.6,Austria
A,PC_EU27_2020_MPPS_CP,D1_SAL_HW,AT,2021,119.0,Austria
A,PC_EU27_2020_MPPS_CP,D1_SAL_HW,AT,2022,121.8,Austria
A,PC_EU27_2020_MPPS_CP,D1_SAL_HW,AT,2023,121.6,Austria
A,PC_EU27_2020_MPPS_CP,D1_SAL_HW,AT,2024,123.5,Austria
A,PC_EU27_2020_MPPS_CP,D1_SAL_HW,BE,2000,157.2,Belgium
A,PC_EU27_2020_MPPS_CP,D1_SAL_HW,BE,2001,158.0,Belgium
A,PC_EU27_2020_MPPS_CP,D1_SAL_HW,BE,2002,160.1,Belgium
A,PC_EU27_2020_MPPS_CP,D1_SAL_HW,BE,2003,157.7,Belgium
A,PC_EU27_2020_MPPS_CP,D1_SAL_HW,BE,2004,155.3,Belgium
A,PC_EU27_2020_MPPS_CP,D1_SAL_HW,BE,2005,154.2,Belgium
A,PC_EU27_2020_MPPS_CP,D1_SAL_HW,BE,2006,153.7,Belgium
A,PC_EU27_2020_MPPS_CP,D1_SAL_HW,BE,2007,152.9,Belgium
A,PC_EU27_2020_MPPS_CP,D1_SAL_HW,BE,2008,153.0,Belgium
A,PC_EU27_2020_MPPS_CP,D1_SAL_HW,BE,2009,153.7,Belgium
A,PC_EU27_2020_MPPS_CP,D1_SAL_HW,BE,2010,153.7,Belgium
A,PC_EU27_2020_MPPS_CP,D1_SAL_HW,BE,2011,152.3,Belgium
A,PC_EU27_2020_MPPS_CP,D1_SAL_HW,BE,2012,154.1,Belgium
A,PC_EU27_2020_MPPS_CP,D1_SAL_HW,BE,2013,154.5,Belgium
A,PC_EU27_2020_MPPS_CP,D1_SAL_HW,BE,2014,155.0,Belgium
A,PC_EU27_2020_MPPS_CP,D1_SAL_HW,BE,2015,154.0,Belgium
A,PC_EU27_2020_MPPS_CP,D1_SAL_HW,BE,2016,151.3,Belgium
A,PC_EU27_2020_MPPS_CP,D1_SAL_HW,BE,2017,149.2,Belgium
A,PC_EU27_2020_MPPS_CP,D1_SAL_HW,BE,2018,147.6,Belgium
A,PC_EU27_2020_MPPS_CP,D1_SAL_HW,BE,2019,146.8,Belgium
A,PC_EU27_2020_MPPS_CP,D1_SAL_HW,BE,2020,148.4,Belgium
A,PC_EU27_2020_MPPS_CP,D1_SAL_HW,BE,2021,146.9,Belgium
A,PC_EU27_2020_MPPS_CP,D1_SAL_HW,BE,2022,148.1,Belgium
A,PC_EU27_2020_MPPS_CP,D1_SAL_HW,BE,2023,151.1,Belgium
A,PC_EU27_2020_MPPS_CP,D1_SAL_HW,BE,2024,149.6,Belgium
A,PC_EU27_2020_MPPS_CP,D1_SAL_HW,BG,2000,25.9,Bulgaria
A,PC_EU27_2020_MPPS_CP,D1_SAL_HW,BG,2001,26.7,Bulgaria
A,PC_EU27_2020_MPPS_CP,D1_SAL_HW,BG,2002,27.0,Bulgaria
A,PC_EU27_2020_MPPS_CP,D1_SAL_HW,BG,2003,27.6,Bulgaria
A,PC_EU27_2020_MPPS_CP,D1_SAL_HW,BG,2004,27.5,Bulgaria
A,PC_EU27_2020_MPPS_CP,D1_SAL_HW,BG,2005,28.9,Bulgaria
A,PC_EU27_2020_MPPS_CP,D1_SAL_HW,BG,2006,28.2,Bulgaria
A,PC_EU27_2020_MPPS_CP,D1_SAL_HW,BG,2007,29.0,Bulgaria
A,PC_EU27_2020_MPPS_CP,D1_SAL_HW,BG,2008,30.1,Bulgaria
A,PC_EU27_2020_MPPS_CP,D1_SAL_HW,BG,2009,31.5,Bulgaria
A,PC_EU27_2020_MPPS_CP,D1_SAL_HW,BG,2010,34.4,Bulgaria
A,PC_EU27_2020_MPPS_CP,D1_SAL_HW,BG,2011,34.2,Bulgaria
A,PC_EU27_2020_MPPS_CP,D1_SAL_HW,BG,2012,36.0,Bulgaria
A,PC_EU27_2020_MPPS_CP,D1_SAL_HW,BG,2013,38.2,Bulgaria
A,PC_EU27_2020_MPPS_CP,D1_SAL_HW,BG,2014,40.8,Bulgaria
A,PC_EU27_2020_MPPS_CP,D1_SAL_HW,BG,2015,41.6,Bulgaria
A,PC_EU27_2020_MPPS_CP,D1_SAL_HW,BG,2016,42.9,Bulgaria
A,PC_EU27_2020_MPPS_CP,D1_SAL_HW,BG,2017,45.0,Bulgaria
A,PC_EU27_2020_MPPS_CP,D1_SAL_HW,BG,2018,47.2,Bulgaria
A,PC_EU27_2020_MPPS_CP,D1_SAL_HW,BG,2019,47.5,Bulgaria
A,PC_EU27_2020_MPPS_CP,D1_SAL_HW,BG,2020,48.6,Bulgaria
A,PC_EU27_2020_MPPS_CP,D1_SAL_HW,BG,2021,51.9,Bulgaria
A,PC_EU27_2020_MPPS_CP,D1_SAL_HW,BG,2022,53.2,Bulgaria
A,PC_EU27_2020_MPPS_CP,D1_SAL_HW,BG,2023,53.9,Bulgaria
A,PC_EU27_2020_MPPS_CP,D1_SAL_HW,BG,2024,58.8,Bulgaria
A,PC_EU27_2020_MPPS_CP,D1_SAL_HW,CY,2000,76.0,Cyprus
A,PC_EU27_2020_MPPS_CP,D1_SAL_HW,CY,2001,75.5,Cyprus
A,PC_EU27_2020_MPPS_CP,D1_SAL_HW,CY,2002,76.4,Cyprus
A,PC_EU27_2020_MPPS_CP,D1_SAL_HW,CY,2003,78.0,Cyprus
A,PC_EU27_2020_MPPS_CP,D1_SAL_HW,CY,2004,80.4,Cyprus
A,PC_EU27_2020_MPPS_CP,D1_SAL_HW,CY,2005,86.4,Cyprus
A,PC_EU27_2020_MPPS_CP,D1_SAL_HW,CY,2006,86.0,Cyprus
A,PC_EU27_2020_MPPS_CP,D1_SAL_HW,CY,2007,84.4,Cyprus
A,PC_EU27_2020_MPPS_CP,D1_SAL_HW,CY,2008,80.9,Cyprus
A,PC_EU27_2020_MPPS_CP,D1_SAL_HW,CY,2009,83.5,Cyprus
A,PC_EU27_2020_MPPS_CP,D1_SAL_HW,CY,2010,79.4,Cyprus
A,PC_EU27_2020_MPPS_CP,D1_SAL_HW,CY,2011,77.8,Cyprus
A,PC_EU27_2020_MPPS_CP,D1_SAL_HW,CY,2012,75.3,Cyprus
A,PC_EU27_2020_MPPS_CP,D1_SAL_HW,CY,2013,71.7,Cyprus
A,PC_EU27_2020_MPPS_CP,D1_SAL_HW,CY,2014,68.8,Cyprus
A,PC_EU27_2020_MPPS_CP,D1_SAL_HW,CY,2015,68.3,Cyprus
A,PC_EU27_2020_MPPS_CP,D1_SAL_HW,CY,2016,68.2,Cyprus
A,PC_EU27_2020_MPPS_CP,D1_SAL_HW,CY,2017,68.1,Cyprus
A,PC_EU27_2020_MPPS_CP,D1_SAL_HW,CY,2018,67.4,Cyprus
A,PC_EU27_2020_MPPS_CP,D1_SAL_HW,CY,2019,69.0,Cyprus
A,PC_EU27_2020_MPPS_CP,D1_SAL_HW,CY,2020,69.2,Cyprus
A,PC_EU27_2020_MPPS_CP,D1_SAL_HW,CY,2021,66.9,Cyprus
A,PC_EU27_2020_MPPS_CP,D1_SAL_HW,CY,2022,68.5,Cyprus
A,PC_EU27_2020_MPPS_CP,D1_SAL_HW,CY,2023,71.5,Cyprus
A,PC_EU27_2020_MPPS_CP,D1_SAL_HW,CY,2024,70.2,Cyprus
A,PC_EU27_2020_MPPS_CP,D1_SAL_HW,CZ,2000,48.0,Czechia
A,PC_EU27_2020_MPPS_CP,D1_SAL_HW,CZ,2001,52.3,Czechia
A,PC_EU27_2020_MPPS_CP,D1_SAL_HW,CZ,2002,53.6,Czechia
A,PC_EU27_2020_MPPS_CP,D1_SAL_HW,CZ,2003,58.2,Czechia
A,PC_EU27_2020_MPPS_CP,D1_SAL_HW,CZ,2004,59.5,Czechia
A,PC_EU27_2020_MPPS_CP,D1_SAL_HW,CZ,2005,59.4,Czechia
A,PC_EU27_2020_MPPS_CP,D1_SAL_HW,CZ,2006,60.7,Czechia
A,PC_EU27_2020_MPPS_CP,D1_SAL_HW,CZ,2007,63.4,Czechia
A,PC_EU27_2020_MPPS_CP,D1_SAL_HW,CZ,2008,63.4,Czechia
A,PC_EU27_2020_MPPS_CP,D1_SAL_HW,CZ,2009,61.4,Czechia
A,PC_EU27_2020_MPPS_CP,D1_SAL_HW,CZ,2010,61.0,Czechia
A,PC_EU27_2020_MPPS_CP,D1_SAL_HW,CZ,2011,61.5,Czechia
A,PC_EU27_2020_MPPS_CP,D1_SAL_HW,CZ,2012,61.0,Czechia
A,PC_EU27_2020_MPPS_CP,D1_SAL_HW,CZ,2013,60.9,Czechia
A,PC_EU27_2020_MPPS_CP,D1_SAL_HW,CZ,2014,61.6,Czechia
A,PC_EU27_2020_MPPS_CP,D1_SAL_HW,CZ,2015,62.7,Czechia
A,PC_EU27_2020_MPPS_CP,D1_SAL_HW,CZ,2016,63.8,Czechia
A,PC_EU27_2020_MPPS_CP,D1_SAL_HW,CZ,2017,66.8,Czechia
A,PC_EU27_2020_MPPS_CP,D1_SAL_HW,CZ,2018,69.7,Czechia
A,PC_EU27_2020_MPPS_CP,D1_SAL_HW,CZ,2019,71.5,Czechia
A,PC_EU27_2020_MPPS_CP,D1_SAL_HW,CZ,2020,73.7,Czechia
A,PC_EU27_2020_MPPS_CP,D1_SAL_HW,CZ,2021,73.2,Czechia
A,PC_EU27_2020_MPPS_CP,D1_SAL_HW,CZ,2022,71.2,Czechia
A,PC_EU27_2020_MPPS_CP,D1_SAL_HW,CZ,2023,72.0,Czechia
A,PC_EU27_2020_MPPS_CP,D1_SAL_HW,CZ,2024,70.4,Czechia
A,PC_EU27_2020_MPPS_CP,D1_SAL_HW,DE,2000,133.0,Germany
A,PC_EU27_2020_MPPS_CP,D1_SAL_HW,DE,2001,132.3,Germany
A,PC_EU27_2020_MPPS_CP,D1_SAL_HW,DE,2002,131.1,Germany
A,PC_EU27_2020_MPPS_CP,D1_SAL_HW,DE,2003,133.2,Germany
A,PC_EU27_2020_MPPS_CP,D1_SAL_HW,DE,2004,133.9,Germany
A,PC_EU27_2020_MPPS_CP,D1_SAL_HW,DE,2005,132.2,Germany
A,PC_EU27_2020_MPPS_CP,D1_SAL_HW,DE,2006,128.2,Germany
A,PC_EU27_2020_MPPS_CP,D1_SAL_HW,DE,2007,126.5,Germany
A,PC_EU27_2020_MPPS_CP,D1_SAL_HW,DE,2008,125.5,Germany
A,PC_EU27_2020_MPPS_CP,D1_SAL_HW,DE,2009,125.7,Germany
A,PC_EU27_2020_MPPS_CP,D1_SAL_HW,DE,2010,124.1,Germany
A,PC_EU27_2020_MPPS_CP,D1_SAL_HW,DE,2011,125.0,Germany
A,PC_EU27_2020_MPPS_CP,D1_SAL_HW,DE,2012,126.0,Germany
A,PC_EU27_2020_MPPS_CP,D1_SAL_HW,DE,2013,126.0,Germany
A,PC_EU27_2020_MPPS_CP,D1_SAL_HW,DE,2014,127.9,Germany
A,PC_EU27_2020_MPPS_CP,D1_SAL_HW,DE,2015,128.3,Germany
A,PC_EU27_2020_MPPS_CP,D1_SAL_HW,DE,2016,130.1,Germany
A,PC_EU27_2020_MPPS_CP,D1_SAL_HW,DE,2017,130.5,Germany
A,PC_EU27_2020_MPPS_CP,D1_SAL_HW,DE,2018,131.8,Germany
A,PC_EU27_2020_MPPS_CP,D1_SAL_HW,DE,2019,131.0,Germany
A,PC_EU27_2020_MPPS_CP,D1_SAL_HW,DE,2020,129.5,Germany
A,PC_EU27_2020_MPPS_CP,D1_SAL_HW,DE,2021,129.6,Germany
A,PC_EU27_2020_MPPS_CP,D1_SAL_HW,DE,2022,128.6,Germany
A,PC_EU27_2020_MPPS_CP,D1_SAL_HW,DE,2023,128.6,Germany
A,PC_EU27_2020_MPPS_CP,D1_SAL_HW,DE,2024,128.8,Germany
A,PC_EU27_2020_MPPS_CP,D1_SAL_HW,DK,2000,115.4,Denmark
A,PC_EU27_2020_MPPS_CP,D1_SAL_HW,DK,2001,114.2,Denmark
A,PC_EU27_2020_MPPS_CP,D1_SAL_HW,DK,2002,115.8,Denmark
A,PC_EU27_2020_MPPS_CP,D1_SAL_HW,DK,2003,116.0,Denmark
A,PC_EU27_2020_MPPS_CP,D1_SAL_HW,DK,2004,119.5,Denmark
A,PC_EU27_2020_MPPS_CP,D1_SAL_HW,DK,2005,118.8,Denmark
A,PC_EU27_2020_MPPS_CP,D1_SAL_HW,DK,2006,120.1,Denmark
A,PC_EU27_2020_MPPS_CP,D1_SAL_HW,DK,2007,123.9,Denmark
A,PC_EU27_2020_MPPS_CP,D1_SAL_HW,DK,2008,124.9,Denmark
A,PC_EU27_2020_MPPS_CP,D1_SAL_HW,DK,2009,126.9,Denmark
A,PC_EU27_2020_MPPS_CP,D1_SAL_HW,DK,2010,129.1,Denmark
A,PC_EU27_2020_MPPS_CP,D1_SAL_HW,DK,2011,126.8,Denmark
A,PC_EU27_2020_MPPS_CP,D1_SAL_HW,DK,2012,124.1,Denmark
A,PC_EU27_2020_MPPS_CP,D1_SAL_HW,DK,2013,124.1,Denmark
A,PC_EU27_2020_MPPS_CP,D1_SAL_HW,DK,2014,125.3,Denmark
A,PC_EU27_2020_MPPS_CP,D1_SAL_HW,DK,2015,127.5,Denmark
A,PC_EU27_2020_MPPS_CP,D1_SAL_HW,DK,2016,126.6,Denmark
A,PC_EU27_2020_MPPS_CP,D1_SAL_HW,DK,2017,128.2,Denmark
A,PC_EU27_2020_MPPS_CP,D1_SAL_HW,DK,2018,129.6,Denmark
A,PC_EU27_2020_MPPS_CP,D1_SAL_HW,DK,2019,127.8,Denmark
A,PC_EU27_2020_MPPS_CP,D1_SAL_HW,DK,2020,128.7,Denmark
A,PC_EU27_2020_MPPS_CP,D1_SAL_HW,DK,2021,129.1,Denmark
A,PC_EU27_2020_MPPS_CP,D1_SAL_HW,DK,2022,127.2,Denmark
A,PC_EU27_2020_MPPS_CP,D1_SAL_HW,DK,2023,128.1,Denmark
A,PC_EU27_2020_MPPS_CP,D1_SAL_HW,DK,2024,128.3,Denmark
A,PC_EU27_2020_MPPS_CP,D1_SAL_HW,EE,2000,31.3,Estonia
A,PC_EU27_2020_MPPS_CP,D1_SAL_HW,EE,2001,31.7,Estonia
A,PC_EU27_2020_MPPS_CP,D1_SAL_HW,EE,2002,33.5,Estonia
A,PC_EU27_2020_MPPS_CP,D1_SAL_HW,EE,2003,36.1,Estonia
A,PC_EU27_2020_MPPS_CP,D1_SAL_HW,EE,2004,38.8,Estonia
A,PC_EU27_2020_MPPS_CP,D1_SAL_HW,EE,2005,40.4,Estonia
A,PC_EU27_2020_MPPS_CP,D1_SAL_HW,EE,2006,42.7,Estonia
A,PC_EU27_2020_MPPS_CP,D1_SAL_HW,EE,2007,49.0,Estonia
A,PC_EU27_2020_MPPS_CP,D1_SAL_HW,EE,2008,52.5,Estonia
A,PC_EU27_2020_MPPS_CP,D1_SAL_HW,EE,2009,54.5,Estonia
A,PC_EU27_2020_MPPS_CP,D1_SAL_HW,EE,2010,53.7,Estonia
A,PC_EU27_2020_MPPS_CP,D1_SAL_HW,EE,2011,51.6,Estonia
A,PC_EU27_2020_MPPS_CP,D1_SAL_HW,EE,2012,52.7,Estonia
A,PC_EU27_2020_MPPS_CP,D1_SAL_HW,EE,2013,53.7,Estonia
A,PC_EU27_2020_MPPS_CP,D1_SAL_HW,EE,2014,55.9,Estonia
A,PC_EU27_2020_MPPS_CP,D1_SAL_HW,EE,2015,56.2,Estonia
A,PC_EU27_2020_MPPS_CP,D1_SAL_HW,EE,2016,58.4,Estonia
A,PC_EU27_2020_MPPS_CP,D1_SAL_HW,EE,2017,59.1,Estonia
A,PC_EU27_2020_MPPS_CP,D1_SAL_HW,EE,2018,64.4,Estonia
A,PC_EU27_2020_MPPS_CP,D1_SAL_HW,EE,2019,66.6,Estonia
A,PC_EU27_2020_MPPS_CP,D1_SAL_HW,EE,2020,68.9,Estonia
A,PC_EU27_2020_MPPS_CP,D1_SAL_HW,EE,2021,72.6,Estonia
A,PC_EU27_2020_MPPS_CP,D1_SAL_HW,EE,2022,70.1,Estonia
A,PC_EU27_2020_MPPS_CP,D1_SAL_HW,EE,2023,70.9,Estonia
A,PC_EU27_2020_MPPS_CP,D1_SAL_HW,EE,2024,72.0,Estonia
A,PC_EU27_2020_MPPS_CP,D1_SAL_HW,EL,2000,66.4,Greece
A,PC_EU27_2020_MPPS_CP,D1_SAL_HW,EL,2001,67.3,Greece
A,PC_EU27_2020_MPPS_CP,D1_SAL_HW,EL,2002,71.7,Greece
A,PC_EU27_2020_MPPS_CP,D1_SAL_HW,EL,2003,72.9,Greece
A,PC_EU27_2020_MPPS_CP,D1_SAL_HW,EL,2004,73.9,Greece
A,PC_EU27_2020_MPPS_CP,D1_SAL_HW,EL,2005,73.2,Greece
A,PC_EU27_2020_MPPS_CP,D1_SAL_HW,EL,2006,73.8,Greece
A,PC_EU27_2020_MPPS_CP,D1_SAL_HW,EL,2007,71.9,Greece
A,PC_EU27_2020_MPPS_CP,D1_SAL_HW,EL,2008,71.7,Greece
A,PC_EU27_2020_MPPS_CP,D1_SAL_HW,EL,2009,71.5,Greece
A,PC_EU27_2020_MPPS_CP,D1_SAL_HW,EL,2010,69.7,Greece
A,PC_EU27_2020_MPPS_CP,D1_SAL_HW,EL,2011,65.0,Greece
A,PC_EU27_2020_MPPS_CP,D1_SAL_HW,EL,2012,62.5,Greece
A,PC_EU27_2020_MPPS_CP,D1_SAL_HW,EL,2013,59.6,Greece
A,PC_EU27_2020_MPPS_CP,D1_SAL_HW,EL,2014,58.9,Greece
A,PC_EU27_2020_MPPS_CP,D1_SAL_HW,EL,2015,58.2,Greece
A,PC_EU27_2020_MPPS_CP,D1_SAL_HW,EL,2016,54.8,Greece
A,PC_EU27_2020_MPPS_CP,D1_SAL_HW,EL,2017,54.9,Greece
A,PC_EU27_2020_MPPS_CP,D1_SAL_HW,EL,2018,51.4,Greece
A,PC_EU27_2020_MPPS_CP,D1_SAL_HW,EL,2019,50.9,Greece
A,PC_EU27_2020_MPPS_CP,D1_SAL_HW,EL,2020,53.5,Greece
A,PC_EU27_2020_MPPS_CP,D1_SAL_HW,EL,2021,51.3,Greece
A,PC_EU27_2020_MPPS_CP,D1_SAL_HW,EL,2022,49.5,Greece
A,PC_EU27_2020_MPPS_CP,D1_SAL_HW,EL,2023,47.9,Greece
A,PC_EU27_2020_MPPS_CP,D1_SAL_HW,EL,2024,47.9,Greece
A,PC_EU27_2020_MPPS_CP,D1_SAL_HW,ES,2000,98.7,Spain
A,PC_EU27_2020_MPPS_CP,D1_SAL_HW,ES,2001,95.7,Spain
A,PC_EU27_2020_MPPS_CP,D1_SAL_HW,ES,2002,95.1,Spain
A,PC_EU27_2020_MPPS_CP,D1_SAL_HW,ES,2003,93.1,Spain
A,PC_EU27_2020_MPPS_CP,D1_SAL_HW,ES,2004,93.6,Spain
A,PC_EU27_2020_MPPS_CP,D1_SAL_HW,ES,2005,94.0,Spain
A,PC_EU27_2020_MPPS_CP,D1_SAL_HW,ES,2006,97.2,Spain
A,PC_EU27_2020_MPPS_CP,D1_SAL_HW,ES,2007,99.2,Spain
A,PC_EU27_2020_MPPS_CP,D1_SAL_HW,ES,2008,100.9,Spain
A,PC_EU27_2020_MPPS_CP,D1_SAL_HW,ES,2009,100.8,Spain
A,PC_EU27_2020_MPPS_CP,D1_SAL_HW,ES,2010,98.7,Spain
A,PC_EU27_2020_MPPS_CP,D1_SAL_HW,ES,2011,96.5,Spain
A,PC_EU27_2020_MPPS_CP,D1_SAL_HW,ES,2012,95.5,Spain
A,PC_EU27_2020_MPPS_CP,D1_SAL_HW,ES,2013,95.2,Spain
A,PC_EU27_2020_MPPS_CP,D1_SAL_HW,ES,2014,95.8,Spain
A,PC_EU27_2020_MPPS_CP,D1_SAL_HW,ES,2015,95.3,Spain
A,PC_EU27_2020_MPPS_CP,D1_SAL_HW,ES,2016,93.9,Spain
A,PC_EU27_2020_MPPS_CP,D1_SAL_HW,ES,2017,93.1,Spain
A,PC_EU27_2020_MPPS_CP,D1_SAL_HW,ES,2018,90.9,Spain
A,PC_EU27_2020_MPPS_CP,D1_SAL_HW,ES,2019,93.0,Spain
A,PC_EU27_2020_MPPS_CP,D1_SAL_HW,ES,2020,92.2,Spain
A,PC_EU27_2020_MPPS_CP,D1_SAL_HW,ES,2021,95.2,Spain
A,PC_EU27_2020_MPPS_CP,D1_SAL_HW,ES,2022,96.0,Spain
A,PC_EU27_2020_MPPS_CP,D1_SAL_HW,ES,2023,97.4,Spain
A,PC_EU27_2020_MPPS_CP,D1_SAL_HW,ES,2024,96.6,Spain
A,PC_EU27_2020_MPPS_CP,D1_SAL_HW,EU27_2020,2000,100.0,European Union - 27 countries (from 2020)
A,PC_EU27_2020_MPPS_CP,D1_SAL_HW,EU27_2020,2001,100.0,European Union - 27 countries (from 2020)
A,PC_EU27_2020_MPPS_CP,D1_SAL_HW,EU27_2020,2002,100.0,European Union - 27 countries (from 2020)
A,PC_EU27_2020_MPPS_CP,D1_SAL_HW,EU27_2020,2003,100.0,European Union - 27 countries (from 2020)
A,PC_EU27_2020_MPPS_CP,D1_SAL_HW,EU27_2020,2004,100.0,European Union - 27 countries (from 2020)
A,PC_EU27_2020_MPPS_CP,D1_SAL_HW,EU27_2020,2005,100.0,European Union - 27 countries (from 2020)
A,PC_EU27_2020_MPPS_CP,D1_SAL_HW,EU27_2020,2006,100.0,European Union - 27 countries (from 2020)
A,PC_EU27_2020_MPPS_CP,D1_SAL_HW,EU27_2020,2007,100.0,European Union - 27 countries (from 2020)
A,PC_EU27_2020_MPPS_CP,D1_SAL_HW,EU27_2020,2008,100.0,European Union - 27 countries (from 2020)
A,PC_EU27_2020_MPPS_CP,D1_SAL_HW,EU27_2020,2009,100.0,European Union - 27 countries (from 2020)
A,PC_EU27_2020_MPPS_CP,D1_SAL_HW,EU27_2020,2010,100.0,European Union - 27 countries (from 2020)
A,PC_EU27_2020_MPPS_CP,D1_SAL_HW,EU27_2020,2011,100.0,European Union - 27 countries (from 2020)
A,PC_EU27_2020_MPPS_CP,D1_SAL_HW,EU27_2020,2012,100.0,European Union - 27 countries (from 2020)
A,PC_EU27_2020_MPPS_CP,D1_SAL_HW,EU27_2020,2013,100.0,European Union - 27 countries (from 2020)
A,PC_EU27_2020_MPPS_CP,D1_SAL_HW,EU27_2020,2014,100.0,European Union - 27 countries (from 2020)
A,PC_EU27_2020_MPPS_CP,D1_SAL_HW,EU27_2020,2015,100.0,European Union - 27 countries (from 2020)
A,PC_EU27_2020_MPPS_CP,D1_SAL_HW,EU27_2020,2016,100.0,European Union - 27 countries (from 2020)
A,PC_EU27_2020_MPPS_CP,D1_SAL_HW,EU27_2020,2017,100.0,European Union - 27 countries (from 2020)
A,PC_EU27_2020_MPPS_CP,D1_SAL_HW,EU27_2020,2018,100.0,European Union - 27 countries (from 2020)
A,PC_EU27_2020_MPPS_CP,D1_SAL_HW,EU27_2020,2019,100.0,European Union - 27 countries (from 2020)
A,PC_EU27_2020_MPPS_CP,D1_SAL_HW,EU27_2020,2020,100.0,European Union - 27 countries (from 2020)
A,PC_EU27_2020_MPPS_CP,D1_SAL_HW,EU27_2020,2021,100.0,European Union - 27 countries (from 2020)
A,PC_EU27_2020_MPPS_CP,D1_SAL_HW,EU27_2020,2022,100.0,European Union - 27 countries (from 2020)
A,PC_EU27_2020_MPPS_CP,D1_SAL_HW,EU27_2020,2023,100.0,European Union - 27 countries (from 2020)
A,PC_EU27_2020_MPPS_CP,D1_SAL_HW,EU27_2020,2024,100.0,European Union - 27 countries (from 2020)
A,PC_EU27_2020_MPPS_CP,D1_SAL_HW,FI,2000,107.9,Finland
A,PC_EU27_2020_MPPS_CP,D1_SAL_HW,FI,2001,105.8,Finland
A,PC_EU27_2020_MPPS_CP,D1_SAL_HW,FI,2002,103.6,Finland
A,PC_EU27_2020_MPPS_CP,D1_SAL_HW,FI,2003,102.9,Finland
A,PC_EU27_2020_MPPS_CP,D1_SAL_HW,FI,2004,107.2,Finland
A,PC_EU27_2020_MPPS_CP,D1_SAL_HW,FI,2005,108.0,Finland
A,PC_EU27_2020_MPPS_CP,D1_SAL_HW,FI,2006,108.9,Finland
A,PC_EU27_2020_MPPS_CP,D1_SAL_HW,FI,2007,110.9,Finland
A,PC_EU27_2020_MPPS_CP,D1_SAL_HW,FI,2008,112.3,Finland
A,PC_EU27_2020_MPPS_CP,D1_SAL_HW,FI,2009,113.0,Finland
A,PC_EU27_2020_MPPS_CP,D1_SAL_HW,FI,2010,111.9,Finland
A,PC_EU27_2020_MPPS_CP,D1_SAL_HW,FI,2011,111.7,Finland
A,PC_EU27_2020_MPPS_CP,D1_SAL_HW,FI,2012,110.1,Finland
A,PC_EU27_2020_MPPS_CP,D1_SAL_HW,FI,2013,107.7,Finland
A,PC_EU27_2020_MPPS_CP,D1_SAL_HW,FI,2014,107.0,Finland
A,PC_EU27_2020_MPPS_CP,D1_SAL_HW,FI,2015,107.0,Finland
A,PC_EU27_2020_MPPS_CP,D1_SAL_HW,FI,2016,106.4,Finland
A,PC_EU27_2020_MPPS_CP,D1_SAL_HW,FI,2017,104.2,Finland
A,PC_EU27_2020_MPPS_CP,D1_SAL_HW,FI,2018,102.9,Finland
A,PC_EU27_2020_MPPS_CP,D1_SAL_HW,FI,2019,101.8,Finland
A,PC_EU27_2020_MPPS_CP,D1_SAL_HW,FI,2020,98.9,Finland
A,PC_EU27_2020_MPPS_CP,D1_SAL_HW,FI,2021,103.7,Finland
A,PC_EU27_2020_MPPS_CP,D1_SAL_HW,FI,2022,102.3,Finland
A,PC_EU27_2020_MPPS_CP,D1_SAL_HW,FI,2023,101.6,Finland
A,PC_EU27_2020_MPPS_CP,D1_SAL_HW,FI,2024,100.8,Finland
A,PC_EU27_2020_MPPS_CP,D1_SAL_HW,FR,2000,133.1,France
A,PC_EU27_2020_MPPS_CP,D1_SAL_HW,FR,2001,135.1,France
A,PC_EU27_2020_MPPS_CP,D1_SAL_HW,FR,2002,138.2,France
A,PC_EU27_2020_MPPS_CP,D1_SAL_HW,FR,2003,134.0,France
A,PC_EU27_2020_MPPS_CP,D1_SAL_HW,FR,2004,132.6,France
A,PC_EU27_2020_MPPS_CP,D1_SAL_HW,FR,2005,135.7,France
A,PC_EU27_2020_MPPS_CP,D1_SAL_HW,FR,2006,137.4,France
A,PC_EU27_2020_MPPS_CP,D1_SAL_HW,FR,2007,134.8,France
A,PC_EU27_2020_MPPS_CP,D1_SAL_HW,FR,2008,131.0,France
A,PC_EU27_2020_MPPS_CP,D1_SAL_HW,FR,2009,131.1,France
A,PC_EU27_2020_MPPS_CP,D1_SAL_HW,FR,2010,131.4,France
A,PC_EU27_2020_MPPS_CP,D1_SAL_HW,FR,2011,131.1,France
A,PC_EU27_2020_MPPS_CP,D1_SAL_HW,FR,2012,129.6,France
A,PC_EU27_2020_MPPS_CP,D1_SAL_HW,FR,2013,132.9,France
A,PC_EU27_2020_MPPS_CP,D1_SAL_HW,FR,2014,133.6,France
A,PC_EU27_2020_MPPS_CP,D1_SAL_HW,FR,2015,133.6,France
A,PC_EU27_2020_MPPS_CP,D1_SAL_HW,FR,2016,133.4,France
A,PC_EU27_2020_MPPS_CP,D1_SAL_HW,FR,2017,133.7,France
A,PC_EU27_2020_MPPS_CP,D1_SAL_HW,FR,2018,132.4,France
A,PC_EU27_2020_MPPS_CP,D1_SAL_HW,FR,2019,132.2,France
A,PC_EU27_2020_MPPS_CP,D1_SAL_HW,FR,2020,131.5,France
A,PC_EU27_2020_MPPS_CP,D1_SAL_HW,FR,2021,127.0,France
A,PC_EU27_2020_MPPS_CP,D1_SAL_HW,FR,2022,125.4,France
A,PC_EU27_2020_MPPS_CP,D1_SAL_HW,FR,2023,125.7,France
A,PC_EU27_2020_MPPS_CP,D1_SAL_HW,FR,2024,122.4,France
A,PC_EU27_2020_MPPS_CP,D1_SAL_HW,HR,2000,58.0,Croatia
A,PC_EU27_2020_MPPS_CP,D1_SAL_HW,HR,2001,55.4,Croatia
A,PC_EU27_2020_MPPS_CP,D1_SAL_HW,HR,2002,58.6,Croatia
A,PC_EU27_2020_MPPS_CP,D1_SAL_HW,HR,2003,59.9,Croatia
A,PC_EU27_2020_MPPS_CP,D1_SAL_HW,HR,2004,61.1,Croatia
A,PC_EU27_2020_MPPS_CP,D1_SAL_HW,HR,2005,61.5,Croatia
A,PC_EU27_2020_MPPS_CP,D1_SAL_HW,HR,2006,62.9,Croatia
A,PC_EU27_2020_MPPS_CP,D1_SAL_HW,HR,2007,64.8,Croatia
A,PC_EU27_2020_MPPS_CP,D1_SAL_HW,HR,2008,64.0,Croatia
A,PC_EU27_2020_MPPS_CP,D1_SAL_HW,HR,2009,61.4,Croatia
A,PC_EU27_2020_MPPS_CP,D1_SAL_HW,HR,2010,60.0,Croatia
A,PC_EU27_2020_MPPS_CP,D1_SAL_HW,HR,2011,61.8,Croatia
A,PC_EU27_2020_MPPS_CP,D1_SAL_HW,HR,2012,57.5,Croatia
A,PC_EU27_2020_MPPS_CP,D1_SAL_HW,HR,2013,56.9,Croatia
A,PC_EU27_2020_MPPS_CP,D1_SAL_HW,HR,2014,54.1,Croatia
A,PC_EU27_2020_MPPS_CP,D1_SAL_HW,HR,2015,55.8,Croatia
A,PC_EU27_2020_MPPS_CP,D1_SAL_HW,HR,2016,56.1,Croatia
A,PC_EU27_2020_MPPS_CP,D1_SAL_HW,HR,2017,55.6,Croatia
A,PC_EU27_2020_MPPS_CP,D1_SAL_HW,HR,2018,57.3,Croatia
A,PC_EU27_2020_MPPS_CP,D1_SAL_HW,HR,2019,57.2,Croatia
A,PC_EU27_2020_MPPS_CP,D1_SAL_HW,HR,2020,55.9,Croatia
A,PC_EU27_2020_MPPS_CP,D1_SAL_HW,HR,2021,59.2,Croatia
A,PC_EU27_2020_MPPS_CP,D1_SAL_HW,HR,2022,60.9,Croatia
A,PC_EU27_2020_MPPS_CP,D1_SAL_HW,HR,2023,63.9,Croatia
A,PC_EU27_2020_MPPS_CP,D1_SAL_HW,HR,2024,64.4,Croatia
A,PC_EU27_2020_MPPS_CP,D1_SAL_HW,HU,2000,45.5,Hungary
A,PC_EU27_2020_MPPS_CP,D1_SAL_HW,HU,2001,49.2,Hungary
A,PC_EU27_2020_MPPS_CP,D1_SAL_HW,HU,2002,51.1,Hungary
A,PC_EU27_2020_MPPS_CP,D1_SAL_HW,HU,2003,53.4,Hungary
A,PC_EU27_2020_MPPS_CP,D1_SAL_HW,HU,2004,55.2,Hungary
A,PC_EU27_2020_MPPS_CP,D1_SAL_HW,HU,2005,57.4,Hungary
A,PC_EU27_2020_MPPS_CP,D1_SAL_HW,HU,2006,57.6,Hungary
A,PC_EU27_2020_MPPS_CP,D1_SAL_HW,HU,2007,58.8,Hungary
A,PC_EU27_2020_MPPS_CP,D1_SAL_HW,HU,2008,61.2,Hungary
A,PC_EU27_2020_MPPS_CP,D1_SAL_HW,HU,2009,58.9,Hungary
A,PC_EU27_2020_MPPS_CP,D1_SAL_HW,HU,2010,58.5,Hungary
A,PC_EU27_2020_MPPS_CP,D1_SAL_HW,HU,2011,60.0,Hungary
A,PC_EU27_2020_MPPS_CP,D1_SAL_HW,HU,2012,59.3,Hungary
A,PC_EU27_2020_MPPS_CP,D1_SAL_HW,HU,2013,57.2,Hungary
A,PC_EU27_2020_MPPS_CP,D1_SAL_HW,HU,2014,54.1,Hungary
A,PC_EU27_2020_MPPS_CP,D1_SAL_HW,HU,2015,53.2,Hungary
A,PC_EU27_2020_MPPS_CP,D1_SAL_HW,HU,2016,52.1,Hungary
A,PC_EU27_2020_MPPS_CP,D1_SAL_HW,HU,2017,52.3,Hungary
A,PC_EU27_2020_MPPS_CP,D1_SAL_HW,HU,2018,52.9,Hungary
A,PC_EU27_2020_MPPS_CP,D1_SAL_HW,HU,2019,54.1,Hungary
A,PC_EU27_2020_MPPS_CP,D1_SAL_HW,HU,2020,53.3,Hungary
A,PC_EU27_2020_MPPS_CP,D1_SAL_HW,HU,2021,53.5,Hungary
A,PC_EU27_2020_MPPS_CP,D1_SAL_HW,HU,2022,55.5,Hungary
A,PC_EU27_2020_MPPS_CP,D1_SAL_HW,HU,2023,56.9,Hungary
A,PC_EU27_2020_MPPS_CP,D1_SAL_HW,HU,2024,58.7,Hungary
A,PC_EU27_2020_MPPS_CP,D1_SAL_HW,IE,2000,93.7,Ireland
A,PC_EU27_2020_MPPS_CP,D1_SAL_HW,IE,2001,95.5,Ireland
A,PC_EU27_2020_MPPS_CP,D1_SAL_HW,IE,2002,95.4,Ireland
A,PC_EU27_2020_MPPS_CP,D1_SAL_HW,IE,2003,98.2,Ireland
A,PC_EU27_2020_MPPS_CP,D1_SAL_HW,IE,2004,103.6,Ireland
A,PC_EU27_2020_MPPS_CP,D1_SAL_HW,IE,2005,104.2,Ireland
A,PC_EU27_2020_MPPS_CP,D1_SAL_HW,IE,2006,107.7,Ireland
A,PC_EU27_2020_MPPS_CP,D1_SAL_HW,IE,2007,114.0,Ireland
A,PC_EU27_2020_MPPS_CP,D1_SAL_HW,IE,2008,115.6,Ireland
A,PC_EU27_2020_MPPS_CP,D1_SAL_HW,IE,2009,119.5,Ireland
A,PC_EU27_2020_MPPS_CP,D1_SAL_HW,IE,2010,120.1,Ireland
A,PC_EU27_2020_MPPS_CP,D1_SAL_HW,IE,2011,123.1,Ireland
A,PC_EU27_2020_MPPS_CP,D1_SAL_HW,IE,2012,121.6,Ireland
A,PC_EU27_2020_MPPS_CP,D1_SAL_HW,IE,2013,115.8,Ireland
A,PC_EU27_2020_MPPS_CP,D1_SAL_HW,IE,2014,113.3,Ireland
A,PC_EU27_2020_MPPS_CP,D1_SAL_HW,IE,2015,116.5,Ireland
A,PC_EU27_2020_MPPS_CP,D1_SAL_HW,IE,2016,114.5,Ireland
A,PC_EU27_2020_MPPS_CP,D1_SAL_HW,IE,2017,111.8,Ireland
A,PC_EU27_2020_MPPS_CP,D1_SAL_HW,IE,2018,109.8,Ireland
A,PC_EU27_2020_MPPS_CP,D1_SAL_HW,IE,2019,106.3,Ireland
A,PC_EU27_2020_MPPS_CP,D1_SAL_HW,IE,2020,110.2,Ireland
A,PC_EU27_2020_MPPS_CP,D1_SAL_HW,IE,2021,117.6,Ireland
A,PC_EU27_2020_MPPS_CP,D1_SAL_HW,IE,2022,117.1,Ireland
A,PC_EU27_2020_MPPS_CP,D1_SAL_HW,IE,2023,115.3,Ireland
A,PC_EU27_2020_MPPS_CP,D1_SAL_HW,IE,2024,118.0,Ireland
A,PC_EU27_2020_MPPS_CP,D1_SAL_HW,IT,2000,110.6,Italy
A,PC_EU27_2020_MPPS_CP,D1_SAL_HW,IT,2001,108.3,Italy
A,PC_EU27_2020_MPPS_CP,D1_SAL_HW,IT,2002,106.1,Italy
A,PC_EU27_2020_MPPS_CP,D1_SAL_HW,IT,2003,106.6,Italy
A,PC_EU27_2020_MPPS_CP,D1_SAL_HW,IT,2004,105.3,Italy
A,PC_EU27_2020_MPPS_CP,D1_SAL_HW,IT,2005,105.5,Italy
A,PC_EU27_2020_MPPS_CP,D1_SAL_HW,IT,2006,106.0,Italy
A,PC_EU27_2020_MPPS_CP,D1_SAL_HW,IT,2007,106.7,Italy
A,PC_EU27_2020_MPPS_CP,D1_SAL_HW,IT,2008,107.2,Italy
A,PC_EU27_2020_MPPS_CP,D1_SAL_HW,IT,2009,106.9,Italy
A,PC_EU27_2020_MPPS_CP,D1_SAL_HW,IT,2010,106.2,Italy
A,PC_EU27_2020_MPPS_CP,D1_SAL_HW,IT,2011,105.2,Italy
A,PC_EU27_2020_MPPS_CP,D1_SAL_HW,IT,2012,104.3,Italy
A,PC_EU27_2020_MPPS_CP,D1_SAL_HW,IT,2013,102.9,Italy
A,PC_EU27_2020_MPPS_CP,D1_SAL_HW,IT,2014,101.2,Italy
A,PC_EU27_2020_MPPS_CP,D1_SAL_HW,IT,2015,101.0,Italy
A,PC_EU27_2020_MPPS_CP,D1_SAL_HW,IT,2016,101.5,Italy
A,PC_EU27_2020_MPPS_CP,D1_SAL_HW,IT,2017,99.6,Italy
A,PC_EU27_2020_MPPS_CP,D1_SAL_HW,IT,2018,98.4,Italy
A,PC_EU27_2020_MPPS_CP,D1_SAL_HW,IT,2019,98.7,Italy
A,PC_EU27_2020_MPPS_CP,D1_SAL_HW,IT,2020,99.5,Italy
A,PC_EU27_2020_MPPS_CP,D1_SAL_HW,IT,2021,98.5,Italy
A,PC_EU27_2020_MPPS_CP,D1_SAL_HW,IT,2022,98.2,Italy
A,PC_EU27_2020_MPPS_CP,D1_SAL_HW,IT,2023,93.3,Italy
A,PC_EU27_2020_MPPS_CP,D1_SAL_HW,IT,2024,92.1,Italy
A,PC_EU27_2020_MPPS_CP,D1_SAL_HW,LT,2000,30.1,Lithuania
A,PC_EU27_2020_MPPS_CP,D1_SAL_HW,LT,2001,32.4,Lithuania
A,PC_EU27_2020_MPPS_CP,D1_SAL_HW,LT,2002,33.9,Lithuania
A,PC_EU27_2020_MPPS_CP,D1_SAL_HW,LT,2003,37.5,Lithuania
A,PC_EU27_2020_MPPS_CP,D1_SAL_HW,LT,2004,38.4,Lithuania
A,PC_EU27_2020_MPPS_CP,D1_SAL_HW,LT,2005,40.6,Lithuania
A,PC_EU27_2020_MPPS_CP,D1_SAL_HW,LT,2006,45.6,Lithuania
A,PC_EU27_2020_MPPS_CP,D1_SAL_HW,LT,2007,47.1,Lithuania
A,PC_EU27_2020_MPPS_CP,D1_SAL_HW,LT,2008,48.1,Lithuania
A,PC_EU27_2020_MPPS_CP,D1_SAL_HW,LT,2009,45.4,Lithuania
A,PC_EU27_2020_MPPS_CP,D1_SAL_HW,LT,2010,45.0,Lithuania
A,PC_EU27_2020_MPPS_CP,D1_SAL_HW,LT,2011,46.5,Lithuania
A,PC_EU27_2020_MPPS_CP,D1_SAL_HW,LT,2012,46.8,Lithuania
A,PC_EU27_2020_MPPS_CP,D1_SAL_HW,LT,2013,48.6,Lithuania
A,PC_EU27_2020_MPPS_CP,D1_SAL_HW,LT,2014,50.3,Lithuania
A,PC_EU27_2020_MPPS_CP,D1_SAL_HW,LT,2015,51.6,Lithuania
A,PC_EU27_2020_MPPS_CP,D1_SAL_HW,LT,2016,52.5,Lithuania
A,PC_EU27_2020_MPPS_CP,D1_SAL_HW,LT,2017,56.0,Lithuania
A,PC_EU27_2020_MPPS_CP,D1_SAL_HW,LT,2018,57.5,Lithuania
A,PC_EU27_2020_MPPS_CP,D1_SAL_HW,LT,2019,61.4,Lithuania
A,PC_EU27_2020_MPPS_CP,D1_SAL_HW,LT,2020,63.1,Lithuania
A,PC_EU27_2020_MPPS_CP,D1_SAL_HW,LT,2021,67.8,Lithuania
A,PC_EU27_2020_MPPS_CP,D1_SAL_HW,LT,2022,66.4,Lithuania
A,PC_EU27_2020_MPPS_CP,D1_SAL_HW,LT,2023,66.8,Lithuania
A,PC_EU27_2020_MPPS_CP,D1_SAL_HW,LT,2024,67.6,Lithuania
A,PC_EU27_2020_MPPS_CP,D1_SAL_HW,LU,2000,154.8,Luxembourg
A,PC_EU27_2020_MPPS_CP,D1_SAL_HW,LU,2001,153.0,Luxembourg
A,PC_EU27_2020_MPPS_CP,D1_SAL_HW,LU,2002,153.4,Luxembourg
A,PC_EU27_2020_MPPS_CP,D1_SAL_HW,LU,2003,150.6,Luxembourg
A,PC_EU27_2020_MPPS_CP,D1_SAL_HW,LU,2004,154.7,Luxembourg
A,PC_EU27_2020_MPPS_CP,D1_SAL_HW,LU,2005,159.9,Luxembourg
A,PC_EU27_2020_MPPS_CP,D1_SAL_HW,LU,2006,163.1,Luxembourg
A,PC_EU27_2020_MPPS_CP,D1_SAL_HW,LU,2007,162.4,Luxembourg
A,PC_EU27_2020_MPPS_CP,D1_SAL_HW,LU,2008,161.6,Luxembourg
A,PC_EU27_2020_MPPS_CP,D1_SAL_HW,LU,2009,162.0,Luxembourg
A,PC_EU27_2020_MPPS_CP,D1_SAL_HW,LU,2010,155.9,Luxembourg
A,PC_EU27_2020_MPPS_CP,D1_SAL_HW,LU,2011,159.3,Luxembourg
A,PC_EU27_2020_MPPS_CP,D1_SAL_HW,LU,2012,156.2,Luxembourg
A,PC_EU27_2020_MPPS_CP,D1_SAL_HW,LU,2013,157.2,Luxembourg
A,PC_EU27_2020_MPPS_CP,D1_SAL_HW,LU,2014,159.3,Luxembourg
A,PC_EU27_2020_MPPS_CP,D1_SAL_HW,LU,2015,159.9,Luxembourg
A,PC_EU27_2020_MPPS_CP,D1_SAL_HW,LU,2016,159.4,Luxembourg
A,PC_EU27_2020_MPPS_CP,D1_SAL_HW,LU,2017,159.7,Luxembourg
A,PC_EU27_2020_MPPS_CP,D1_SAL_HW,LU,2018,158.6,Luxembourg
A,PC_EU27_2020_MPPS_CP,D1_SAL_HW,LU,2019,155.2,Luxembourg
A,PC_EU27_2020_MPPS_CP,D1_SAL_HW,LU,2020,155.8,Luxembourg
A,PC_EU27_2020_MPPS_CP,D1_SAL_HW,LU,2021,153.7,Luxembourg
A,PC_EU27_2020_MPPS_CP,D1_SAL_HW,LU,2022,156.3,Luxembourg
A,PC_EU27_2020_MPPS_CP,D1_SAL_HW,LU,2023,159.6,Luxembourg
A,PC_EU27_2020_MPPS_CP,D1_SAL_HW,LU,2024,156.2,Luxembourg
A,PC_EU27_2020_MPPS_CP,D1_SAL_HW,LV,2000,26.0,Latvia
A,PC_EU27_2020_MPPS_CP,D1_SAL_HW,LV,2001,26.3,Latvia
A,PC_EU27_2020_MPPS_CP,D1_SAL_HW,LV,2002,25.9,Latvia
A,PC_EU27_2020_MPPS_CP,D1_SAL_HW,LV,2003,27.2,Latvia
A,PC_EU27_2020_MPPS_CP,D1_SAL_HW,LV,2004,29.4,Latvia
A,PC_EU27_2020_MPPS_CP,D1_SAL_HW,LV,2005,32.4,Latvia
A,PC_EU27_2020_MPPS_CP,D1_SAL_HW,LV,2006,34.1,Latvia
A,PC_EU27_2020_MPPS_CP,D1_SAL_HW,LV,2007,39.1,Latvia
A,PC_EU27_2020_MPPS_CP,D1_SAL_HW,LV,2008,44.0,Latvia
A,PC_EU27_2020_MPPS_CP,D1_SAL_HW,LV,2009,42.3,Latvia
A,PC_EU27_2020_MPPS_CP,D1_SAL_HW,LV,2010,41.4,Latvia
A,PC_EU27_2020_MPPS_CP,D1_SAL_HW,LV,2011,39.6,Latvia
A,PC_EU27_2020_MPPS_CP,D1_SAL_HW,LV,2012,40.6,Latvia
A,PC_EU27_2020_MPPS_CP,D1_SAL_HW,LV,2013,41.9,Latvia
A,PC_EU27_2020_MPPS_CP,D1_SAL_HW,LV,2014,44.5,Latvia
A,PC_EU27_2020_MPPS_CP,D1_SAL_HW,LV,2015,48.5,Latvia
A,PC_EU27_2020_MPPS_CP,D1_SAL_HW,LV,2016,50.9,Latvia
A,PC_EU27_2020_MPPS_CP,D1_SAL_HW,LV,2017,53.1,Latvia
A,PC_EU27_2020_MPPS_CP,D1_SAL_HW,LV,2018,53.7,Latvia
A,PC_EU27_2020_MPPS_CP,D1_SAL_HW,LV,2019,54.1,Latvia
A,PC_EU27_2020_MPPS_CP,D1_SAL_HW,LV,2020,55.8,Latvia
A,PC_EU27_2020_MPPS_CP,D1_SAL_HW,LV,2021,59.0,Latvia
A,PC_EU27_2020_MPPS_CP,D1_SAL_HW,LV,2022,59.7,Latvia
A,PC_EU27_2020_MPPS_CP,D1_SAL_HW,LV,2023,59.6,Latvia
A,PC_EU27_2020_MPPS_CP,D1_SAL_HW,LV,2024,61.8,Latvia
A,PC_EU27_2020_MPPS_CP,D1_SAL_HW,MT,2000,62.8,Malta
A,PC_EU27_2020_MPPS_CP,D1_SAL_HW,MT,2001,63.7,Malta
A,PC_EU27_2020_MPPS_CP,D1_SAL_HW,MT,2002,64.4,Malta
A,PC_EU27_2020_MPPS_CP,D1_SAL_HW,MT,2003,66.9,Malta
A,PC_EU27_2020_MPPS_CP,D1_SAL_HW,MT,2004,70.4,Malta
A,PC_EU27_2020_MPPS_CP,D1_SAL_HW,MT,2005,69.0,Malta
A,PC_EU27_2020_MPPS_CP,D1_SAL_HW,MT,2006,68.3,Malta
A,PC_EU27_2020_MPPS_CP,D1_SAL_HW,MT,2007,67.5,Malta
A,PC_EU27_2020_MPPS_CP,D1_SAL_HW,MT,2008,65.9,Malta
A,PC_EU27_2020_MPPS_CP,D1_SAL_HW,MT,2009,64.5,Malta
A,PC_EU27_2020_MPPS_CP,D1_SAL_HW,MT,2010,66.8,Malta
A,PC_EU27_2020_MPPS_CP,D1_SAL_HW,MT,2011,68.2,Malta
A,PC_EU27_2020_MPPS_CP,D1_SAL_HW,MT,2012,67.6,Malta
A,PC_EU27_2020_MPPS_CP,D1_SAL_HW,MT,2013,67.3,Malta
A,PC_EU27_2020_MPPS_CP,D1_SAL_HW,MT,2014,68.2,Malta
A,PC_EU27_2020_MPPS_CP,D1_SAL_HW,MT,2015,69.7,Malta
A,PC_EU27_2020_MPPS_CP,D1_SAL_HW,MT,2016,68.6,Malta
A,PC_EU27_2020_MPPS_CP,D1_SAL_HW,MT,2017,68.8,Malta
A,PC_EU27_2020_MPPS_CP,D1_SAL_HW,MT,2018,70.4,Malta
A,PC_EU27_2020_MPPS_CP,D1_SAL_HW,MT,2019,68.7,Malta
A,PC_EU27_2020_MPPS_CP,D1_SAL_HW,MT,2020,70.8,Malta
A,PC_EU27_2020_MPPS_CP,D1_SAL_HW,MT,2021,72.6,Malta
A,PC_EU27_2020_MPPS_CP,D1_SAL_HW,MT,2022,73.2,Malta
A,PC_EU27_2020_MPPS_CP,D1_SAL_HW,MT,2023,70.4,Malta
A,PC_EU27_2020_MPPS_CP,D1_SAL_HW,MT,2024,71.0,Malta
A,PC_EU27_2020_MPPS_CP,D1_SAL_HW,NL,2000,143.0,Netherlands
A,PC_EU27_2020_MPPS_CP,D1_SAL_HW,NL,2001,139.2,Netherlands
A,PC_EU27_2020_MPPS_CP,D1_SAL_HW,NL,2002,140.6,Netherlands
A,PC_EU27_2020_MPPS_CP,D1_SAL_HW,NL,2003,138.3,Netherlands
A,PC_EU27_2020_MPPS_CP,D1_SAL_HW,NL,2004,140.2,Netherlands
A,PC_EU27_2020_MPPS_CP,D1_SAL_HW,NL,2005,141.7,Netherlands
A,PC_EU27_2020_MPPS_CP,D1_SAL_HW,NL,2006,141.0,Netherlands
A,PC_EU27_2020_MPPS_CP,D1_SAL_HW,NL,2007,142.6,Netherlands
A,PC_EU27_2020_MPPS_CP,D1_SAL_HW,NL,2008,142.2,Netherlands
A,PC_EU27_2020_MPPS_CP,D1_SAL_HW,NL,2009,139.9,Netherlands
A,PC_EU27_2020_MPPS_CP,D1_SAL_HW,NL,2010,136.4,Netherlands
A,PC_EU27_2020_MPPS_CP,D1_SAL_HW,NL,2011,136.4,Netherlands
A,PC_EU27_2020_MPPS_CP,D1_SAL_HW,NL,2012,137.2,Netherlands
A,PC_EU27_2020_MPPS_CP,D1_SAL_HW,NL,2013,137.9,Netherlands
A,PC_EU27_2020_MPPS_CP,D1_SAL_HW,NL,2014,135.2,Netherlands
A,PC_EU27_2020_MPPS_CP,D1_SAL_HW,NL,2015,134.0,Netherlands
A,PC_EU27_2020_MPPS_CP,D1_SAL_HW,NL,2016,132.0,Netherlands
A,PC_EU27_2020_MPPS_CP,D1_SAL_HW,NL,2017,130.6,Netherlands
A,PC_EU27_2020_MPPS_CP,D1_SAL_HW,NL,2018,129.5,Netherlands
A,PC_EU27_2020_MPPS_CP,D1_SAL_HW,NL,2019,126.0,Netherlands
A,PC_EU27_2020_MPPS_CP,D1_SAL_HW,NL,2020,129.6,Netherlands
A,PC_EU27_2020_MPPS_CP,D1_SAL_HW,NL,2021,129.6,Netherlands
A,PC_EU27_2020_MPPS_CP,D1_SAL_HW,NL,2022,129.9,Netherlands
A,PC_EU27_2020_MPPS_CP,D1_SAL_HW,NL,2023,129.4,Netherlands
A,PC_EU27_2020_MPPS_CP,D1_SAL_HW,NL,2024,130.4,Netherlands
A,PC_EU27_2020_MPPS_CP,D1_SAL_HW,PL,2000,42.1,Poland
A,PC_EU27_2020_MPPS_CP,D1_SAL_HW,PL,2001,44.2,Poland
A,PC_EU27_2020_MPPS_CP,D1_SAL_HW,PL,2002,44.5,Poland
A,PC_EU27_2020_MPPS_CP,D1_SAL_HW,PL,2003,44.0,Poland
A,PC_EU27_2020_MPPS_CP,D1_SAL_HW,PL,2004,43.5,Poland
A,PC_EU27_2020_MPPS_CP,D1_SAL_HW,PL,2005,42.5,Poland
A,PC_EU27_2020_MPPS_CP,D1_SAL_HW,PL,2006,41.7,Poland
A,PC_EU27_2020_MPPS_CP,D1_SAL_HW,PL,2007,42.4,Poland
A,PC_EU27_2020_MPPS_CP,D1_SAL_HW,PL,2008,44.0,Poland
A,PC_EU27_2020_MPPS_CP,D1_SAL_HW,PL,2009,43.1,Poland
A,PC_EU27_2020_MPPS_CP,D1_SAL_HW,PL,2010,47.4,Poland
A,PC_EU27_2020_MPPS_CP,D1_SAL_HW,PL,2011,48.4,Poland
A,PC_EU27_2020_MPPS_CP,D1_SAL_HW,PL,2012,48.7,Poland
A,PC_EU27_2020_MPPS_CP,D1_SAL_HW,PL,2013,48.4,Poland
A,PC_EU27_2020_MPPS_CP,D1_SAL_HW,PL,2014,48.4,Poland
A,PC_EU27_2020_MPPS_CP,D1_SAL_HW,PL,2015,48.9,Poland
A,PC_EU27_2020_MPPS_CP,D1_SAL_HW,PL,2016,49.9,Poland
A,PC_EU27_2020_MPPS_CP,D1_SAL_HW,PL,2017,50.9,Poland
A,PC_EU27_2020_MPPS_CP,D1_SAL_HW,PL,2018,53.3,Poland
A,PC_EU27_2020_MPPS_CP,D1_SAL_HW,PL,2019,54.0,Poland
A,PC_EU27_2020_MPPS_CP,D1_SAL_HW,PL,2020,53.3,Poland
A,PC_EU27_2020_MPPS_CP,D1_SAL_HW,PL,2021,52.5,Poland
A,PC_EU27_2020_MPPS_CP,D1_SAL_HW,PL,2022,53.8,Poland
A,PC_EU27_2020_MPPS_CP,D1_SAL_HW,PL,2023,55.4,Poland
A,PC_EU27_2020_MPPS_CP,D1_SAL_HW,PL,2024,59.5,Poland
A,PC_EU27_2020_MPPS_CP,D1_SAL_HW,PT,2000,67.0,Portugal
A,PC_EU27_2020_MPPS_CP,D1_SAL_HW,PT,2001,66.3,Portugal
A,PC_EU27_2020_MPPS_CP,D1_SAL_HW,PT,2002,65.7,Portugal
A,PC_EU27_2020_MPPS_CP,D1_SAL_HW,PT,2003,66.4,Portugal
A,PC_EU27_2020_MPPS_CP,D1_SAL_HW,PT,2004,66.2,Portugal
A,PC_EU27_2020_MPPS_CP,D1_SAL_HW,PT,2005,68.7,Portugal
A,PC_EU27_2020_MPPS_CP,D1_SAL_HW,PT,2006,69.0,Portugal
A,PC_EU27_2020_MPPS_CP,D1_SAL_HW,PT,2007,68.2,Portugal
A,PC_EU27_2020_MPPS_CP,D1_SAL_HW,PT,2008,67.6,Portugal
A,PC_EU27_2020_MPPS_CP,D1_SAL_HW,PT,2009,66.8,Portugal
A,PC_EU27_2020_MPPS_CP,D1_SAL_HW,PT,2010,66.6,Portugal
A,PC_EU27_2020_MPPS_CP,D1_SAL_HW,PT,2011,63.7,Portugal
A,PC_EU27_2020_MPPS_CP,D1_SAL_HW,PT,2012,61.8,Portugal
A,PC_EU27_2020_MPPS_CP,D1_SAL_HW,PT,2013,63.1,Portugal
A,PC_EU27_2020_MPPS_CP,D1_SAL_HW,PT,2014,61.1,Portugal
A,PC_EU27_2020_MPPS_CP,D1_SAL_HW,PT,2015,60.0,Portugal
A,PC_EU27_2020_MPPS_CP,D1_SAL_HW,PT,2016,59.2,Portugal
A,PC_EU27_2020_MPPS_CP,D1_SAL_HW,PT,2017,58.1,Portugal
A,PC_EU27_2020_MPPS_CP,D1_SAL_HW,PT,2018,58.4,Portugal
A,PC_EU27_2020_MPPS_CP,D1_SAL_HW,PT,2019,59.5,Portugal
A,PC_EU27_2020_MPPS_CP,D1_SAL_HW,PT,2020,60.9,Portugal
A,PC_EU27_2020_MPPS_CP,D1_SAL_HW,PT,2021,61.7,Portugal
A,PC_EU27_2020_MPPS_CP,D1_SAL_HW,PT,2022,62.1,Portugal
A,PC_EU27_2020_MPPS_CP,D1_SAL_HW,PT,2023,63.9,Portugal
A,PC_EU27_2020_MPPS_CP,D1_SAL_HW,PT,2024,65.1,Portugal
A,PC_EU27_2020_MPPS_CP,D1_SAL_HW,RO,2000,24.7,Romania
A,PC_EU27_2020_MPPS_CP,D1_SAL_HW,RO,2001,27.7,Romania
A,PC_EU27_2020_MPPS_CP,D1_SAL_HW,RO,2002,25.8,Romania
A,PC_EU27_2020_MPPS_CP,D1_SAL_HW,RO,2003,26.5,Romania
A,PC_EU27_2020_MPPS_CP,D1_SAL_HW,RO,2004,28.1,Romania
A,PC_EU27_2020_MPPS_CP,D1_SAL_HW,RO,2005,31.8,Romania
A,PC_EU27_2020_MPPS_CP,D1_SAL_HW,RO,2006,34.7,Romania
A,PC_EU27_2020_MPPS_CP,D1_SAL_HW,RO,2007,33.7,Romania
A,PC_EU27_2020_MPPS_CP,D1_SAL_HW,RO,2008,41.3,Romania
A,PC_EU27_2020_MPPS_CP,D1_SAL_HW,RO,2009,38.5,Romania
A,PC_EU27_2020_MPPS_CP,D1_SAL_HW,RO,2010,39.6,Romania
A,PC_EU27_2020_MPPS_CP,D1_SAL_HW,RO,2011,38.0,Romania
A,PC_EU27_2020_MPPS_CP,D1_SAL_HW,RO,2012,38.3,Romania
A,PC_EU27_2020_MPPS_CP,D1_SAL_HW,RO,2013,37.6,Romania
A,PC_EU27_2020_MPPS_CP,D1_SAL_HW,RO,2014,39.2,Romania
A,PC_EU27_2020_MPPS_CP,D1_SAL_HW,RO,2015,38.7,Romania
A,PC_EU27_2020_MPPS_CP,D1_SAL_HW,RO,2016,44.3,Romania
A,PC_EU27_2020_MPPS_CP,D1_SAL_HW,RO,2017,49.0,Romania
A,PC_EU27_2020_MPPS_CP,D1_SAL_HW,RO,2018,51.5,Romania
A,PC_EU27_2020_MPPS_CP,D1_SAL_HW,RO,2019,54.1,Romania
A,PC_EU27_2020_MPPS_CP,D1_SAL_HW,RO,2020,54.9,Romania
A,PC_EU27_2020_MPPS_CP,D1_SAL_HW,RO,2021,54.6,Romania
A,PC_EU27_2020_MPPS_CP,D1_SAL_HW,RO,2022,56.0,Romania
A,PC_EU27_2020_MPPS_CP,D1_SAL_HW,RO,2023,61.8,Romania
A,PC_EU27_2020_MPPS_CP,D1_SAL_HW,RO,2024,65.3,Romania
A,PC_EU27_2020_MPPS_CP,D1_SAL_HW,SE,2000,99.3,Sweden
A,PC_EU27_2020_MPPS_CP,D1_SAL_HW,SE,2001,98.1,Sweden
A,PC_EU27_2020_MPPS_CP,D1_SAL_HW,SE,2002,98.1,Sweden
A,PC_EU27_2020_MPPS_CP,D1_SAL_HW,SE,2003,99.4,Sweden
A,PC_EU27_2020_MPPS_CP,D1_SAL_HW,SE,2004,101.8,Sweden
A,PC_EU27_2020_MPPS_CP,D1_SAL_HW,SE,2005,100.8,Sweden
A,PC_EU27_2020_MPPS_CP,D1_SAL_HW,SE,2006,102.4,Sweden
A,PC_EU27_2020_MPPS_CP,D1_SAL_HW,SE,2007,106.4,Sweden
A,PC_EU27_2020_MPPS_CP,D1_SAL_HW,SE,2008,104.8,Sweden
A,PC_EU27_2020_MPPS_CP,D1_SAL_HW,SE,2009,101.6,Sweden
A,PC_EU27_2020_MPPS_CP,D1_SAL_HW,SE,2010,98.3,Sweden
A,PC_EU27_2020_MPPS_CP,D1_SAL_HW,SE,2011,99.4,Sweden
A,PC_EU27_2020_MPPS_CP,D1_SAL_HW,SE,2012,102.0,Sweden
A,PC_EU27_2020_MPPS_CP,D1_SAL_HW,SE,2013,100.8,Sweden
A,PC_EU27_2020_MPPS_CP,D1_SAL_HW,SE,2014,99.9,Sweden
A,PC_EU27_2020_MPPS_CP,D1_SAL_HW,SE,2015,99.8,Sweden
A,PC_EU27_2020_MPPS_CP,D1_SAL_HW,SE,2016,97.1,Sweden
A,PC_EU27_2020_MPPS_CP,D1_SAL_HW,SE,2017,96.0,Sweden
A,PC_EU27_2020_MPPS_CP,D1_SAL_HW,SE,2018,96.0,Sweden
A,PC_EU27_2020_MPPS_CP,D1_SAL_HW,SE,2019,96.3,Sweden
A,PC_EU27_2020_MPPS_CP,D1_SAL_HW,SE,2020,95.6,Sweden
A,PC_EU27_2020_MPPS_CP,D1_SAL_HW,SE,2021,98.4,Sweden
A,PC_EU27_2020_MPPS_CP,D1_SAL_HW,SE,2022,94.1,Sweden
A,PC_EU27_2020_MPPS_CP,D1_SAL_HW,SE,2023,92.9,Sweden
A,PC_EU27_2020_MPPS_CP,D1_SAL_HW,SE,2024,93.2,Sweden
A,PC_EU27_2020_MPPS_CP,D1_SAL_HW,SI,2000,81.4,Slovenia
A,PC_EU27_2020_MPPS_CP,D1_SAL_HW,SI,2001,83.0,Slovenia
A,PC_EU27_2020_MPPS_CP,D1_SAL_HW,SI,2002,80.5,Slovenia
A,PC_EU27_2020_MPPS_CP,D1_SAL_HW,SI,2003,80.6,Slovenia
A,PC_EU27_2020_MPPS_CP,D1_SAL_HW,SI,2004,83.4,Slovenia
A,PC_EU27_2020_MPPS_CP,D1_SAL_HW,SI,2005,87.9,Slovenia
A,PC_EU27_2020_MPPS_CP,D1_SAL_HW,SI,2006,89.2,Slovenia
A,PC_EU27_2020_MPPS_CP,D1_SAL_HW,SI,2007,89.1,Slovenia
A,PC_EU27_2020_MPPS_CP,D1_SAL_HW,SI,2008,89.2,Slovenia
A,PC_EU27_2020_MPPS_CP,D1_SAL_HW,SI,2009,84.5,Slovenia
A,PC_EU27_2020_MPPS_CP,D1_SAL_HW,SI,2010,85.5,Slovenia
A,PC_EU27_2020_MPPS_CP,D1_SAL_HW,SI,2011,86.0,Slovenia
A,PC_EU27_2020_MPPS_CP,D1_SAL_HW,SI,2012,85.7,Slovenia
A,PC_EU27_2020_MPPS_CP,D1_SAL_HW,SI,2013,83.9,Slovenia
A,PC_EU27_2020_MPPS_CP,D1_SAL_HW,SI,2014,82.7,Slovenia
A,PC_EU27_2020_MPPS_CP,D1_SAL_HW,SI,2015,81.9,Slovenia
A,PC_EU27_2020_MPPS_CP,D1_SAL_HW,SI,2016,85.5,Slovenia
A,PC_EU27_2020_MPPS_CP,D1_SAL_HW,SI,2017,87.4,Slovenia
A,PC_EU27_2020_MPPS_CP,D1_SAL_HW,SI,2018,88.8,Slovenia
A,PC_EU27_2020_MPPS_CP,D1_SAL_HW,SI,2019,91.3,Slovenia
A,PC_EU27_2020_MPPS_CP,D1_SAL_HW,SI,2020,94.3,Slovenia
A,PC_EU27_2020_MPPS_CP,D1_SAL_HW,SI,2021,95.6,Slovenia
A,PC_EU27_2020_MPPS_CP,D1_SAL_HW,SI,2022,97.2,Slovenia
A,PC_EU27_2020_MPPS_CP,D1_SAL_HW,SI,2023,98.2,Slovenia
A,PC_EU27_2020_MPPS_CP,D1_SAL_HW,SI,2024,95.9,Slovenia
A,PC_EU27_2020_MPPS_CP,D1_SAL_HW,SK,2000,43.0,Slovakia
A,PC_EU27_2020_MPPS_CP,D1_SAL_HW,SK,2001,43.9,Slovakia
A,PC_EU27_2020_MPPS_CP,D1_SAL_HW,SK,2002,46.5,Slovakia
A,PC_EU27_2020_MPPS_CP,D1_SAL_HW,SK,2003,48.4,Slovakia
A,PC_EU27_2020_MPPS_CP,D1_SAL_HW,SK,2004,47.8,Slovakia
A,PC_EU27_2020_MPPS_CP,D1_SAL_HW,SK,2005,49.5,Slovakia
A,PC_EU27_2020_MPPS_CP,D1_SAL_HW,SK,2006,51.7,Slovakia
A,PC_EU27_2020_MPPS_CP,D1_SAL_HW,SK,2007,54.3,Slovakia
A,PC_EU27_2020_MPPS_CP,D1_SAL_HW,SK,2008,56.4,Slovakia
A,PC_EU27_2020_MPPS_CP,D1_SAL_HW,SK,2009,58.2,Slovakia
A,PC_EU27_2020_MPPS_CP,D1_SAL_HW,SK,2010,60.2,Slovakia
A,PC_EU27_2020_MPPS_CP,D1_SAL_HW,SK,2011,58.9,Slovakia
A,PC_EU27_2020_MPPS_CP,D1_SAL_HW,SK,2012,58.6,Slovakia
A,PC_EU27_2020_MPPS_CP,D1_SAL_HW,SK,2013,59.8,Slovakia
A,PC_EU27_2020_MPPS_CP,D1_SAL_HW,SK,2014,61.0,Slovakia
A,PC_EU27_2020_MPPS_CP,D1_SAL_HW,SK,2015,61.9,Slovakia
A,PC_EU27_2020_MPPS_CP,D1_SAL_HW,SK,2016,59.6,Slovakia
A,PC_EU27_2020_MPPS_CP,D1_SAL_HW,SK,2017,59.8,Slovakia
A,PC_EU27_2020_MPPS_CP,D1_SAL_HW,SK,2018,60.2,Slovakia
A,PC_EU27_2020_MPPS_CP,D1_SAL_HW,SK,2019,62.6,Slovakia
A,PC_EU27_2020_MPPS_CP,D1_SAL_HW,SK,2020,67.8,Slovakia
A,PC_EU27_2020_MPPS_CP,D1_SAL_HW,SK,2021,71.3,Slovakia
A,PC_EU27_2020_MPPS_CP,D1_SAL_HW,SK,2022,69.2,Slovakia
A,PC_EU27_2020_MPPS_CP,D1_SAL_HW,SK,2023,71.4,Slovakia
A,PC_EU27_2020_MPPS_CP,D1_SAL_HW,SK,2024,72.5,Slovakia
A,PC_EU27_2020_MPPS_CP,NLPR_HW,AT,2000,116.9,Austria
A,PC_EU27_2020_MPPS_CP,NLPR_HW,AT,2001,113.1,Austria
A,PC_EU27_2020_MPPS_CP,NLPR_HW,AT,2002,113.0,Austria
A,PC_EU27_2020_MPPS_CP,NLPR_HW,AT,2003,114.0,Austria
A,PC_EU27_2020_MPPS_CP,NLPR_HW,AT,2004,114.6,Austria
A,PC_EU27_2020_MPPS_CP,NLPR_HW,AT,2005,116.0,Austria
A,PC_EU27_2020_MPPS_CP,NLPR_HW,AT,2006,116.1,Austria
A,PC_EU27_2020_MPPS_CP,NLPR_HW,AT,2007,115.3,Austria
A,PC_EU27_2020_MPPS_CP,NLPR_HW,AT,2008,114.7,Austria
A,PC_EU27_2020_MPPS_CP,NLPR_HW,AT,2009,116.0,Austria
A,PC_EU27_2020_MPPS_CP,NLPR_HW,AT,2010,114.1,Austria
A,PC_EU27_2020_MPPS_CP,NLPR_HW,AT,2011,113.3,Austria
A,PC_EU27_2020_MPPS_CP,NLPR_HW,AT,2012,116.3,Austria
A,PC_EU27_2020_MPPS_CP,NLPR_HW,AT,2013,115.9,Austria
A,PC_EU27_2020_MPPS_CP,NLPR_HW,AT,2014,115.8,Austria
A,PC_EU27_2020_MPPS_CP,NLPR_HW,AT,2015,118.0,Austria
A,PC_EU27_2020_MPPS_CP,NLPR_HW,AT,2016,118.0,Austria
A,PC_EU27_2020_MPPS_CP,NLPR_HW,AT,2017,116.0,Austria
A,PC_EU27_2020_MPPS_CP,NLPR_HW,AT,2018,116.1,Austria
A,PC_EU27_2020_MPPS_CP,NLPR_HW,AT,2019,114.4,Austria
A,PC_EU27_2020_MPPS_CP,NLPR_HW,AT,2020,116.2,Austria
A,PC_EU27_2020_MPPS_CP,NLPR_HW,AT,2021,116.0,Austria
A,PC_EU27_2020_MPPS_CP,NLPR_HW,AT,2022,119.7,Austria
A,PC_EU27_2020_MPPS_CP,NLPR_HW,AT,2023,118.4,Austria
A,PC_EU27_2020_MPPS_CP,NLPR_HW,AT,2024,117.5,Austria
A,PC_EU27_2020_MPPS_CP,NLPR_HW,BE,2000,147.0,Belgium
A,PC_EU27_2020_MPPS_CP,NLPR_HW,BE,2001,144.3,Belgium
A,PC_EU27_2020_MPPS_CP,NLPR_HW,BE,2002,142.9,Belgium
A,PC_EU27_2020_MPPS_CP,NLPR_HW,BE,2003,142.5,Belgium
A,PC_EU27_2020_MPPS_CP,NLPR_HW,BE,2004,142.0,Belgium
A,PC_EU27_2020_MPPS_CP,NLPR_HW,BE,2005,141.8,Belgium
A,PC_EU27_2020_MPPS_CP,NLPR_HW,BE,2006,138.8,Belgium
A,PC_EU27_2020_MPPS_CP,NLPR_HW,BE,2007,137.0,Belgium
A,PC_EU27_2020_MPPS_CP,NLPR_HW,BE,2008,135.1,Belgium
A,PC_EU27_2020_MPPS_CP,NLPR_HW,BE,2009,135.9,Belgium
A,PC_EU27_2020_MPPS_CP,NLPR_HW,BE,2010,136.2,Belgium
A,PC_EU27_2020_MPPS_CP,NLPR_HW,BE,2011,133.2,Belgium
A,PC_EU27_2020_MPPS_CP,NLPR_HW,BE,2012,134.3,Belgium
A,PC_EU27_2020_MPPS_CP,NLPR_HW,BE,2013,133.8,Belgium
A,PC_EU27_2020_MPPS_CP,NLPR_HW,BE,2014,135.2,Belgium
A,PC_EU27_2020_MPPS_CP,NLPR_HW,BE,2015,134.8,Belgium
A,PC_EU27_2020_MPPS_CP,NLPR_HW,BE,2016,134.4,Belgium
A,PC_EU27_2020_MPPS_CP,NLPR_HW,BE,2017,132.1,Belgium
A,PC_EU27_2020_MPPS_CP,NLPR_HW,BE,2018,131.7,Belgium
A,PC_EU27_2020_MPPS_CP,NLPR_HW,BE,2019,131.8,Belgium
A,PC_EU27_2020_MPPS_CP,NLPR_HW,BE,2020,135.8,Belgium
A,PC_EU27_2020_MPPS_CP,NLPR_HW,BE,2021,132.2,Belgium
A,PC_EU27_2020_MPPS_CP,NLPR_HW,BE,2022,132.1,Belgium
A,PC_EU27_2020_MPPS_CP,NLPR_HW,BE,2023,133.8,Belgium
A,PC_EU27_2020_MPPS_CP,NLPR_HW,BE,2024,133.7,Belgium
A,PC_EU27_2020_MPPS_CP,NLPR_HW,BG,2000,33.3,Bulgaria
A,PC_EU27_2020_MPPS_CP,NLPR_HW,BG,2001,33.7,Bulgaria
A,PC_EU27_2020_MPPS_CP,NLPR_HW,BG,2002,34.9,Bulgaria
A,PC_EU27_2020_MPPS_CP,NLPR_HW,BG,2003,35.6,Bulgaria
A,PC_EU27_2020_MPPS_CP,NLPR_HW,BG,2004,35.6,Bulgaria
A,PC_EU27_2020_MPPS_CP,NLPR_HW,BG,2005,37.4,Bulgaria
A,PC_EU27_2020_MPPS_CP,NLPR_HW,BG,2006,37.2,Bulgaria
A,PC_EU27_2020_MPPS_CP,NLPR_HW,BG,2007,38.5,Bulgaria
A,PC_EU27_2020_MPPS_CP,NLPR_HW,BG,2008,39.2,Bulgaria
A,PC_EU27_2020_MPPS_CP,NLPR_HW,BG,2009,39.7,Bulgaria
A,PC_EU27_2020_MPPS_CP,NLPR_HW,BG,2010,41.6,Bulgaria
A,PC_EU27_2020_MPPS_CP,NLPR_HW,BG,2011,42.4,Bulgaria
A,PC_EU27_2020_MPPS_CP,NLPR_HW,BG,2012,43.6,Bulgaria
A,PC_EU27_2020_MPPS_CP,NLPR_HW,BG,2013,42.6,Bulgaria
A,PC_EU27_2020_MPPS_CP,NLPR_HW,BG,2014,43.7,Bulgaria
A,PC_EU27_2020_MPPS_CP,NLPR_HW,BG,2015,44.1,Bulgaria
A,PC_EU27_2020_MPPS_CP,NLPR_HW,BG,2016,45.4,Bulgaria
A,PC_EU27_2020_MPPS_CP,NLPR_HW,BG,2017,45.4,Bulgaria
A,PC_EU27_2020_MPPS_CP,NLPR_HW,BG,2018,46.6,Bulgaria
A,PC_EU27_2020_MPPS_CP,NLPR_HW,BG,2019,48.6,Bulgaria
A,PC_EU27_2020_MPPS_CP,NLPR_HW,BG,2020,48.8,Bulgaria
A,PC_EU27_2020_MPPS_CP,NLPR_HW,BG,2021,52.7,Bulgaria
A,PC_EU27_2020_MPPS_CP,NLPR_HW,BG,2022,55.6,Bulgaria
A,PC_EU27_2020_MPPS_CP,NLPR_HW,BG,2023,54.9,Bulgaria
A,PC_EU27_2020_MPPS_CP,NLPR_HW,BG,2024,58.0,Bulgaria
A,PC_EU27_2020_MPPS_CP,NLPR_HW,CY,2000,82.1,Cyprus
A,PC_EU27_2020_MPPS_CP,NLPR_HW,CY,2001,82.1,Cyprus
A,PC_EU27_2020_MPPS_CP,NLPR_HW,CY,2002,80.5,Cyprus
A,PC_EU27_2020_MPPS_CP,NLPR_HW,CY,2003,79.2,Cyprus
A,PC_EU27_2020_MPPS_CP,NLPR_HW,CY,2004,80.8,Cyprus
A,PC_EU27_2020_MPPS_CP,NLPR_HW,CY,2005,83.3,Cyprus
A,PC_EU27_2020_MPPS_CP,NLPR_HW,CY,2006,84.5,Cyprus
A,PC_EU27_2020_MPPS_CP,NLPR_HW,CY,2007,85.3,Cyprus
A,PC_EU27_2020_MPPS_CP,NLPR_HW,CY,2008,85.7,Cyprus
A,PC_EU27_2020_MPPS_CP,NLPR_HW,CY,2009,85.3,Cyprus
A,PC_EU27_2020_MPPS_CP,NLPR_HW,CY,2010,82.6,Cyprus
A,PC_EU27_2020_MPPS_CP,NLPR_HW,CY,2011,80.2,Cyprus
A,PC_EU27_2020_MPPS_CP,NLPR_HW,CY,2012,78.7,Cyprus
A,PC_EU27_2020_MPPS_CP,NLPR_HW,CY,2013,77.4,Cyprus
A,PC_EU27_2020_MPPS_CP,NLPR_HW,CY,2014,75.6,Cyprus
A,PC_EU27_2020_MPPS_CP,NLPR_HW,CY,2015,76.0,Cyprus
A,PC_EU27_2020_MPPS_CP,NLPR_HW,CY,2016,77.7,Cyprus
A,PC_EU27_2020_MPPS_CP,NLPR_HW,CY,2017,77.2,Cyprus
A,PC_EU27_2020_MPPS_CP,NLPR_HW,CY,2018,76.5,Cyprus
A,PC_EU27_2020_MPPS_CP,NLPR_HW,CY,2019,76.1,Cyprus
A,PC_EU27_2020_MPPS_CP,NLPR_HW,CY,2020,74.2,Cyprus
A,PC_EU27_2020_MPPS_CP,NLPR_HW,CY,2021,75.3,Cyprus
A,PC_EU27_2020_MPPS_CP,NLPR_HW,CY,2022,78.2,Cyprus
A,PC_EU27_2020_MPPS_CP,NLPR_HW,CY,2023,79.7,Cyprus
A,PC_EU27_2020_MPPS_CP,NLPR_HW,CY,2024,80.6,Cyprus
A,PC_EU27_2020_MPPS_CP,NLPR_HW,CZ,2000,61.1,Czechia
A,PC_EU27_2020_MPPS_CP,NLPR_HW,CZ,2001,65.7,Czechia
A,PC_EU27_2020_MPPS_CP,NLPR_HW,CZ,2002,64.3,Czechia
A,PC_EU27_2020_MPPS_CP,NLPR_HW,CZ,2003,68.0,Czechia
A,PC_EU27_2020_MPPS_CP,NLPR_HW,CZ,2004,69.5,Czechia
A,PC_EU27_2020_MPPS_CP,NLPR_HW,CZ,2005,70.0,Czechia
A,PC_EU27_2020_MPPS_CP,NLPR_HW,CZ,2006,70.4,Czechia
A,PC_EU27_2020_MPPS_CP,NLPR_HW,CZ,2007,73.4,Czechia
A,PC_EU27_2020_MPPS_CP,NLPR_HW,CZ,2008,73.4,Czechia
A,PC_EU27_2020_MPPS_CP,NLPR_HW,CZ,2009,73.9,Czechia
A,PC_EU27_2020_MPPS_CP,NLPR_HW,CZ,2010,72.2,Czechia
A,PC_EU27_2020_MPPS_CP,NLPR_HW,CZ,2011,71.8,Czechia
A,PC_EU27_2020_MPPS_CP,NLPR_HW,CZ,2012,71.3,Czechia
A,PC_EU27_2020_MPPS_CP,NLPR_HW,CZ,2013,72.2,Czechia
A,PC_EU27_2020_MPPS_CP,NLPR_HW,CZ,2014,73.9,Czechia
A,PC_EU27_2020_MPPS_CP,NLPR_HW,CZ,2015,75.1,Czechia
A,PC_EU27_2020_MPPS_CP,NLPR_HW,CZ,2016,75.1,Czechia
A,PC_EU27_2020_MPPS_CP,NLPR_HW,CZ,2017,76.8,Czechia
A,PC_EU27_2020_MPPS_CP,NLPR_HW,CZ,2018,77.6,Czechia
A,PC_EU27_2020_MPPS_CP,NLPR_HW,CZ,2019,79.9,Czechia
A,PC_EU27_2020_MPPS_CP,NLPR_HW,CZ,2020,81.8,Czechia
A,PC_EU27_2020_MPPS_CP,NLPR_HW,CZ,2021,79.9,Czechia
A,PC_EU27_2020_MPPS_CP,NLPR_HW,CZ,2022,78.6,Czechia
A,PC_EU27_2020_MPPS_CP,NLPR_HW,CZ,2023,79.9,Czechia
A,PC_EU27_2020_MPPS_CP,NLPR_HW,CZ,2024,78.7,Czechia
A,PC_EU27_2020_MPPS_CP,NLPR_HW,DE,2000,0.0,Germany
A,PC_EU27_2020_MPPS_CP,NLPR_HW,DE,2001,0.0,Germany
A,PC_EU27_2020_MPPS_CP,NLPR_HW,DE,2002,0.0,Germany
A,PC_EU27_2020_MPPS_CP,NLPR_HW,DE,2003,0.0,Germany
A,PC_EU27_2020_MPPS_CP,NLPR_HW,DE,2004,0.0,Germany
A,PC_EU27_2020_MPPS_CP,NLPR_HW,DE,2005,0.0,Germany
A,PC_EU27_2020_MPPS_CP,NLPR_HW,DE,2006,0.0,Germany
A,PC_EU27_2020_MPPS_CP,NLPR_HW,DE,2007,0.0,Germany
A,PC_EU27_2020_MPPS_CP,NLPR_HW,DE,2008,0.0,Germany
A,PC_EU27_2020_MPPS_CP,NLPR_HW,DE,2009,0.0,Germany
A,PC_EU27_2020_MPPS_CP,NLPR_HW,DE,2010,0.0,Germany
A,PC_EU27_2020_MPPS_CP,NLPR_HW,DE,2011,0.0,Germany
A,PC_EU27_2020_MPPS_CP,NLPR_HW,DE,2012,0.0,Germany
A,PC_EU27_2020_MPPS_CP,NLPR_HW,DE,2013,0.0,Germany
A,PC_EU27_2020_MPPS_CP,NLPR_HW,DE,2014,0.0,Germany
A,PC_EU27_2020_MPPS_CP,NLPR_HW,DE,2015,0.0,Germany
A,PC_EU27_2020_MPPS_CP,NLPR_HW,DE,2016,0.0,Germany
A,PC_EU27_2020_MPPS_CP,NLPR_HW,DE,2017,0.0,Germany
A,PC_EU27_2020_MPPS_CP,NLPR_HW,DE,2018,0.0,Germany
A,PC_EU27_2020_MPPS_CP,NLPR_HW,DE,2019,0.0,Germany
A,PC_EU27_2020_MPPS_CP,NLPR_HW,DE,2020,0.0,Germany
A,PC_EU27_2020_MPPS_CP,NLPR_HW,DE,2021,0.0,Germany
A,PC_EU27_2020_MPPS_CP,NLPR_HW,DE,2022,0.0,Germany
A,PC_EU27_2020_MPPS_CP,NLPR_HW,DE,2023,0.0,Germany
A,PC_EU27_2020_MPPS_CP,NLPR_HW,DE,2024,0.0,Germany
A,PC_EU27_2020_MPPS_CP,NLPR_HW,DK,2000,127.6,Denmark
A,PC_EU27_2020_MPPS_CP,NLPR_HW,DK,2001,124.0,Denmark
A,PC_EU27_2020_MPPS_CP,NLPR_HW,DK,2002,123.1,Denmark
A,PC_EU27_2020_MPPS_CP,NLPR_HW,DK,2003,122.5,Denmark
A,PC_EU27_2020_MPPS_CP,NLPR_HW,DK,2004,126.8,Denmark
A,PC_EU27_2020_MPPS_CP,NLPR_HW,DK,2005,126.3,Denmark
A,PC_EU27_2020_MPPS_CP,NLPR_HW,DK,2006,126.0,Denmark
A,PC_EU27_2020_MPPS_CP,NLPR_HW,DK,2007,125.5,Denmark
A,PC_EU27_2020_MPPS_CP,NLPR_HW,DK,2008,127.3,Denmark
A,PC_EU27_2020_MPPS_CP,NLPR_HW,DK,2009,128.3,Denmark
A,PC_EU27_2020_MPPS_CP,NLPR_HW,DK,2010,134.0,Denmark
A,PC_EU27_2020_MPPS_CP,NLPR_HW,DK,2011,131.3,Denmark
A,PC_EU27_2020_MPPS_CP,NLPR_HW,DK,2012,131.4,Denmark
A,PC_EU27_2020_MPPS_CP,NLPR_HW,DK,2013,132.0,Denmark
A,PC_EU27_2020_MPPS_CP,NLPR_HW,DK,2014,133.0,Denmark
A,PC_EU27_2020_MPPS_CP,NLPR_HW,DK,2015,132.2,Denmark
A,PC_EU27_2020_MPPS_CP,NLPR_HW,DK,2016,132.3,Denmark
A,PC_EU27_2020_MPPS_CP,NLPR_HW,DK,2017,134.9,Denmark
A,PC_EU27_2020_MPPS_CP,NLPR_HW,DK,2018,135.8,Denmark
A,PC_EU27_2020_MPPS_CP,NLPR_HW,DK,2019,133.9,Denmark
A,PC_EU27_2020_MPPS_CP,NLPR_HW,DK,2020,136.9,Denmark
A,PC_EU27_2020_MPPS_CP,NLPR_HW,DK,2021,139.1,Denmark
A,PC_EU27_2020_MPPS_CP,NLPR_HW,DK,2022,139.7,Denmark
A,PC_EU27_2020_MPPS_CP,NLPR_HW,DK,2023,132.7,Denmark
A,PC_EU27_2020_MPPS_CP,NLPR_HW,DK,2024,137.9,Denmark
A,PC_EU27_2020_MPPS_CP,NLPR_HW,EE,2000,38.3,Estonia
A,PC_EU27_2020_MPPS_CP,NLPR_HW,EE,2001,39.6,Estonia
A,PC_EU27_2020_MPPS_CP,NLPR_HW,EE,2002,42.1,Estonia
A,PC_EU27_2020_MPPS_CP,NLPR_HW,EE,2003,44.8,Estonia
A,PC_EU27_2020_MPPS_CP,NLPR_HW,EE,2004,47.4,Estonia
A,PC_EU27_2020_MPPS_CP,NLPR_HW,EE,2005,50.4,Estonia
A,PC_EU27_2020_MPPS_CP,NLPR_HW,EE,2006,52.0,Estonia
A,PC_EU27_2020_MPPS_CP,NLPR_HW,EE,2007,56.8,Estonia
A,PC_EU27_2020_MPPS_CP,NLPR_HW,EE,2008,56.9,Estonia
A,PC_EU27_2020_MPPS_CP,NLPR_HW,EE,2009,60.1,Estonia
A,PC_EU27_2020_MPPS_CP,NLPR_HW,EE,2010,62.4,Estonia
A,PC_EU27_2020_MPPS_CP,NLPR_HW,EE,2011,62.0,Estonia
A,PC_EU27_2020_MPPS_CP,NLPR_HW,EE,2012,64.1,Estonia
A,PC_EU27_2020_MPPS_CP,NLPR_HW,EE,2013,64.8,Estonia
A,PC_EU27_2020_MPPS_CP,NLPR_HW,EE,2014,66.5,Estonia
A,PC_EU27_2020_MPPS_CP,NLPR_HW,EE,2015,64.1,Estonia
A,PC_EU27_2020_MPPS_CP,NLPR_HW,EE,2016,65.6,Estonia
A,PC_EU27_2020_MPPS_CP,NLPR_HW,EE,2017,66.2,Estonia
A,PC_EU27_2020_MPPS_CP,NLPR_HW,EE,2018,70.8,Estonia
A,PC_EU27_2020_MPPS_CP,NLPR_HW,EE,2019,72.3,Estonia
A,PC_EU27_2020_MPPS_CP,NLPR_HW,EE,2020,73.6,Estonia
A,PC_EU27_2020_MPPS_CP,NLPR_HW,EE,2021,78.1,Estonia
A,PC_EU27_2020_MPPS_CP,NLPR_HW,EE,2022,76.1,Estonia
A,PC_EU27_2020_MPPS_CP,NLPR_HW,EE,2023,72.9,Estonia
A,PC_EU27_2020_MPPS_CP,NLPR_HW,EE,2024,72.6,Estonia
A,PC_EU27_2020_MPPS_CP,NLPR_HW,EL,2000,73.7,Greece
A,PC_EU27_2020_MPPS_CP,NLPR_HW,EL,2001,76.2,Greece
A,PC_EU27_2020_MPPS_CP,NLPR_HW,EL,2002,77.0,Greece
A,PC_EU27_2020_MPPS_CP,NLPR_HW,EL,2003,78.7,Greece
A,PC_EU27_2020_MPPS_CP,NLPR_HW,EL,2004,79.4,Greece
A,PC_EU27_2020_MPPS_CP,NLPR_HW,EL,2005,75.0,Greece
A,PC_EU27_2020_MPPS_CP,NLPR_HW,EL,2006,77.9,Greece
A,PC_EU27_2020_MPPS_CP,NLPR_HW,EL,2007,76.2,Greece
A,PC_EU27_2020_MPPS_CP,NLPR_HW,EL,2008,76.9,Greece
A,PC_EU27_2020_MPPS_CP,NLPR_HW,EL,2009,76.1,Greece
A,PC_EU27_2020_MPPS_CP,NLPR_HW,EL,2010,71.9,Greece
A,PC_EU27_2020_MPPS_CP,NLPR_HW,EL,2011,65.4,Greece
A,PC_EU27_2020_MPPS_CP,NLPR_HW,EL,2012,61.8,Greece
A,PC_EU27_2020_MPPS_CP,NLPR_HW,EL,2013,61.7,Greece
A,PC_EU27_2020_MPPS_CP,NLPR_HW,EL,2014,61.0,Greece
A,PC_EU27_2020_MPPS_CP,NLPR_HW,EL,2015,61.7,Greece
A,PC_EU27_2020_MPPS_CP,NLPR_HW,EL,2016,58.5,Greece
A,PC_EU27_2020_MPPS_CP,NLPR_HW,EL,2017,58.5,Greece
A,PC_EU27_2020_MPPS_CP,NLPR_HW,EL,2018,55.7,Greece
A,PC_EU27_2020_MPPS_CP,NLPR_HW,EL,2019,55.8,Greece
A,PC_EU27_2020_MPPS_CP,NLPR_HW,EL,2020,55.6,Greece
A,PC_EU27_2020_MPPS_CP,NLPR_HW,EL,2021,53.8,Greece
A,PC_EU27_2020_MPPS_CP,NLPR_HW,EL,2022,54.0,Greece
A,PC_EU27_2020_MPPS_CP,NLPR_HW,EL,2023,54.7,Greece
A,PC_EU27_2020_MPPS_CP,NLPR_HW,EL,2024,54.3,Greece
A,PC_EU27_2020_MPPS_CP,NLPR_HW,ES,2000,100.6,Spain
A,PC_EU27_2020_MPPS_CP,NLPR_HW,ES,2001,98.8,Spain
A,PC_EU27_2020_MPPS_CP,NLPR_HW,ES,2002,98.3,Spain
A,PC_EU27_2020_MPPS_CP,NLPR_HW,ES,2003,97.6,Spain
A,PC_EU27_2020_MPPS_CP,NLPR_HW,ES,2004,96.8,Spain
A,PC_EU27_2020_MPPS_CP,NLPR_HW,ES,2005,97.4,Spain
A,PC_EU27_2020_MPPS_CP,NLPR_HW,ES,2006,99.5,Spain
A,PC_EU27_2020_MPPS_CP,NLPR_HW,ES,2007,100.0,Spain
A,PC_EU27_2020_MPPS_CP,NLPR_HW,ES,2008,99.4,Spain
A,PC_EU27_2020_MPPS_CP,NLPR_HW,ES,2009,101.4,Spain
A,PC_EU27_2020_MPPS_CP,NLPR_HW,ES,2010,98.8,Spain
A,PC_EU27_2020_MPPS_CP,NLPR_HW,ES,2011,97.2,Spain
A,PC_EU27_2020_MPPS_CP,NLPR_HW,ES,2012,99.1,Spain
A,PC_EU27_2020_MPPS_CP,NLPR_HW,ES,2013,99.6,Spain
A,PC_EU27_2020_MPPS_CP,NLPR_HW,ES,2014,99.5,Spain
A,PC_EU27_2020_MPPS_CP,NLPR_HW,ES,2015,98.3,Spain
A,PC_EU27_2020_MPPS_CP,NLPR_HW,ES,2016,97.9,Spain
A,PC_EU27_2020_MPPS_CP,NLPR_HW,ES,2017,97.6,Spain
A,PC_EU27_2020_MPPS_CP,NLPR_HW,ES,2018,95.2,Spain
A,PC_EU27_2020_MPPS_CP,NLPR_HW,ES,2019,94.7,Spain
A,PC_EU27_2020_MPPS_CP,NLPR_HW,ES,2020,90.9,Spain
A,PC_EU27_2020_MPPS_CP,NLPR_HW,ES,2021,92.6,Spain
A,PC_EU27_2020_MPPS_CP,NLPR_HW,ES,2022,94.3,Spain
A,PC_EU27_2020_MPPS_CP,NLPR_HW,ES,2023,96.4,Spain
A,PC_EU27_2020_MPPS_CP,NLPR_HW,ES,2024,96.3,Spain
A,PC_EU27_2020_MPPS_CP,NLPR_HW,EU27_2020,2000,100.0,European Union - 27 countries (from 2020)
A,PC_EU27_2020_MPPS_CP,NLPR_HW,EU27_2020,2001,100.0,European Union - 27 countries (from 2020)
A,PC_EU27_2020_MPPS_CP,NLPR_HW,EU27_2020,2002,100.0,European Union - 27 countries (from 2020)
A,PC_EU27_2020_MPPS_CP,NLPR_HW,EU27_2020,2003,100.0,European Union - 27 countries (from 2020)
A,PC_EU27_2020_MPPS_CP,NLPR_HW,EU27_2020,2004,100.0,European Union - 27 countries (from 2020)
A,PC_EU27_2020_MPPS_CP,NLPR_HW,EU27_2020,2005,100.0,European Union - 27 countries (from 2020)
A,PC_EU27_2020_MPPS_CP,NLPR_HW,EU27_2020,2006,100.0,European Union - 27 countries (from 2020)
A,PC_EU27_2020_MPPS_CP,NLPR_HW,EU27_2020,2007,100.0,European Union - 27 countries (from 2020)
A,PC_EU27_2020_MPPS_CP,NLPR_HW,EU27_2020,2008,100.0,European Union - 27 countries (from 2020)
A,PC_EU27_2020_MPPS_CP,NLPR_HW,EU27_2020,2009,100.0,European Union - 27 countries (from 2020)
A,PC_EU27_2020_MPPS_CP,NLPR_HW,EU27_2020,2010,100.0,European Union - 27 countries (from 2020)
A,PC_EU27_2020_MPPS_CP,NLPR_HW,EU27_2020,2011,100.0,European Union - 27 countries (from 2020)
A,PC_EU27_2020_MPPS_CP,NLPR_HW,EU27_2020,2012,100.0,European Union - 27 countries (from 2020)
A,PC_EU27_2020_MPPS_CP,NLPR_HW,EU27_2020,2013,100.0,European Union - 27 countries (from 2020)
A,PC_EU27_2020_MPPS_CP,NLPR_HW,EU27_2020,2014,100.0,European Union - 27 countries (from 2020)
A,PC_EU27_2020_MPPS_CP,NLPR_HW,EU27_2020,2015,100.0,European Union - 27 countries (from 2020)
A,PC_EU27_2020_MPPS_CP,NLPR_HW,EU27_2020,2016,100.0,European Union - 27 countries (from 2020)
A,PC_EU27_2020_MPPS_CP,NLPR_HW,EU27_2020,2017,100.0,European Union - 27 countries (from 2020)
A,PC_EU27_2020_MPPS_CP,NLPR_HW,EU27_2020,2018,100.0,European Union - 27 countries (from 2020)
A,PC_EU27_2020_MPPS_CP,NLPR_HW,EU27_2020,2019,100.0,European Union - 27 countries (from 2020)
A,PC_EU27_2020_MPPS_CP,NLPR_HW,EU27_2020,2020,100.0,European Union - 27 countries (from 2020)
A,PC_EU27_2020_MPPS_CP,NLPR_HW,EU27_2020,2021,100.0,European Union - 27 countries (from 2020)
A,PC_EU27_2020_MPPS_CP,NLPR_HW,EU27_2020,2022,100.0,European Union - 27 countries (from 2020)
A,PC_EU27_2020_MPPS_CP,NLPR_HW,EU27_2020,2023,100.0,European Union - 27 countries (from 2020)
A,PC_EU27_2020_MPPS_CP,NLPR_HW,EU27_2020,2024,100.0,European Union - 27 countries (from 2020)
A,PC_EU27_2020_MPPS_CP,NLPR_HW,FI,2000,119.2,Finland
A,PC_EU27_2020_MPPS_CP,NLPR_HW,FI,2001,117.3,Finland
A,PC_EU27_2020_MPPS_CP,NLPR_HW,FI,2002,113.6,Finland
A,PC_EU27_2020_MPPS_CP,NLPR_HW,FI,2003,112.8,Finland
A,PC_EU27_2020_MPPS_CP,NLPR_HW,FI,2004,116.0,Finland
A,PC_EU27_2020_MPPS_CP,NLPR_HW,FI,2005,114.6,Finland
A,PC_EU27_2020_MPPS_CP,NLPR_HW,FI,2006,113.7,Finland
A,PC_EU27_2020_MPPS_CP,NLPR_HW,FI,2007,117.5,Finland
A,PC_EU27_2020_MPPS_CP,NLPR_HW,FI,2008,117.8,Finland
A,PC_EU27_2020_MPPS_CP,NLPR_HW,FI,2009,114.9,Finland
A,PC_EU27_2020_MPPS_CP,NLPR_HW,FI,2010,114.0,Finland
A,PC_EU27_2020_MPPS_CP,NLPR_HW,FI,2011,113.4,Finland
A,PC_EU27_2020_MPPS_CP,NLPR_HW,FI,2012,110.8,Finland
A,PC_EU27_2020_MPPS_CP,NLPR_HW,FI,2013,109.5,Finland
A,PC_EU27_2020_MPPS_CP,NLPR_HW,FI,2014,109.1,Finland
A,PC_EU27_2020_MPPS_CP,NLPR_HW,FI,2015,108.4,Finland
A,PC_EU27_2020_MPPS_CP,NLPR_HW,FI,2016,109.0,Finland
A,PC_EU27_2020_MPPS_CP,NLPR_HW,FI,2017,110.8,Finland
A,PC_EU27_2020_MPPS_CP,NLPR_HW,FI,2018,109.1,Finland
A,PC_EU27_2020_MPPS_CP,NLPR_HW,FI,2019,107.6,Finland
A,PC_EU27_2020_MPPS_CP,NLPR_HW,FI,2020,107.6,Finland
A,PC_EU27_2020_MPPS_CP,NLPR_HW,FI,2021,109.0,Finland
A,PC_EU27_2020_MPPS_CP,NLPR_HW,FI,2022,106.4,Finland
A,PC_EU27_2020_MPPS_CP,NLPR_HW,FI,2023,104.7,Finland
A,PC_EU27_2020_MPPS_CP,NLPR_HW,FI,2024,105.8,Finland
A,PC_EU27_2020_MPPS_CP,NLPR_HW,FR,2000,134.8,France
A,PC_EU27_2020_MPPS_CP,NLPR_HW,FR,2001,135.7,France
A,PC_EU27_2020_MPPS_CP,NLPR_HW,FR,2002,136.5,France
A,PC_EU27_2020_MPPS_CP,NLPR_HW,FR,2003,132.0,France
A,PC_EU27_2020_MPPS_CP,NLPR_HW,FR,2004,129.5,France
A,PC_EU27_2020_MPPS_CP,NLPR_HW,FR,2005,131.8,France
A,PC_EU27_2020_MPPS_CP,NLPR_HW,FR,2006,131.9,France
A,PC_EU27_2020_MPPS_CP,NLPR_HW,FR,2007,129.4,France
A,PC_EU27_2020_MPPS_CP,NLPR_HW,FR,2008,127.5,France
A,PC_EU27_2020_MPPS_CP,NLPR_HW,FR,2009,127.3,France
A,PC_EU27_2020_MPPS_CP,NLPR_HW,FR,2010,126.3,France
A,PC_EU27_2020_MPPS_CP,NLPR_HW,FR,2011,125.0,France
A,PC_EU27_2020_MPPS_CP,NLPR_HW,FR,2012,122.8,France
A,PC_EU27_2020_MPPS_CP,NLPR_HW,FR,2013,125.2,France
A,PC_EU27_2020_MPPS_CP,NLPR_HW,FR,2014,125.2,France
A,PC_EU27_2020_MPPS_CP,NLPR_HW,FR,2015,124.4,France
A,PC_EU27_2020_MPPS_CP,NLPR_HW,FR,2016,123.8,France
A,PC_EU27_2020_MPPS_CP,NLPR_HW,FR,2017,123.3,France
A,PC_EU27_2020_MPPS_CP,NLPR_HW,FR,2018,122.8,France
A,PC_EU27_2020_MPPS_CP,NLPR_HW,FR,2019,125.2,France
A,PC_EU27_2020_MPPS_CP,NLPR_HW,FR,2020,125.2,France
A,PC_EU27_2020_MPPS_CP,NLPR_HW,FR,2021,119.3,France
A,PC_EU27_2020_MPPS_CP,NLPR_HW,FR,2022,113.9,France
A,PC_EU27_2020_MPPS_CP,NLPR_HW,FR,2023,116.0,France
A,PC_EU27_2020_MPPS_CP,NLPR_HW,FR,2024,114.3,France
A,PC_EU27_2020_MPPS_CP,NLPR_HW,HR,2000,54.0,Croatia
A,PC_EU27_2020_MPPS_CP,NLPR_HW,HR,2001,54.4,Croatia
A,PC_EU27_2020_MPPS_CP,NLPR_HW,HR,2002,56.1,Croatia
A,PC_EU27_2020_MPPS_CP,NLPR_HW,HR,2003,57.2,Croatia
A,PC_EU27_2020_MPPS_CP,NLPR_HW,HR,2004,58.4,Croatia
A,PC_EU27_2020_MPPS_CP,NLPR_HW,HR,2005,59.0,Croatia
A,PC_EU27_2020_MPPS_CP,NLPR_HW,HR,2006,60.9,Croatia
A,PC_EU27_2020_MPPS_CP,NLPR_HW,HR,2007,62.6,Croatia
A,PC_EU27_2020_MPPS_CP,NLPR_HW,HR,2008,63.2,Croatia
A,PC_EU27_2020_MPPS_CP,NLPR_HW,HR,2009,60.7,Croatia
A,PC_EU27_2020_MPPS_CP,NLPR_HW,HR,2010,59.4,Croatia
A,PC_EU27_2020_MPPS_CP,NLPR_HW,HR,2011,61.9,Croatia
A,PC_EU27_2020_MPPS_CP,NLPR_HW,HR,2012,60.3,Croatia
A,PC_EU27_2020_MPPS_CP,NLPR_HW,HR,2013,61.8,Croatia
A,PC_EU27_2020_MPPS_CP,NLPR_HW,HR,2014,59.5,Croatia
A,PC_EU27_2020_MPPS_CP,NLPR_HW,HR,2015,60.6,Croatia
A,PC_EU27_2020_MPPS_CP,NLPR_HW,HR,2016,62.1,Croatia
A,PC_EU27_2020_MPPS_CP,NLPR_HW,HR,2017,61.9,Croatia
A,PC_EU27_2020_MPPS_CP,NLPR_HW,HR,2018,62.9,Croatia
A,PC_EU27_2020_MPPS_CP,NLPR_HW,HR,2019,63.7,Croatia
A,PC_EU27_2020_MPPS_CP,NLPR_HW,HR,2020,58.8,Croatia
A,PC_EU27_2020_MPPS_CP,NLPR_HW,HR,2021,65.1,Croatia
A,PC_EU27_2020_MPPS_CP,NLPR_HW,HR,2022,66.5,Croatia
A,PC_EU27_2020_MPPS_CP,NLPR_HW,HR,2023,70.8,Croatia
A,PC_EU27_2020_MPPS_CP,NLPR_HW,HR,2024,68.2,Croatia
A,PC_EU27_2020_MPPS_CP,NLPR_HW,HU,2000,51.7,Hungary
A,PC_EU27_2020_MPPS_CP,NLPR_HW,HU,2001,55.6,Hungary
A,PC_EU27_2020_MPPS_CP,NLPR_HW,HU,2002,58.2,Hungary
A,PC_EU27_2020_MPPS_CP,NLPR_HW,HU,2003,59.9,Hungary
A,PC_EU27_2020_MPPS_CP,NLPR_HW,HU,2004,60.8,Hungary
A,PC_EU27_2020_MPPS_CP,NLPR_HW,HU,2005,63.0,Hungary
A,PC_EU27_2020_MPPS_CP,NLPR_HW,HU,2006,63.2,Hungary
A,PC_EU27_2020_MPPS_CP,NLPR_HW,HU,2007,64.0,Hungary
A,PC_EU27_2020_MPPS_CP,NLPR_HW,HU,2008,67.8,Hungary
A,PC_EU27_2020_MPPS_CP,NLPR_HW,HU,2009,69.1,Hungary
A,PC_EU27_2020_MPPS_CP,NLPR_HW,HU,2010,69.7,Hungary
A,PC_EU27_2020_MPPS_CP,NLPR_HW,HU,2011,70.8,Hungary
A,PC_EU27_2020_MPPS_CP,NLPR_HW,HU,2012,69.1,Hungary
A,PC_EU27_2020_MPPS_CP,NLPR_HW,HU,2013,69.0,Hungary
A,PC_EU27_2020_MPPS_CP,NLPR_HW,HU,2014,67.0,Hungary
A,PC_EU27_2020_MPPS_CP,NLPR_HW,HU,2015,66.5,Hungary
A,PC_EU27_2020_MPPS_CP,NLPR_HW,HU,2016,63.6,Hungary
A,PC_EU27_2020_MPPS_CP,NLPR_HW,HU,2017,63.5,Hungary
A,PC_EU27_2020_MPPS_CP,NLPR_HW,HU,2018,65.8,Hungary
A,PC_EU27_2020_MPPS_CP,NLPR_HW,HU,2019,67.5,Hungary
A,PC_EU27_2020_MPPS_CP,NLPR_HW,HU,2020,67.8,Hungary
A,PC_EU27_2020_MPPS_CP,NLPR_HW,HU,2021,68.5,Hungary
A,PC_EU27_2020_MPPS_CP,NLPR_HW,HU,2022,69.4,Hungary
A,PC_EU27_2020_MPPS_CP,NLPR_HW,HU,2023,70.6,Hungary
A,PC_EU27_2020_MPPS_CP,NLPR_HW,HU,2024,71.1,Hungary
A,PC_EU27_2020_MPPS_CP,NLPR_HW,IE,2000,115.7,Ireland
A,PC_EU27_2020_MPPS_CP,NLPR_HW,IE,2001,118.7,Ireland
A,PC_EU27_2020_MPPS_CP,NLPR_HW,IE,2002,122.8,Ireland
A,PC_EU27_2020_MPPS_CP,NLPR_HW,IE,2003,125.0,Ireland
A,PC_EU27_2020_MPPS_CP,NLPR_HW,IE,2004,127.2,Ireland
A,PC_EU27_2020_MPPS_CP,NLPR_HW,IE,2005,125.4,Ireland
A,PC_EU27_2020_MPPS_CP,NLPR_HW,IE,2006,127.2,Ireland
A,PC_EU27_2020_MPPS_CP,NLPR_HW,IE,2007,128.8,Ireland
A,PC_EU27_2020_MPPS_CP,NLPR_HW,IE,2008,122.8,Ireland
A,PC_EU27_2020_MPPS_CP,NLPR_HW,IE,2009,129.2,Ireland
A,PC_EU27_2020_MPPS_CP,NLPR_HW,IE,2010,135.7,Ireland
A,PC_EU27_2020_MPPS_CP,NLPR_HW,IE,2011,139.5,Ireland
A,PC_EU27_2020_MPPS_CP,NLPR_HW,IE,2012,141.0,Ireland
A,PC_EU27_2020_MPPS_CP,NLPR_HW,IE,2013,136.2,Ireland
A,PC_EU27_2020_MPPS_CP,NLPR_HW,IE,2014,140.2,Ireland
A,PC_EU27_2020_MPPS_CP,NLPR_HW,IE,2015,182.3,Ireland
A,PC_EU27_2020_MPPS_CP,NLPR_HW,IE,2016,171.0,Ireland
A,PC_EU27_2020_MPPS_CP,NLPR_HW,IE,2017,175.3,Ireland
A,PC_EU27_2020_MPPS_CP,NLPR_HW,IE,2018,177.8,Ireland
A,PC_EU27_2020_MPPS_CP,NLPR_HW,IE,2019,174.5,Ireland
A,PC_EU27_2020_MPPS_CP,NLPR_HW,IE,2020,196.5,Ireland
A,PC_EU27_2020_MPPS_CP,NLPR_HW,IE,2021,214.9,Ireland
A,PC_EU27_2020_MPPS_CP,NLPR_HW,IE,2022,219.0,Ireland
A,PC_EU27_2020_MPPS_CP,NLPR_HW,IE,2023,200.4,Ireland
A,PC_EU27_2020_MPPS_CP,NLPR_HW,IE,2024,205.1,Ireland
A,PC_EU27_2020_MPPS_CP,NLPR_HW,IT,2000,125.0,Italy
A,PC_EU27_2020_MPPS_CP,NLPR_HW,IT,2001,121.8,Italy
A,PC_EU27_2020_MPPS_CP,NLPR_HW,IT,2002,117.4,Italy
A,PC_EU27_2020_MPPS_CP,NLPR_HW,IT,2003,115.9,Italy
A,PC_EU27_2020_MPPS_CP,NLPR_HW,IT,2004,112.7,Italy
A,PC_EU27_2020_MPPS_CP,NLPR_HW,IT,2005,111.4,Italy
A,PC_EU27_2020_MPPS_CP,NLPR_HW,IT,2006,110.2,Italy
A,PC_EU27_2020_MPPS_CP,NLPR_HW,IT,2007,109.6,Italy
A,PC_EU27_2020_MPPS_CP,NLPR_HW,IT,2008,110.6,Italy
A,PC_EU27_2020_MPPS_CP,NLPR_HW,IT,2009,110.6,Italy
A,PC_EU27_2020_MPPS_CP,NLPR_HW,IT,2010,108.7,Italy
A,PC_EU27_2020_MPPS_CP,NLPR_HW,IT,2011,108.2,Italy
A,PC_EU27_2020_MPPS_CP,NLPR_HW,IT,2012,108.0,Italy
A,PC_EU27_2020_MPPS_CP,NLPR_HW,IT,2013,106.9,Italy
A,PC_EU27_2020_MPPS_CP,NLPR_HW,IT,2014,105.3,Italy
A,PC_EU27_2020_MPPS_CP,NLPR_HW,IT,2015,103.8,Italy
A,PC_EU27_2020_MPPS_CP,NLPR_HW,IT,2016,105.5,Italy
A,PC_EU27_2020_MPPS_CP,NLPR_HW,IT,2017,103.9,Italy
A,PC_EU27_2020_MPPS_CP,NLPR_HW,IT,2018,102.7,Italy
A,PC_EU27_2020_MPPS_CP,NLPR_HW,IT,2019,102.5,Italy
A,PC_EU27_2020_MPPS_CP,NLPR_HW,IT,2020,104.8,Italy
A,PC_EU27_2020_MPPS_CP,NLPR_HW,IT,2021,102.8,Italy
A,PC_EU27_2020_MPPS_CP,NLPR_HW,IT,2022,103.2,Italy
A,PC_EU27_2020_MPPS_CP,NLPR_HW,IT,2023,101.2,Italy
A,PC_EU27_2020_MPPS_CP,NLPR_HW,IT,2024,99.0,Italy
A,PC_EU27_2020_MPPS_CP,NLPR_HW,LT,2000,38.0,Lithuania
A,PC_EU27_2020_MPPS_CP,NLPR_HW,LT,2001,42.0,Lithuania
A,PC_EU27_2020_MPPS_CP,NLPR_HW,LT,2002,43.0,Lithuania
A,PC_EU27_2020_MPPS_CP,NLPR_HW,LT,2003,47.2,Lithuania
A,PC_EU27_2020_MPPS_CP,NLPR_HW,LT,2004,46.7,Lithuania
A,PC_EU27_2020_MPPS_CP,NLPR_HW,LT,2005,48.8,Lithuania
A,PC_EU27_2020_MPPS_CP,NLPR_HW,LT,2006,51.2,Lithuania
A,PC_EU27_2020_MPPS_CP,NLPR_HW,LT,2007,54.2,Lithuania
A,PC_EU27_2020_MPPS_CP,NLPR_HW,LT,2008,55.7,Lithuania
A,PC_EU27_2020_MPPS_CP,NLPR_HW,LT,2009,53.4,Lithuania
A,PC_EU27_2020_MPPS_CP,NLPR_HW,LT,2010,56.9,Lithuania
A,PC_EU27_2020_MPPS_CP,NLPR_HW,LT,2011,61.3,Lithuania
A,PC_EU27_2020_MPPS_CP,NLPR_HW,LT,2012,62.6,Lithuania
A,PC_EU27_2020_MPPS_CP,NLPR_HW,LT,2013,63.9,Lithuania
A,PC_EU27_2020_MPPS_CP,NLPR_HW,LT,2014,64.4,Lithuania
A,PC_EU27_2020_MPPS_CP,NLPR_HW,LT,2015,62.4,Lithuania
A,PC_EU27_2020_MPPS_CP,NLPR_HW,LT,2016,60.7,Lithuania
A,PC_EU27_2020_MPPS_CP,NLPR_HW,LT,2017,64.7,Lithuania
A,PC_EU27_2020_MPPS_CP,NLPR_HW,LT,2018,66.1,Lithuania
A,PC_EU27_2020_MPPS_CP,NLPR_HW,LT,2019,68.2,Lithuania
A,PC_EU27_2020_MPPS_CP,NLPR_HW,LT,2020,70.0,Lithuania
A,PC_EU27_2020_MPPS_CP,NLPR_HW,LT,2021,73.3,Lithuania
A,PC_EU27_2020_MPPS_CP,NLPR_HW,LT,2022,70.7,Lithuania
A,PC_EU27_2020_MPPS_CP,NLPR_HW,LT,2023,70.0,Lithuania
A,PC_EU27_2020_MPPS_CP,NLPR_HW,LT,2024,70.2,Lithuania
A,PC_EU27_2020_MPPS_CP,NLPR_HW,LU,2000,191.4,Luxembourg
A,PC_EU27_2020_MPPS_CP,NLPR_HW,LU,2001,179.0,Luxembourg
A,PC_EU27_2020_MPPS_CP,NLPR_HW,LU,2002,174.5,Luxembourg
A,PC_EU27_2020_MPPS_CP,NLPR_HW,LU,2003,173.5,Luxembourg
A,PC_EU27_2020_MPPS_CP,NLPR_HW,LU,2004,177.4,Luxembourg
A,PC_EU27_2020_MPPS_CP,NLPR_HW,LU,2005,182.6,Luxembourg
A,PC_EU27_2020_MPPS_CP,NLPR_HW,LU,2006,191.2,Luxembourg
A,PC_EU27_2020_MPPS_CP,NLPR_HW,LU,2007,190.2,Luxembourg
A,PC_EU27_2020_MPPS_CP,NLPR_HW,LU,2008,189.8,Luxembourg
A,PC_EU27_2020_MPPS_CP,NLPR_HW,LU,2009,187.6,Luxembourg
A,PC_EU27_2020_MPPS_CP,NLPR_HW,LU,2010,186.8,Luxembourg
A,PC_EU27_2020_MPPS_CP,NLPR_HW,LU,2011,185.2,Luxembourg
A,PC_EU27_2020_MPPS_CP,NLPR_HW,LU,2012,185.1,Luxembourg
A,PC_EU27_2020_MPPS_CP,NLPR_HW,LU,2013,187.0,Luxembourg
A,PC_EU27_2020_MPPS_CP,NLPR_HW,LU,2014,190.1,Luxembourg
A,PC_EU27_2020_MPPS_CP,NLPR_HW,LU,2015,188.7,Luxembourg
A,PC_EU27_2020_MPPS_CP,NLPR_HW,LU,2016,188.2,Luxembourg
A,PC_EU27_2020_MPPS_CP,NLPR_HW,LU,2017,182.4,Luxembourg
A,PC_EU27_2020_MPPS_CP,NLPR_HW,LU,2018,177.2,Luxembourg
A,PC_EU27_2020_MPPS_CP,NLPR_HW,LU,2019,170.4,Luxembourg
A,PC_EU27_2020_MPPS_CP,NLPR_HW,LU,2020,175.4,Luxembourg
A,PC_EU27_2020_MPPS_CP,NLPR_HW,LU,2021,176.8,Luxembourg
A,PC_EU27_2020_MPPS_CP,NLPR_HW,LU,2022,171.7,Luxembourg
A,PC_EU27_2020_MPPS_CP,NLPR_HW,LU,2023,171.9,Luxembourg
A,PC_EU27_2020_MPPS_CP,NLPR_HW,LU,2024,171.4,Luxembourg
A,PC_EU27_2020_MPPS_CP,NLPR_HW,LV,2000,31.8,Latvia
A,PC_EU27_2020_MPPS_CP,NLPR_HW,LV,2001,33.1,Latvia
A,PC_EU27_2020_MPPS_CP,NLPR_HW,LV,2002,34.2,Latvia
A,PC_EU27_2020_MPPS_CP,NLPR_HW,LV,2003,35.6,Latvia
A,PC_EU27_2020_MPPS_CP,NLPR_HW,LV,2004,38.2,Latvia
A,PC_EU27_2020_MPPS_CP,NLPR_HW,LV,2005,40.2,Latvia
A,PC_EU27_2020_MPPS_CP,NLPR_HW,LV,2006,39.9,Latvia
A,PC_EU27_2020_MPPS_CP,NLPR_HW,LV,2007,42.7,Latvia
A,PC_EU27_2020_MPPS_CP,NLPR_HW,LV,2008,45.3,Latvia
A,PC_EU27_2020_MPPS_CP,NLPR_HW,LV,2009,46.7,Latvia
A,PC_EU27_2020_MPPS_CP,NLPR_HW,LV,2010,49.6,Latvia
A,PC_EU27_2020_MPPS_CP,NLPR_HW,LV,2011,48.7,Latvia
A,PC_EU27_2020_MPPS_CP,NLPR_HW,LV,2012,51.3,Latvia
A,PC_EU27_2020_MPPS_CP,NLPR_HW,LV,2013,50.8,Latvia
A,PC_EU27_2020_MPPS_CP,NLPR_HW,LV,2014,52.2,Latvia
A,PC_EU27_2020_MPPS_CP,NLPR_HW,LV,2015,53.4,Latvia
A,PC_EU27_2020_MPPS_CP,NLPR_HW,LV,2016,54.2,Latvia
A,PC_EU27_2020_MPPS_CP,NLPR_HW,LV,2017,55.7,Latvia
A,PC_EU27_2020_MPPS_CP,NLPR_HW,LV,2018,56.1,Latvia
A,PC_EU27_2020_MPPS_CP,NLPR_HW,LV,2019,55.1,Latvia
A,PC_EU27_2020_MPPS_CP,NLPR_HW,LV,2020,56.4,Latvia
A,PC_EU27_2020_MPPS_CP,NLPR_HW,LV,2021,60.9,Latvia
A,PC_EU27_2020_MPPS_CP,NLPR_HW,LV,2022,59.5,Latvia
A,PC_EU27_2020_MPPS_CP,NLPR_HW,LV,2023,60.4,Latvia
A,PC_EU27_2020_MPPS_CP,NLPR_HW,LV,2024,60.0,Latvia
A,PC_EU27_2020_MPPS_CP,NLPR_HW,MT,2000,73.0,Malta
A,PC_EU27_2020_MPPS_CP,NLPR_HW,MT,2001,71.0,Malta
A,PC_EU27_2020_MPPS_CP,NLPR_HW,MT,2002,71.4,Malta
A,PC_EU27_2020_MPPS_CP,NLPR_HW,MT,2003,74.5,Malta
A,PC_EU27_2020_MPPS_CP,NLPR_HW,MT,2004,77.2,Malta
A,PC_EU27_2020_MPPS_CP,NLPR_HW,MT,2005,76.7,Malta
A,PC_EU27_2020_MPPS_CP,NLPR_HW,MT,2006,73.5,Malta
A,PC_EU27_2020_MPPS_CP,NLPR_HW,MT,2007,73.4,Malta
A,PC_EU27_2020_MPPS_CP,NLPR_HW,MT,2008,73.6,Malta
A,PC_EU27_2020_MPPS_CP,NLPR_HW,MT,2009,73.3,Malta
A,PC_EU27_2020_MPPS_CP,NLPR_HW,MT,2010,77.1,Malta
A,PC_EU27_2020_MPPS_CP,NLPR_HW,MT,2011,75.4,Malta
A,PC_EU27_2020_MPPS_CP,NLPR_HW,MT,2012,76.7,Malta
A,PC_EU27_2020_MPPS_CP,NLPR_HW,MT,2013,77.4,Malta
A,PC_EU27_2020_MPPS_CP,NLPR_HW,MT,2014,79.7,Malta
A,PC_EU27_2020_MPPS_CP,NLPR_HW,MT,2015,83.7,Malta
A,PC_EU27_2020_MPPS_CP,NLPR_HW,MT,2016,80.4,Malta
A,PC_EU27_2020_MPPS_CP,NLPR_HW,MT,2017,85.0,Malta
A,PC_EU27_2020_MPPS_CP,NLPR_HW,MT,2018,82.7,Malta
A,PC_EU27_2020_MPPS_CP,NLPR_HW,MT,2019,78.6,Malta
A,PC_EU27_2020_MPPS_CP,NLPR_HW,MT,2020,78.1,Malta
A,PC_EU27_2020_MPPS_CP,NLPR_HW,MT,2021,83.7,Malta
A,PC_EU27_2020_MPPS_CP,NLPR_HW,MT,2022,79.3,Malta
A,PC_EU27_2020_MPPS_CP,NLPR_HW,MT,2023,82.0,Malta
A,PC_EU27_2020_MPPS_CP,NLPR_HW,MT,2024,82.2,Malta
A,PC_EU27_2020_MPPS_CP,NLPR_HW,NL,2000,141.4,Netherlands
A,PC_EU27_2020_MPPS_CP,NLPR_HW,NL,2001,139.7,Netherlands
A,PC_EU27_2020_MPPS_CP,NLPR_HW,NL,2002,139.1,Netherlands
A,PC_EU27_2020_MPPS_CP,NLPR_HW,NL,2003,136.7,Netherlands
A,PC_EU27_2020_MPPS_CP,NLPR_HW,NL,2004,137.6,Netherlands
A,PC_EU27_2020_MPPS_CP,NLPR_HW,NL,2005,140.6,Netherlands
A,PC_EU27_2020_MPPS_CP,NLPR_HW,NL,2006,140.8,Netherlands
A,PC_EU27_2020_MPPS_CP,NLPR_HW,NL,2007,140.6,Netherlands
A,PC_EU27_2020_MPPS_CP,NLPR_HW,NL,2008,141.0,Netherlands
A,PC_EU27_2020_MPPS_CP,NLPR_HW,NL,2009,136.4,Netherlands
A,PC_EU27_2020_MPPS_CP,NLPR_HW,NL,2010,133.5,Netherlands
A,PC_EU27_2020_MPPS_CP,NLPR_HW,NL,2011,131.6,Netherlands
A,PC_EU27_2020_MPPS_CP,NLPR_HW,NL,2012,131.5,Netherlands
A,PC_EU27_2020_MPPS_CP,NLPR_HW,NL,2013,132.7,Netherlands
A,PC_EU27_2020_MPPS_CP,NLPR_HW,NL,2014,129.9,Netherlands
A,PC_EU27_2020_MPPS_CP,NLPR_HW,NL,2015,129.4,Netherlands
A,PC_EU27_2020_MPPS_CP,NLPR_HW,NL,2016,126.6,Netherlands
A,PC_EU27_2020_MPPS_CP,NLPR_HW,NL,2017,125.8,Netherlands
A,PC_EU27_2020_MPPS_CP,NLPR_HW,NL,2018,125.0,Netherlands
A,PC_EU27_2020_MPPS_CP,NLPR_HW,NL,2019,121.5,Netherlands
A,PC_EU27_2020_MPPS_CP,NLPR_HW,NL,2020,122.0,Netherlands
A,PC_EU27_2020_MPPS_CP,NLPR_HW,NL,2021,124.4,Netherlands
A,PC_EU27_2020_MPPS_CP,NLPR_HW,NL,2022,126.6,Netherlands
A,PC_EU27_2020_MPPS_CP,NLPR_HW,NL,2023,123.9,Netherlands
A,PC_EU27_2020_MPPS_CP,NLPR_HW,NL,2024,125.3,Netherlands
A,PC_EU27_2020_MPPS_CP,NLPR_HW,PL,2000,45.7,Poland
A,PC_EU27_2020_MPPS_CP,NLPR_HW,PL,2001,46.4,Poland
A,PC_EU27_2020_MPPS_CP,NLPR_HW,PL,2002,48.1,Poland
A,PC_EU27_2020_MPPS_CP,NLPR_HW,PL,2003,49.2,Poland
A,PC_EU27_2020_MPPS_CP,NLPR_HW,PL,2004,50.8,Poland
A,PC_EU27_2020_MPPS_CP,NLPR_HW,PL,2005,50.0,Poland
A,PC_EU27_2020_MPPS_CP,NLPR_HW,PL,2006,49.3,Poland
A,PC_EU27_2020_MPPS_CP,NLPR_HW,PL,2007,50.0,Poland
A,PC_EU27_2020_MPPS_CP,NLPR_HW,PL,2008,50.7,Poland
A,PC_EU27_2020_MPPS_CP,NLPR_HW,PL,2009,52.7,Poland
A,PC_EU27_2020_MPPS_CP,NLPR_HW,PL,2010,56.5,Poland
A,PC_EU27_2020_MPPS_CP,NLPR_HW,PL,2011,58.4,Poland
A,PC_EU27_2020_MPPS_CP,NLPR_HW,PL,2012,59.2,Poland
A,PC_EU27_2020_MPPS_CP,NLPR_HW,PL,2013,58.5,Poland
A,PC_EU27_2020_MPPS_CP,NLPR_HW,PL,2014,58.4,Poland
A,PC_EU27_2020_MPPS_CP,NLPR_HW,PL,2015,59.3,Poland
A,PC_EU27_2020_MPPS_CP,NLPR_HW,PL,2016,58.9,Poland
A,PC_EU27_2020_MPPS_CP,NLPR_HW,PL,2017,60.0,Poland
A,PC_EU27_2020_MPPS_CP,NLPR_HW,PL,2018,62.7,Poland
A,PC_EU27_2020_MPPS_CP,NLPR_HW,PL,2019,63.1,Poland
A,PC_EU27_2020_MPPS_CP,NLPR_HW,PL,2020,61.9,Poland
A,PC_EU27_2020_MPPS_CP,NLPR_HW,PL,2021,61.9,Poland
A,PC_EU27_2020_MPPS_CP,NLPR_HW,PL,2022,63.7,Poland
A,PC_EU27_2020_MPPS_CP,NLPR_HW,PL,2023,63.5,Poland
A,PC_EU27_2020_MPPS_CP,NLPR_HW,PL,2024,66.3,Poland
A,PC_EU27_2020_MPPS_CP,NLPR_HW,PT,2000,67.6,Portugal
A,PC_EU27_2020_MPPS_CP,NLPR_HW,PT,2001,66.5,Portugal
A,PC_EU27_2020_MPPS_CP,NLPR_HW,PT,2002,66.0,Portugal
A,PC_EU27_2020_MPPS_CP,NLPR_HW,PT,2003,67.0,Portugal
A,PC_EU27_2020_MPPS_CP,NLPR_HW,PT,2004,66.7,Portugal
A,PC_EU27_2020_MPPS_CP,NLPR_HW,PT,2005,68.6,Portugal
A,PC_EU27_2020_MPPS_CP,NLPR_HW,PT,2006,69.8,Portugal
A,PC_EU27_2020_MPPS_CP,NLPR_HW,PT,2007,69.1,Portugal
A,PC_EU27_2020_MPPS_CP,NLPR_HW,PT,2008,69.1,Portugal
A,PC_EU27_2020_MPPS_CP,NLPR_HW,PT,2009,69.5,Portugal
A,PC_EU27_2020_MPPS_CP,NLPR_HW,PT,2010,69.7,Portugal
A,PC_EU27_2020_MPPS_CP,NLPR_HW,PT,2011,67.4,Portugal
A,PC_EU27_2020_MPPS_CP,NLPR_HW,PT,2012,68.1,Portugal
A,PC_EU27_2020_MPPS_CP,NLPR_HW,PT,2013,70.1,Portugal
A,PC_EU27_2020_MPPS_CP,NLPR_HW,PT,2014,68.9,Portugal
A,PC_EU27_2020_MPPS_CP,NLPR_HW,PT,2015,67.6,Portugal
A,PC_EU27_2020_MPPS_CP,NLPR_HW,PT,2016,67.3,Portugal
A,PC_EU27_2020_MPPS_CP,NLPR_HW,PT,2017,65.5,Portugal
A,PC_EU27_2020_MPPS_CP,NLPR_HW,PT,2018,64.9,Portugal
A,PC_EU27_2020_MPPS_CP,NLPR_HW,PT,2019,65.2,Portugal
A,PC_EU27_2020_MPPS_CP,NLPR_HW,PT,2020,64.3,Portugal
A,PC_EU27_2020_MPPS_CP,NLPR_HW,PT,2021,64.5,Portugal
A,PC_EU27_2020_MPPS_CP,NLPR_HW,PT,2022,65.3,Portugal
A,PC_EU27_2020_MPPS_CP,NLPR_HW,PT,2023,66.7,Portugal
A,PC_EU27_2020_MPPS_CP,NLPR_HW,PT,2024,68.4,Portugal
A,PC_EU27_2020_MPPS_CP,NLPR_HW,RO,2000,22.2,Romania
A,PC_EU27_2020_MPPS_CP,NLPR_HW,RO,2001,23.5,Romania
A,PC_EU27_2020_MPPS_CP,NLPR_HW,RO,2002,26.5,Romania
A,PC_EU27_2020_MPPS_CP,NLPR_HW,RO,2003,27.5,Romania
A,PC_EU27_2020_MPPS_CP,NLPR_HW,RO,2004,31.6,Romania
A,PC_EU27_2020_MPPS_CP,NLPR_HW,RO,2005,32.7,Romania
A,PC_EU27_2020_MPPS_CP,NLPR_HW,RO,2006,36.6,Romania
A,PC_EU27_2020_MPPS_CP,NLPR_HW,RO,2007,40.2,Romania
A,PC_EU27_2020_MPPS_CP,NLPR_HW,RO,2008,47.3,Romania
A,PC_EU27_2020_MPPS_CP,NLPR_HW,RO,2009,48.0,Romania
A,PC_EU27_2020_MPPS_CP,NLPR_HW,RO,2010,48.7,Romania
A,PC_EU27_2020_MPPS_CP,NLPR_HW,RO,2011,51.1,Romania
A,PC_EU27_2020_MPPS_CP,NLPR_HW,RO,2012,52.5,Romania
A,PC_EU27_2020_MPPS_CP,NLPR_HW,RO,2013,50.3,Romania
A,PC_EU27_2020_MPPS_CP,NLPR_HW,RO,2014,51.4,Romania
A,PC_EU27_2020_MPPS_CP,NLPR_HW,RO,2015,53.2,Romania
A,PC_EU27_2020_MPPS_CP,NLPR_HW,RO,2016,55.8,Romania
A,PC_EU27_2020_MPPS_CP,NLPR_HW,RO,2017,59.4,Romania
A,PC_EU27_2020_MPPS_CP,NLPR_HW,RO,2018,62.1,Romania
A,PC_EU27_2020_MPPS_CP,NLPR_HW,RO,2019,65.1,Romania
A,PC_EU27_2020_MPPS_CP,NLPR_HW,RO,2020,66.0,Romania
A,PC_EU27_2020_MPPS_CP,NLPR_HW,RO,2021,66.7,Romania
A,PC_EU27_2020_MPPS_CP,NLPR_HW,RO,2022,68.1,Romania
A,PC_EU27_2020_MPPS_CP,NLPR_HW,RO,2023,73.1,Romania
A,PC_EU27_2020_MPPS_CP,NLPR_HW,RO,2024,72.8,Romania
A,PC_EU27_2020_MPPS_CP,NLPR_HW,SE,2000,124.1,Sweden
A,PC_EU27_2020_MPPS_CP,NLPR_HW,SE,2001,118.9,Sweden
A,PC_EU27_2020_MPPS_CP,NLPR_HW,SE,2002,118.6,Sweden
A,PC_EU27_2020_MPPS_CP,NLPR_HW,SE,2003,120.6,Sweden
A,PC_EU27_2020_MPPS_CP,NLPR_HW,SE,2004,122.5,Sweden
A,PC_EU27_2020_MPPS_CP,NLPR_HW,SE,2005,120.4,Sweden
A,PC_EU27_2020_MPPS_CP,NLPR_HW,SE,2006,122.4,Sweden
A,PC_EU27_2020_MPPS_CP,NLPR_HW,SE,2007,123.8,Sweden
A,PC_EU27_2020_MPPS_CP,NLPR_HW,SE,2008,121.4,Sweden
A,PC_EU27_2020_MPPS_CP,NLPR_HW,SE,2009,118.8,Sweden
A,PC_EU27_2020_MPPS_CP,NLPR_HW,SE,2010,117.6,Sweden
A,PC_EU27_2020_MPPS_CP,NLPR_HW,SE,2011,116.6,Sweden
A,PC_EU27_2020_MPPS_CP,NLPR_HW,SE,2012,116.8,Sweden
A,PC_EU27_2020_MPPS_CP,NLPR_HW,SE,2013,114.5,Sweden
A,PC_EU27_2020_MPPS_CP,NLPR_HW,SE,2014,113.3,Sweden
A,PC_EU27_2020_MPPS_CP,NLPR_HW,SE,2015,114.5,Sweden
A,PC_EU27_2020_MPPS_CP,NLPR_HW,SE,2016,111.0,Sweden
A,PC_EU27_2020_MPPS_CP,NLPR_HW,SE,2017,108.6,Sweden
A,PC_EU27_2020_MPPS_CP,NLPR_HW,SE,2018,107.7,Sweden
A,PC_EU27_2020_MPPS_CP,NLPR_HW,SE,2019,109.7,Sweden
A,PC_EU27_2020_MPPS_CP,NLPR_HW,SE,2020,109.6,Sweden
A,PC_EU27_2020_MPPS_CP,NLPR_HW,SE,2021,112.9,Sweden
A,PC_EU27_2020_MPPS_CP,NLPR_HW,SE,2022,107.6,Sweden
A,PC_EU27_2020_MPPS_CP,NLPR_HW,SE,2023,105.7,Sweden
A,PC_EU27_2020_MPPS_CP,NLPR_HW,SE,2024,108.4,Sweden
A,PC_EU27_2020_MPPS_CP,NLPR_HW,SI,2000,76.7,Slovenia
A,PC_EU27_2020_MPPS_CP,NLPR_HW,SI,2001,76.9,Slovenia
A,PC_EU27_2020_MPPS_CP,NLPR_HW,SI,2002,75.6,Slovenia
A,PC_EU27_2020_MPPS_CP,NLPR_HW,SI,2003,77.2,Slovenia
A,PC_EU27_2020_MPPS_CP,NLPR_HW,SI,2004,79.0,Slovenia
A,PC_EU27_2020_MPPS_CP,NLPR_HW,SI,2005,82.6,Slovenia
A,PC_EU27_2020_MPPS_CP,NLPR_HW,SI,2006,83.6,Slovenia
A,PC_EU27_2020_MPPS_CP,NLPR_HW,SI,2007,84.2,Slovenia
A,PC_EU27_2020_MPPS_CP,NLPR_HW,SI,2008,83.8,Slovenia
A,PC_EU27_2020_MPPS_CP,NLPR_HW,SI,2009,78.0,Slovenia
A,PC_EU27_2020_MPPS_CP,NLPR_HW,SI,2010,77.7,Slovenia
A,PC_EU27_2020_MPPS_CP,NLPR_HW,SI,2011,79.5,Slovenia
A,PC_EU27_2020_MPPS_CP,NLPR_HW,SI,2012,79.3,Slovenia
A,PC_EU27_2020_MPPS_CP,NLPR_HW,SI,2013,78.4,Slovenia
A,PC_EU27_2020_MPPS_CP,NLPR_HW,SI,2014,78.0,Slovenia
A,PC_EU27_2020_MPPS_CP,NLPR_HW,SI,2015,76.8,Slovenia
A,PC_EU27_2020_MPPS_CP,NLPR_HW,SI,2016,78.9,Slovenia
A,PC_EU27_2020_MPPS_CP,NLPR_HW,SI,2017,80.8,Slovenia
A,PC_EU27_2020_MPPS_CP,NLPR_HW,SI,2018,82.0,Slovenia
A,PC_EU27_2020_MPPS_CP,NLPR_HW,SI,2019,82.8,Slovenia
A,PC_EU27_2020_MPPS_CP,NLPR_HW,SI,2020,82.3,Slovenia
A,PC_EU27_2020_MPPS_CP,NLPR_HW,SI,2021,83.5,Slovenia
A,PC_EU27_2020_MPPS_CP,NLPR_HW,SI,2022,83.7,Slovenia
A,PC_EU27_2020_MPPS_CP,NLPR_HW,SI,2023,86.5,Slovenia
A,PC_EU27_2020_MPPS_CP,NLPR_HW,SI,2024,84.1,Slovenia
A,PC_EU27_2020_MPPS_CP,NLPR_HW,SK,2000,56.2,Slovakia
A,PC_EU27_2020_MPPS_CP,NLPR_HW,SK,2001,58.2,Slovakia
A,PC_EU27_2020_MPPS_CP,NLPR_HW,SK,2002,60.8,Slovakia
A,PC_EU27_2020_MPPS_CP,NLPR_HW,SK,2003,64.1,Slovakia
A,PC_EU27_2020_MPPS_CP,NLPR_HW,SK,2004,64.7,Slovakia
A,PC_EU27_2020_MPPS_CP,NLPR_HW,SK,2005,66.2,Slovakia
A,PC_EU27_2020_MPPS_CP,NLPR_HW,SK,2006,68.9,Slovakia
A,PC_EU27_2020_MPPS_CP,NLPR_HW,SK,2007,71.8,Slovakia
A,PC_EU27_2020_MPPS_CP,NLPR_HW,SK,2008,74.6,Slovakia
A,PC_EU27_2020_MPPS_CP,NLPR_HW,SK,2009,73.5,Slovakia
A,PC_EU27_2020_MPPS_CP,NLPR_HW,SK,2010,77.8,Slovakia
A,PC_EU27_2020_MPPS_CP,NLPR_HW,SK,2011,75.9,Slovakia
A,PC_EU27_2020_MPPS_CP,NLPR_HW,SK,2012,76.4,Slovakia
A,PC_EU27_2020_MPPS_CP,NLPR_HW,SK,2013,77.5,Slovakia
A,PC_EU27_2020_MPPS_CP,NLPR_HW,SK,2014,78.2,Slovakia
A,PC_EU27_2020_MPPS_CP,NLPR_HW,SK,2015,77.8,Slovakia
A,PC_EU27_2020_MPPS_CP,NLPR_HW,SK,2016,72.6,Slovakia
A,PC_EU27_2020_MPPS_CP,NLPR_HW,SK,2017,70.1,Slovakia
A,PC_EU27_2020_MPPS_CP,NLPR_HW,SK,2018,69.7,Slovakia
A,PC_EU27_2020_MPPS_CP,NLPR_HW,SK,2019,70.2,Slovakia
A,PC_EU27_2020_MPPS_CP,NLPR_HW,SK,2020,76.3,Slovakia
A,PC_EU27_2020_MPPS_CP,NLPR_HW,SK,2021,80.0,Slovakia
A,PC_EU27_2020_MPPS_CP,NLPR_HW,SK,2022,76.2,Slovakia
A,PC_EU27_2020_MPPS_CP,NLPR_HW,SK,2023,79.7,Slovakia
A,PC_EU27_2020_MPPS_CP,NLPR_HW,SK,2024,80.4,Slovakia
A,PPS_EU27_2020,D1_SAL_HW,AT,2000,17.7,Austria
A,PPS_EU27_2020,D1_SAL_HW,AT,2001,17.7,Austria
A,PPS_EU27_2020,D1_SAL_HW,AT,2002,18.4,Austria
A,PPS_EU27_2020,D1_SAL_HW,AT,2003,19.1,Austria
A,PPS_EU27_2020,D1_SAL_HW,AT,2004,19.5,Austria
A,PPS_EU27_2020,D1_SAL_HW,AT,2005,20.1,Austria
A,PPS_EU27_2020,D1_SAL_HW,AT,2006,20.7,Austria
A,PPS_EU27_2020,D1_SAL_HW,AT,2007,21.1,Austria
A,PPS_EU27_2020,D1_SAL_HW,AT,2008,21.7,Austria
A,PPS_EU27_2020,D1_SAL_HW,AT,2009,22.3,Austria
A,PPS_EU27_2020,D1_SAL_HW,AT,2010,22.6,Austria
A,PPS_EU27_2020,D1_SAL_HW,AT,2011,23.0,Austria
A,PPS_EU27_2020,D1_SAL_HW,AT,2012,24.1,Austria
A,PPS_EU27_2020,D1_SAL_HW,AT,2013,24.7,Austria
A,PPS_EU27_2020,D1_SAL_HW,AT,2014,25.0,Austria
A,PPS_EU27_2020,D1_SAL_HW,AT,2015,26.0,Austria
A,PPS_EU27_2020,D1_SAL_HW,AT,2016,26.2,Austria
A,PPS_EU27_2020,D1_SAL_HW,AT,2017,26.6,Austria
A,PPS_EU27_2020,D1_SAL_HW,AT,2018,27.3,Austria
A,PPS_EU27_2020,D1_SAL_HW,AT,2019,27.7,Austria
A,PPS_EU27_2020,D1_SAL_HW,AT,2020,30.4,Austria
A,PPS_EU27_2020,D1_SAL_HW,AT,2021,30.5,Austria
A,PPS_EU27_2020,D1_SAL_HW,AT,2022,32.4,Austria
A,PPS_EU27_2020,D1_SAL_HW,AT,2023,34.2,Austria
A,PPS_EU27_2020,D1_SAL_HW,AT,2024,36.5,Austria
A,PPS_EU27_2020,D1_SAL_HW,BE,2000,23.9,Belgium
A,PPS_EU27_2020,D1_SAL_HW,BE,2001,24.9,Belgium
A,PPS_EU27_2020,D1_SAL_HW,BE,2002,26.2,Belgium
A,PPS_EU27_2020,D1_SAL_HW,BE,2003,26.5,Belgium
A,PPS_EU27_2020,D1_SAL_HW,BE,2004,26.6,Belgium
A,PPS_EU27_2020,D1_SAL_HW,BE,2005,27.2,Belgium
A,PPS_EU27_2020,D1_SAL_HW,BE,2006,27.7,Belgium
A,PPS_EU27_2020,D1_SAL_HW,BE,2007,28.3,Belgium
A,PPS_EU27_2020,D1_SAL_HW,BE,2008,29.4,Belgium
A,PPS_EU27_2020,D1_SAL_HW,BE,2009,30.1,Belgium
A,PPS_EU27_2020,D1_SAL_HW,BE,2010,31.1,Belgium
A,PPS_EU27_2020,D1_SAL_HW,BE,2011,31.5,Belgium
A,PPS_EU27_2020,D1_SAL_HW,BE,2012,32.7,Belgium
A,PPS_EU27_2020,D1_SAL_HW,BE,2013,33.5,Belgium
A,PPS_EU27_2020,D1_SAL_HW,BE,2014,33.9,Belgium
A,PPS_EU27_2020,D1_SAL_HW,BE,2015,34.1,Belgium
A,PPS_EU27_2020,D1_SAL_HW,BE,2016,33.9,Belgium
A,PPS_EU27_2020,D1_SAL_HW,BE,2017,34.3,Belgium
A,PPS_EU27_2020,D1_SAL_HW,BE,2018,34.8,Belgium
A,PPS_EU27_2020,D1_SAL_HW,BE,2019,35.5,Belgium
A,PPS_EU27_2020,D1_SAL_HW,BE,2020,37.7,Belgium
A,PPS_EU27_2020,D1_SAL_HW,BE,2021,37.6,Belgium
A,PPS_EU27_2020,D1_SAL_HW,BE,2022,39.4,Belgium
A,PPS_EU27_2020,D1_SAL_HW,BE,2023,42.6,Belgium
A,PPS_EU27_2020,D1_SAL_HW,BE,2024,44.3,Belgium
A,PPS_EU27_2020,D1_SAL_HW,BG,2000,3.9,Bulgaria
A,PPS_EU27_2020,D1_SAL_HW,BG,2001,4.2,Bulgaria
A,PPS_EU27_2020,D1_SAL_HW,BG,2002,4.4,Bulgaria
A,PPS_EU27_2020,D1_SAL_HW,BG,2003,4.6,Bulgaria
A,PPS_EU27_2020,D1_SAL_HW,BG,2004,4.7,Bulgaria
A,PPS_EU27_2020,D1_SAL_HW,BG,2005,5.1,Bulgaria
A,PPS_EU27_2020,D1_SAL_HW,BG,2006,5.1,Bulgaria
A,PPS_EU27_2020,D1_SAL_HW,BG,2007,5.4,Bulgaria
A,PPS_EU27_2020,D1_SAL_HW,BG,2008,5.8,Bulgaria
A,PPS_EU27_2020,D1_SAL_HW,BG,2009,6.2,Bulgaria
A,PPS_EU27_2020,D1_SAL_HW,BG,2010,7.0,Bulgaria
A,PPS_EU27_2020,D1_SAL_HW,BG,2011,7.1,Bulgaria
A,PPS_EU27_2020,D1_SAL_HW,BG,2012,7.6,Bulgaria
A,PPS_EU27_2020,D1_SAL_HW,BG,2013,8.3,Bulgaria
A,PPS_EU27_2020,D1_SAL_HW,BG,2014,8.9,Bulgaria
A,PPS_EU27_2020,D1_SAL_HW,BG,2015,9.2,Bulgaria
A,PPS_EU27_2020,D1_SAL_HW,BG,2016,9.6,Bulgaria
A,PPS_EU27_2020,D1_SAL_HW,BG,2017,10.3,Bulgaria
A,PPS_EU27_2020,D1_SAL_HW,BG,2018,11.1,Bulgaria
A,PPS_EU27_2020,D1_SAL_HW,BG,2019,11.5,Bulgaria
A,PPS_EU27_2020,D1_SAL_HW,BG,2020,12.4,Bulgaria
A,PPS_EU27_2020,D1_SAL_HW,BG,2021,13.3,Bulgaria
A,PPS_EU27_2020,D1_SAL_HW,BG,2022,14.2,Bulgaria
A,PPS_EU27_2020,D1_SAL_HW,BG,2023,15.2,Bulgaria
A,PPS_EU27_2020,D1_SAL_HW,BG,2024,17.4,Bulgaria
A,PPS_EU27_2020,D1_SAL_HW,CY,2000,11.5,Cyprus
A,PPS_EU27_2020,D1_SAL_HW,CY,2001,11.9,Cyprus
A,PPS_EU27_2020,D1_SAL_HW,CY,2002,12.5,Cyprus
A,PPS_EU27_2020,D1_SAL_HW,CY,2003,13.1,Cyprus
A,PPS_EU27_2020,D1_SAL_HW,CY,2004,13.8,Cyprus
A,PPS_EU27_2020,D1_SAL_HW,CY,2005,15.2,Cyprus
A,PPS_EU27_2020,D1_SAL_HW,CY,2006,15.5,Cyprus
A,PPS_EU27_2020,D1_SAL_HW,CY,2007,15.6,Cyprus
A,PPS_EU27_2020,D1_SAL_HW,CY,2008,15.5,Cyprus
A,PPS_EU27_2020,D1_SAL_HW,CY,2009,16.4,Cyprus
A,PPS_EU27_2020,D1_SAL_HW,CY,2010,16.0,Cyprus
A,PPS_EU27_2020,D1_SAL_HW,CY,2011,16.1,Cyprus
A,PPS_EU27_2020,D1_SAL_HW,CY,2012,16.0,Cyprus
A,PPS_EU27_2020,D1_SAL_HW,CY,2013,15.5,Cyprus
A,PPS_EU27_2020,D1_SAL_HW,CY,2014,15.0,Cyprus
A,PPS_EU27_2020,D1_SAL_HW,CY,2015,15.1,Cyprus
A,PPS_EU27_2020,D1_SAL_HW,CY,2016,15.3,Cyprus
A,PPS_EU27_2020,D1_SAL_HW,CY,2017,15.7,Cyprus
A,PPS_EU27_2020,D1_SAL_HW,CY,2018,15.9,Cyprus
A,PPS_EU27_2020,D1_SAL_HW,CY,2019,16.7,Cyprus
A,PPS_EU27_2020,D1_SAL_HW,CY,2020,17.6,Cyprus
A,PPS_EU27_2020,D1_SAL_HW,CY,2021,17.1,Cyprus
A,PPS_EU27_2020,D1_SAL_HW,CY,2022,18.2,Cyprus
A,PPS_EU27_2020,D1_SAL_HW,CY,2023,20.1,Cyprus
A,PPS_EU27_2020,D1_SAL_HW,CY,2024,20.8,Cyprus
A,PPS_EU27_2020,D1_SAL_HW,CZ,2000,7.3,Czechia
A,PPS_EU27_2020,D1_SAL_HW,CZ,2001,8.2,Czechia
A,PPS_EU27_2020,D1_SAL_HW,CZ,2002,8.8,Czechia
A,PPS_EU27_2020,D1_SAL_HW,CZ,2003,9.8,Czechia
A,PPS_EU27_2020,D1_SAL_HW,CZ,2004,10.2,Czechia
A,PPS_EU27_2020,D1_SAL_HW,CZ,2005,10.5,Czechia
A,PPS_EU27_2020,D1_SAL_HW,CZ,2006,10.9,Czechia
A,PPS_EU27_2020,D1_SAL_HW,CZ,2007,11.7,Czechia
A,PPS_EU27_2020,D1_SAL_HW,CZ,2008,12.2,Czechia
A,PPS_EU27_2020,D1_SAL_HW,CZ,2009,12.0,Czechia
A,PPS_EU27_2020,D1_SAL_HW,CZ,2010,12.3,Czechia
A,PPS_EU27_2020,D1_SAL_HW,CZ,2011,12.7,Czechia
A,PPS_EU27_2020,D1_SAL_HW,CZ,2012,12.9,Czechia
A,PPS_EU27_2020,D1_SAL_HW,CZ,2013,13.2,Czechia
A,PPS_EU27_2020,D1_SAL_HW,CZ,2014,13.5,Czechia
A,PPS_EU27_2020,D1_SAL_HW,CZ,2015,13.9,Czechia
A,PPS_EU27_2020,D1_SAL_HW,CZ,2016,14.3,Czechia
A,PPS_EU27_2020,D1_SAL_HW,CZ,2017,15.4,Czechia
A,PPS_EU27_2020,D1_SAL_HW,CZ,2018,16.4,Czechia
A,PPS_EU27_2020,D1_SAL_HW,CZ,2019,17.3,Czechia
A,PPS_EU27_2020,D1_SAL_HW,CZ,2020,18.7,Czechia
A,PPS_EU27_2020,D1_SAL_HW,CZ,2021,18.8,Czechia
A,PPS_EU27_2020,D1_SAL_HW,CZ,2022,19.0,Czechia
A,PPS_EU27_2020,D1_SAL_HW,CZ,2023,20.3,Czechia
A,PPS_EU27_2020,D1_SAL_HW,CZ,2024,20.8,Czechia
A,PPS_EU27_2020,D1_SAL_HW,DE,2000,20.2,Germany
A,PPS_EU27_2020,D1_SAL_HW,DE,2001,20.9,Germany
A,PPS_EU27_2020,D1_SAL_HW,DE,2002,21.4,Germany
A,PPS_EU27_2020,D1_SAL_HW,DE,2003,22.4,Germany
A,PPS_EU27_2020,D1_SAL_HW,DE,2004,22.9,Germany
A,PPS_EU27_2020,D1_SAL_HW,DE,2005,23.3,Germany
A,PPS_EU27_2020,D1_SAL_HW,DE,2006,23.1,Germany
A,PPS_EU27_2020,D1_SAL_HW,DE,2007,23.4,Germany
A,PPS_EU27_2020,D1_SAL_HW,DE,2008,24.1,Germany
A,PPS_EU27_2020,D1_SAL_HW,DE,2009,24.6,Germany
A,PPS_EU27_2020,D1_SAL_HW,DE,2010,25.1,Germany
A,PPS_EU27_2020,D1_SAL_HW,DE,2011,25.9,Germany
A,PPS_EU27_2020,D1_SAL_HW,DE,2012,26.8,Germany
A,PPS_EU27_2020,D1_SAL_HW,DE,2013,27.3,Germany
A,PPS_EU27_2020,D1_SAL_HW,DE,2014,28.0,Germany
A,PPS_EU27_2020,D1_SAL_HW,DE,2015,28.4,Germany
A,PPS_EU27_2020,D1_SAL_HW,DE,2016,29.1,Germany
A,PPS_EU27_2020,D1_SAL_HW,DE,2017,30.0,Germany
A,PPS_EU27_2020,D1_SAL_HW,DE,2018,31.1,Germany
A,PPS_EU27_2020,D1_SAL_HW,DE,2019,31.7,Germany
A,PPS_EU27_2020,D1_SAL_HW,DE,2020,32.9,Germany
A,PPS_EU27_2020,D1_SAL_HW,DE,2021,33.2,Germany
A,PPS_EU27_2020,D1_SAL_HW,DE,2022,34.2,Germany
A,PPS_EU27_2020,D1_SAL_HW,DE,2023,36.2,Germany
A,PPS_EU27_2020,D1_SAL_HW,DE,2024,38.1,Germany
A,PPS_EU27_2020,D1_SAL_HW,DK,2000,17.5,Denmark
A,PPS_EU27_2020,D1_SAL_HW,DK,2001,18.0,Denmark
A,PPS_EU27_2020,D1_SAL_HW,DK,2002,18.9,Denmark
A,PPS_EU27_2020,D1_SAL_HW,DK,2003,19.5,Denmark
A,PPS_EU27_2020,D1_SAL_HW,DK,2004,20.5,Denmark
A,PPS_EU27_2020,D1_SAL_HW,DK,2005,20.9,Denmark
A,PPS_EU27_2020,D1_SAL_HW,DK,2006,21.6,Denmark
A,PPS_EU27_2020,D1_SAL_HW,DK,2007,22.9,Denmark
A,PPS_EU27_2020,D1_SAL_HW,DK,2008,24.0,Denmark
A,PPS_EU27_2020,D1_SAL_HW,DK,2009,24.9,Denmark
A,PPS_EU27_2020,D1_SAL_HW,DK,2010,26.1,Denmark
A,PPS_EU27_2020,D1_SAL_HW,DK,2011,26.2,Denmark
A,PPS_EU27_2020,D1_SAL_HW,DK,2012,26.3,Denmark
A,PPS_EU27_2020,D1_SAL_HW,DK,2013,26.9,Denmark
A,PPS_EU27_2020,D1_SAL_HW,DK,2014,27.4,Denmark
A,PPS_EU27_2020,D1_SAL_HW,DK,2015,28.3,Denmark
A,PPS_EU27_2020,D1_SAL_HW,DK,2016,28.3,Denmark
A,PPS_EU27_2020,D1_SAL_HW,DK,2017,29.5,Denmark
A,PPS_EU27_2020,D1_SAL_HW,DK,2018,30.5,Denmark
A,PPS_EU27_2020,D1_SAL_HW,DK,2019,30.9,Denmark
A,PPS_EU27_2020,D1_SAL_HW,DK,2020,32.7,Denmark
A,PPS_EU27_2020,D1_SAL_HW,DK,2021,33.1,Denmark
A,PPS_EU27_2020,D1_SAL_HW,DK,2022,33.9,Denmark
A,PPS_EU27_2020,D1_SAL_HW,DK,2023,36.1,Denmark
A,PPS_EU27_2020,D1_SAL_HW,DK,2024,38.0,Denmark
A,PPS_EU27_2020,D1_SAL_HW,EE,2000,4.8,Estonia
A,PPS_EU27_2020,D1_SAL_HW,EE,2001,5.0,Estonia
A,PPS_EU27_2020,D1_SAL_HW,EE,2002,5.5,Estonia
A,PPS_EU27_2020,D1_SAL_HW,EE,2003,6.1,Estonia
A,PPS_EU27_2020,D1_SAL_HW,EE,2004,6.6,Estonia
A,PPS_EU27_2020,D1_SAL_HW,EE,2005,7.1,Estonia
A,PPS_EU27_2020,D1_SAL_HW,EE,2006,7.7,Estonia
A,PPS_EU27_2020,D1_SAL_HW,EE,2007,9.1,Estonia
A,PPS_EU27_2020,D1_SAL_HW,EE,2008,10.1,Estonia
A,PPS_EU27_2020,D1_SAL_HW,EE,2009,10.7,Estonia
A,PPS_EU27_2020,D1_SAL_HW,EE,2010,10.8,Estonia
A,PPS_EU27_2020,D1_SAL_HW,EE,2011,10.7,Estonia
A,PPS_EU27_2020,D1_SAL_HW,EE,2012,11.2,Estonia
A,PPS_EU27_2020,D1_SAL_HW,EE,2013,11.6,Estonia
A,PPS_EU27_2020,D1_SAL_HW,EE,2014,12.2,Estonia
A,PPS_EU27_2020,D1_SAL_HW,EE,2015,12.5,Estonia
A,PPS_EU27_2020,D1_SAL_HW,EE,2016,13.1,Estonia
A,PPS_EU27_2020,D1_SAL_HW,EE,2017,13.6,Estonia
A,PPS_EU27_2020,D1_SAL_HW,EE,2018,15.2,Estonia
A,PPS_EU27_2020,D1_SAL_HW,EE,2019,16.1,Estonia
A,PPS_EU27_2020,D1_SAL_HW,EE,2020,17.5,Estonia
A,PPS_EU27_2020,D1_SAL_HW,EE,2021,18.6,Estonia
A,PPS_EU27_2020,D1_SAL_HW,EE,2022,18.7,Estonia
A,PPS_EU27_2020,D1_SAL_HW,EE,2023,20.0,Estonia
A,PPS_EU27_2020,D1_SAL_HW,EE,2024,21.3,Estonia
A,PPS_EU27_2020,D1_SAL_HW,EL,2000,10.1,Greece
A,PPS_EU27_2020,D1_SAL_HW,EL,2001,10.6,Greece
A,PPS_EU27_2020,D1_SAL_HW,EL,2002,11.7,Greece
A,PPS_EU27_2020,D1_SAL_HW,EL,2003,12.3,Greece
A,PPS_EU27_2020,D1_SAL_HW,EL,2004,12.6,Greece
A,PPS_EU27_2020,D1_SAL_HW,EL,2005,12.9,Greece
A,PPS_EU27_2020,D1_SAL_HW,EL,2006,13.3,Greece
A,PPS_EU27_2020,D1_SAL_HW,EL,2007,13.3,Greece
A,PPS_EU27_2020,D1_SAL_HW,EL,2008,13.8,Greece
A,PPS_EU27_2020,D1_SAL_HW,EL,2009,14.0,Greece
A,PPS_EU27_2020,D1_SAL_HW,EL,2010,14.1,Greece
A,PPS_EU27_2020,D1_SAL_HW,EL,2011,13.5,Greece
A,PPS_EU27_2020,D1_SAL_HW,EL,2012,13.3,Greece
A,PPS_EU27_2020,D1_SAL_HW,EL,2013,12.9,Greece
A,PPS_EU27_2020,D1_SAL_HW,EL,2014,12.9,Greece
A,PPS_EU27_2020,D1_SAL_HW,EL,2015,12.9,Greece
A,PPS_EU27_2020,D1_SAL_HW,EL,2016,12.3,Greece
A,PPS_EU27_2020,D1_SAL_HW,EL,2017,12.6,Greece
A,PPS_EU27_2020,D1_SAL_HW,EL,2018,12.1,Greece
A,PPS_EU27_2020,D1_SAL_HW,EL,2019,12.3,Greece
A,PPS_EU27_2020,D1_SAL_HW,EL,2020,13.6,Greece
A,PPS_EU27_2020,D1_SAL_HW,EL,2021,13.1,Greece
A,PPS_EU27_2020,D1_SAL_HW,EL,2022,13.2,Greece
A,PPS_EU27_2020,D1_SAL_HW,EL,2023,13.5,Greece
A,PPS_EU27_2020,D1_SAL_HW,EL,2024,14.2,Greece
A,PPS_EU27_2020,D1_SAL_HW,ES,2000,15.0,Spain
A,PPS_EU27_2020,D1_SAL_HW,ES,2001,15.1,Spain
A,PPS_EU27_2020,D1_SAL_HW,ES,2002,15.6,Spain
A,PPS_EU27_2020,D1_SAL_HW,ES,2003,15.6,Spain
A,PPS_EU27_2020,D1_SAL_HW,ES,2004,16.0,Spain
A,PPS_EU27_2020,D1_SAL_HW,ES,2005,16.5,Spain
A,PPS_EU27_2020,D1_SAL_HW,ES,2006,17.5,Spain
A,PPS_EU27_2020,D1_SAL_HW,ES,2007,18.4,Spain
A,PPS_EU27_2020,D1_SAL_HW,ES,2008,19.4,Spain
A,PPS_EU27_2020,D1_SAL_HW,ES,2009,19.8,Spain
A,PPS_EU27_2020,D1_SAL_HW,ES,2010,19.9,Spain
A,PPS_EU27_2020,D1_SAL_HW,ES,2011,20.0,Spain
A,PPS_EU27_2020,D1_SAL_HW,ES,2012,20.3,Spain
A,PPS_EU27_2020,D1_SAL_HW,ES,2013,20.6,Spain
A,PPS_EU27_2020,D1_SAL_HW,ES,2014,20.9,Spain
A,PPS_EU27_2020,D1_SAL_HW,ES,2015,21.1,Spain
A,PPS_EU27_2020,D1_SAL_HW,ES,2016,21.0,Spain
A,PPS_EU27_2020,D1_SAL_HW,ES,2017,21.4,Spain
A,PPS_EU27_2020,D1_SAL_HW,ES,2018,21.4,Spain
A,PPS_EU27_2020,D1_SAL_HW,ES,2019,22.5,Spain
A,PPS_EU27_2020,D1_SAL_HW,ES,2020,23.4,Spain
A,PPS_EU27_2020,D1_SAL_HW,ES,2021,24.4,Spain
A,PPS_EU27_2020,D1_SAL_HW,ES,2022,25.6,Spain
A,PPS_EU27_2020,D1_SAL_HW,ES,2023,27.4,Spain
A,PPS_EU27_2020,D1_SAL_HW,ES,2024,28.6,Spain
A,PPS_EU27_2020,D1_SAL_HW,EU27_2020,2000,15.2,European Union - 27 countries (from 2020)
A,PPS_EU27_2020,D1_SAL_HW,EU27_2020,2001,15.8,European Union - 27 countries (from 2020)
A,PPS_EU27_2020,D1_SAL_HW,EU27_2020,2002,16.4,European Union - 27 countries (from 2020)
A,PPS_EU27_2020,D1_SAL_HW,EU27_2020,2003,16.8,European Union - 27 countries (from 2020)
A,PPS_EU27_2020,D1_SAL_HW,EU27_2020,2004,17.1,European Union - 27 countries (from 2020)
A,PPS_EU27_2020,D1_SAL_HW,EU27_2020,2005,17.6,European Union - 27 countries (from 2020)
A,PPS_EU27_2020,D1_SAL_HW,EU27_2020,2006,18.0,European Union - 27 countries (from 2020)
A,PPS_EU27_2020,D1_SAL_HW,EU27_2020,2007,18.5,European Union - 27 countries (from 2020)
A,PPS_EU27_2020,D1_SAL_HW,EU27_2020,2008,19.2,European Union - 27 countries (from 2020)
A,PPS_EU27_2020,D1_SAL_HW,EU27_2020,2009,19.6,European Union - 27 countries (from 2020)
A,PPS_EU27_2020,D1_SAL_HW,EU27_2020,2010,20.2,European Union - 27 countries (from 2020)
A,PPS_EU27_2020,D1_SAL_HW,EU27_2020,2011,20.7,European Union - 27 countries (from 2020)
A,PPS_EU27_2020,D1_SAL_HW,EU27_2020,2012,21.2,European Union - 27 countries (from 2020)
A,PPS_EU27_2020,D1_SAL_HW,EU27_2020,2013,21.7,European Union - 27 countries (from 2020)
A,PPS_EU27_2020,D1_SAL_HW,EU27_2020,2014,21.9,European Union - 27 countries (from 2020)
A,PPS_EU27_2020,D1_SAL_HW,EU27_2020,2015,22.2,European Union - 27 countries (from 2020)
A,PPS_EU27_2020,D1_SAL_HW,EU27_2020,2016,22.4,European Union - 27 countries (from 2020)
A,PPS_EU27_2020,D1_SAL_HW,EU27_2020,2017,23.0,European Union - 27 countries (from 2020)
A,PPS_EU27_2020,D1_SAL_HW,EU27_2020,2018,23.6,European Union - 27 countries (from 2020)
A,PPS_EU27_2020,D1_SAL_HW,EU27_2020,2019,24.2,European Union - 27 countries (from 2020)
A,PPS_EU27_2020,D1_SAL_HW,EU27_2020,2020,25.4,European Union - 27 countries (from 2020)
A,PPS_EU27_2020,D1_SAL_HW,EU27_2020,2021,25.6,European Union - 27 countries (from 2020)
A,PPS_EU27_2020,D1_SAL_HW,EU27_2020,2022,26.6,European Union - 27 countries (from 2020)
A,PPS_EU27_2020,D1_SAL_HW,EU27_2020,2023,28.2,European Union - 27 countries (from 2020)
A,PPS_EU27_2020,D1_SAL_HW,EU27_2020,2024,29.6,European Union - 27 countries (from 2020)
A,PPS_EU27_2020,D1_SAL_HW,FI,2000,16.4,Finland
A,PPS_EU27_2020,D1_SAL_HW,FI,2001,16.7,Finland
A,PPS_EU27_2020,D1_SAL_HW,FI,2002,16.9,Finland
A,PPS_EU27_2020,D1_SAL_HW,FI,2003,17.3,Finland
A,PPS_EU27_2020,D1_SAL_HW,FI,2004,18.3,Finland
A,PPS_EU27_2020,D1_SAL_HW,FI,2005,19.0,Finland
A,PPS_EU27_2020,D1_SAL_HW,FI,2006,19.6,Finland
A,PPS_EU27_2020,D1_SAL_HW,FI,2007,20.5,Finland
A,PPS_EU27_2020,D1_SAL_HW,FI,2008,21.6,Finland
A,PPS_EU27_2020,D1_SAL_HW,FI,2009,22.1,Finland
A,PPS_EU27_2020,D1_SAL_HW,FI,2010,22.6,Finland
A,PPS_EU27_2020,D1_SAL_HW,FI,2011,23.1,Finland
A,PPS_EU27_2020,D1_SAL_HW,FI,2012,23.4,Finland
A,PPS_EU27_2020,D1_SAL_HW,FI,2013,23.3,Finland
A,PPS_EU27_2020,D1_SAL_HW,FI,2014,23.4,Finland
A,PPS_EU27_2020,D1_SAL_HW,FI,2015,23.7,Finland
A,PPS_EU27_2020,D1_SAL_HW,FI,2016,23.8,Finland
A,PPS_EU27_2020,D1_SAL_HW,FI,2017,24.0,Finland
A,PPS_EU27_2020,D1_SAL_HW,FI,2018,24.3,Finland
A,PPS_EU27_2020,D1_SAL_HW,FI,2019,24.6,Finland
A,PPS_EU27_2020,D1_SAL_HW,FI,2020,25.1,Finland
A,PPS_EU27_2020,D1_SAL_HW,FI,2021,26.6,Finland
A,PPS_EU27_2020,D1_SAL_HW,FI,2022,27.2,Finland
A,PPS_EU27_2020,D1_SAL_HW,FI,2023,28.6,Finland
A,PPS_EU27_2020,D1_SAL_HW,FI,2024,29.8,Finland
A,PPS_EU27_2020,D1_SAL_HW,FR,2000,20.2,France
A,PPS_EU27_2020,D1_SAL_HW,FR,2001,21.3,France
A,PPS_EU27_2020,D1_SAL_HW,FR,2002,22.6,France
A,PPS_EU27_2020,D1_SAL_HW,FR,2003,22.5,France
A,PPS_EU27_2020,D1_SAL_HW,FR,2004,22.7,France
A,PPS_EU27_2020,D1_SAL_HW,FR,2005,23.9,France
A,PPS_EU27_2020,D1_SAL_HW,FR,2006,24.8,France
A,PPS_EU27_2020,D1_SAL_HW,FR,2007,24.9,France
A,PPS_EU27_2020,D1_SAL_HW,FR,2008,25.2,France
A,PPS_EU27_2020,D1_SAL_HW,FR,2009,25.7,France
A,PPS_EU27_2020,D1_SAL_HW,FR,2010,26.5,France
A,PPS_EU27_2020,D1_SAL_HW,FR,2011,27.1,France
A,PPS_EU27_2020,D1_SAL_HW,FR,2012,27.5,France
A,PPS_EU27_2020,D1_SAL_HW,FR,2013,28.8,France
A,PPS_EU27_2020,D1_SAL_HW,FR,2014,29.2,France
A,PPS_EU27_2020,D1_SAL_HW,FR,2015,29.6,France
A,PPS_EU27_2020,D1_SAL_HW,FR,2016,29.9,France
A,PPS_EU27_2020,D1_SAL_HW,FR,2017,30.8,France
A,PPS_EU27_2020,D1_SAL_HW,FR,2018,31.2,France
A,PPS_EU27_2020,D1_SAL_HW,FR,2019,31.9,France
A,PPS_EU27_2020,D1_SAL_HW,FR,2020,33.4,France
A,PPS_EU27_2020,D1_SAL_HW,FR,2021,32.5,France
A,PPS_EU27_2020,D1_SAL_HW,FR,2022,33.4,France
A,PPS_EU27_2020,D1_SAL_HW,FR,2023,35.4,France
A,PPS_EU27_2020,D1_SAL_HW,FR,2024,36.2,France
A,PPS_EU27_2020,D1_SAL_HW,HR,2000,8.8,Croatia
A,PPS_EU27_2020,D1_SAL_HW,HR,2001,8.7,Croatia
A,PPS_EU27_2020,D1_SAL_HW,HR,2002,9.6,Croatia
A,PPS_EU27_2020,D1_SAL_HW,HR,2003,10.1,Croatia
A,PPS_EU27_2020,D1_SAL_HW,HR,2004,10.5,Croatia
A,PPS_EU27_2020,D1_SAL_HW,HR,2005,10.8,Croatia
A,PPS_EU27_2020,D1_SAL_HW,HR,2006,11.3,Croatia
A,PPS_EU27_2020,D1_SAL_HW,HR,2007,12.0,Croatia
A,PPS_EU27_2020,D1_SAL_HW,HR,2008,12.3,Croatia
A,PPS_EU27_2020,D1_SAL_HW,HR,2009,12.0,Croatia
A,PPS_EU27_2020,D1_SAL_HW,HR,2010,12.1,Croatia
A,PPS_EU27_2020,D1_SAL_HW,HR,2011,12.8,Croatia
A,PPS_EU27_2020,D1_SAL_HW,HR,2012,12.2,Croatia
A,PPS_EU27_2020,D1_SAL_HW,HR,2013,12.3,Croatia
A,PPS_EU27_2020,D1_SAL_HW,HR,2014,11.8,Croatia
A,PPS_EU27_2020,D1_SAL_HW,HR,2015,12.4,Croatia
A,PPS_EU27_2020,D1_SAL_HW,HR,2016,12.6,Croatia
A,PPS_EU27_2020,D1_SAL_HW,HR,2017,12.8,Croatia
A,PPS_EU27_2020,D1_SAL_HW,HR,2018,13.5,Croatia
A,PPS_EU27_2020,D1_SAL_HW,HR,2019,13.8,Croatia
A,PPS_EU27_2020,D1_SAL_HW,HR,2020,14.2,Croatia
A,PPS_EU27_2020,D1_SAL_HW,HR,2021,15.2,Croatia
A,PPS_EU27_2020,D1_SAL_HW,HR,2022,16.2,Croatia
A,PPS_EU27_2020,D1_SAL_HW,HR,2023,18.0,Croatia
A,PPS_EU27_2020,D1_SAL_HW,HR,2024,19.1,Croatia
A,PPS_EU27_2020,D1_SAL_HW,HU,2000,6.9,Hungary
A,PPS_EU27_2020,D1_SAL_HW,HU,2001,7.8,Hungary
A,PPS_EU27_2020,D1_SAL_HW,HU,2002,8.4,Hungary
A,PPS_EU27_2020,D1_SAL_HW,HU,2003,9.0,Hungary
A,PPS_EU27_2020,D1_SAL_HW,HU,2004,9.4,Hungary
A,PPS_EU27_2020,D1_SAL_HW,HU,2005,10.1,Hungary
A,PPS_EU27_2020,D1_SAL_HW,HU,2006,10.4,Hungary
A,PPS_EU27_2020,D1_SAL_HW,HU,2007,10.9,Hungary
A,PPS_EU27_2020,D1_SAL_HW,HU,2008,11.8,Hungary
A,PPS_EU27_2020,D1_SAL_HW,HU,2009,11.5,Hungary
A,PPS_EU27_2020,D1_SAL_HW,HU,2010,11.8,Hungary
A,PPS_EU27_2020,D1_SAL_HW,HU,2011,12.4,Hungary
A,PPS_EU27_2020,D1_SAL_HW,HU,2012,12.6,Hungary
A,PPS_EU27_2020,D1_SAL_HW,HU,2013,12.4,Hungary
A,PPS_EU27_2020,D1_SAL_HW,HU,2014,11.8,Hungary
A,PPS_EU27_2020,D1_SAL_HW,HU,2015,11.8,Hungary
A,PPS_EU27_2020,D1_SAL_HW,HU,2016,11.7,Hungary
A,PPS_EU27_2020,D1_SAL_HW,HU,2017,12.0,Hungary
A,PPS_EU27_2020,D1_SAL_HW,HU,2018,12.5,Hungary
A,PPS_EU27_2020,D1_SAL_HW,HU,2019,13.1,Hungary
A,PPS_EU27_2020,D1_SAL_HW,HU,2020,13.5,Hungary
A,PPS_EU27_2020,D1_SAL_HW,HU,2021,13.7,Hungary
A,PPS_EU27_2020,D1_SAL_HW,HU,2022,14.8,Hungary
A,PPS_EU27_2020,D1_SAL_HW,HU,2023,16.0,Hungary
A,PPS_EU27_2020,D1_SAL_HW,HU,2024,17.4,Hungary
A,PPS_EU27_2020,D1_SAL_HW,IE,2000,14.2,Ireland
A,PPS_EU27_2020,D1_SAL_HW,IE,2001,15.1,Ireland
A,PPS_EU27_2020,D1_SAL_HW,IE,2002,15.6,Ireland
A,PPS_EU27_2020,D1_SAL_HW,IE,2003,16.5,Ireland
A,PPS_EU27_2020,D1_SAL_HW,IE,2004,17.7,Ireland
A,PPS_EU27_2020,D1_SAL_HW,IE,2005,18.3,Ireland
A,PPS_EU27_2020,D1_SAL_HW,IE,2006,19.4,Ireland
A,PPS_EU27_2020,D1_SAL_HW,IE,2007,21.1,Ireland
A,PPS_EU27_2020,D1_SAL_HW,IE,2008,22.2,Ireland
A,PPS_EU27_2020,D1_SAL_HW,IE,2009,23.4,Ireland
A,PPS_EU27_2020,D1_SAL_HW,IE,2010,24.3,Ireland
A,PPS_EU27_2020,D1_SAL_HW,IE,2011,25.5,Ireland
A,PPS_EU27_2020,D1_SAL_HW,IE,2012,25.8,Ireland
A,PPS_EU27_2020,D1_SAL_HW,IE,2013,25.1,Ireland
A,PPS_EU27_2020,D1_SAL_HW,IE,2014,24.8,Ireland
A,PPS_EU27_2020,D1_SAL_HW,IE,2015,25.8,Ireland
A,PPS_EU27_2020,D1_SAL_HW,IE,2016,25.6,Ireland
A,PPS_EU27_2020,D1_SAL_HW,IE,2017,25.7,Ireland
A,PPS_EU27_2020,D1_SAL_HW,IE,2018,25.9,Ireland
A,PPS_EU27_2020,D1_SAL_HW,IE,2019,25.7,Ireland
A,PPS_EU27_2020,D1_SAL_HW,IE,2020,28.0,Ireland
A,PPS_EU27_2020,D1_SAL_HW,IE,2021,30.1,Ireland
A,PPS_EU27_2020,D1_SAL_HW,IE,2022,31.2,Ireland
A,PPS_EU27_2020,D1_SAL_HW,IE,2023,32.5,Ireland
A,PPS_EU27_2020,D1_SAL_HW,IE,2024,34.9,Ireland
A,PPS_EU27_2020,D1_SAL_HW,IT,2000,16.8,Italy
A,PPS_EU27_2020,D1_SAL_HW,IT,2001,17.1,Italy
A,PPS_EU27_2020,D1_SAL_HW,IT,2002,17.4,Italy
A,PPS_EU27_2020,D1_SAL_HW,IT,2003,17.9,Italy
A,PPS_EU27_2020,D1_SAL_HW,IT,2004,18.0,Italy
A,PPS_EU27_2020,D1_SAL_HW,IT,2005,18.6,Italy
A,PPS_EU27_2020,D1_SAL_HW,IT,2006,19.1,Italy
A,PPS_EU27_2020,D1_SAL_HW,IT,2007,19.7,Italy
A,PPS_EU27_2020,D1_SAL_HW,IT,2008,20.6,Italy
A,PPS_EU27_2020,D1_SAL_HW,IT,2009,21.0,Italy
A,PPS_EU27_2020,D1_SAL_HW,IT,2010,21.5,Italy
A,PPS_EU27_2020,D1_SAL_HW,IT,2011,21.8,Italy
A,PPS_EU27_2020,D1_SAL_HW,IT,2012,22.1,Italy
A,PPS_EU27_2020,D1_SAL_HW,IT,2013,22.3,Italy
A,PPS_EU27_2020,D1_SAL_HW,IT,2014,22.1,Italy
A,PPS_EU27_2020,D1_SAL_HW,IT,2015,22.4,Italy
A,PPS_EU27_2020,D1_SAL_HW,IT,2016,22.7,Italy
A,PPS_EU27_2020,D1_SAL_HW,IT,2017,22.9,Italy
A,PPS_EU27_2020,D1_SAL_HW,IT,2018,23.2,Italy
A,PPS_EU27_2020,D1_SAL_HW,IT,2019,23.9,Italy
A,PPS_EU27_2020,D1_SAL_HW,IT,2020,25.3,Italy
A,PPS_EU27_2020,D1_SAL_HW,IT,2021,25.2,Italy
A,PPS_EU27_2020,D1_SAL_HW,IT,2022,26.2,Italy
A,PPS_EU27_2020,D1_SAL_HW,IT,2023,26.3,Italy
A,PPS_EU27_2020,D1_SAL_HW,IT,2024,27.2,Italy
A,PPS_EU27_2020,D1_SAL_HW,LT,2000,4.6,Lithuania
A,PPS_EU27_2020,D1_SAL_HW,LT,2001,5.1,Lithuania
A,PPS_EU27_2020,D1_SAL_HW,LT,2002,5.5,Lithuania
A,PPS_EU27_2020,D1_SAL_HW,LT,2003,6.3,Lithuania
A,PPS_EU27_2020,D1_SAL_HW,LT,2004,6.6,Lithuania
A,PPS_EU27_2020,D1_SAL_HW,LT,2005,7.1,Lithuania
A,PPS_EU27_2020,D1_SAL_HW,LT,2006,8.2,Lithuania
A,PPS_EU27_2020,D1_SAL_HW,LT,2007,8.7,Lithuania
A,PPS_EU27_2020,D1_SAL_HW,LT,2008,9.2,Lithuania
A,PPS_EU27_2020,D1_SAL_HW,LT,2009,8.9,Lithuania
A,PPS_EU27_2020,D1_SAL_HW,LT,2010,9.1,Lithuania
A,PPS_EU27_2020,D1_SAL_HW,LT,2011,9.6,Lithuania
A,PPS_EU27_2020,D1_SAL_HW,LT,2012,9.9,Lithuania
A,PPS_EU27_2020,D1_SAL_HW,LT,2013,10.5,Lithuania
A,PPS_EU27_2020,D1_SAL_HW,LT,2014,11.0,Lithuania
A,PPS_EU27_2020,D1_SAL_HW,LT,2015,11.4,Lithuania
A,PPS_EU27_2020,D1_SAL_HW,LT,2016,11.7,Lithuania
A,PPS_EU27_2020,D1_SAL_HW,LT,2017,12.9,Lithuania
A,PPS_EU27_2020,D1_SAL_HW,LT,2018,13.6,Lithuania
A,PPS_EU27_2020,D1_SAL_HW,LT,2019,14.8,Lithuania
A,PPS_EU27_2020,D1_SAL_HW,LT,2020,16.0,Lithuania
A,PPS_EU27_2020,D1_SAL_HW,LT,2021,17.4,Lithuania
A,PPS_EU27_2020,D1_SAL_HW,LT,2022,17.7,Lithuania
A,PPS_EU27_2020,D1_SAL_HW,LT,2023,18.8,Lithuania
A,PPS_EU27_2020,D1_SAL_HW,LT,2024,20.0,Lithuania
A,PPS_EU27_2020,D1_SAL_HW,LU,2000,23.5,Luxembourg
A,PPS_EU27_2020,D1_SAL_HW,LU,2001,24.2,Luxembourg
A,PPS_EU27_2020,D1_SAL_HW,LU,2002,25.1,Luxembourg
A,PPS_EU27_2020,D1_SAL_HW,LU,2003,25.3,Luxembourg
A,PPS_EU27_2020,D1_SAL_HW,LU,2004,26.5,Luxembourg
A,PPS_EU27_2020,D1_SAL_HW,LU,2005,28.1,Luxembourg
A,PPS_EU27_2020,D1_SAL_HW,LU,2006,29.4,Luxembourg
A,PPS_EU27_2020,D1_SAL_HW,LU,2007,30.0,Luxembourg
A,PPS_EU27_2020,D1_SAL_HW,LU,2008,31.0,Luxembourg
A,PPS_EU27_2020,D1_SAL_HW,LU,2009,31.8,Luxembourg
A,PPS_EU27_2020,D1_SAL_HW,LU,2010,31.5,Luxembourg
A,PPS_EU27_2020,D1_SAL_HW,LU,2011,33.0,Luxembourg
A,PPS_EU27_2020,D1_SAL_HW,LU,2012,33.2,Luxembourg
A,PPS_EU27_2020,D1_SAL_HW,LU,2013,34.0,Luxembourg
A,PPS_EU27_2020,D1_SAL_HW,LU,2014,34.8,Luxembourg
A,PPS_EU27_2020,D1_SAL_HW,LU,2015,35.4,Luxembourg
A,PPS_EU27_2020,D1_SAL_HW,LU,2016,35.7,Luxembourg
A,PPS_EU27_2020,D1_SAL_HW,LU,2017,36.7,Luxembourg
A,PPS_EU27_2020,D1_SAL_HW,LU,2018,37.4,Luxembourg
A,PPS_EU27_2020,D1_SAL_HW,LU,2019,37.5,Luxembourg
A,PPS_EU27_2020,D1_SAL_HW,LU,2020,39.6,Luxembourg
A,PPS_EU27_2020,D1_SAL_HW,LU,2021,39.4,Luxembourg
A,PPS_EU27_2020,D1_SAL_HW,LU,2022,41.6,Luxembourg
A,PPS_EU27_2020,D1_SAL_HW,LU,2023,45.0,Luxembourg
A,PPS_EU27_2020,D1_SAL_HW,LU,2024,46.2,Luxembourg
A,PPS_EU27_2020,D1_SAL_HW,LV,2000,3.9,Latvia
A,PPS_EU27_2020,D1_SAL_HW,LV,2001,4.2,Latvia
A,PPS_EU27_2020,D1_SAL_HW,LV,2002,4.2,Latvia
A,PPS_EU27_2020,D1_SAL_HW,LV,2003,4.6,Latvia
A,PPS_EU27_2020,D1_SAL_HW,LV,2004,5.0,Latvia
A,PPS_EU27_2020,D1_SAL_HW,LV,2005,5.7,Latvia
A,PPS_EU27_2020,D1_SAL_HW,LV,2006,6.2,Latvia
A,PPS_EU27_2020,D1_SAL_HW,LV,2007,7.2,Latvia
A,PPS_EU27_2020,D1_SAL_HW,LV,2008,8.4,Latvia
A,PPS_EU27_2020,D1_SAL_HW,LV,2009,8.3,Latvia
A,PPS_EU27_2020,D1_SAL_HW,LV,2010,8.4,Latvia
A,PPS_EU27_2020,D1_SAL_HW,LV,2011,8.2,Latvia
A,PPS_EU27_2020,D1_SAL_HW,LV,2012,8.6,Latvia
A,PPS_EU27_2020,D1_SAL_HW,LV,2013,9.1,Latvia
A,PPS_EU27_2020,D1_SAL_HW,LV,2014,9.7,Latvia
A,PPS_EU27_2020,D1_SAL_HW,LV,2015,10.7,Latvia
A,PPS_EU27_2020,D1_SAL_HW,LV,2016,11.4,Latvia
A,PPS_EU27_2020,D1_SAL_HW,LV,2017,12.2,Latvia
A,PPS_EU27_2020,D1_SAL_HW,LV,2018,12.7,Latvia
A,PPS_EU27_2020,D1_SAL_HW,LV,2019,13.1,Latvia
A,PPS_EU27_2020,D1_SAL_HW,LV,2020,14.2,Latvia
A,PPS_EU27_2020,D1_SAL_HW,LV,2021,15.1,Latvia
A,PPS_EU27_2020,D1_SAL_HW,LV,2022,15.9,Latvia
A,PPS_EU27_2020,D1_SAL_HW,LV,2023,16.8,Latvia
A,PPS_EU27_2020,D1_SAL_HW,LV,2024,18.3,Latvia
A,PPS_EU27_2020,D1_SAL_HW,MT,2000,9.5,Malta
A,PPS_EU27_2020,D1_SAL_HW,MT,2001,10.1,Malta
A,PPS_EU27_2020,D1_SAL_HW,MT,2002,10.5,Malta
A,PPS_EU27_2020,D1_SAL_HW,MT,2003,11.2,Malta
A,PPS_EU27_2020,D1_SAL_HW,MT,2004,12.0,Malta
A,PPS_EU27_2020,D1_SAL_HW,MT,2005,12.1,Malta
A,PPS_EU27_2020,D1_SAL_HW,MT,2006,12.3,Malta
A,PPS_EU27_2020,D1_SAL_HW,MT,2007,12.5,Malta
A,PPS_EU27_2020,D1_SAL_HW,MT,2008,12.7,Malta
A,PPS_EU27_2020,D1_SAL_HW,MT,2009,12.6,Malta
A,PPS_EU27_2020,D1_SAL_HW,MT,2010,13.5,Malta
A,PPS_EU27_2020,D1_SAL_HW,MT,2011,14.1,Malta
A,PPS_EU27_2020,D1_SAL_HW,MT,2012,14.3,Malta
A,PPS_EU27_2020,D1_SAL_HW,MT,2013,14.6,Malta
A,PPS_EU27_2020,D1_SAL_HW,MT,2014,14.9,Malta
A,PPS_EU27_2020,D1_SAL_HW,MT,2015,15.5,Malta
A,PPS_EU27_2020,D1_SAL_HW,MT,2016,15.4,Malta
A,PPS_EU27_2020,D1_SAL_HW,MT,2017,15.8,Malta
A,PPS_EU27_2020,D1_SAL_HW,MT,2018,16.6,Malta
A,PPS_EU27_2020,D1_SAL_HW,MT,2019,16.6,Malta
A,PPS_EU27_2020,D1_SAL_HW,MT,2020,18.0,Malta
A,PPS_EU27_2020,D1_SAL_HW,MT,2021,18.6,Malta
A,PPS_EU27_2020,D1_SAL_HW,MT,2022,19.5,Malta
A,PPS_EU27_2020,D1_SAL_HW,MT,2023,19.8,Malta
A,PPS_EU27_2020,D1_SAL_HW,MT,2024,21.0,Malta
A,PPS_EU27_2020,D1_SAL_HW,NL,2000,21.7,Netherlands
A,PPS_EU27_2020,D1_SAL_HW,NL,2001,22.0,Netherlands
A,PPS_EU27_2020,D1_SAL_HW,NL,2002,23.0,Netherlands
A,PPS_EU27_2020,D1_SAL_HW,NL,2003,23.2,Netherlands
A,PPS_EU27_2020,D1_SAL_HW,NL,2004,24.0,Netherlands
A,PPS_EU27_2020,D1_SAL_HW,NL,2005,24.9,Netherlands
A,PPS_EU27_2020,D1_SAL_HW,NL,2006,25.4,Netherlands
A,PPS_EU27_2020,D1_SAL_HW,NL,2007,26.4,Netherlands
A,PPS_EU27_2020,D1_SAL_HW,NL,2008,27.3,Netherlands
A,PPS_EU27_2020,D1_SAL_HW,NL,2009,27.4,Netherlands
A,PPS_EU27_2020,D1_SAL_HW,NL,2010,27.6,Netherlands
A,PPS_EU27_2020,D1_SAL_HW,NL,2011,28.2,Netherlands
A,PPS_EU27_2020,D1_SAL_HW,NL,2012,29.1,Netherlands
A,PPS_EU27_2020,D1_SAL_HW,NL,2013,29.9,Netherlands
A,PPS_EU27_2020,D1_SAL_HW,NL,2014,29.5,Netherlands
A,PPS_EU27_2020,D1_SAL_HW,NL,2015,29.7,Netherlands
A,PPS_EU27_2020,D1_SAL_HW,NL,2016,29.6,Netherlands
A,PPS_EU27_2020,D1_SAL_HW,NL,2017,30.0,Netherlands
A,PPS_EU27_2020,D1_SAL_HW,NL,2018,30.5,Netherlands
A,PPS_EU27_2020,D1_SAL_HW,NL,2019,30.5,Netherlands
A,PPS_EU27_2020,D1_SAL_HW,NL,2020,32.9,Netherlands
A,PPS_EU27_2020,D1_SAL_HW,NL,2021,33.2,Netherlands
A,PPS_EU27_2020,D1_SAL_HW,NL,2022,34.6,Netherlands
A,PPS_EU27_2020,D1_SAL_HW,NL,2023,36.4,Netherlands
A,PPS_EU27_2020,D1_SAL_HW,NL,2024,38.6,Netherlands
A,PPS_EU27_2020,D1_SAL_HW,PL,2000,6.4,Poland
A,PPS_EU27_2020,D1_SAL_HW,PL,2001,7.0,Poland
A,PPS_EU27_2020,D1_SAL_HW,PL,2002,7.3,Poland
A,PPS_EU27_2020,D1_SAL_HW,PL,2003,7.4,Poland
A,PPS_EU27_2020,D1_SAL_HW,PL,2004,7.4,Poland
A,PPS_EU27_2020,D1_SAL_HW,PL,2005,7.5,Poland
A,PPS_EU27_2020,D1_SAL_HW,PL,2006,7.5,Poland
A,PPS_EU27_2020,D1_SAL_HW,PL,2007,7.9,Poland
A,PPS_EU27_2020,D1_SAL_HW,PL,2008,8.5,Poland
A,PPS_EU27_2020,D1_SAL_HW,PL,2009,8.4,Poland
A,PPS_EU27_2020,D1_SAL_HW,PL,2010,9.6,Poland
A,PPS_EU27_2020,D1_SAL_HW,PL,2011,10.0,Poland
A,PPS_EU27_2020,D1_SAL_HW,PL,2012,10.3,Poland
A,PPS_EU27_2020,D1_SAL_HW,PL,2013,10.5,Poland
A,PPS_EU27_2020,D1_SAL_HW,PL,2014,10.6,Poland
A,PPS_EU27_2020,D1_SAL_HW,PL,2015,10.8,Poland
A,PPS_EU27_2020,D1_SAL_HW,PL,2016,11.2,Poland
A,PPS_EU27_2020,D1_SAL_HW,PL,2017,11.7,Poland
A,PPS_EU27_2020,D1_SAL_HW,PL,2018,12.6,Poland
A,PPS_EU27_2020,D1_SAL_HW,PL,2019,13.1,Poland
A,PPS_EU27_2020,D1_SAL_HW,PL,2020,13.5,Poland
A,PPS_EU27_2020,D1_SAL_HW,PL,2021,13.4,Poland
A,PPS_EU27_2020,D1_SAL_HW,PL,2022,14.3,Poland
A,PPS_EU27_2020,D1_SAL_HW,PL,2023,15.6,Poland
A,PPS_EU27_2020,D1_SAL_HW,PL,2024,17.6,Poland
A,PPS_EU27_2020,D1_SAL_HW,PT,2000,10.2,Portugal
A,PPS_EU27_2020,D1_SAL_HW,PT,2001,10.5,Portugal
A,PPS_EU27_2020,D1_SAL_HW,PT,2002,10.7,Portugal
A,PPS_EU27_2020,D1_SAL_HW,PT,2003,11.2,Portugal
A,PPS_EU27_2020,D1_SAL_HW,PT,2004,11.3,Portugal
A,PPS_EU27_2020,D1_SAL_HW,PT,2005,12.1,Portugal
A,PPS_EU27_2020,D1_SAL_HW,PT,2006,12.4,Portugal
A,PPS_EU27_2020,D1_SAL_HW,PT,2007,12.6,Portugal
A,PPS_EU27_2020,D1_SAL_HW,PT,2008,13.0,Portugal
A,PPS_EU27_2020,D1_SAL_HW,PT,2009,13.1,Portugal
A,PPS_EU27_2020,D1_SAL_HW,PT,2010,13.5,Portugal
A,PPS_EU27_2020,D1_SAL_HW,PT,2011,13.2,Portugal
A,PPS_EU27_2020,D1_SAL_HW,PT,2012,13.1,Portugal
A,PPS_EU27_2020,D1_SAL_HW,PT,2013,13.7,Portugal
A,PPS_EU27_2020,D1_SAL_HW,PT,2014,13.4,Portugal
A,PPS_EU27_2020,D1_SAL_HW,PT,2015,13.3,Portugal
A,PPS_EU27_2020,D1_SAL_HW,PT,2016,13.3,Portugal
A,PPS_EU27_2020,D1_SAL_HW,PT,2017,13.4,Portugal
A,PPS_EU27_2020,D1_SAL_HW,PT,2018,13.8,Portugal
A,PPS_EU27_2020,D1_SAL_HW,PT,2019,14.4,Portugal
A,PPS_EU27_2020,D1_SAL_HW,PT,2020,15.5,Portugal
A,PPS_EU27_2020,D1_SAL_HW,PT,2021,15.8,Portugal
A,PPS_EU27_2020,D1_SAL_HW,PT,2022,16.5,Portugal
A,PPS_EU27_2020,D1_SAL_HW,PT,2023,18.0,Portugal
A,PPS_EU27_2020,D1_SAL_HW,PT,2024,19.3,Portugal
A,PPS_EU27_2020,D1_SAL_HW,RO,2000,3.7,Romania
A,PPS_EU27_2020,D1_SAL_HW,RO,2001,4.4,Romania
A,PPS_EU27_2020,D1_SAL_HW,RO,2002,4.2,Romania
A,PPS_EU27_2020,D1_SAL_HW,RO,2003,4.4,Romania
A,PPS_EU27_2020,D1_SAL_HW,RO,2004,4.8,Romania
A,PPS_EU27_2020,D1_SAL_HW,RO,2005,5.6,Romania
A,PPS_EU27_2020,D1_SAL_HW,RO,2006,6.3,Romania
A,PPS_EU27_2020,D1_SAL_HW,RO,2007,6.2,Romania
A,PPS_EU27_2020,D1_SAL_HW,RO,2008,7.9,Romania
A,PPS_EU27_2020,D1_SAL_HW,RO,2009,7.5,Romania
A,PPS_EU27_2020,D1_SAL_HW,RO,2010,8.0,Romania
A,PPS_EU27_2020,D1_SAL_HW,RO,2011,7.9,Romania
A,PPS_EU27_2020,D1_SAL_HW,RO,2012,8.1,Romania
A,PPS_EU27_2020,D1_SAL_HW,RO,2013,8.1,Romania
A,PPS_EU27_2020,D1_SAL_HW,RO,2014,8.6,Romania
A,PPS_EU27_2020,D1_SAL_HW,RO,2015,8.6,Romania
A,PPS_EU27_2020,D1_SAL_HW,RO,2016,9.9,Romania
A,PPS_EU27_2020,D1_SAL_HW,RO,2017,11.3,Romania
A,PPS_EU27_2020,D1_SAL_HW,RO,2018,12.1,Romania
A,PPS_EU27_2020,D1_SAL_HW,RO,2019,13.1,Romania
A,PPS_EU27_2020,D1_SAL_HW,RO,2020,13.9,Romania
A,PPS_EU27_2020,D1_SAL_HW,RO,2021,14.0,Romania
A,PPS_EU27_2020,D1_SAL_HW,RO,2022,14.9,Romania
A,PPS_EU27_2020,D1_SAL_HW,RO,2023,17.4,Romania
A,PPS_EU27_2020,D1_SAL_HW,RO,2024,19.3,Romania
A,PPS_EU27_2020,D1_SAL_HW,SE,2000,15.1,Sweden
A,PPS_EU27_2020,D1_SAL_HW,SE,2001,15.5,Sweden
A,PPS_EU27_2020,D1_SAL_HW,SE,2002,16.0,Sweden
A,PPS_EU27_2020,D1_SAL_HW,SE,2003,16.7,Sweden
A,PPS_EU27_2020,D1_SAL_HW,SE,2004,17.4,Sweden
A,PPS_EU27_2020,D1_SAL_HW,SE,2005,17.8,Sweden
A,PPS_EU27_2020,D1_SAL_HW,SE,2006,18.4,Sweden
A,PPS_EU27_2020,D1_SAL_HW,SE,2007,19.7,Sweden
A,PPS_EU27_2020,D1_SAL_HW,SE,2008,20.1,Sweden
A,PPS_EU27_2020,D1_SAL_HW,SE,2009,19.9,Sweden
A,PPS_EU27_2020,D1_SAL_HW,SE,2010,19.9,Sweden
A,PPS_EU27_2020,D1_SAL_HW,SE,2011,20.6,Sweden
A,PPS_EU27_2020,D1_SAL_HW,SE,2012,21.7,Sweden
A,PPS_EU27_2020,D1_SAL_HW,SE,2013,21.8,Sweden
A,PPS_EU27_2020,D1_SAL_HW,SE,2014,21.8,Sweden
A,PPS_EU27_2020,D1_SAL_HW,SE,2015,22.1,Sweden
A,PPS_EU27_2020,D1_SAL_HW,SE,2016,21.8,Sweden
A,PPS_EU27_2020,D1_SAL_HW,SE,2017,22.1,Sweden
A,PPS_EU27_2020,D1_SAL_HW,SE,2018,22.6,Sweden
A,PPS_EU27_2020,D1_SAL_HW,SE,2019,23.3,Sweden
A,PPS_EU27_2020,D1_SAL_HW,SE,2020,24.3,Sweden
A,PPS_EU27_2020,D1_SAL_HW,SE,2021,25.2,Sweden
A,PPS_EU27_2020,D1_SAL_HW,SE,2022,25.1,Sweden
A,PPS_EU27_2020,D1_SAL_HW,SE,2023,26.2,Sweden
A,PPS_EU27_2020,D1_SAL_HW,SE,2024,27.6,Sweden
A,PPS_EU27_2020,D1_SAL_HW,SI,2000,12.4,Slovenia
A,PPS_EU27_2020,D1_SAL_HW,SI,2001,13.1,Slovenia
A,PPS_EU27_2020,D1_SAL_HW,SI,2002,13.2,Slovenia
A,PPS_EU27_2020,D1_SAL_HW,SI,2003,13.5,Slovenia
A,PPS_EU27_2020,D1_SAL_HW,SI,2004,14.3,Slovenia
A,PPS_EU27_2020,D1_SAL_HW,SI,2005,15.5,Slovenia
A,PPS_EU27_2020,D1_SAL_HW,SI,2006,16.1,Slovenia
A,PPS_EU27_2020,D1_SAL_HW,SI,2007,16.5,Slovenia
A,PPS_EU27_2020,D1_SAL_HW,SI,2008,17.1,Slovenia
A,PPS_EU27_2020,D1_SAL_HW,SI,2009,16.6,Slovenia
A,PPS_EU27_2020,D1_SAL_HW,SI,2010,17.3,Slovenia
A,PPS_EU27_2020,D1_SAL_HW,SI,2011,17.8,Slovenia
A,PPS_EU27_2020,D1_SAL_HW,SI,2012,18.2,Slovenia
A,PPS_EU27_2020,D1_SAL_HW,SI,2013,18.2,Slovenia
A,PPS_EU27_2020,D1_SAL_HW,SI,2014,18.1,Slovenia
A,PPS_EU27_2020,D1_SAL_HW,SI,2015,18.2,Slovenia
A,PPS_EU27_2020,D1_SAL_HW,SI,2016,19.1,Slovenia
A,PPS_EU27_2020,D1_SAL_HW,SI,2017,20.1,Slovenia
A,PPS_EU27_2020,D1_SAL_HW,SI,2018,20.9,Slovenia
A,PPS_EU27_2020,D1_SAL_HW,SI,2019,22.1,Slovenia
A,PPS_EU27_2020,D1_SAL_HW,SI,2020,23.9,Slovenia
A,PPS_EU27_2020,D1_SAL_HW,SI,2021,24.5,Slovenia
A,PPS_EU27_2020,D1_SAL_HW,SI,2022,25.9,Slovenia
A,PPS_EU27_2020,D1_SAL_HW,SI,2023,27.7,Slovenia
A,PPS_EU27_2020,D1_SAL_HW,SI,2024,28.4,Slovenia
A,PPS_EU27_2020,D1_SAL_HW,SK,2000,6.5,Slovakia
A,PPS_EU27_2020,D1_SAL_HW,SK,2001,6.9,Slovakia
A,PPS_EU27_2020,D1_SAL_HW,SK,2002,7.6,Slovakia
A,PPS_EU27_2020,D1_SAL_HW,SK,2003,8.1,Slovakia
A,PPS_EU27_2020,D1_SAL_HW,SK,2004,8.2,Slovakia
A,PPS_EU27_2020,D1_SAL_HW,SK,2005,8.7,Slovakia
A,PPS_EU27_2020,D1_SAL_HW,SK,2006,9.3,Slovakia
A,PPS_EU27_2020,D1_SAL_HW,SK,2007,10.1,Slovakia
A,PPS_EU27_2020,D1_SAL_HW,SK,2008,10.8,Slovakia
A,PPS_EU27_2020,D1_SAL_HW,SK,2009,11.4,Slovakia
A,PPS_EU27_2020,D1_SAL_HW,SK,2010,12.2,Slovakia
A,PPS_EU27_2020,D1_SAL_HW,SK,2011,12.2,Slovakia
A,PPS_EU27_2020,D1_SAL_HW,SK,2012,12.4,Slovakia
A,PPS_EU27_2020,D1_SAL_HW,SK,2013,12.9,Slovakia
A,PPS_EU27_2020,D1_SAL_HW,SK,2014,13.3,Slovakia
A,PPS_EU27_2020,D1_SAL_HW,SK,2015,13.7,Slovakia
A,PPS_EU27_2020,D1_SAL_HW,SK,2016,13.3,Slovakia
A,PPS_EU27_2020,D1_SAL_HW,SK,2017,13.8,Slovakia
A,PPS_EU27_2020,D1_SAL_HW,SK,2018,14.2,Slovakia
A,PPS_EU27_2020,D1_SAL_HW,SK,2019,15.1,Slovakia
A,PPS_EU27_2020,D1_SAL_HW,SK,2020,17.2,Slovakia
A,PPS_EU27_2020,D1_SAL_HW,SK,2021,18.3,Slovakia
A,PPS_EU27_2020,D1_SAL_HW,SK,2022,18.4,Slovakia
A,PPS_EU27_2020,D1_SAL_HW,SK,2023,20.1,Slovakia
A,PPS_EU27_2020,D1_SAL_HW,SK,2024,21.4,Slovakia
