freq,nace_r2,wstatus,worktime,age,sex,unit,geo,time,value,geo_label
A,TOTAL,EMP,FT,Y20-64,T,HR,AT,2008,43.0,Austria
A,TOTAL,EMP,FT,Y20-64,T,HR,AT,2009,42.2,Austria
A,TOTAL,EMP,FT,Y20-64,T,HR,AT,2010,42.1,Austria
A,TOTAL,EMP,FT,Y20-64,T,HR,AT,2011,42.2,Austria
A,TOTAL,EMP,FT,Y20-64,T,HR,AT,2012,41.8,Austria
A,TOTAL,EMP,FT,Y20-64,T,HR,AT,2013,41.6,Austria
A,TOTAL,EMP,FT,Y20-64,T,HR,AT,2014,41.4,Austria
A,TOTAL,EMP,FT,Y20-64,T,HR,AT,2015,41.0,Austria
A,TOTAL,EMP,FT,Y20-64,T,HR,AT,2016,41.1,Austria
A,TOTAL,EMP,FT,Y20-64,T,HR,AT,2017,40.8,Austria
A,TOTAL,EMP,FT,Y20-64,T,HR,AT,2018,40.9,Austria
A,TOTAL,EMP,FT,Y20-64,T,HR,AT,2019,40.8,Austria
A,TOTAL,EMP,FT,Y20-64,T,HR,AT,2020,38.8,Austria
A,TOTAL,EMP,FT,Y20-64,T,HR,AT,2021,38.7,Austria
A,TOTAL,EMP,FT,Y20-64,T,HR,AT,2022,38.8,Austria
A,TOTAL,EMP,FT,Y20-64,T,HR,AT,2023,38.7,Austria
A,TOTAL,EMP,FT,Y20-64,T,HR,AT,2024,39.1,Austria
A,TOTAL,EMP,FT,Y20-64,T,HR,AT,2025,39.0,Austria
A,TOTAL,EMP,FT,Y20-64,T,HR,BE,2008,40.8,Belgium
A,TOTAL,EMP,FT,Y20-64,T,HR,BE,2009,40.8,Belgium
A,TOTAL,EMP,FT,Y20-64,T,HR,BE,2010,41.2,Belgium
A,TOTAL,EMP,FT,Y20-64,T,HR,BE,2011,41.3,Belgium
A,TOTAL,EMP,FT,Y20-64,T,HR,BE,2012,41.0,Belgium
A,TOTAL,EMP,FT,Y20-64,T,HR,BE,2013,41.2,Belgium
A,TOTAL,EMP,FT,Y20-64,T,HR,BE,2014,41.0,Belgium
A,TOTAL,EMP,FT,Y20-64,T,HR,BE,2015,41.2,Belgium
A,TOTAL,EMP,FT,Y20-64,T,HR,BE,2016,41.2,Belgium
A,TOTAL,EMP,FT,Y20-64,T,HR,BE,2017,40.3,Belgium
A,TOTAL,EMP,FT,Y20-64,T,HR,BE,2018,40.2,Belgium
A,TOTAL,EMP,FT,Y20-64,T,HR,BE,2019,40.2,Belgium
A,TOTAL,EMP,FT,Y20-64,T,HR,BE,2020,39.1,Belgium
A,TOTAL,EMP,FT,Y20-64,T,HR,BE,2021,38.3,Belgium
A,TOTAL,EMP,FT,Y20-64,T,HR,BE,2022,38.2,Belgium
A,TOTAL,EMP,FT,Y20-64,T,HR,BE,2023,38.1,Belgium
A,TOTAL,EMP,FT,Y20-64,T,HR,BE,2024,37.8,Belgium
A,TOTAL,EMP,FT,Y20-64,T,HR,BE,2025,37.9,Belgium
A,TOTAL,EMP,FT,Y20-64,T,HR,BG,2008,41.4,Bulgaria
A,TOTAL,EMP,FT,Y20-64,T,HR,BG,2009,40.7,Bulgaria
A,TOTAL,EMP,FT,Y20-64,T,HR,BG,2010,40.9,Bulgaria
A,TOTAL,EMP,FT,Y20-64,T,HR,BG,2011,40.6,Bulgaria
A,TOTAL,EMP,FT,Y20-64,T,HR,BG,2012,40.5,Bulgaria
A,TOTAL,EMP,FT,Y20-64,T,HR,BG,2013,40.4,Bulgaria
A,TOTAL,EMP,FT,Y20-64,T,HR,BG,2014,40.5,Bulgaria
A,TOTAL,EMP,FT,Y20-64,T,HR,BG,2015,40.5,Bulgaria
A,TOTAL,EMP,FT,Y20-64,T,HR,BG,2016,40.6,Bulgaria
A,TOTAL,EMP,FT,Y20-64,T,HR,BG,2017,40.4,Bulgaria
A,TOTAL,EMP,FT,Y20-64,T,HR,BG,2018,40.2,Bulgaria
A,TOTAL,EMP,FT,Y20-64,T,HR,BG,2019,40.0,Bulgaria
A,TOTAL,EMP,FT,Y20-64,T,HR,BG,2020,39.7,Bulgaria
A,TOTAL,EMP,FT,Y20-64,T,HR,BG,2021,39.7,Bulgaria
A,TOTAL,EMP,FT,Y20-64,T,HR,BG,2022,39.4,Bulgaria
A,TOTAL,EMP,FT,Y20-64,T,HR,BG,2023,39.2,Bulgaria
A,TOTAL,EMP,FT,Y20-64,T,HR,BG,2024,39.2,Bulgaria
A,TOTAL,EMP,FT,Y20-64,T,HR,BG,2025,38.9,Bulgaria
A,TOTAL,EMP,FT,Y20-64,T,HR,CY,2008,40.4,Cyprus
A,TOTAL,EMP,FT,Y20-64,T,HR,CY,2009,40.1,Cyprus
A,TOTAL,EMP,FT,Y20-64,T,HR,CY,2010,40.6,Cyprus
A,TOTAL,EMP,FT,Y20-64,T,HR,CY,2011,40.6,Cyprus
A,TOTAL,EMP,FT,Y20-64,T,HR,CY,2012,40.8,Cyprus
A,TOTAL,EMP,FT,Y20-64,T,HR,CY,2013,40.7,Cyprus
A,TOTAL,EMP,FT,Y20-64,T,HR,CY,2014,40.5,Cyprus
A,TOTAL,EMP,FT,Y20-64,T,HR,CY,2015,40.4,Cyprus
A,TOTAL,EMP,FT,Y20-64,T,HR,CY,2016,40.8,Cyprus
A,TOTAL,EMP,FT,Y20-64,T,HR,CY,2017,40.7,Cyprus
A,TOTAL,EMP,FT,Y20-64,T,HR,CY,2018,40.2,Cyprus
A,TOTAL,EMP,FT,Y20-64,T,HR,CY,2019,39.9,Cyprus
A,TOTAL,EMP,FT,Y20-64,T,HR,CY,2020,39.5,Cyprus
A,TOTAL,EMP,FT,Y20-64,T,HR,CY,2021,39.5,Cyprus
A,TOTAL,EMP,FT,Y20-64,T,HR,CY,2022,39.7,Cyprus
A,TOTAL,EMP,FT,Y20-64,T,HR,CY,2023,40.0,Cyprus
A,TOTAL,EMP,FT,Y20-64,T,HR,CY,2024,39.5,Cyprus
A,TOTAL,EMP,FT,Y20-64,T,HR,CY,2025,39.1,Cyprus
A,TOTAL,EMP,FT,Y20-64,T,HR,CZ,2008,42.3,Czechia
A,TOTAL,EMP,FT,Y20-64,T,HR,CZ,2009,41.6,Czechia
A,TOTAL,EMP,FT,Y20-64,T,HR,CZ,2010,41.6,Czechia
A,TOTAL,EMP,FT,Y20-64,T,HR,CZ,2011,41.4,Czechia
A,TOTAL,EMP,FT,Y20-64,T,HR,CZ,2012,41.1,Czechia
A,TOTAL,EMP,FT,Y20-64,T,HR,CZ,2013,40.6,Czechia
A,TOTAL,EMP,FT,Y20-64,T,HR,CZ,2014,40.4,Czechia
A,TOTAL,EMP,FT,Y20-64,T,HR,CZ,2015,40.2,Czechia
A,TOTAL,EMP,FT,Y20-64,T,HR,CZ,2016,40.5,Czechia
A,TOTAL,EMP,FT,Y20-64,T,HR,CZ,2017,40.3,Czechia
A,TOTAL,EMP,FT,Y20-64,T,HR,CZ,2018,40.2,Czechia
A,TOTAL,EMP,FT,Y20-64,T,HR,CZ,2019,40.1,Czechia
A,TOTAL,EMP,FT,Y20-64,T,HR,CZ,2020,38.9,Czechia
A,TOTAL,EMP,FT,Y20-64,T,HR,CZ,2021,39.3,Czechia
A,TOTAL,EMP,FT,Y20-64,T,HR,CZ,2022,38.7,Czechia
A,TOTAL,EMP,FT,Y20-64,T,HR,CZ,2023,38.9,Czechia
A,TOTAL,EMP,FT,Y20-64,T,HR,CZ,2024,39.1,Czechia
A,TOTAL,EMP,FT,Y20-64,T,HR,CZ,2025,38.9,Czechia
A,TOTAL,EMP,FT,Y20-64,T,HR,DE,2008,42.2,Germany
A,TOTAL,EMP,FT,Y20-64,T,HR,DE,2009,41.4,Germany
A,TOTAL,EMP,FT,Y20-64,T,HR,DE,2010,41.7,Germany
A,TOTAL,EMP,FT,Y20-64,T,HR,DE,2011,41.9,Germany
A,TOTAL,EMP,FT,Y20-64,T,HR,DE,2012,41.7,Germany
A,TOTAL,EMP,FT,Y20-64,T,HR,DE,2013,41.5,Germany
A,TOTAL,EMP,FT,Y20-64,T,HR,DE,2014,41.4,Germany
A,TOTAL,EMP,FT,Y20-64,T,HR,DE,2015,41.3,Germany
A,TOTAL,EMP,FT,Y20-64,T,HR,DE,2016,41.3,Germany
A,TOTAL,EMP,FT,Y20-64,T,HR,DE,2017,40.9,Germany
A,TOTAL,EMP,FT,Y20-64,T,HR,DE,2018,40.8,Germany
A,TOTAL,EMP,FT,Y20-64,T,HR,DE,2019,40.7,Germany
A,TOTAL,EMP,FT,Y20-64,T,HR,DE,2020,39.4,Germany
A,TOTAL,EMP,FT,Y20-64,T,HR,DE,2021,39.6,Germany
A,TOTAL,EMP,FT,Y20-64,T,HR,DE,2022,39.5,Germany
A,TOTAL,EMP,FT,Y20-64,T,HR,DE,2023,39.0,Germany
A,TOTAL,EMP,FT,Y20-64,T,HR,DE,2024,38.9,Germany
A,TOTAL,EMP,FT,Y20-64,T,HR,DE,2025,38.9,Germany
A,TOTAL,EMP,FT,Y20-64,T,HR,DK,2008,39.2,Denmark
A,TOTAL,EMP,FT,Y20-64,T,HR,DK,2009,39.2,Denmark
A,TOTAL,EMP,FT,Y20-64,T,HR,DK,2010,39.6,Denmark
A,TOTAL,EMP,FT,Y20-64,T,HR,DK,2011,39.9,Denmark
A,TOTAL,EMP,FT,Y20-64,T,HR,DK,2012,39.6,Denmark
A,TOTAL,EMP,FT,Y20-64,T,HR,DK,2013,39.5,Denmark
A,TOTAL,EMP,FT,Y20-64,T,HR,DK,2014,39.4,Denmark
A,TOTAL,EMP,FT,Y20-64,T,HR,DK,2015,39.6,Denmark
A,TOTAL,EMP,FT,Y20-64,T,HR,DK,2016,38.9,Denmark
A,TOTAL,EMP,FT,Y20-64,T,HR,DK,2017,39.0,Denmark
A,TOTAL,EMP,FT,Y20-64,T,HR,DK,2018,38.6,Denmark
A,TOTAL,EMP,FT,Y20-64,T,HR,DK,2019,38.2,Denmark
A,TOTAL,EMP,FT,Y20-64,T,HR,DK,2020,38.1,Denmark
A,TOTAL,EMP,FT,Y20-64,T,HR,DK,2021,38.7,Denmark
A,TOTAL,EMP,FT,Y20-64,T,HR,DK,2022,38.1,Denmark
A,TOTAL,EMP,FT,Y20-64,T,HR,DK,2023,38.1,Denmark
A,TOTAL,EMP,FT,Y20-64,T,HR,DK,2024,37.9,Denmark
A,TOTAL,EMP,FT,Y20-64,T,HR,DK,2025,37.8,Denmark
A,TOTAL,EMP,FT,Y20-64,T,HR,EE,2008,40.6,Estonia
A,TOTAL,EMP,FT,Y20-64,T,HR,EE,2009,39.5,Estonia
A,TOTAL,EMP,FT,Y20-64,T,HR,EE,2010,40.5,Estonia
A,TOTAL,EMP,FT,Y20-64,T,HR,EE,2011,40.6,Estonia
A,TOTAL,EMP,FT,Y20-64,T,HR,EE,2012,40.3,Estonia
A,TOTAL,EMP,FT,Y20-64,T,HR,EE,2013,40.2,Estonia
A,TOTAL,EMP,FT,Y20-64,T,HR,EE,2014,39.8,Estonia
A,TOTAL,EMP,FT,Y20-64,T,HR,EE,2015,39.8,Estonia
A,TOTAL,EMP,FT,Y20-64,T,HR,EE,2016,40.2,Estonia
A,TOTAL,EMP,FT,Y20-64,T,HR,EE,2017,40.3,Estonia
A,TOTAL,EMP,FT,Y20-64,T,HR,EE,2018,39.8,Estonia
A,TOTAL,EMP,FT,Y20-64,T,HR,EE,2019,40.0,Estonia
A,TOTAL,EMP,FT,Y20-64,T,HR,EE,2020,39.2,Estonia
A,TOTAL,EMP,FT,Y20-64,T,HR,EE,2021,39.0,Estonia
A,TOTAL,EMP,FT,Y20-64,T,HR,EE,2022,38.9,Estonia
A,TOTAL,EMP,FT,Y20-64,T,HR,EE,2023,38.7,Estonia
A,TOTAL,EMP,FT,Y20-64,T,HR,EE,2024,38.6,Estonia
A,TOTAL,EMP,FT,Y20-64,T,HR,EE,2025,38.3,Estonia
A,TOTAL,EMP,FT,Y20-64,T,HR,EL,2008,42.2,Greece
A,TOTAL,EMP,FT,Y20-64,T,HR,EL,2009,42.1,Greece
A,TOTAL,EMP,FT,Y20-64,T,HR,EL,2010,42.2,Greece
A,TOTAL,EMP,FT,Y20-64,T,HR,EL,2011,42.3,Greece
A,TOTAL,EMP,FT,Y20-64,T,HR,EL,2012,42.5,Greece
A,TOTAL,EMP,FT,Y20-64,T,HR,EL,2013,42.8,Greece
A,TOTAL,EMP,FT,Y20-64,T,HR,EL,2014,42.7,Greece
A,TOTAL,EMP,FT,Y20-64,T,HR,EL,2015,42.7,Greece
A,TOTAL,EMP,FT,Y20-64,T,HR,EL,2016,43.1,Greece
A,TOTAL,EMP,FT,Y20-64,T,HR,EL,2017,42.9,Greece
A,TOTAL,EMP,FT,Y20-64,T,HR,EL,2018,42.6,Greece
A,TOTAL,EMP,FT,Y20-64,T,HR,EL,2019,42.3,Greece
A,TOTAL,EMP,FT,Y20-64,T,HR,EL,2020,41.7,Greece
A,TOTAL,EMP,FT,Y20-64,T,HR,EL,2021,41.7,Greece
A,TOTAL,EMP,FT,Y20-64,T,HR,EL,2022,41.3,Greece
A,TOTAL,EMP,FT,Y20-64,T,HR,EL,2023,41.2,Greece
A,TOTAL,EMP,FT,Y20-64,T,HR,EL,2024,41.1,Greece
A,TOTAL,EMP,FT,Y20-64,T,HR,EL,2025,40.6,Greece
A,TOTAL,EMP,FT,Y20-64,T,HR,ES,2008,41.0,Spain
A,TOTAL,EMP,FT,Y20-64,T,HR,ES,2009,40.7,Spain
A,TOTAL,EMP,FT,Y20-64,T,HR,ES,2010,40.7,Spain
A,TOTAL,EMP,FT,Y20-64,T,HR,ES,2011,40.6,Spain
A,TOTAL,EMP,FT,Y20-64,T,HR,ES,2012,40.5,Spain
A,TOTAL,EMP,FT,Y20-64,T,HR,ES,2013,40.9,Spain
A,TOTAL,EMP,FT,Y20-64,T,HR,ES,2014,40.7,Spain
A,TOTAL,EMP,FT,Y20-64,T,HR,ES,2015,40.6,Spain
A,TOTAL,EMP,FT,Y20-64,T,HR,ES,2016,40.4,Spain
A,TOTAL,EMP,FT,Y20-64,T,HR,ES,2017,40.1,Spain
A,TOTAL,EMP,FT,Y20-64,T,HR,ES,2018,40.3,Spain
A,TOTAL,EMP,FT,Y20-64,T,HR,ES,2019,39.9,Spain
A,TOTAL,EMP,FT,Y20-64,T,HR,ES,2020,39.1,Spain
A,TOTAL,EMP,FT,Y20-64,T,HR,ES,2021,38.9,Spain
A,TOTAL,EMP,FT,Y20-64,T,HR,ES,2022,39.1,Spain
A,TOTAL,EMP,FT,Y20-64,T,HR,ES,2023,38.8,Spain
A,TOTAL,EMP,FT,Y20-64,T,HR,ES,2024,38.9,Spain
A,TOTAL,EMP,FT,Y20-64,T,HR,ES,2025,38.7,Spain
A,TOTAL,EMP,FT,Y20-64,T,HR,EU27_2020,2008,41.0,European Union - 27 countries (from 2020)
A,TOTAL,EMP,FT,Y20-64,T,HR,EU27_2020,2009,40.6,European Union - 27 countries (from 2020)
A,TOTAL,EMP,FT,Y20-64,T,HR,EU27_2020,2010,40.8,European Union - 27 countries (from 2020)
A,TOTAL,EMP,FT,Y20-64,T,HR,EU27_2020,2011,40.8,European Union - 27 countries (from 2020)
A,TOTAL,EMP,FT,Y20-64,T,HR,EU27_2020,2012,40.6,European Union - 27 countries (from 2020)
A,TOTAL,EMP,FT,Y20-64,T,HR,EU27_2020,2013,40.5,European Union - 27 countries (from 2020)
A,TOTAL,EMP,FT,Y20-64,T,HR,EU27_2020,2014,40.4,European Union - 27 countries (from 2020)
A,TOTAL,EMP,FT,Y20-64,T,HR,EU27_2020,2015,40.4,European Union - 27 countries (from 2020)
A,TOTAL,EMP,FT,Y20-64,T,HR,EU27_2020,2016,40.4,European Union - 27 countries (from 2020)
A,TOTAL,EMP,FT,Y20-64,T,HR,EU27_2020,2017,40.2,European Union - 27 countries (from 2020)
A,TOTAL,EMP,FT,Y20-64,T,HR,EU27_2020,2018,40.1,European Union - 27 countries (from 2020)
A,TOTAL,EMP,FT,Y20-64,T,HR,EU27_2020,2019,40.0,European Union - 27 countries (from 2020)
A,TOTAL,EMP,FT,Y20-64,T,HR,EU27_2020,2020,39.1,European Union - 27 countries (from 2020)
A,TOTAL,EMP,FT,Y20-64,T,HR,EU27_2020,2021,39.3,European Union - 27 countries (from 2020)
A,TOTAL,EMP,FT,Y20-64,T,HR,EU27_2020,2022,39.3,European Union - 27 countries (from 2020)
A,TOTAL,EMP,FT,Y20-64,T,HR,EU27_2020,2023,39.0,European Union - 27 countries (from 2020)
A,TOTAL,EMP,FT,Y20-64,T,HR,EU27_2020,2024,38.8,European Union - 27 countries (from 2020)
A,TOTAL,EMP,FT,Y20-64,T,HR,EU27_2020,2025,38.7,European Union - 27 countries (from 2020)
A,TOTAL,EMP,FT,Y20-64,T,HR,FI,2008,39.2,Finland
A,TOTAL,EMP,FT,Y20-64,T,HR,FI,2009,38.6,Finland
A,TOTAL,EMP,FT,Y20-64,T,HR,FI,2010,39.0,Finland
A,TOTAL,EMP,FT,Y20-64,T,HR,FI,2011,39.0,Finland
A,TOTAL,EMP,FT,Y20-64,T,HR,FI,2012,38.8,Finland
A,TOTAL,EMP,FT,Y20-64,T,HR,FI,2013,38.5,Finland
A,TOTAL,EMP,FT,Y20-64,T,HR,FI,2014,38.4,Finland
A,TOTAL,EMP,FT,Y20-64,T,HR,FI,2015,38.5,Finland
A,TOTAL,EMP,FT,Y20-64,T,HR,FI,2016,38.8,Finland
A,TOTAL,EMP,FT,Y20-64,T,HR,FI,2017,38.7,Finland
A,TOTAL,EMP,FT,Y20-64,T,HR,FI,2018,38.5,Finland
A,TOTAL,EMP,FT,Y20-64,T,HR,FI,2019,38.5,Finland
A,TOTAL,EMP,FT,Y20-64,T,HR,FI,2020,38.3,Finland
A,TOTAL,EMP,FT,Y20-64,T,HR,FI,2021,37.8,Finland
A,TOTAL,EMP,FT,Y20-64,T,HR,FI,2022,37.4,Finland
A,TOTAL,EMP,FT,Y20-64,T,HR,FI,2023,37.2,Finland
A,TOTAL,EMP,FT,Y20-64,T,HR,FI,2024,37.2,Finland
A,TOTAL,EMP,FT,Y20-64,T,HR,FI,2025,37.1,Finland
A,TOTAL,EMP,FT,Y20-64,T,HR,FR,2008,39.6,France
A,TOTAL,EMP,FT,Y20-64,T,HR,FR,2009,39.4,France
A,TOTAL,EMP,FT,Y20-64,T,HR,FR,2010,39.8,France
A,TOTAL,EMP,FT,Y20-64,T,HR,FR,2011,39.9,France
A,TOTAL,EMP,FT,Y20-64,T,HR,FR,2012,39.6,France
A,TOTAL,EMP,FT,Y20-64,T,HR,FR,2013,38.9,France
A,TOTAL,EMP,FT,Y20-64,T,HR,FR,2014,38.8,France
A,TOTAL,EMP,FT,Y20-64,T,HR,FR,2015,38.8,France
A,TOTAL,EMP,FT,Y20-64,T,HR,FR,2016,39.1,France
A,TOTAL,EMP,FT,Y20-64,T,HR,FR,2017,39.0,France
A,TOTAL,EMP,FT,Y20-64,T,HR,FR,2018,39.0,France
A,TOTAL,EMP,FT,Y20-64,T,HR,FR,2019,38.8,France
A,TOTAL,EMP,FT,Y20-64,T,HR,FR,2020,38.2,France
A,TOTAL,EMP,FT,Y20-64,T,HR,FR,2021,38.5,France
A,TOTAL,EMP,FT,Y20-64,T,HR,FR,2022,38.7,France
A,TOTAL,EMP,FT,Y20-64,T,HR,FR,2023,38.5,France
A,TOTAL,EMP,FT,Y20-64,T,HR,FR,2024,38.3,France
A,TOTAL,EMP,FT,Y20-64,T,HR,FR,2025,38.2,France
A,TOTAL,EMP,FT,Y20-64,T,HR,HR,2008,41.5,Croatia
A,TOTAL,EMP,FT,Y20-64,T,HR,HR,2009,41.2,Croatia
A,TOTAL,EMP,FT,Y20-64,T,HR,HR,2010,41.3,Croatia
A,TOTAL,EMP,FT,Y20-64,T,HR,HR,2011,41.2,Croatia
A,TOTAL,EMP,FT,Y20-64,T,HR,HR,2012,40.7,Croatia
A,TOTAL,EMP,FT,Y20-64,T,HR,HR,2013,40.3,Croatia
A,TOTAL,EMP,FT,Y20-64,T,HR,HR,2014,40.4,Croatia
A,TOTAL,EMP,FT,Y20-64,T,HR,HR,2015,39.6,Croatia
A,TOTAL,EMP,FT,Y20-64,T,HR,HR,2016,39.7,Croatia
A,TOTAL,EMP,FT,Y20-64,T,HR,HR,2017,39.9,Croatia
A,TOTAL,EMP,FT,Y20-64,T,HR,HR,2018,39.7,Croatia
A,TOTAL,EMP,FT,Y20-64,T,HR,HR,2019,39.5,Croatia
A,TOTAL,EMP,FT,Y20-64,T,HR,HR,2020,39.1,Croatia
A,TOTAL,EMP,FT,Y20-64,T,HR,HR,2021,39.0,Croatia
A,TOTAL,EMP,FT,Y20-64,T,HR,HR,2022,38.8,Croatia
A,TOTAL,EMP,FT,Y20-64,T,HR,HR,2023,38.7,Croatia
A,TOTAL,EMP,FT,Y20-64,T,HR,HR,2024,38.3,Croatia
A,TOTAL,EMP,FT,Y20-64,T,HR,HR,2025,38.3,Croatia
A,TOTAL,EMP,FT,Y20-64,T,HR,HU,2008,40.8,Hungary
A,TOTAL,EMP,FT,Y20-64,T,HR,HU,2009,40.5,Hungary
A,TOTAL,EMP,FT,Y20-64,T,HR,HU,2010,40.5,Hungary
A,TOTAL,EMP,FT,Y20-64,T,HR,HU,2011,40.3,Hungary
A,TOTAL,EMP,FT,Y20-64,T,HR,HU,2012,39.7,Hungary
A,TOTAL,EMP,FT,Y20-64,T,HR,HU,2013,39.4,Hungary
A,TOTAL,EMP,FT,Y20-64,T,HR,HU,2014,39.3,Hungary
A,TOTAL,EMP,FT,Y20-64,T,HR,HU,2015,39.3,Hungary
A,TOTAL,EMP,FT,Y20-64,T,HR,HU,2016,39.8,Hungary
A,TOTAL,EMP,FT,Y20-64,T,HR,HU,2017,39.3,Hungary
A,TOTAL,EMP,FT,Y20-64,T,HR,HU,2018,38.8,Hungary
A,TOTAL,EMP,FT,Y20-64,T,HR,HU,2019,39.1,Hungary
A,TOTAL,EMP,FT,Y20-64,T,HR,HU,2020,38.9,Hungary
A,TOTAL,EMP,FT,Y20-64,T,HR,HU,2021,39.0,Hungary
A,TOTAL,EMP,FT,Y20-64,T,HR,HU,2022,39.3,Hungary
A,TOTAL,EMP,FT,Y20-64,T,HR,HU,2023,38.5,Hungary
A,TOTAL,EMP,FT,Y20-64,T,HR,HU,2024,38.1,Hungary
A,TOTAL,EMP,FT,Y20-64,T,HR,HU,2025,38.1,Hungary
A,TOTAL,EMP,FT,Y20-64,T,HR,IE,2008,39.9,Ireland
A,TOTAL,EMP,FT,Y20-64,T,HR,IE,2009,39.5,Ireland
A,TOTAL,EMP,FT,Y20-64,T,HR,IE,2010,39.8,Ireland
A,TOTAL,EMP,FT,Y20-64,T,HR,IE,2011,39.8,Ireland
A,TOTAL,EMP,FT,Y20-64,T,HR,IE,2012,39.9,Ireland
A,TOTAL,EMP,FT,Y20-64,T,HR,IE,2013,40.0,Ireland
A,TOTAL,EMP,FT,Y20-64,T,HR,IE,2014,40.0,Ireland
A,TOTAL,EMP,FT,Y20-64,T,HR,IE,2015,39.7,Ireland
A,TOTAL,EMP,FT,Y20-64,T,HR,IE,2016,40.0,Ireland
A,TOTAL,EMP,FT,Y20-64,T,HR,IE,2017,40.1,Ireland
A,TOTAL,EMP,FT,Y20-64,T,HR,IE,2018,40.5,Ireland
A,TOTAL,EMP,FT,Y20-64,T,HR,IE,2019,40.4,Ireland
A,TOTAL,EMP,FT,Y20-64,T,HR,IE,2020,39.6,Ireland
A,TOTAL,EMP,FT,Y20-64,T,HR,IE,2021,39.5,Ireland
A,TOTAL,EMP,FT,Y20-64,T,HR,IE,2022,39.3,Ireland
A,TOTAL,EMP,FT,Y20-64,T,HR,IE,2023,38.8,Ireland
A,TOTAL,EMP,FT,Y20-64,T,HR,IE,2024,38.3,Ireland
A,TOTAL,EMP,FT,Y20-64,T,HR,IE,2025,38.2,Ireland
A,TOTAL,EMP,FT,Y20-64,T,HR,IT,2008,40.3,Italy
A,TOTAL,EMP,FT,Y20-64,T,HR,IT,2009,39.9,Italy
A,TOTAL,EMP,FT,Y20-64,T,HR,IT,2010,40.1,Italy
A,TOTAL,EMP,FT,Y20-64,T,HR,IT,2011,39.9,Italy
A,TOTAL,EMP,FT,Y20-64,T,HR,IT,2012,39.5,Italy
A,TOTAL,EMP,FT,Y20-64,T,HR,IT,2013,39.6,Italy
A,TOTAL,EMP,FT,Y20-64,T,HR,IT,2014,39.6,Italy
A,TOTAL,EMP,FT,Y20-64,T,HR,IT,2015,39.7,Italy
A,TOTAL,EMP,FT,Y20-64,T,HR,IT,2016,39.9,Italy
A,TOTAL,EMP,FT,Y20-64,T,HR,IT,2017,39.9,Italy
A,TOTAL,EMP,FT,Y20-64,T,HR,IT,2018,40.1,Italy
A,TOTAL,EMP,FT,Y20-64,T,HR,IT,2019,40.1,Italy
A,TOTAL,EMP,FT,Y20-64,T,HR,IT,2020,38.8,Italy
A,TOTAL,EMP,FT,Y20-64,T,HR,IT,2021,39.2,Italy
A,TOTAL,EMP,FT,Y20-64,T,HR,IT,2022,39.2,Italy
A,TOTAL,EMP,FT,Y20-64,T,HR,IT,2023,39.0,Italy
A,TOTAL,EMP,FT,Y20-64,T,HR,IT,2024,38.8,Italy
A,TOTAL,EMP,FT,Y20-64,T,HR,IT,2025,38.5,Italy
A,TOTAL,EMP,FT,Y20-64,T,HR,LT,2008,40.4,Lithuania
A,TOTAL,EMP,FT,Y20-64,T,HR,LT,2009,39.9,Lithuania
A,TOTAL,EMP,FT,Y20-64,T,HR,LT,2010,39.9,Lithuania
A,TOTAL,EMP,FT,Y20-64,T,HR,LT,2011,39.9,Lithuania
A,TOTAL,EMP,FT,Y20-64,T,HR,LT,2012,39.8,Lithuania
A,TOTAL,EMP,FT,Y20-64,T,HR,LT,2013,39.7,Lithuania
A,TOTAL,EMP,FT,Y20-64,T,HR,LT,2014,39.6,Lithuania
A,TOTAL,EMP,FT,Y20-64,T,HR,LT,2015,39.7,Lithuania
A,TOTAL,EMP,FT,Y20-64,T,HR,LT,2016,39.7,Lithuania
A,TOTAL,EMP,FT,Y20-64,T,HR,LT,2017,39.3,Lithuania
A,TOTAL,EMP,FT,Y20-64,T,HR,LT,2018,39.5,Lithuania
A,TOTAL,EMP,FT,Y20-64,T,HR,LT,2019,39.5,Lithuania
A,TOTAL,EMP,FT,Y20-64,T,HR,LT,2020,39.0,Lithuania
A,TOTAL,EMP,FT,Y20-64,T,HR,LT,2021,39.5,Lithuania
A,TOTAL,EMP,FT,Y20-64,T,HR,LT,2022,39.3,Lithuania
A,TOTAL,EMP,FT,Y20-64,T,HR,LT,2023,39.4,Lithuania
A,TOTAL,EMP,FT,Y20-64,T,HR,LT,2024,39.4,Lithuania
A,TOTAL,EMP,FT,Y20-64,T,HR,LT,2025,39.4,Lithuania
A,TOTAL,EMP,FT,Y20-64,T,HR,LU,2008,40.4,Luxembourg
A,TOTAL,EMP,FT,Y20-64,T,HR,LU,2009,41.4,Luxembourg
A,TOTAL,EMP,FT,Y20-64,T,HR,LU,2010,41.4,Luxembourg
A,TOTAL,EMP,FT,Y20-64,T,HR,LU,2011,41.3,Luxembourg
A,TOTAL,EMP,FT,Y20-64,T,HR,LU,2012,41.8,Luxembourg
A,TOTAL,EMP,FT,Y20-64,T,HR,LU,2013,41.5,Luxembourg
A,TOTAL,EMP,FT,Y20-64,T,HR,LU,2014,41.5,Luxembourg
A,TOTAL,EMP,FT,Y20-64,T,HR,LU,2015,41.4,Luxembourg
A,TOTAL,EMP,FT,Y20-64,T,HR,LU,2016,41.2,Luxembourg
A,TOTAL,EMP,FT,Y20-64,T,HR,LU,2017,40.9,Luxembourg
A,TOTAL,EMP,FT,Y20-64,T,HR,LU,2018,40.6,Luxembourg
A,TOTAL,EMP,FT,Y20-64,T,HR,LU,2019,40.6,Luxembourg
A,TOTAL,EMP,FT,Y20-64,T,HR,LU,2020,39.8,Luxembourg
A,TOTAL,EMP,FT,Y20-64,T,HR,LU,2021,38.7,Luxembourg
A,TOTAL,EMP,FT,Y20-64,T,HR,LU,2022,38.2,Luxembourg
A,TOTAL,EMP,FT,Y20-64,T,HR,LU,2023,37.8,Luxembourg
A,TOTAL,EMP,FT,Y20-64,T,HR,LU,2024,38.1,Luxembourg
A,TOTAL,EMP,FT,Y20-64,T,HR,LU,2025,38.2,Luxembourg
A,TOTAL,EMP,FT,Y20-64,T,HR,LV,2008,40.8,Latvia
A,TOTAL,EMP,FT,Y20-64,T,HR,LV,2009,40.6,Latvia
A,TOTAL,EMP,FT,Y20-64,T,HR,LV,2010,40.2,Latvia
A,TOTAL,EMP,FT,Y20-64,T,HR,LV,2011,40.3,Latvia
A,TOTAL,EMP,FT,Y20-64,T,HR,LV,2012,40.1,Latvia
A,TOTAL,EMP,FT,Y20-64,T,HR,LV,2013,39.9,Latvia
A,TOTAL,EMP,FT,Y20-64,T,HR,LV,2014,40.0,Latvia
A,TOTAL,EMP,FT,Y20-64,T,HR,LV,2015,39.8,Latvia
A,TOTAL,EMP,FT,Y20-64,T,HR,LV,2016,40.3,Latvia
A,TOTAL,EMP,FT,Y20-64,T,HR,LV,2017,39.9,Latvia
A,TOTAL,EMP,FT,Y20-64,T,HR,LV,2018,39.9,Latvia
A,TOTAL,EMP,FT,Y20-64,T,HR,LV,2019,39.6,Latvia
A,TOTAL,EMP,FT,Y20-64,T,HR,LV,2020,39.3,Latvia
A,TOTAL,EMP,FT,Y20-64,T,HR,LV,2021,39.5,Latvia
A,TOTAL,EMP,FT,Y20-64,T,HR,LV,2022,39.7,Latvia
A,TOTAL,EMP,FT,Y20-64,T,HR,LV,2023,39.6,Latvia
A,TOTAL,EMP,FT,Y20-64,T,HR,LV,2024,39.5,Latvia
A,TOTAL,EMP,FT,Y20-64,T,HR,LV,2025,39.1,Latvia
A,TOTAL,EMP,FT,Y20-64,T,HR,MT,2008,41.3,Malta
A,TOTAL,EMP,FT,Y20-64,T,HR,MT,2009,41.0,Malta
A,TOTAL,EMP,FT,Y20-64,T,HR,MT,2010,40.6,Malta
A,TOTAL,EMP,FT,Y20-64,T,HR,MT,2011,40.4,Malta
A,TOTAL,EMP,FT,Y20-64,T,HR,MT,2012,40.4,Malta
A,TOTAL,EMP,FT,Y20-64,T,HR,MT,2013,40.3,Malta
A,TOTAL,EMP,FT,Y20-64,T,HR,MT,2014,40.1,Malta
A,TOTAL,EMP,FT,Y20-64,T,HR,MT,2015,40.2,Malta
A,TOTAL,EMP,FT,Y20-64,T,HR,MT,2016,40.7,Malta
A,TOTAL,EMP,FT,Y20-64,T,HR,MT,2017,40.0,Malta
A,TOTAL,EMP,FT,Y20-64,T,HR,MT,2018,40.3,Malta
A,TOTAL,EMP,FT,Y20-64,T,HR,MT,2019,41.3,Malta
A,TOTAL,EMP,FT,Y20-64,T,HR,MT,2020,39.9,Malta
A,TOTAL,EMP,FT,Y20-64,T,HR,MT,2021,39.2,Malta
A,TOTAL,EMP,FT,Y20-64,T,HR,MT,2022,39.0,Malta
A,TOTAL,EMP,FT,Y20-64,T,HR,MT,2023,39.0,Malta
A,TOTAL,EMP,FT,Y20-64,T,HR,MT,2024,39.1,Malta
A,TOTAL,EMP,FT,Y20-64,T,HR,MT,2025,39.1,Malta
A,TOTAL,EMP,FT,Y20-64,T,HR,NL,2008,41.3,Netherlands
A,TOTAL,EMP,FT,Y20-64,T,HR,NL,2009,41.1,Netherlands
A,TOTAL,EMP,FT,Y20-64,T,HR,NL,2010,41.2,Netherlands
A,TOTAL,EMP,FT,Y20-64,T,HR,NL,2011,41.5,Netherlands
A,TOTAL,EMP,FT,Y20-64,T,HR,NL,2012,41.3,Netherlands
A,TOTAL,EMP,FT,Y20-64,T,HR,NL,2013,41.3,Netherlands
A,TOTAL,EMP,FT,Y20-64,T,HR,NL,2014,41.7,Netherlands
A,TOTAL,EMP,FT,Y20-64,T,HR,NL,2015,41.5,Netherlands
A,TOTAL,EMP,FT,Y20-64,T,HR,NL,2016,41.7,Netherlands
A,TOTAL,EMP,FT,Y20-64,T,HR,NL,2017,41.5,Netherlands
A,TOTAL,EMP,FT,Y20-64,T,HR,NL,2018,41.3,Netherlands
A,TOTAL,EMP,FT,Y20-64,T,HR,NL,2019,41.2,Netherlands
A,TOTAL,EMP,FT,Y20-64,T,HR,NL,2020,40.3,Netherlands
A,TOTAL,EMP,FT,Y20-64,T,HR,NL,2021,38.1,Netherlands
A,TOTAL,EMP,FT,Y20-64,T,HR,NL,2022,38.1,Netherlands
A,TOTAL,EMP,FT,Y20-64,T,HR,NL,2023,37.7,Netherlands
A,TOTAL,EMP,FT,Y20-64,T,HR,NL,2024,37.6,Netherlands
A,TOTAL,EMP,FT,Y20-64,T,HR,NL,2025,37.4,Netherlands
A,TOTAL,EMP,FT,Y20-64,T,HR,PL,2008,41.9,Poland
A,TOTAL,EMP,FT,Y20-64,T,HR,PL,2009,41.5,Poland
A,TOTAL,EMP,FT,Y20-64,T,HR,PL,2010,41.4,Poland
A,TOTAL,EMP,FT,Y20-64,T,HR,PL,2011,41.1,Poland
A,TOTAL,EMP,FT,Y20-64,T,HR,PL,2012,41.1,Poland
A,TOTAL,EMP,FT,Y20-64,T,HR,PL,2013,40.9,Poland
A,TOTAL,EMP,FT,Y20-64,T,HR,PL,2014,41.1,Poland
A,TOTAL,EMP,FT,Y20-64,T,HR,PL,2015,41.1,Poland
A,TOTAL,EMP,FT,Y20-64,T,HR,PL,2016,41.2,Poland
A,TOTAL,EMP,FT,Y20-64,T,HR,PL,2017,40.8,Poland
A,TOTAL,EMP,FT,Y20-64,T,HR,PL,2018,40.2,Poland
A,TOTAL,EMP,FT,Y20-64,T,HR,PL,2019,40.1,Poland
A,TOTAL,EMP,FT,Y20-64,T,HR,PL,2020,39.6,Poland
A,TOTAL,EMP,FT,Y20-64,T,HR,PL,2021,40.7,Poland
A,TOTAL,EMP,FT,Y20-64,T,HR,PL,2022,40.4,Poland
A,TOTAL,EMP,FT,Y20-64,T,HR,PL,2023,40.3,Poland
A,TOTAL,EMP,FT,Y20-64,T,HR,PL,2024,39.9,Poland
A,TOTAL,EMP,FT,Y20-64,T,HR,PL,2025,39.9,Poland
A,TOTAL,EMP,FT,Y20-64,T,HR,PT,2008,40.4,Portugal
A,TOTAL,EMP,FT,Y20-64,T,HR,PT,2009,40.3,Portugal
A,TOTAL,EMP,FT,Y20-64,T,HR,PT,2010,40.5,Portugal
A,TOTAL,EMP,FT,Y20-64,T,HR,PT,2011,41.2,Portugal
A,TOTAL,EMP,FT,Y20-64,T,HR,PT,2012,41.3,Portugal
A,TOTAL,EMP,FT,Y20-64,T,HR,PT,2013,41.4,Portugal
A,TOTAL,EMP,FT,Y20-64,T,HR,PT,2014,41.4,Portugal
A,TOTAL,EMP,FT,Y20-64,T,HR,PT,2015,41.3,Portugal
A,TOTAL,EMP,FT,Y20-64,T,HR,PT,2016,40.6,Portugal
A,TOTAL,EMP,FT,Y20-64,T,HR,PT,2017,40.5,Portugal
A,TOTAL,EMP,FT,Y20-64,T,HR,PT,2018,40.4,Portugal
A,TOTAL,EMP,FT,Y20-64,T,HR,PT,2019,40.1,Portugal
A,TOTAL,EMP,FT,Y20-64,T,HR,PT,2020,39.1,Portugal
A,TOTAL,EMP,FT,Y20-64,T,HR,PT,2021,39.4,Portugal
A,TOTAL,EMP,FT,Y20-64,T,HR,PT,2022,39.2,Portugal
A,TOTAL,EMP,FT,Y20-64,T,HR,PT,2023,39.1,Portugal
A,TOTAL,EMP,FT,Y20-64,T,HR,PT,2024,38.9,Portugal
A,TOTAL,EMP,FT,Y20-64,T,HR,PT,2025,38.7,Portugal
A,TOTAL,EMP,FT,Y20-64,T,HR,RO,2008,41.2,Romania
A,TOTAL,EMP,FT,Y20-64,T,HR,RO,2009,40.9,Romania
A,TOTAL,EMP,FT,Y20-64,T,HR,RO,2010,40.9,Romania
A,TOTAL,EMP,FT,Y20-64,T,HR,RO,2011,40.8,Romania
A,TOTAL,EMP,FT,Y20-64,T,HR,RO,2012,40.7,Romania
A,TOTAL,EMP,FT,Y20-64,T,HR,RO,2013,40.6,Romania
A,TOTAL,EMP,FT,Y20-64,T,HR,RO,2014,40.6,Romania
A,TOTAL,EMP,FT,Y20-64,T,HR,RO,2015,40.2,Romania
A,TOTAL,EMP,FT,Y20-64,T,HR,RO,2016,40.3,Romania
A,TOTAL,EMP,FT,Y20-64,T,HR,RO,2017,40.3,Romania
A,TOTAL,EMP,FT,Y20-64,T,HR,RO,2018,40.2,Romania
A,TOTAL,EMP,FT,Y20-64,T,HR,RO,2019,40.3,Romania
A,TOTAL,EMP,FT,Y20-64,T,HR,RO,2020,39.7,Romania
A,TOTAL,EMP,FT,Y20-64,T,HR,RO,2021,40.3,Romania
A,TOTAL,EMP,FT,Y20-64,T,HR,RO,2022,40.1,Romania
A,TOTAL,EMP,FT,Y20-64,T,HR,RO,2023,39.9,Romania
A,TOTAL,EMP,FT,Y20-64,T,HR,RO,2024,39.2,Romania
A,TOTAL,EMP,FT,Y20-64,T,HR,RO,2025,38.5,Romania
A,TOTAL,EMP,FT,Y20-64,T,HR,SE,2008,39.6,Sweden
A,TOTAL,EMP,FT,Y20-64,T,HR,SE,2009,39.2,Sweden
A,TOTAL,EMP,FT,Y20-64,T,HR,SE,2010,39.9,Sweden
A,TOTAL,EMP,FT,Y20-64,T,HR,SE,2011,39.7,Sweden
A,TOTAL,EMP,FT,Y20-64,T,HR,SE,2012,39.5,Sweden
A,TOTAL,EMP,FT,Y20-64,T,HR,SE,2013,39.4,Sweden
A,TOTAL,EMP,FT,Y20-64,T,HR,SE,2014,39.2,Sweden
A,TOTAL,EMP,FT,Y20-64,T,HR,SE,2015,39.1,Sweden
A,TOTAL,EMP,FT,Y20-64,T,HR,SE,2016,39.4,Sweden
A,TOTAL,EMP,FT,Y20-64,T,HR,SE,2017,39.1,Sweden
A,TOTAL,EMP,FT,Y20-64,T,HR,SE,2018,39.0,Sweden
A,TOTAL,EMP,FT,Y20-64,T,HR,SE,2019,38.8,Sweden
A,TOTAL,EMP,FT,Y20-64,T,HR,SE,2020,37.8,Sweden
A,TOTAL,EMP,FT,Y20-64,T,HR,SE,2021,38.3,Sweden
A,TOTAL,EMP,FT,Y20-64,T,HR,SE,2022,38.4,Sweden
A,TOTAL,EMP,FT,Y20-64,T,HR,SE,2023,38.2,Sweden
A,TOTAL,EMP,FT,Y20-64,T,HR,SE,2024,38.2,Sweden
A,TOTAL,EMP,FT,Y20-64,T,HR,SE,2025,37.8,Sweden
A,TOTAL,EMP,FT,Y20-64,T,HR,SI,2008,41.5,Slovenia
A,TOTAL,EMP,FT,Y20-64,T,HR,SI,2009,41.2,Slovenia
A,TOTAL,EMP,FT,Y20-64,T,HR,SI,2010,41.1,Slovenia
A,TOTAL,EMP,FT,Y20-64,T,HR,SI,2011,40.7,Slovenia
A,TOTAL,EMP,FT,Y20-64,T,HR,SI,2012,40.5,Slovenia
A,TOTAL,EMP,FT,Y20-64,T,HR,SI,2013,40.8,Slovenia
A,TOTAL,EMP,FT,Y20-64,T,HR,SI,2014,40.9,Slovenia
A,TOTAL,EMP,FT,Y20-64,T,HR,SI,2015,41.0,Slovenia
A,TOTAL,EMP,FT,Y20-64,T,HR,SI,2016,40.5,Slovenia
A,TOTAL,EMP,FT,Y20-64,T,HR,SI,2017,39.9,Slovenia
A,TOTAL,EMP,FT,Y20-64,T,HR,SI,2018,40.1,Slovenia
A,TOTAL,EMP,FT,Y20-64,T,HR,SI,2019,40.0,Slovenia
A,TOTAL,EMP,FT,Y20-64,T,HR,SI,2020,40.4,Slovenia
A,TOTAL,EMP,FT,Y20-64,T,HR,SI,2021,40.2,Slovenia
A,TOTAL,EMP,FT,Y20-64,T,HR,SI,2022,39.9,Slovenia
A,TOTAL,EMP,FT,Y20-64,T,HR,SI,2023,39.6,Slovenia
A,TOTAL,EMP,FT,Y20-64,T,HR,SI,2024,39.5,Slovenia
A,TOTAL,EMP,FT,Y20-64,T,HR,SI,2025,39.8,Slovenia
A,TOTAL,EMP,FT,Y20-64,T,HR,SK,2008,40.4,Slovakia
A,TOTAL,EMP,FT,Y20-64,T,HR,SK,2009,39.9,Slovakia
A,TOTAL,EMP,FT,Y20-64,T,HR,SK,2010,40.3,Slovakia
A,TOTAL,EMP,FT,Y20-64,T,HR,SK,2011,40.4,Slovakia
A,TOTAL,EMP,FT,Y20-64,T,HR,SK,2012,40.4,Slovakia
A,TOTAL,EMP,FT,Y20-64,T,HR,SK,2013,40.5,Slovakia
A,TOTAL,EMP,FT,Y20-64,T,HR,SK,2014,40.0,Slovakia
A,TOTAL,EMP,FT,Y20-64,T,HR,SK,2015,40.2,Slovakia
A,TOTAL,EMP,FT,Y20-64,T,HR,SK,2016,40.1,Slovakia
A,TOTAL,EMP,FT,Y20-64,T,HR,SK,2017,39.7,Slovakia
A,TOTAL,EMP,FT,Y20-64,T,HR,SK,2018,39.8,Slovakia
A,TOTAL,EMP,FT,Y20-64,T,HR,SK,2019,39.8,Slovakia
A,TOTAL,EMP,FT,Y20-64,T,HR,SK,2020,39.2,Slovakia
A,TOTAL,EMP,FT,Y20-64,T,HR,SK,2021,38.5,Slovakia
A,TOTAL,EMP,FT,Y20-64,T,HR,SK,2022,38.4,Slovakia
A,TOTAL,EMP,FT,Y20-64,T,HR,SK,2023,38.2,Slovakia
A,TOTAL,EMP,FT,Y20-64,T,HR,SK,2024,38.6,Slovakia
A,TOTAL,EMP,FT,Y20-64,T,HR,SK,2025,38.4,Slovakia
A,TOTAL,EMP,PT,Y20-64,T,HR,AT,2008,20.6,Austria
A,TOTAL,EMP,PT,Y20-64,T,HR,AT,2009,20.4,Austria
A,TOTAL,EMP,PT,Y20-64,T,HR,AT,2010,20.5,Austria
A,TOTAL,EMP,PT,Y20-64,T,HR,AT,2011,20.5,Austria
A,TOTAL,EMP,PT,Y20-64,T,HR,AT,2012,20.6,Austria
A,TOTAL,EMP,PT,Y20-64,T,HR,AT,2013,20.8,Austria
A,TOTAL,EMP,PT,Y20-64,T,HR,AT,2014,20.5,Austria
A,TOTAL,EMP,PT,Y20-64,T,HR,AT,2015,20.6,Austria
A,TOTAL,EMP,PT,Y20-64,T,HR,AT,2016,20.7,Austria
A,TOTAL,EMP,PT,Y20-64,T,HR,AT,2017,20.8,Austria
A,TOTAL,EMP,PT,Y20-64,T,HR,AT,2018,21.1,Austria
A,TOTAL,EMP,PT,Y20-64,T,HR,AT,2019,21.4,Austria
A,TOTAL,EMP,PT,Y20-64,T,HR,AT,2020,20.6,Austria
A,TOTAL,EMP,PT,Y20-64,T,HR,AT,2021,20.8,Austria
A,TOTAL,EMP,PT,Y20-64,T,HR,AT,2022,21.3,Austria
A,TOTAL,EMP,PT,Y20-64,T,HR,AT,2023,21.5,Austria
A,TOTAL,EMP,PT,Y20-64,T,HR,AT,2024,21.6,Austria
A,TOTAL,EMP,PT,Y20-64,T,HR,AT,2025,21.8,Austria
A,TOTAL,EMP,PT,Y20-64,T,HR,BE,2008,23.1,Belgium
A,TOTAL,EMP,PT,Y20-64,T,HR,BE,2009,23.3,Belgium
A,TOTAL,EMP,PT,Y20-64,T,HR,BE,2010,23.5,Belgium
A,TOTAL,EMP,PT,Y20-64,T,HR,BE,2011,23.3,Belgium
A,TOTAL,EMP,PT,Y20-64,T,HR,BE,2012,23.6,Belgium
A,TOTAL,EMP,PT,Y20-64,T,HR,BE,2013,23.5,Belgium
A,TOTAL,EMP,PT,Y20-64,T,HR,BE,2014,23.7,Belgium
A,TOTAL,EMP,PT,Y20-64,T,HR,BE,2015,23.7,Belgium
A,TOTAL,EMP,PT,Y20-64,T,HR,BE,2016,23.9,Belgium
A,TOTAL,EMP,PT,Y20-64,T,HR,BE,2017,24.6,Belgium
A,TOTAL,EMP,PT,Y20-64,T,HR,BE,2018,24.5,Belgium
A,TOTAL,EMP,PT,Y20-64,T,HR,BE,2019,24.3,Belgium
A,TOTAL,EMP,PT,Y20-64,T,HR,BE,2020,24.3,Belgium
A,TOTAL,EMP,PT,Y20-64,T,HR,BE,2021,23.6,Belgium
A,TOTAL,EMP,PT,Y20-64,T,HR,BE,2022,23.6,Belgium
A,TOTAL,EMP,PT,Y20-64,T,HR,BE,2023,23.4,Belgium
A,TOTAL,EMP,PT,Y20-64,T,HR,BE,2024,23.2,Belgium
A,TOTAL,EMP,PT,Y20-64,T,HR,BE,2025,23.0,Belgium
A,TOTAL,EMP,PT,Y20-64,T,HR,BG,2008,22.3,Bulgaria
A,TOTAL,EMP,PT,Y20-64,T,HR,BG,2009,20.3,Bulgaria
A,TOTAL,EMP,PT,Y20-64,T,HR,BG,2010,20.7,Bulgaria
A,TOTAL,EMP,PT,Y20-64,T,HR,BG,2011,20.5,Bulgaria
A,TOTAL,EMP,PT,Y20-64,T,HR,BG,2012,20.3,Bulgaria
A,TOTAL,EMP,PT,Y20-64,T,HR,BG,2013,20.3,Bulgaria
A,TOTAL,EMP,PT,Y20-64,T,HR,BG,2014,20.4,Bulgaria
A,TOTAL,EMP,PT,Y20-64,T,HR,BG,2015,20.0,Bulgaria
A,TOTAL,EMP,PT,Y20-64,T,HR,BG,2016,19.9,Bulgaria
A,TOTAL,EMP,PT,Y20-64,T,HR,BG,2017,20.2,Bulgaria
A,TOTAL,EMP,PT,Y20-64,T,HR,BG,2018,20.4,Bulgaria
A,TOTAL,EMP,PT,Y20-64,T,HR,BG,2019,19.9,Bulgaria
A,TOTAL,EMP,PT,Y20-64,T,HR,BG,2020,19.5,Bulgaria
A,TOTAL,EMP,PT,Y20-64,T,HR,BG,2021,21.3,Bulgaria
A,TOTAL,EMP,PT,Y20-64,T,HR,BG,2022,20.3,Bulgaria
A,TOTAL,EMP,PT,Y20-64,T,HR,BG,2023,20.0,Bulgaria
A,TOTAL,EMP,PT,Y20-64,T,HR,BG,2024,19.7,Bulgaria
A,TOTAL,EMP,PT,Y20-64,T,HR,BG,2025,20.0,Bulgaria
A,TOTAL,EMP,PT,Y20-64,T,HR,CY,2008,20.0,Cyprus
A,TOTAL,EMP,PT,Y20-64,T,HR,CY,2009,19.9,Cyprus
A,TOTAL,EMP,PT,Y20-64,T,HR,CY,2010,19.7,Cyprus
A,TOTAL,EMP,PT,Y20-64,T,HR,CY,2011,19.3,Cyprus
A,TOTAL,EMP,PT,Y20-64,T,HR,CY,2012,19.7,Cyprus
A,TOTAL,EMP,PT,Y20-64,T,HR,CY,2013,19.0,Cyprus
A,TOTAL,EMP,PT,Y20-64,T,HR,CY,2014,19.1,Cyprus
A,TOTAL,EMP,PT,Y20-64,T,HR,CY,2015,19.1,Cyprus
A,TOTAL,EMP,PT,Y20-64,T,HR,CY,2016,18.9,Cyprus
A,TOTAL,EMP,PT,Y20-64,T,HR,CY,2017,19.4,Cyprus
A,TOTAL,EMP,PT,Y20-64,T,HR,CY,2018,19.9,Cyprus
A,TOTAL,EMP,PT,Y20-64,T,HR,CY,2019,19.4,Cyprus
A,TOTAL,EMP,PT,Y20-64,T,HR,CY,2020,18.9,Cyprus
A,TOTAL,EMP,PT,Y20-64,T,HR,CY,2021,18.5,Cyprus
A,TOTAL,EMP,PT,Y20-64,T,HR,CY,2022,18.3,Cyprus
A,TOTAL,EMP,PT,Y20-64,T,HR,CY,2023,19.1,Cyprus
A,TOTAL,EMP,PT,Y20-64,T,HR,CY,2024,19.1,Cyprus
A,TOTAL,EMP,PT,Y20-64,T,HR,CY,2025,19.0,Cyprus
A,TOTAL,EMP,PT,Y20-64,T,HR,CZ,2008,22.4,Czechia
A,TOTAL,EMP,PT,Y20-64,T,HR,CZ,2009,22.2,Czechia
A,TOTAL,EMP,PT,Y20-64,T,HR,CZ,2010,21.6,Czechia
A,TOTAL,EMP,PT,Y20-64,T,HR,CZ,2011,21.8,Czechia
A,TOTAL,EMP,PT,Y20-64,T,HR,CZ,2012,21.3,Czechia
A,TOTAL,EMP,PT,Y20-64,T,HR,CZ,2013,21.3,Czechia
A,TOTAL,EMP,PT,Y20-64,T,HR,CZ,2014,21.5,Czechia
A,TOTAL,EMP,PT,Y20-64,T,HR,CZ,2015,21.5,Czechia
A,TOTAL,EMP,PT,Y20-64,T,HR,CZ,2016,21.4,Czechia
A,TOTAL,EMP,PT,Y20-64,T,HR,CZ,2017,21.4,Czechia
A,TOTAL,EMP,PT,Y20-64,T,HR,CZ,2018,22.0,Czechia
A,TOTAL,EMP,PT,Y20-64,T,HR,CZ,2019,22.0,Czechia
A,TOTAL,EMP,PT,Y20-64,T,HR,CZ,2020,21.7,Czechia
A,TOTAL,EMP,PT,Y20-64,T,HR,CZ,2021,21.4,Czechia
A,TOTAL,EMP,PT,Y20-64,T,HR,CZ,2022,21.6,Czechia
A,TOTAL,EMP,PT,Y20-64,T,HR,CZ,2023,21.8,Czechia
A,TOTAL,EMP,PT,Y20-64,T,HR,CZ,2024,21.9,Czechia
A,TOTAL,EMP,PT,Y20-64,T,HR,CZ,2025,21.6,Czechia
A,TOTAL,EMP,PT,Y20-64,T,HR,DE,2008,18.7,Germany
A,TOTAL,EMP,PT,Y20-64,T,HR,DE,2009,18.6,Germany
A,TOTAL,EMP,PT,Y20-64,T,HR,DE,2010,18.9,Germany
A,TOTAL,EMP,PT,Y20-64,T,HR,DE,2011,18.8,Germany
A,TOTAL,EMP,PT,Y20-64,T,HR,DE,2012,18.9,Germany
A,TOTAL,EMP,PT,Y20-64,T,HR,DE,2013,19.3,Germany
A,TOTAL,EMP,PT,Y20-64,T,HR,DE,2014,19.6,Germany
A,TOTAL,EMP,PT,Y20-64,T,HR,DE,2015,19.8,Germany
A,TOTAL,EMP,PT,Y20-64,T,HR,DE,2016,20.0,Germany
A,TOTAL,EMP,PT,Y20-64,T,HR,DE,2017,20.0,Germany
A,TOTAL,EMP,PT,Y20-64,T,HR,DE,2018,20.2,Germany
A,TOTAL,EMP,PT,Y20-64,T,HR,DE,2019,20.5,Germany
A,TOTAL,EMP,PT,Y20-64,T,HR,DE,2020,21.0,Germany
A,TOTAL,EMP,PT,Y20-64,T,HR,DE,2021,21.3,Germany
A,TOTAL,EMP,PT,Y20-64,T,HR,DE,2022,21.4,Germany
A,TOTAL,EMP,PT,Y20-64,T,HR,DE,2023,21.4,Germany
A,TOTAL,EMP,PT,Y20-64,T,HR,DE,2024,21.5,Germany
A,TOTAL,EMP,PT,Y20-64,T,HR,DE,2025,21.6,Germany
A,TOTAL,EMP,PT,Y20-64,T,HR,DK,2008,23.2,Denmark
A,TOTAL,EMP,PT,Y20-64,T,HR,DK,2009,22.9,Denmark
A,TOTAL,EMP,PT,Y20-64,T,HR,DK,2010,23.2,Denmark
A,TOTAL,EMP,PT,Y20-64,T,HR,DK,2011,22.9,Denmark
A,TOTAL,EMP,PT,Y20-64,T,HR,DK,2012,22.4,Denmark
A,TOTAL,EMP,PT,Y20-64,T,HR,DK,2013,22.3,Denmark
A,TOTAL,EMP,PT,Y20-64,T,HR,DK,2014,21.0,Denmark
A,TOTAL,EMP,PT,Y20-64,T,HR,DK,2015,20.5,Denmark
A,TOTAL,EMP,PT,Y20-64,T,HR,DK,2016,21.5,Denmark
A,TOTAL,EMP,PT,Y20-64,T,HR,DK,2017,21.3,Denmark
A,TOTAL,EMP,PT,Y20-64,T,HR,DK,2018,20.7,Denmark
A,TOTAL,EMP,PT,Y20-64,T,HR,DK,2019,20.5,Denmark
A,TOTAL,EMP,PT,Y20-64,T,HR,DK,2020,20.7,Denmark
A,TOTAL,EMP,PT,Y20-64,T,HR,DK,2021,20.9,Denmark
A,TOTAL,EMP,PT,Y20-64,T,HR,DK,2022,20.7,Denmark
A,TOTAL,EMP,PT,Y20-64,T,HR,DK,2023,20.1,Denmark
A,TOTAL,EMP,PT,Y20-64,T,HR,DK,2024,20.2,Denmark
A,TOTAL,EMP,PT,Y20-64,T,HR,DK,2025,20.3,Denmark
A,TOTAL,EMP,PT,Y20-64,T,HR,EE,2008,20.9,Estonia
A,TOTAL,EMP,PT,Y20-64,T,HR,EE,2009,21.8,Estonia
A,TOTAL,EMP,PT,Y20-64,T,HR,EE,2010,21.9,Estonia
A,TOTAL,EMP,PT,Y20-64,T,HR,EE,2011,21.5,Estonia
A,TOTAL,EMP,PT,Y20-64,T,HR,EE,2012,21.1,Estonia
A,TOTAL,EMP,PT,Y20-64,T,HR,EE,2013,20.4,Estonia
A,TOTAL,EMP,PT,Y20-64,T,HR,EE,2014,20.9,Estonia
A,TOTAL,EMP,PT,Y20-64,T,HR,EE,2015,20.8,Estonia
A,TOTAL,EMP,PT,Y20-64,T,HR,EE,2016,21.3,Estonia
A,TOTAL,EMP,PT,Y20-64,T,HR,EE,2017,21.2,Estonia
A,TOTAL,EMP,PT,Y20-64,T,HR,EE,2018,21.1,Estonia
A,TOTAL,EMP,PT,Y20-64,T,HR,EE,2019,20.7,Estonia
A,TOTAL,EMP,PT,Y20-64,T,HR,EE,2020,20.4,Estonia
A,TOTAL,EMP,PT,Y20-64,T,HR,EE,2021,20.5,Estonia
A,TOTAL,EMP,PT,Y20-64,T,HR,EE,2022,21.3,Estonia
A,TOTAL,EMP,PT,Y20-64,T,HR,EE,2023,20.2,Estonia
A,TOTAL,EMP,PT,Y20-64,T,HR,EE,2024,21.2,Estonia
A,TOTAL,EMP,PT,Y20-64,T,HR,EE,2025,20.7,Estonia
A,TOTAL,EMP,PT,Y20-64,T,HR,EL,2008,19.8,Greece
A,TOTAL,EMP,PT,Y20-64,T,HR,EL,2009,19.7,Greece
A,TOTAL,EMP,PT,Y20-64,T,HR,EL,2010,20.1,Greece
A,TOTAL,EMP,PT,Y20-64,T,HR,EL,2011,19.9,Greece
A,TOTAL,EMP,PT,Y20-64,T,HR,EL,2012,20.0,Greece
A,TOTAL,EMP,PT,Y20-64,T,HR,EL,2013,19.8,Greece
A,TOTAL,EMP,PT,Y20-64,T,HR,EL,2014,19.9,Greece
A,TOTAL,EMP,PT,Y20-64,T,HR,EL,2015,20.4,Greece
A,TOTAL,EMP,PT,Y20-64,T,HR,EL,2016,20.5,Greece
A,TOTAL,EMP,PT,Y20-64,T,HR,EL,2017,20.1,Greece
A,TOTAL,EMP,PT,Y20-64,T,HR,EL,2018,20.2,Greece
A,TOTAL,EMP,PT,Y20-64,T,HR,EL,2019,20.5,Greece
A,TOTAL,EMP,PT,Y20-64,T,HR,EL,2020,20.3,Greece
A,TOTAL,EMP,PT,Y20-64,T,HR,EL,2021,21.1,Greece
A,TOTAL,EMP,PT,Y20-64,T,HR,EL,2022,21.0,Greece
A,TOTAL,EMP,PT,Y20-64,T,HR,EL,2023,21.2,Greece
A,TOTAL,EMP,PT,Y20-64,T,HR,EL,2024,21.3,Greece
A,TOTAL,EMP,PT,Y20-64,T,HR,EL,2025,21.1,Greece
A,TOTAL,EMP,PT,Y20-64,T,HR,ES,2008,19.0,Spain
A,TOTAL,EMP,PT,Y20-64,T,HR,ES,2009,18.6,Spain
A,TOTAL,EMP,PT,Y20-64,T,HR,ES,2010,18.5,Spain
A,TOTAL,EMP,PT,Y20-64,T,HR,ES,2011,18.7,Spain
A,TOTAL,EMP,PT,Y20-64,T,HR,ES,2012,18.3,Spain
A,TOTAL,EMP,PT,Y20-64,T,HR,ES,2013,18.3,Spain
A,TOTAL,EMP,PT,Y20-64,T,HR,ES,2014,18.5,Spain
A,TOTAL,EMP,PT,Y20-64,T,HR,ES,2015,18.8,Spain
A,TOTAL,EMP,PT,Y20-64,T,HR,ES,2016,18.8,Spain
A,TOTAL,EMP,PT,Y20-64,T,HR,ES,2017,18.9,Spain
A,TOTAL,EMP,PT,Y20-64,T,HR,ES,2018,19.3,Spain
A,TOTAL,EMP,PT,Y20-64,T,HR,ES,2019,19.4,Spain
A,TOTAL,EMP,PT,Y20-64,T,HR,ES,2020,19.5,Spain
A,TOTAL,EMP,PT,Y20-64,T,HR,ES,2021,19.2,Spain
A,TOTAL,EMP,PT,Y20-64,T,HR,ES,2022,19.7,Spain
A,TOTAL,EMP,PT,Y20-64,T,HR,ES,2023,19.7,Spain
A,TOTAL,EMP,PT,Y20-64,T,HR,ES,2024,19.9,Spain
A,TOTAL,EMP,PT,Y20-64,T,HR,ES,2025,20.2,Spain
A,TOTAL,EMP,PT,Y20-64,T,HR,EU27_2020,2008,20.9,European Union - 27 countries (from 2020)
A,TOTAL,EMP,PT,Y20-64,T,HR,EU27_2020,2009,20.8,European Union - 27 countries (from 2020)
A,TOTAL,EMP,PT,Y20-64,T,HR,EU27_2020,2010,21.0,European Union - 27 countries (from 2020)
A,TOTAL,EMP,PT,Y20-64,T,HR,EU27_2020,2011,20.9,European Union - 27 countries (from 2020)
A,TOTAL,EMP,PT,Y20-64,T,HR,EU27_2020,2012,20.9,European Union - 27 countries (from 2020)
A,TOTAL,EMP,PT,Y20-64,T,HR,EU27_2020,2013,20.9,European Union - 27 countries (from 2020)
A,TOTAL,EMP,PT,Y20-64,T,HR,EU27_2020,2014,20.9,European Union - 27 countries (from 2020)
A,TOTAL,EMP,PT,Y20-64,T,HR,EU27_2020,2015,21.0,European Union - 27 countries (from 2020)
A,TOTAL,EMP,PT,Y20-64,T,HR,EU27_2020,2016,21.2,European Union - 27 countries (from 2020)
A,TOTAL,EMP,PT,Y20-64,T,HR,EU27_2020,2017,21.3,European Union - 27 countries (from 2020)
A,TOTAL,EMP,PT,Y20-64,T,HR,EU27_2020,2018,21.4,European Union - 27 countries (from 2020)
A,TOTAL,EMP,PT,Y20-64,T,HR,EU27_2020,2019,21.5,European Union - 27 countries (from 2020)
A,TOTAL,EMP,PT,Y20-64,T,HR,EU27_2020,2020,21.6,European Union - 27 countries (from 2020)
A,TOTAL,EMP,PT,Y20-64,T,HR,EU27_2020,2021,21.6,European Union - 27 countries (from 2020)
A,TOTAL,EMP,PT,Y20-64,T,HR,EU27_2020,2022,21.8,European Union - 27 countries (from 2020)
A,TOTAL,EMP,PT,Y20-64,T,HR,EU27_2020,2023,21.8,European Union - 27 countries (from 2020)
A,TOTAL,EMP,PT,Y20-64,T,HR,EU27_2020,2024,21.8,European Union - 27 countries (from 2020)
A,TOTAL,EMP,PT,Y20-64,T,HR,EU27_2020,2025,21.8,European Union - 27 countries (from 2020)
A,TOTAL,EMP,PT,Y20-64,T,HR,FI,2008,21.3,Finland
A,TOTAL,EMP,PT,Y20-64,T,HR,FI,2009,20.9,Finland
A,TOTAL,EMP,PT,Y20-64,T,HR,FI,2010,21.6,Finland
A,TOTAL,EMP,PT,Y20-64,T,HR,FI,2011,21.6,Finland
A,TOTAL,EMP,PT,Y20-64,T,HR,FI,2012,21.3,Finland
A,TOTAL,EMP,PT,Y20-64,T,HR,FI,2013,20.7,Finland
A,TOTAL,EMP,PT,Y20-64,T,HR,FI,2014,20.8,Finland
A,TOTAL,EMP,PT,Y20-64,T,HR,FI,2015,20.5,Finland
A,TOTAL,EMP,PT,Y20-64,T,HR,FI,2016,20.5,Finland
A,TOTAL,EMP,PT,Y20-64,T,HR,FI,2017,20.7,Finland
A,TOTAL,EMP,PT,Y20-64,T,HR,FI,2018,20.6,Finland
A,TOTAL,EMP,PT,Y20-64,T,HR,FI,2019,20.1,Finland
A,TOTAL,EMP,PT,Y20-64,T,HR,FI,2020,20.3,Finland
A,TOTAL,EMP,PT,Y20-64,T,HR,FI,2021,21.1,Finland
A,TOTAL,EMP,PT,Y20-64,T,HR,FI,2022,20.6,Finland
A,TOTAL,EMP,PT,Y20-64,T,HR,FI,2023,20.7,Finland
A,TOTAL,EMP,PT,Y20-64,T,HR,FI,2024,20.7,Finland
A,TOTAL,EMP,PT,Y20-64,T,HR,FI,2025,20.7,Finland
A,TOTAL,EMP,PT,Y20-64,T,HR,FR,2008,22.7,France
A,TOTAL,EMP,PT,Y20-64,T,HR,FR,2009,22.4,France
A,TOTAL,EMP,PT,Y20-64,T,HR,FR,2010,22.5,France
A,TOTAL,EMP,PT,Y20-64,T,HR,FR,2011,22.5,France
A,TOTAL,EMP,PT,Y20-64,T,HR,FR,2012,22.6,France
A,TOTAL,EMP,PT,Y20-64,T,HR,FR,2013,22.4,France
A,TOTAL,EMP,PT,Y20-64,T,HR,FR,2014,22.2,France
A,TOTAL,EMP,PT,Y20-64,T,HR,FR,2015,22.2,France
A,TOTAL,EMP,PT,Y20-64,T,HR,FR,2016,22.3,France
A,TOTAL,EMP,PT,Y20-64,T,HR,FR,2017,22.3,France
A,TOTAL,EMP,PT,Y20-64,T,HR,FR,2018,22.5,France
A,TOTAL,EMP,PT,Y20-64,T,HR,FR,2019,22.4,France
A,TOTAL,EMP,PT,Y20-64,T,HR,FR,2020,22.4,France
A,TOTAL,EMP,PT,Y20-64,T,HR,FR,2021,22.6,France
A,TOTAL,EMP,PT,Y20-64,T,HR,FR,2022,22.8,France
A,TOTAL,EMP,PT,Y20-64,T,HR,FR,2023,22.7,France
A,TOTAL,EMP,PT,Y20-64,T,HR,FR,2024,22.6,France
A,TOTAL,EMP,PT,Y20-64,T,HR,FR,2025,22.5,France
A,TOTAL,EMP,PT,Y20-64,T,HR,HR,2008,20.5,Croatia
A,TOTAL,EMP,PT,Y20-64,T,HR,HR,2009,20.5,Croatia
A,TOTAL,EMP,PT,Y20-64,T,HR,HR,2010,20.0,Croatia
A,TOTAL,EMP,PT,Y20-64,T,HR,HR,2011,20.2,Croatia
A,TOTAL,EMP,PT,Y20-64,T,HR,HR,2012,19.3,Croatia
A,TOTAL,EMP,PT,Y20-64,T,HR,HR,2013,19.8,Croatia
A,TOTAL,EMP,PT,Y20-64,T,HR,HR,2014,19.5,Croatia
A,TOTAL,EMP,PT,Y20-64,T,HR,HR,2015,19.2,Croatia
A,TOTAL,EMP,PT,Y20-64,T,HR,HR,2016,19.6,Croatia
A,TOTAL,EMP,PT,Y20-64,T,HR,HR,2017,20.6,Croatia
A,TOTAL,EMP,PT,Y20-64,T,HR,HR,2018,20.0,Croatia
A,TOTAL,EMP,PT,Y20-64,T,HR,HR,2019,20.1,Croatia
A,TOTAL,EMP,PT,Y20-64,T,HR,HR,2020,20.2,Croatia
A,TOTAL,EMP,PT,Y20-64,T,HR,HR,2021,20.1,Croatia
A,TOTAL,EMP,PT,Y20-64,T,HR,HR,2022,21.2,Croatia
A,TOTAL,EMP,PT,Y20-64,T,HR,HR,2023,20.9,Croatia
A,TOTAL,EMP,PT,Y20-64,T,HR,HR,2024,20.6,Croatia
A,TOTAL,EMP,PT,Y20-64,T,HR,HR,2025,20.5,Croatia
A,TOTAL,EMP,PT,Y20-64,T,HR,HU,2008,24.2,Hungary
A,TOTAL,EMP,PT,Y20-64,T,HR,HU,2009,23.9,Hungary
A,TOTAL,EMP,PT,Y20-64,T,HR,HU,2010,24.3,Hungary
A,TOTAL,EMP,PT,Y20-64,T,HR,HU,2011,23.4,Hungary
A,TOTAL,EMP,PT,Y20-64,T,HR,HU,2012,23.1,Hungary
A,TOTAL,EMP,PT,Y20-64,T,HR,HU,2013,22.7,Hungary
A,TOTAL,EMP,PT,Y20-64,T,HR,HU,2014,22.3,Hungary
A,TOTAL,EMP,PT,Y20-64,T,HR,HU,2015,22.2,Hungary
A,TOTAL,EMP,PT,Y20-64,T,HR,HU,2016,21.8,Hungary
A,TOTAL,EMP,PT,Y20-64,T,HR,HU,2017,21.9,Hungary
A,TOTAL,EMP,PT,Y20-64,T,HR,HU,2018,21.2,Hungary
A,TOTAL,EMP,PT,Y20-64,T,HR,HU,2019,21.1,Hungary
A,TOTAL,EMP,PT,Y20-64,T,HR,HU,2020,21.6,Hungary
A,TOTAL,EMP,PT,Y20-64,T,HR,HU,2021,21.5,Hungary
A,TOTAL,EMP,PT,Y20-64,T,HR,HU,2022,21.4,Hungary
A,TOTAL,EMP,PT,Y20-64,T,HR,HU,2023,20.7,Hungary
A,TOTAL,EMP,PT,Y20-64,T,HR,HU,2024,21.0,Hungary
A,TOTAL,EMP,PT,Y20-64,T,HR,HU,2025,21.3,Hungary
A,TOTAL,EMP,PT,Y20-64,T,HR,IE,2008,19.2,Ireland
A,TOTAL,EMP,PT,Y20-64,T,HR,IE,2009,19.1,Ireland
A,TOTAL,EMP,PT,Y20-64,T,HR,IE,2010,18.8,Ireland
A,TOTAL,EMP,PT,Y20-64,T,HR,IE,2011,19.0,Ireland
A,TOTAL,EMP,PT,Y20-64,T,HR,IE,2012,19.3,Ireland
A,TOTAL,EMP,PT,Y20-64,T,HR,IE,2013,19.5,Ireland
A,TOTAL,EMP,PT,Y20-64,T,HR,IE,2014,19.5,Ireland
A,TOTAL,EMP,PT,Y20-64,T,HR,IE,2015,19.6,Ireland
A,TOTAL,EMP,PT,Y20-64,T,HR,IE,2016,19.6,Ireland
A,TOTAL,EMP,PT,Y20-64,T,HR,IE,2017,19.4,Ireland
A,TOTAL,EMP,PT,Y20-64,T,HR,IE,2018,19.1,Ireland
A,TOTAL,EMP,PT,Y20-64,T,HR,IE,2019,19.1,Ireland
A,TOTAL,EMP,PT,Y20-64,T,HR,IE,2020,19.3,Ireland
A,TOTAL,EMP,PT,Y20-64,T,HR,IE,2021,20.2,Ireland
A,TOTAL,EMP,PT,Y20-64,T,HR,IE,2022,19.9,Ireland
A,TOTAL,EMP,PT,Y20-64,T,HR,IE,2023,19.9,Ireland
A,TOTAL,EMP,PT,Y20-64,T,HR,IE,2024,19.5,Ireland
A,TOTAL,EMP,PT,Y20-64,T,HR,IE,2025,19.3,Ireland
A,TOTAL,EMP,PT,Y20-64,T,HR,IT,2008,21.2,Italy
A,TOTAL,EMP,PT,Y20-64,T,HR,IT,2009,21.2,Italy
A,TOTAL,EMP,PT,Y20-64,T,HR,IT,2010,21.4,Italy
A,TOTAL,EMP,PT,Y20-64,T,HR,IT,2011,21.4,Italy
A,TOTAL,EMP,PT,Y20-64,T,HR,IT,2012,21.1,Italy
A,TOTAL,EMP,PT,Y20-64,T,HR,IT,2013,20.9,Italy
A,TOTAL,EMP,PT,Y20-64,T,HR,IT,2014,20.8,Italy
A,TOTAL,EMP,PT,Y20-64,T,HR,IT,2015,21.1,Italy
A,TOTAL,EMP,PT,Y20-64,T,HR,IT,2016,21.3,Italy
A,TOTAL,EMP,PT,Y20-64,T,HR,IT,2017,21.5,Italy
A,TOTAL,EMP,PT,Y20-64,T,HR,IT,2018,21.8,Italy
A,TOTAL,EMP,PT,Y20-64,T,HR,IT,2019,21.9,Italy
A,TOTAL,EMP,PT,Y20-64,T,HR,IT,2020,21.5,Italy
A,TOTAL,EMP,PT,Y20-64,T,HR,IT,2021,21.5,Italy
A,TOTAL,EMP,PT,Y20-64,T,HR,IT,2022,22.0,Italy
A,TOTAL,EMP,PT,Y20-64,T,HR,IT,2023,21.9,Italy
A,TOTAL,EMP,PT,Y20-64,T,HR,IT,2024,22.4,Italy
A,TOTAL,EMP,PT,Y20-64,T,HR,IT,2025,22.4,Italy
A,TOTAL,EMP,PT,Y20-64,T,HR,LT,2008,23.5,Lithuania
A,TOTAL,EMP,PT,Y20-64,T,HR,LT,2009,23.4,Lithuania
A,TOTAL,EMP,PT,Y20-64,T,HR,LT,2010,22.6,Lithuania
A,TOTAL,EMP,PT,Y20-64,T,HR,LT,2011,22.2,Lithuania
A,TOTAL,EMP,PT,Y20-64,T,HR,LT,2012,22.1,Lithuania
A,TOTAL,EMP,PT,Y20-64,T,HR,LT,2013,22.0,Lithuania
A,TOTAL,EMP,PT,Y20-64,T,HR,LT,2014,21.8,Lithuania
A,TOTAL,EMP,PT,Y20-64,T,HR,LT,2015,21.1,Lithuania
A,TOTAL,EMP,PT,Y20-64,T,HR,LT,2016,21.5,Lithuania
A,TOTAL,EMP,PT,Y20-64,T,HR,LT,2017,21.2,Lithuania
A,TOTAL,EMP,PT,Y20-64,T,HR,LT,2018,21.2,Lithuania
A,TOTAL,EMP,PT,Y20-64,T,HR,LT,2019,21.6,Lithuania
A,TOTAL,EMP,PT,Y20-64,T,HR,LT,2020,21.6,Lithuania
A,TOTAL,EMP,PT,Y20-64,T,HR,LT,2021,21.0,Lithuania
A,TOTAL,EMP,PT,Y20-64,T,HR,LT,2022,21.1,Lithuania
A,TOTAL,EMP,PT,Y20-64,T,HR,LT,2023,21.1,Lithuania
A,TOTAL,EMP,PT,Y20-64,T,HR,LT,2024,21.1,Lithuania
A,TOTAL,EMP,PT,Y20-64,T,HR,LT,2025,20.0,Lithuania
A,TOTAL,EMP,PT,Y20-64,T,HR,LU,2008,21.9,Luxembourg
A,TOTAL,EMP,PT,Y20-64,T,HR,LU,2009,20.9,Luxembourg
A,TOTAL,EMP,PT,Y20-64,T,HR,LU,2010,21.3,Luxembourg
A,TOTAL,EMP,PT,Y20-64,T,HR,LU,2011,22.3,Luxembourg
A,TOTAL,EMP,PT,Y20-64,T,HR,LU,2012,22.6,Luxembourg
A,TOTAL,EMP,PT,Y20-64,T,HR,LU,2013,22.5,Luxembourg
A,TOTAL,EMP,PT,Y20-64,T,HR,LU,2014,23.3,Luxembourg
A,TOTAL,EMP,PT,Y20-64,T,HR,LU,2015,22.7,Luxembourg
A,TOTAL,EMP,PT,Y20-64,T,HR,LU,2016,22.5,Luxembourg
A,TOTAL,EMP,PT,Y20-64,T,HR,LU,2017,22.6,Luxembourg
A,TOTAL,EMP,PT,Y20-64,T,HR,LU,2018,22.6,Luxembourg
A,TOTAL,EMP,PT,Y20-64,T,HR,LU,2019,23.9,Luxembourg
A,TOTAL,EMP,PT,Y20-64,T,HR,LU,2020,23.0,Luxembourg
A,TOTAL,EMP,PT,Y20-64,T,HR,LU,2021,22.2,Luxembourg
A,TOTAL,EMP,PT,Y20-64,T,HR,LU,2022,22.3,Luxembourg
A,TOTAL,EMP,PT,Y20-64,T,HR,LU,2023,23.2,Luxembourg
A,TOTAL,EMP,PT,Y20-64,T,HR,LU,2024,22.5,Luxembourg
A,TOTAL,EMP,PT,Y20-64,T,HR,LU,2025,23.0,Luxembourg
A,TOTAL,EMP,PT,Y20-64,T,HR,LV,2008,21.0,Latvia
A,TOTAL,EMP,PT,Y20-64,T,HR,LV,2009,21.8,Latvia
A,TOTAL,EMP,PT,Y20-64,T,HR,LV,2010,21.6,Latvia
A,TOTAL,EMP,PT,Y20-64,T,HR,LV,2011,21.4,Latvia
A,TOTAL,EMP,PT,Y20-64,T,HR,LV,2012,21.1,Latvia
A,TOTAL,EMP,PT,Y20-64,T,HR,LV,2013,21.1,Latvia
A,TOTAL,EMP,PT,Y20-64,T,HR,LV,2014,20.4,Latvia
A,TOTAL,EMP,PT,Y20-64,T,HR,LV,2015,20.4,Latvia
A,TOTAL,EMP,PT,Y20-64,T,HR,LV,2016,20.9,Latvia
A,TOTAL,EMP,PT,Y20-64,T,HR,LV,2017,21.3,Latvia
A,TOTAL,EMP,PT,Y20-64,T,HR,LV,2018,20.9,Latvia
A,TOTAL,EMP,PT,Y20-64,T,HR,LV,2019,20.8,Latvia
A,TOTAL,EMP,PT,Y20-64,T,HR,LV,2020,20.9,Latvia
A,TOTAL,EMP,PT,Y20-64,T,HR,LV,2021,21.2,Latvia
A,TOTAL,EMP,PT,Y20-64,T,HR,LV,2022,21.7,Latvia
A,TOTAL,EMP,PT,Y20-64,T,HR,LV,2023,21.0,Latvia
A,TOTAL,EMP,PT,Y20-64,T,HR,LV,2024,20.7,Latvia
A,TOTAL,EMP,PT,Y20-64,T,HR,LV,2025,21.3,Latvia
A,TOTAL,EMP,PT,Y20-64,T,HR,MT,2008,21.9,Malta
A,TOTAL,EMP,PT,Y20-64,T,HR,MT,2009,21.4,Malta
A,TOTAL,EMP,PT,Y20-64,T,HR,MT,2010,21.2,Malta
A,TOTAL,EMP,PT,Y20-64,T,HR,MT,2011,21.4,Malta
A,TOTAL,EMP,PT,Y20-64,T,HR,MT,2012,21.7,Malta
A,TOTAL,EMP,PT,Y20-64,T,HR,MT,2013,21.7,Malta
A,TOTAL,EMP,PT,Y20-64,T,HR,MT,2014,21.1,Malta
A,TOTAL,EMP,PT,Y20-64,T,HR,MT,2015,21.8,Malta
A,TOTAL,EMP,PT,Y20-64,T,HR,MT,2016,22.4,Malta
A,TOTAL,EMP,PT,Y20-64,T,HR,MT,2017,22.7,Malta
A,TOTAL,EMP,PT,Y20-64,T,HR,MT,2018,22.1,Malta
A,TOTAL,EMP,PT,Y20-64,T,HR,MT,2019,22.4,Malta
A,TOTAL,EMP,PT,Y20-64,T,HR,MT,2020,21.4,Malta
A,TOTAL,EMP,PT,Y20-64,T,HR,MT,2021,23.3,Malta
A,TOTAL,EMP,PT,Y20-64,T,HR,MT,2022,22.5,Malta
A,TOTAL,EMP,PT,Y20-64,T,HR,MT,2023,22.3,Malta
A,TOTAL,EMP,PT,Y20-64,T,HR,MT,2024,21.9,Malta
A,TOTAL,EMP,PT,Y20-64,T,HR,MT,2025,22.2,Malta
A,TOTAL,EMP,PT,Y20-64,T,HR,NL,2008,22.1,Netherlands
A,TOTAL,EMP,PT,Y20-64,T,HR,NL,2009,22.3,Netherlands
A,TOTAL,EMP,PT,Y20-64,T,HR,NL,2010,22.3,Netherlands
A,TOTAL,EMP,PT,Y20-64,T,HR,NL,2011,22.6,Netherlands
A,TOTAL,EMP,PT,Y20-64,T,HR,NL,2012,22.5,Netherlands
A,TOTAL,EMP,PT,Y20-64,T,HR,NL,2013,22.6,Netherlands
A,TOTAL,EMP,PT,Y20-64,T,HR,NL,2014,22.8,Netherlands
A,TOTAL,EMP,PT,Y20-64,T,HR,NL,2015,22.7,Netherlands
A,TOTAL,EMP,PT,Y20-64,T,HR,NL,2016,23.2,Netherlands
A,TOTAL,EMP,PT,Y20-64,T,HR,NL,2017,23.5,Netherlands
A,TOTAL,EMP,PT,Y20-64,T,HR,NL,2018,23.6,Netherlands
A,TOTAL,EMP,PT,Y20-64,T,HR,NL,2019,23.9,Netherlands
A,TOTAL,EMP,PT,Y20-64,T,HR,NL,2020,23.7,Netherlands
A,TOTAL,EMP,PT,Y20-64,T,HR,NL,2021,22.6,Netherlands
A,TOTAL,EMP,PT,Y20-64,T,HR,NL,2022,23.1,Netherlands
A,TOTAL,EMP,PT,Y20-64,T,HR,NL,2023,23.2,Netherlands
A,TOTAL,EMP,PT,Y20-64,T,HR,NL,2024,23.2,Netherlands
A,TOTAL,EMP,PT,Y20-64,T,HR,NL,2025,23.1,Netherlands
A,TOTAL,EMP,PT,Y20-64,T,HR,PL,2008,21.5,Poland
A,TOTAL,EMP,PT,Y20-64,T,HR,PL,2009,21.3,Poland
A,TOTAL,EMP,PT,Y20-64,T,HR,PL,2010,21.4,Poland
A,TOTAL,EMP,PT,Y20-64,T,HR,PL,2011,21.4,Poland
A,TOTAL,EMP,PT,Y20-64,T,HR,PL,2012,21.4,Poland
A,TOTAL,EMP,PT,Y20-64,T,HR,PL,2013,21.4,Poland
A,TOTAL,EMP,PT,Y20-64,T,HR,PL,2014,21.1,Poland
A,TOTAL,EMP,PT,Y20-64,T,HR,PL,2015,21.5,Poland
A,TOTAL,EMP,PT,Y20-64,T,HR,PL,2016,21.3,Poland
A,TOTAL,EMP,PT,Y20-64,T,HR,PL,2017,21.4,Poland
A,TOTAL,EMP,PT,Y20-64,T,HR,PL,2018,21.0,Poland
A,TOTAL,EMP,PT,Y20-64,T,HR,PL,2019,20.9,Poland
A,TOTAL,EMP,PT,Y20-64,T,HR,PL,2020,20.8,Poland
A,TOTAL,EMP,PT,Y20-64,T,HR,PL,2021,21.6,Poland
A,TOTAL,EMP,PT,Y20-64,T,HR,PL,2022,21.8,Poland
A,TOTAL,EMP,PT,Y20-64,T,HR,PL,2023,21.8,Poland
A,TOTAL,EMP,PT,Y20-64,T,HR,PL,2024,21.7,Poland
A,TOTAL,EMP,PT,Y20-64,T,HR,PL,2025,20.7,Poland
A,TOTAL,EMP,PT,Y20-64,T,HR,PT,2008,19.4,Portugal
A,TOTAL,EMP,PT,Y20-64,T,HR,PT,2009,19.4,Portugal
A,TOTAL,EMP,PT,Y20-64,T,HR,PT,2010,19.4,Portugal
A,TOTAL,EMP,PT,Y20-64,T,HR,PT,2011,16.7,Portugal
A,TOTAL,EMP,PT,Y20-64,T,HR,PT,2012,16.5,Portugal
A,TOTAL,EMP,PT,Y20-64,T,HR,PT,2013,17.1,Portugal
A,TOTAL,EMP,PT,Y20-64,T,HR,PT,2014,16.9,Portugal
A,TOTAL,EMP,PT,Y20-64,T,HR,PT,2015,17.0,Portugal
A,TOTAL,EMP,PT,Y20-64,T,HR,PT,2016,17.4,Portugal
A,TOTAL,EMP,PT,Y20-64,T,HR,PT,2017,17.7,Portugal
A,TOTAL,EMP,PT,Y20-64,T,HR,PT,2018,17.6,Portugal
A,TOTAL,EMP,PT,Y20-64,T,HR,PT,2019,17.8,Portugal
A,TOTAL,EMP,PT,Y20-64,T,HR,PT,2020,17.1,Portugal
A,TOTAL,EMP,PT,Y20-64,T,HR,PT,2021,17.8,Portugal
A,TOTAL,EMP,PT,Y20-64,T,HR,PT,2022,17.7,Portugal
A,TOTAL,EMP,PT,Y20-64,T,HR,PT,2023,18.2,Portugal
A,TOTAL,EMP,PT,Y20-64,T,HR,PT,2024,18.5,Portugal
A,TOTAL,EMP,PT,Y20-64,T,HR,PT,2025,18.3,Portugal
A,TOTAL,EMP,PT,Y20-64,T,HR,RO,2008,27.5,Romania
A,TOTAL,EMP,PT,Y20-64,T,HR,RO,2009,27.9,Romania
A,TOTAL,EMP,PT,Y20-64,T,HR,RO,2010,27.7,Romania
A,TOTAL,EMP,PT,Y20-64,T,HR,RO,2011,26.8,Romania
A,TOTAL,EMP,PT,Y20-64,T,HR,RO,2012,27.2,Romania
A,TOTAL,EMP,PT,Y20-64,T,HR,RO,2013,26.8,Romania
A,TOTAL,EMP,PT,Y20-64,T,HR,RO,2014,26.1,Romania
A,TOTAL,EMP,PT,Y20-64,T,HR,RO,2015,24.8,Romania
A,TOTAL,EMP,PT,Y20-64,T,HR,RO,2016,25.2,Romania
A,TOTAL,EMP,PT,Y20-64,T,HR,RO,2017,25.0,Romania
A,TOTAL,EMP,PT,Y20-64,T,HR,RO,2018,24.3,Romania
A,TOTAL,EMP,PT,Y20-64,T,HR,RO,2019,24.6,Romania
A,TOTAL,EMP,PT,Y20-64,T,HR,RO,2020,24.8,Romania
A,TOTAL,EMP,PT,Y20-64,T,HR,RO,2021,26.5,Romania
A,TOTAL,EMP,PT,Y20-64,T,HR,RO,2022,27.0,Romania
A,TOTAL,EMP,PT,Y20-64,T,HR,RO,2023,26.7,Romania
A,TOTAL,EMP,PT,Y20-64,T,HR,RO,2024,25.8,Romania
A,TOTAL,EMP,PT,Y20-64,T,HR,RO,2025,25.1,Romania
A,TOTAL,EMP,PT,Y20-64,T,HR,SE,2008,24.8,Sweden
A,TOTAL,EMP,PT,Y20-64,T,HR,SE,2009,24.7,Sweden
A,TOTAL,EMP,PT,Y20-64,T,HR,SE,2010,25.2,Sweden
A,TOTAL,EMP,PT,Y20-64,T,HR,SE,2011,25.1,Sweden
A,TOTAL,EMP,PT,Y20-64,T,HR,SE,2012,25.1,Sweden
A,TOTAL,EMP,PT,Y20-64,T,HR,SE,2013,24.9,Sweden
A,TOTAL,EMP,PT,Y20-64,T,HR,SE,2014,25.1,Sweden
A,TOTAL,EMP,PT,Y20-64,T,HR,SE,2015,24.9,Sweden
A,TOTAL,EMP,PT,Y20-64,T,HR,SE,2016,25.1,Sweden
A,TOTAL,EMP,PT,Y20-64,T,HR,SE,2017,25.0,Sweden
A,TOTAL,EMP,PT,Y20-64,T,HR,SE,2018,24.9,Sweden
A,TOTAL,EMP,PT,Y20-64,T,HR,SE,2019,24.8,Sweden
A,TOTAL,EMP,PT,Y20-64,T,HR,SE,2020,24.3,Sweden
A,TOTAL,EMP,PT,Y20-64,T,HR,SE,2021,24.7,Sweden
A,TOTAL,EMP,PT,Y20-64,T,HR,SE,2022,24.6,Sweden
A,TOTAL,EMP,PT,Y20-64,T,HR,SE,2023,24.0,Sweden
A,TOTAL,EMP,PT,Y20-64,T,HR,SE,2024,24.0,Sweden
A,TOTAL,EMP,PT,Y20-64,T,HR,SE,2025,23.9,Sweden
A,TOTAL,EMP,PT,Y20-64,T,HR,SI,2008,20.1,Slovenia
A,TOTAL,EMP,PT,Y20-64,T,HR,SI,2009,20.3,Slovenia
A,TOTAL,EMP,PT,Y20-64,T,HR,SI,2010,19.5,Slovenia
A,TOTAL,EMP,PT,Y20-64,T,HR,SI,2011,19.9,Slovenia
A,TOTAL,EMP,PT,Y20-64,T,HR,SI,2012,19.6,Slovenia
A,TOTAL,EMP,PT,Y20-64,T,HR,SI,2013,19.5,Slovenia
A,TOTAL,EMP,PT,Y20-64,T,HR,SI,2014,19.4,Slovenia
A,TOTAL,EMP,PT,Y20-64,T,HR,SI,2015,19.9,Slovenia
A,TOTAL,EMP,PT,Y20-64,T,HR,SI,2016,20.6,Slovenia
A,TOTAL,EMP,PT,Y20-64,T,HR,SI,2017,20.2,Slovenia
A,TOTAL,EMP,PT,Y20-64,T,HR,SI,2018,20.6,Slovenia
A,TOTAL,EMP,PT,Y20-64,T,HR,SI,2019,20.5,Slovenia
A,TOTAL,EMP,PT,Y20-64,T,HR,SI,2020,21.3,Slovenia
A,TOTAL,EMP,PT,Y20-64,T,HR,SI,2021,22.1,Slovenia
A,TOTAL,EMP,PT,Y20-64,T,HR,SI,2022,21.6,Slovenia
A,TOTAL,EMP,PT,Y20-64,T,HR,SI,2023,21.2,Slovenia
A,TOTAL,EMP,PT,Y20-64,T,HR,SI,2024,21.1,Slovenia
A,TOTAL,EMP,PT,Y20-64,T,HR,SI,2025,21.6,Slovenia
A,TOTAL,EMP,PT,Y20-64,T,HR,SK,2008,20.9,Slovakia
A,TOTAL,EMP,PT,Y20-64,T,HR,SK,2009,22.2,Slovakia
A,TOTAL,EMP,PT,Y20-64,T,HR,SK,2010,20.2,Slovakia
A,TOTAL,EMP,PT,Y20-64,T,HR,SK,2011,19.0,Slovakia
A,TOTAL,EMP,PT,Y20-64,T,HR,SK,2012,19.5,Slovakia
A,TOTAL,EMP,PT,Y20-64,T,HR,SK,2013,19.2,Slovakia
A,TOTAL,EMP,PT,Y20-64,T,HR,SK,2014,18.7,Slovakia
A,TOTAL,EMP,PT,Y20-64,T,HR,SK,2015,18.3,Slovakia
A,TOTAL,EMP,PT,Y20-64,T,HR,SK,2016,18.8,Slovakia
A,TOTAL,EMP,PT,Y20-64,T,HR,SK,2017,18.8,Slovakia
A,TOTAL,EMP,PT,Y20-64,T,HR,SK,2018,19.3,Slovakia
A,TOTAL,EMP,PT,Y20-64,T,HR,SK,2019,19.4,Slovakia
A,TOTAL,EMP,PT,Y20-64,T,HR,SK,2020,19.7,Slovakia
A,TOTAL,EMP,PT,Y20-64,T,HR,SK,2021,20.0,Slovakia
A,TOTAL,EMP,PT,Y20-64,T,HR,SK,2022,20.6,Slovakia
A,TOTAL,EMP,PT,Y20-64,T,HR,SK,2023,20.1,Slovakia
A,TOTAL,EMP,PT,Y20-64,T,HR,SK,2024,20.0,Slovakia
A,TOTAL,EMP,PT,Y20-64,T,HR,SK,2025,20.1,Slovakia
A,TOTAL,EMP,TOTAL,Y20-64,T,HR,AT,2008,37.9,Austria
A,TOTAL,EMP,TOTAL,Y20-64,T,HR,AT,2009,36.9,Austria
A,TOTAL,EMP,TOTAL,Y20-64,T,HR,AT,2010,36.8,Austria
A,TOTAL,EMP,TOTAL,Y20-64,T,HR,AT,2011,36.9,Austria
A,TOTAL,EMP,TOTAL,Y20-64,T,HR,AT,2012,36.5,Austria
A,TOTAL,EMP,TOTAL,Y20-64,T,HR,AT,2013,36.2,Austria
A,TOTAL,EMP,TOTAL,Y20-64,T,HR,AT,2014,35.8,Austria
A,TOTAL,EMP,TOTAL,Y20-64,T,HR,AT,2015,35.5,Austria
A,TOTAL,EMP,TOTAL,Y20-64,T,HR,AT,2016,35.5,Austria
A,TOTAL,EMP,TOTAL,Y20-64,T,HR,AT,2017,35.3,Austria
A,TOTAL,EMP,TOTAL,Y20-64,T,HR,AT,2018,35.5,Austria
A,TOTAL,EMP,TOTAL,Y20-64,T,HR,AT,2019,35.6,Austria
A,TOTAL,EMP,TOTAL,Y20-64,T,HR,AT,2020,34.0,Austria
A,TOTAL,EMP,TOTAL,Y20-64,T,HR,AT,2021,33.7,Austria
A,TOTAL,EMP,TOTAL,Y20-64,T,HR,AT,2022,33.7,Austria
A,TOTAL,EMP,TOTAL,Y20-64,T,HR,AT,2023,33.6,Austria
A,TOTAL,EMP,TOTAL,Y20-64,T,HR,AT,2024,33.9,Austria
A,TOTAL,EMP,TOTAL,Y20-64,T,HR,AT,2025,34.0,Austria
A,TOTAL,EMP,TOTAL,Y20-64,T,HR,BE,2008,36.8,Belgium
A,TOTAL,EMP,TOTAL,Y20-64,T,HR,BE,2009,36.8,Belgium
A,TOTAL,EMP,TOTAL,Y20-64,T,HR,BE,2010,37.1,Belgium
A,TOTAL,EMP,TOTAL,Y20-64,T,HR,BE,2011,37.0,Belgium
A,TOTAL,EMP,TOTAL,Y20-64,T,HR,BE,2012,36.7,Belgium
A,TOTAL,EMP,TOTAL,Y20-64,T,HR,BE,2013,37.0,Belgium
A,TOTAL,EMP,TOTAL,Y20-64,T,HR,BE,2014,37.0,Belgium
A,TOTAL,EMP,TOTAL,Y20-64,T,HR,BE,2015,37.1,Belgium
A,TOTAL,EMP,TOTAL,Y20-64,T,HR,BE,2016,37.0,Belgium
A,TOTAL,EMP,TOTAL,Y20-64,T,HR,BE,2017,36.5,Belgium
A,TOTAL,EMP,TOTAL,Y20-64,T,HR,BE,2018,36.5,Belgium
A,TOTAL,EMP,TOTAL,Y20-64,T,HR,BE,2019,36.4,Belgium
A,TOTAL,EMP,TOTAL,Y20-64,T,HR,BE,2020,35.7,Belgium
A,TOTAL,EMP,TOTAL,Y20-64,T,HR,BE,2021,35.0,Belgium
A,TOTAL,EMP,TOTAL,Y20-64,T,HR,BE,2022,34.9,Belgium
A,TOTAL,EMP,TOTAL,Y20-64,T,HR,BE,2023,34.9,Belgium
A,TOTAL,EMP,TOTAL,Y20-64,T,HR,BE,2024,34.5,Belgium
A,TOTAL,EMP,TOTAL,Y20-64,T,HR,BE,2025,34.3,Belgium
A,TOTAL,EMP,TOTAL,Y20-64,T,HR,BG,2008,41.1,Bulgaria
A,TOTAL,EMP,TOTAL,Y20-64,T,HR,BG,2009,40.4,Bulgaria
A,TOTAL,EMP,TOTAL,Y20-64,T,HR,BG,2010,40.5,Bulgaria
A,TOTAL,EMP,TOTAL,Y20-64,T,HR,BG,2011,40.3,Bulgaria
A,TOTAL,EMP,TOTAL,Y20-64,T,HR,BG,2012,40.2,Bulgaria
A,TOTAL,EMP,TOTAL,Y20-64,T,HR,BG,2013,40.0,Bulgaria
A,TOTAL,EMP,TOTAL,Y20-64,T,HR,BG,2014,40.1,Bulgaria
A,TOTAL,EMP,TOTAL,Y20-64,T,HR,BG,2015,40.2,Bulgaria
A,TOTAL,EMP,TOTAL,Y20-64,T,HR,BG,2016,40.2,Bulgaria
A,TOTAL,EMP,TOTAL,Y20-64,T,HR,BG,2017,40.0,Bulgaria
A,TOTAL,EMP,TOTAL,Y20-64,T,HR,BG,2018,39.9,Bulgaria
A,TOTAL,EMP,TOTAL,Y20-64,T,HR,BG,2019,39.7,Bulgaria
A,TOTAL,EMP,TOTAL,Y20-64,T,HR,BG,2020,39.4,Bulgaria
A,TOTAL,EMP,TOTAL,Y20-64,T,HR,BG,2021,39.5,Bulgaria
A,TOTAL,EMP,TOTAL,Y20-64,T,HR,BG,2022,39.2,Bulgaria
A,TOTAL,EMP,TOTAL,Y20-64,T,HR,BG,2023,39.0,Bulgaria
A,TOTAL,EMP,TOTAL,Y20-64,T,HR,BG,2024,39.0,Bulgaria
A,TOTAL,EMP,TOTAL,Y20-64,T,HR,BG,2025,38.7,Bulgaria
A,TOTAL,EMP,TOTAL,Y20-64,T,HR,CY,2008,39.1,Cyprus
A,TOTAL,EMP,TOTAL,Y20-64,T,HR,CY,2009,38.7,Cyprus
A,TOTAL,EMP,TOTAL,Y20-64,T,HR,CY,2010,39.0,Cyprus
A,TOTAL,EMP,TOTAL,Y20-64,T,HR,CY,2011,38.8,Cyprus
A,TOTAL,EMP,TOTAL,Y20-64,T,HR,CY,2012,38.9,Cyprus
A,TOTAL,EMP,TOTAL,Y20-64,T,HR,CY,2013,38.3,Cyprus
A,TOTAL,EMP,TOTAL,Y20-64,T,HR,CY,2014,37.8,Cyprus
A,TOTAL,EMP,TOTAL,Y20-64,T,HR,CY,2015,37.8,Cyprus
A,TOTAL,EMP,TOTAL,Y20-64,T,HR,CY,2016,38.1,Cyprus
A,TOTAL,EMP,TOTAL,Y20-64,T,HR,CY,2017,38.2,Cyprus
A,TOTAL,EMP,TOTAL,Y20-64,T,HR,CY,2018,38.1,Cyprus
A,TOTAL,EMP,TOTAL,Y20-64,T,HR,CY,2019,37.9,Cyprus
A,TOTAL,EMP,TOTAL,Y20-64,T,HR,CY,2020,37.7,Cyprus
A,TOTAL,EMP,TOTAL,Y20-64,T,HR,CY,2021,37.6,Cyprus
A,TOTAL,EMP,TOTAL,Y20-64,T,HR,CY,2022,37.7,Cyprus
A,TOTAL,EMP,TOTAL,Y20-64,T,HR,CY,2023,38.4,Cyprus
A,TOTAL,EMP,TOTAL,Y20-64,T,HR,CY,2024,38.0,Cyprus
A,TOTAL,EMP,TOTAL,Y20-64,T,HR,CY,2025,37.7,Cyprus
A,TOTAL,EMP,TOTAL,Y20-64,T,HR,CZ,2008,41.5,Czechia
A,TOTAL,EMP,TOTAL,Y20-64,T,HR,CZ,2009,40.7,Czechia
A,TOTAL,EMP,TOTAL,Y20-64,T,HR,CZ,2010,40.6,Czechia
A,TOTAL,EMP,TOTAL,Y20-64,T,HR,CZ,2011,40.5,Czechia
A,TOTAL,EMP,TOTAL,Y20-64,T,HR,CZ,2012,40.1,Czechia
A,TOTAL,EMP,TOTAL,Y20-64,T,HR,CZ,2013,39.5,Czechia
A,TOTAL,EMP,TOTAL,Y20-64,T,HR,CZ,2014,39.4,Czechia
A,TOTAL,EMP,TOTAL,Y20-64,T,HR,CZ,2015,39.2,Czechia
A,TOTAL,EMP,TOTAL,Y20-64,T,HR,CZ,2016,39.5,Czechia
A,TOTAL,EMP,TOTAL,Y20-64,T,HR,CZ,2017,39.2,Czechia
A,TOTAL,EMP,TOTAL,Y20-64,T,HR,CZ,2018,39.0,Czechia
A,TOTAL,EMP,TOTAL,Y20-64,T,HR,CZ,2019,39.0,Czechia
A,TOTAL,EMP,TOTAL,Y20-64,T,HR,CZ,2020,38.0,Czechia
A,TOTAL,EMP,TOTAL,Y20-64,T,HR,CZ,2021,38.3,Czechia
A,TOTAL,EMP,TOTAL,Y20-64,T,HR,CZ,2022,37.7,Czechia
A,TOTAL,EMP,TOTAL,Y20-64,T,HR,CZ,2023,37.8,Czechia
A,TOTAL,EMP,TOTAL,Y20-64,T,HR,CZ,2024,37.8,Czechia
A,TOTAL,EMP,TOTAL,Y20-64,T,HR,CZ,2025,37.5,Czechia
A,TOTAL,EMP,TOTAL,Y20-64,T,HR,DE,2008,36.3,Germany
A,TOTAL,EMP,TOTAL,Y20-64,T,HR,DE,2009,35.6,Germany
A,TOTAL,EMP,TOTAL,Y20-64,T,HR,DE,2010,35.9,Germany
A,TOTAL,EMP,TOTAL,Y20-64,T,HR,DE,2011,36.0,Germany
A,TOTAL,EMP,TOTAL,Y20-64,T,HR,DE,2012,35.9,Germany
A,TOTAL,EMP,TOTAL,Y20-64,T,HR,DE,2013,35.7,Germany
A,TOTAL,EMP,TOTAL,Y20-64,T,HR,DE,2014,35.7,Germany
A,TOTAL,EMP,TOTAL,Y20-64,T,HR,DE,2015,35.6,Germany
A,TOTAL,EMP,TOTAL,Y20-64,T,HR,DE,2016,35.7,Germany
A,TOTAL,EMP,TOTAL,Y20-64,T,HR,DE,2017,35.4,Germany
A,TOTAL,EMP,TOTAL,Y20-64,T,HR,DE,2018,35.4,Germany
A,TOTAL,EMP,TOTAL,Y20-64,T,HR,DE,2019,35.3,Germany
A,TOTAL,EMP,TOTAL,Y20-64,T,HR,DE,2020,34.4,Germany
A,TOTAL,EMP,TOTAL,Y20-64,T,HR,DE,2021,34.6,Germany
A,TOTAL,EMP,TOTAL,Y20-64,T,HR,DE,2022,34.6,Germany
A,TOTAL,EMP,TOTAL,Y20-64,T,HR,DE,2023,34.1,Germany
A,TOTAL,EMP,TOTAL,Y20-64,T,HR,DE,2024,34.0,Germany
A,TOTAL,EMP,TOTAL,Y20-64,T,HR,DE,2025,33.9,Germany
A,TOTAL,EMP,TOTAL,Y20-64,T,HR,DK,2008,36.2,Denmark
A,TOTAL,EMP,TOTAL,Y20-64,T,HR,DK,2009,35.8,Denmark
A,TOTAL,EMP,TOTAL,Y20-64,T,HR,DK,2010,36.3,Denmark
A,TOTAL,EMP,TOTAL,Y20-64,T,HR,DK,2011,36.5,Denmark
A,TOTAL,EMP,TOTAL,Y20-64,T,HR,DK,2012,36.3,Denmark
A,TOTAL,EMP,TOTAL,Y20-64,T,HR,DK,2013,36.1,Denmark
A,TOTAL,EMP,TOTAL,Y20-64,T,HR,DK,2014,35.8,Denmark
A,TOTAL,EMP,TOTAL,Y20-64,T,HR,DK,2015,35.8,Denmark
A,TOTAL,EMP,TOTAL,Y20-64,T,HR,DK,2016,35.4,Denmark
A,TOTAL,EMP,TOTAL,Y20-64,T,HR,DK,2017,35.4,Denmark
A,TOTAL,EMP,TOTAL,Y20-64,T,HR,DK,2018,35.1,Denmark
A,TOTAL,EMP,TOTAL,Y20-64,T,HR,DK,2019,34.7,Denmark
A,TOTAL,EMP,TOTAL,Y20-64,T,HR,DK,2020,34.8,Denmark
A,TOTAL,EMP,TOTAL,Y20-64,T,HR,DK,2021,35.2,Denmark
A,TOTAL,EMP,TOTAL,Y20-64,T,HR,DK,2022,34.6,Denmark
A,TOTAL,EMP,TOTAL,Y20-64,T,HR,DK,2023,34.3,Denmark
A,TOTAL,EMP,TOTAL,Y20-64,T,HR,DK,2024,33.9,Denmark
A,TOTAL,EMP,TOTAL,Y20-64,T,HR,DK,2025,33.9,Denmark
A,TOTAL,EMP,TOTAL,Y20-64,T,HR,EE,2008,39.4,Estonia
A,TOTAL,EMP,TOTAL,Y20-64,T,HR,EE,2009,37.9,Estonia
A,TOTAL,EMP,TOTAL,Y20-64,T,HR,EE,2010,38.8,Estonia
A,TOTAL,EMP,TOTAL,Y20-64,T,HR,EE,2011,38.9,Estonia
A,TOTAL,EMP,TOTAL,Y20-64,T,HR,EE,2012,38.6,Estonia
A,TOTAL,EMP,TOTAL,Y20-64,T,HR,EE,2013,38.4,Estonia
A,TOTAL,EMP,TOTAL,Y20-64,T,HR,EE,2014,38.2,Estonia
A,TOTAL,EMP,TOTAL,Y20-64,T,HR,EE,2015,38.1,Estonia
A,TOTAL,EMP,TOTAL,Y20-64,T,HR,EE,2016,38.5,Estonia
A,TOTAL,EMP,TOTAL,Y20-64,T,HR,EE,2017,38.6,Estonia
A,TOTAL,EMP,TOTAL,Y20-64,T,HR,EE,2018,37.9,Estonia
A,TOTAL,EMP,TOTAL,Y20-64,T,HR,EE,2019,37.9,Estonia
A,TOTAL,EMP,TOTAL,Y20-64,T,HR,EE,2020,37.1,Estonia
A,TOTAL,EMP,TOTAL,Y20-64,T,HR,EE,2021,36.9,Estonia
A,TOTAL,EMP,TOTAL,Y20-64,T,HR,EE,2022,36.8,Estonia
A,TOTAL,EMP,TOTAL,Y20-64,T,HR,EE,2023,36.4,Estonia
A,TOTAL,EMP,TOTAL,Y20-64,T,HR,EE,2024,36.5,Estonia
A,TOTAL,EMP,TOTAL,Y20-64,T,HR,EE,2025,36.2,Estonia
A,TOTAL,EMP,TOTAL,Y20-64,T,HR,EL,2008,41.1,Greece
A,TOTAL,EMP,TOTAL,Y20-64,T,HR,EL,2009,40.8,Greece
A,TOTAL,EMP,TOTAL,Y20-64,T,HR,EL,2010,40.9,Greece
A,TOTAL,EMP,TOTAL,Y20-64,T,HR,EL,2011,40.9,Greece
A,TOTAL,EMP,TOTAL,Y20-64,T,HR,EL,2012,40.9,Greece
A,TOTAL,EMP,TOTAL,Y20-64,T,HR,EL,2013,40.9,Greece
A,TOTAL,EMP,TOTAL,Y20-64,T,HR,EL,2014,40.7,Greece
A,TOTAL,EMP,TOTAL,Y20-64,T,HR,EL,2015,40.7,Greece
A,TOTAL,EMP,TOTAL,Y20-64,T,HR,EL,2016,40.9,Greece
A,TOTAL,EMP,TOTAL,Y20-64,T,HR,EL,2017,40.7,Greece
A,TOTAL,EMP,TOTAL,Y20-64,T,HR,EL,2018,40.6,Greece
A,TOTAL,EMP,TOTAL,Y20-64,T,HR,EL,2019,40.4,Greece
A,TOTAL,EMP,TOTAL,Y20-64,T,HR,EL,2020,40.1,Greece
A,TOTAL,EMP,TOTAL,Y20-64,T,HR,EL,2021,40.1,Greece
A,TOTAL,EMP,TOTAL,Y20-64,T,HR,EL,2022,39.7,Greece
A,TOTAL,EMP,TOTAL,Y20-64,T,HR,EL,2023,39.8,Greece
A,TOTAL,EMP,TOTAL,Y20-64,T,HR,EL,2024,39.8,Greece
A,TOTAL,EMP,TOTAL,Y20-64,T,HR,EL,2025,39.6,Greece
A,TOTAL,EMP,TOTAL,Y20-64,T,HR,ES,2008,38.4,Spain
A,TOTAL,EMP,TOTAL,Y20-64,T,HR,ES,2009,37.9,Spain
A,TOTAL,EMP,TOTAL,Y20-64,T,HR,ES,2010,37.8,Spain
A,TOTAL,EMP,TOTAL,Y20-64,T,HR,ES,2011,37.7,Spain
A,TOTAL,EMP,TOTAL,Y20-64,T,HR,ES,2012,37.3,Spain
A,TOTAL,EMP,TOTAL,Y20-64,T,HR,ES,2013,37.2,Spain
A,TOTAL,EMP,TOTAL,Y20-64,T,HR,ES,2014,37.2,Spain
A,TOTAL,EMP,TOTAL,Y20-64,T,HR,ES,2015,37.1,Spain
A,TOTAL,EMP,TOTAL,Y20-64,T,HR,ES,2016,37.1,Spain
A,TOTAL,EMP,TOTAL,Y20-64,T,HR,ES,2017,36.9,Spain
A,TOTAL,EMP,TOTAL,Y20-64,T,HR,ES,2018,37.2,Spain
A,TOTAL,EMP,TOTAL,Y20-64,T,HR,ES,2019,36.9,Spain
A,TOTAL,EMP,TOTAL,Y20-64,T,HR,ES,2020,36.5,Spain
A,TOTAL,EMP,TOTAL,Y20-64,T,HR,ES,2021,36.2,Spain
A,TOTAL,EMP,TOTAL,Y20-64,T,HR,ES,2022,36.5,Spain
A,TOTAL,EMP,TOTAL,Y20-64,T,HR,ES,2023,36.4,Spain
A,TOTAL,EMP,TOTAL,Y20-64,T,HR,ES,2024,36.4,Spain
A,TOTAL,EMP,TOTAL,Y20-64,T,HR,ES,2025,36.3,Spain
A,TOTAL,EMP,TOTAL,Y20-64,T,HR,EU27_2020,2008,37.9,European Union - 27 countries (from 2020)
A,TOTAL,EMP,TOTAL,Y20-64,T,HR,EU27_2020,2009,37.4,European Union - 27 countries (from 2020)
A,TOTAL,EMP,TOTAL,Y20-64,T,HR,EU27_2020,2010,37.5,European Union - 27 countries (from 2020)
A,TOTAL,EMP,TOTAL,Y20-64,T,HR,EU27_2020,2011,37.5,European Union - 27 countries (from 2020)
A,TOTAL,EMP,TOTAL,Y20-64,T,HR,EU27_2020,2012,37.2,European Union - 27 countries (from 2020)
A,TOTAL,EMP,TOTAL,Y20-64,T,HR,EU27_2020,2013,37.0,European Union - 27 countries (from 2020)
A,TOTAL,EMP,TOTAL,Y20-64,T,HR,EU27_2020,2014,37.0,European Union - 27 countries (from 2020)
A,TOTAL,EMP,TOTAL,Y20-64,T,HR,EU27_2020,2015,36.9,European Union - 27 countries (from 2020)
A,TOTAL,EMP,TOTAL,Y20-64,T,HR,EU27_2020,2016,37.1,European Union - 27 countries (from 2020)
A,TOTAL,EMP,TOTAL,Y20-64,T,HR,EU27_2020,2017,36.9,European Union - 27 countries (from 2020)
A,TOTAL,EMP,TOTAL,Y20-64,T,HR,EU27_2020,2018,36.9,European Union - 27 countries (from 2020)
A,TOTAL,EMP,TOTAL,Y20-64,T,HR,EU27_2020,2019,36.8,European Union - 27 countries (from 2020)
A,TOTAL,EMP,TOTAL,Y20-64,T,HR,EU27_2020,2020,36.2,European Union - 27 countries (from 2020)
A,TOTAL,EMP,TOTAL,Y20-64,T,HR,EU27_2020,2021,36.4,European Union - 27 countries (from 2020)
A,TOTAL,EMP,TOTAL,Y20-64,T,HR,EU27_2020,2022,36.4,European Union - 27 countries (from 2020)
A,TOTAL,EMP,TOTAL,Y20-64,T,HR,EU27_2020,2023,36.1,European Union - 27 countries (from 2020)
A,TOTAL,EMP,TOTAL,Y20-64,T,HR,EU27_2020,2024,36.0,European Union - 27 countries (from 2020)
A,TOTAL,EMP,TOTAL,Y20-64,T,HR,EU27_2020,2025,35.9,European Union - 27 countries (from 2020)
A,TOTAL,EMP,TOTAL,Y20-64,T,HR,FI,2008,37.3,Finland
A,TOTAL,EMP,TOTAL,Y20-64,T,HR,FI,2009,36.6,Finland
A,TOTAL,EMP,TOTAL,Y20-64,T,HR,FI,2010,36.9,Finland
A,TOTAL,EMP,TOTAL,Y20-64,T,HR,FI,2011,36.9,Finland
A,TOTAL,EMP,TOTAL,Y20-64,T,HR,FI,2012,36.7,Finland
A,TOTAL,EMP,TOTAL,Y20-64,T,HR,FI,2013,36.4,Finland
A,TOTAL,EMP,TOTAL,Y20-64,T,HR,FI,2014,36.3,Finland
A,TOTAL,EMP,TOTAL,Y20-64,T,HR,FI,2015,36.3,Finland
A,TOTAL,EMP,TOTAL,Y20-64,T,HR,FI,2016,36.5,Finland
A,TOTAL,EMP,TOTAL,Y20-64,T,HR,FI,2017,36.4,Finland
A,TOTAL,EMP,TOTAL,Y20-64,T,HR,FI,2018,36.2,Finland
A,TOTAL,EMP,TOTAL,Y20-64,T,HR,FI,2019,36.1,Finland
A,TOTAL,EMP,TOTAL,Y20-64,T,HR,FI,2020,36.0,Finland
A,TOTAL,EMP,TOTAL,Y20-64,T,HR,FI,2021,35.4,Finland
A,TOTAL,EMP,TOTAL,Y20-64,T,HR,FI,2022,34.9,Finland
A,TOTAL,EMP,TOTAL,Y20-64,T,HR,FI,2023,34.8,Finland
A,TOTAL,EMP,TOTAL,Y20-64,T,HR,FI,2024,34.9,Finland
A,TOTAL,EMP,TOTAL,Y20-64,T,HR,FI,2025,34.7,Finland
A,TOTAL,EMP,TOTAL,Y20-64,T,HR,FR,2008,36.8,France
A,TOTAL,EMP,TOTAL,Y20-64,T,HR,FR,2009,36.5,France
A,TOTAL,EMP,TOTAL,Y20-64,T,HR,FR,2010,36.9,France
A,TOTAL,EMP,TOTAL,Y20-64,T,HR,FR,2011,36.9,France
A,TOTAL,EMP,TOTAL,Y20-64,T,HR,FR,2012,36.7,France
A,TOTAL,EMP,TOTAL,Y20-64,T,HR,FR,2013,36.0,France
A,TOTAL,EMP,TOTAL,Y20-64,T,HR,FR,2014,35.8,France
A,TOTAL,EMP,TOTAL,Y20-64,T,HR,FR,2015,35.9,France
A,TOTAL,EMP,TOTAL,Y20-64,T,HR,FR,2016,36.1,France
A,TOTAL,EMP,TOTAL,Y20-64,T,HR,FR,2017,36.0,France
A,TOTAL,EMP,TOTAL,Y20-64,T,HR,FR,2018,36.1,France
A,TOTAL,EMP,TOTAL,Y20-64,T,HR,FR,2019,36.1,France
A,TOTAL,EMP,TOTAL,Y20-64,T,HR,FR,2020,35.7,France
A,TOTAL,EMP,TOTAL,Y20-64,T,HR,FR,2021,35.9,France
A,TOTAL,EMP,TOTAL,Y20-64,T,HR,FR,2022,36.2,France
A,TOTAL,EMP,TOTAL,Y20-64,T,HR,FR,2023,36.0,France
A,TOTAL,EMP,TOTAL,Y20-64,T,HR,FR,2024,35.8,France
A,TOTAL,EMP,TOTAL,Y20-64,T,HR,FR,2025,35.6,France
A,TOTAL,EMP,TOTAL,Y20-64,T,HR,HR,2008,40.2,Croatia
A,TOTAL,EMP,TOTAL,Y20-64,T,HR,HR,2009,39.9,Croatia
A,TOTAL,EMP,TOTAL,Y20-64,T,HR,HR,2010,39.8,Croatia
A,TOTAL,EMP,TOTAL,Y20-64,T,HR,HR,2011,39.7,Croatia
A,TOTAL,EMP,TOTAL,Y20-64,T,HR,HR,2012,39.5,Croatia
A,TOTAL,EMP,TOTAL,Y20-64,T,HR,HR,2013,39.2,Croatia
A,TOTAL,EMP,TOTAL,Y20-64,T,HR,HR,2014,39.3,Croatia
A,TOTAL,EMP,TOTAL,Y20-64,T,HR,HR,2015,38.3,Croatia
A,TOTAL,EMP,TOTAL,Y20-64,T,HR,HR,2016,38.6,Croatia
A,TOTAL,EMP,TOTAL,Y20-64,T,HR,HR,2017,38.9,Croatia
A,TOTAL,EMP,TOTAL,Y20-64,T,HR,HR,2018,38.7,Croatia
A,TOTAL,EMP,TOTAL,Y20-64,T,HR,HR,2019,38.6,Croatia
A,TOTAL,EMP,TOTAL,Y20-64,T,HR,HR,2020,38.2,Croatia
A,TOTAL,EMP,TOTAL,Y20-64,T,HR,HR,2021,38.1,Croatia
A,TOTAL,EMP,TOTAL,Y20-64,T,HR,HR,2022,38.0,Croatia
A,TOTAL,EMP,TOTAL,Y20-64,T,HR,HR,2023,38.1,Croatia
A,TOTAL,EMP,TOTAL,Y20-64,T,HR,HR,2024,37.8,Croatia
A,TOTAL,EMP,TOTAL,Y20-64,T,HR,HR,2025,37.7,Croatia
A,TOTAL,EMP,TOTAL,Y20-64,T,HR,HU,2008,40.1,Hungary
A,TOTAL,EMP,TOTAL,Y20-64,T,HR,HU,2009,39.7,Hungary
A,TOTAL,EMP,TOTAL,Y20-64,T,HR,HU,2010,39.6,Hungary
A,TOTAL,EMP,TOTAL,Y20-64,T,HR,HU,2011,39.2,Hungary
A,TOTAL,EMP,TOTAL,Y20-64,T,HR,HU,2012,38.5,Hungary
A,TOTAL,EMP,TOTAL,Y20-64,T,HR,HU,2013,38.3,Hungary
A,TOTAL,EMP,TOTAL,Y20-64,T,HR,HU,2014,38.3,Hungary
A,TOTAL,EMP,TOTAL,Y20-64,T,HR,HU,2015,38.4,Hungary
A,TOTAL,EMP,TOTAL,Y20-64,T,HR,HU,2016,39.0,Hungary
A,TOTAL,EMP,TOTAL,Y20-64,T,HR,HU,2017,38.6,Hungary
A,TOTAL,EMP,TOTAL,Y20-64,T,HR,HU,2018,38.1,Hungary
A,TOTAL,EMP,TOTAL,Y20-64,T,HR,HU,2019,38.4,Hungary
A,TOTAL,EMP,TOTAL,Y20-64,T,HR,HU,2020,38.1,Hungary
A,TOTAL,EMP,TOTAL,Y20-64,T,HR,HU,2021,38.2,Hungary
A,TOTAL,EMP,TOTAL,Y20-64,T,HR,HU,2022,38.5,Hungary
A,TOTAL,EMP,TOTAL,Y20-64,T,HR,HU,2023,37.8,Hungary
A,TOTAL,EMP,TOTAL,Y20-64,T,HR,HU,2024,37.4,Hungary
A,TOTAL,EMP,TOTAL,Y20-64,T,HR,HU,2025,37.4,Hungary
A,TOTAL,EMP,TOTAL,Y20-64,T,HR,IE,2008,36.5,Ireland
A,TOTAL,EMP,TOTAL,Y20-64,T,HR,IE,2009,35.5,Ireland
A,TOTAL,EMP,TOTAL,Y20-64,T,HR,IE,2010,35.4,Ireland
A,TOTAL,EMP,TOTAL,Y20-64,T,HR,IE,2011,35.3,Ireland
A,TOTAL,EMP,TOTAL,Y20-64,T,HR,IE,2012,35.3,Ireland
A,TOTAL,EMP,TOTAL,Y20-64,T,HR,IE,2013,35.5,Ireland
A,TOTAL,EMP,TOTAL,Y20-64,T,HR,IE,2014,35.6,Ireland
A,TOTAL,EMP,TOTAL,Y20-64,T,HR,IE,2015,35.6,Ireland
A,TOTAL,EMP,TOTAL,Y20-64,T,HR,IE,2016,35.9,Ireland
A,TOTAL,EMP,TOTAL,Y20-64,T,HR,IE,2017,36.3,Ireland
A,TOTAL,EMP,TOTAL,Y20-64,T,HR,IE,2018,36.7,Ireland
A,TOTAL,EMP,TOTAL,Y20-64,T,HR,IE,2019,36.7,Ireland
A,TOTAL,EMP,TOTAL,Y20-64,T,HR,IE,2020,36.5,Ireland
A,TOTAL,EMP,TOTAL,Y20-64,T,HR,IE,2021,36.3,Ireland
A,TOTAL,EMP,TOTAL,Y20-64,T,HR,IE,2022,36.0,Ireland
A,TOTAL,EMP,TOTAL,Y20-64,T,HR,IE,2023,35.5,Ireland
A,TOTAL,EMP,TOTAL,Y20-64,T,HR,IE,2024,35.1,Ireland
A,TOTAL,EMP,TOTAL,Y20-64,T,HR,IE,2025,35.1,Ireland
A,TOTAL,EMP,TOTAL,Y20-64,T,HR,IT,2008,37.7,Italy
A,TOTAL,EMP,TOTAL,Y20-64,T,HR,IT,2009,37.2,Italy
A,TOTAL,EMP,TOTAL,Y20-64,T,HR,IT,2010,37.3,Italy
A,TOTAL,EMP,TOTAL,Y20-64,T,HR,IT,2011,37.1,Italy
A,TOTAL,EMP,TOTAL,Y20-64,T,HR,IT,2012,36.4,Italy
A,TOTAL,EMP,TOTAL,Y20-64,T,HR,IT,2013,36.3,Italy
A,TOTAL,EMP,TOTAL,Y20-64,T,HR,IT,2014,36.2,Italy
A,TOTAL,EMP,TOTAL,Y20-64,T,HR,IT,2015,36.3,Italy
A,TOTAL,EMP,TOTAL,Y20-64,T,HR,IT,2016,36.5,Italy
A,TOTAL,EMP,TOTAL,Y20-64,T,HR,IT,2017,36.6,Italy
A,TOTAL,EMP,TOTAL,Y20-64,T,HR,IT,2018,36.8,Italy
A,TOTAL,EMP,TOTAL,Y20-64,T,HR,IT,2019,36.7,Italy
A,TOTAL,EMP,TOTAL,Y20-64,T,HR,IT,2020,35.8,Italy
A,TOTAL,EMP,TOTAL,Y20-64,T,HR,IT,2021,36.0,Italy
A,TOTAL,EMP,TOTAL,Y20-64,T,HR,IT,2022,36.2,Italy
A,TOTAL,EMP,TOTAL,Y20-64,T,HR,IT,2023,36.1,Italy
A,TOTAL,EMP,TOTAL,Y20-64,T,HR,IT,2024,36.1,Italy
A,TOTAL,EMP,TOTAL,Y20-64,T,HR,IT,2025,36.1,Italy
A,TOTAL,EMP,TOTAL,Y20-64,T,HR,LT,2008,39.3,Lithuania
A,TOTAL,EMP,TOTAL,Y20-64,T,HR,LT,2009,38.7,Lithuania
A,TOTAL,EMP,TOTAL,Y20-64,T,HR,LT,2010,38.5,Lithuania
A,TOTAL,EMP,TOTAL,Y20-64,T,HR,LT,2011,38.4,Lithuania
A,TOTAL,EMP,TOTAL,Y20-64,T,HR,LT,2012,38.2,Lithuania
A,TOTAL,EMP,TOTAL,Y20-64,T,HR,LT,2013,38.2,Lithuania
A,TOTAL,EMP,TOTAL,Y20-64,T,HR,LT,2014,38.1,Lithuania
A,TOTAL,EMP,TOTAL,Y20-64,T,HR,LT,2015,38.2,Lithuania
A,TOTAL,EMP,TOTAL,Y20-64,T,HR,LT,2016,38.4,Lithuania
A,TOTAL,EMP,TOTAL,Y20-64,T,HR,LT,2017,38.0,Lithuania
A,TOTAL,EMP,TOTAL,Y20-64,T,HR,LT,2018,38.2,Lithuania
A,TOTAL,EMP,TOTAL,Y20-64,T,HR,LT,2019,38.4,Lithuania
A,TOTAL,EMP,TOTAL,Y20-64,T,HR,LT,2020,38.0,Lithuania
A,TOTAL,EMP,TOTAL,Y20-64,T,HR,LT,2021,38.4,Lithuania
A,TOTAL,EMP,TOTAL,Y20-64,T,HR,LT,2022,38.3,Lithuania
A,TOTAL,EMP,TOTAL,Y20-64,T,HR,LT,2023,38.3,Lithuania
A,TOTAL,EMP,TOTAL,Y20-64,T,HR,LT,2024,38.3,Lithuania
A,TOTAL,EMP,TOTAL,Y20-64,T,HR,LT,2025,38.4,Lithuania
A,TOTAL,EMP,TOTAL,Y20-64,T,HR,LU,2008,37.2,Luxembourg
A,TOTAL,EMP,TOTAL,Y20-64,T,HR,LU,2009,38.0,Luxembourg
A,TOTAL,EMP,TOTAL,Y20-64,T,HR,LU,2010,37.9,Luxembourg
A,TOTAL,EMP,TOTAL,Y20-64,T,HR,LU,2011,37.9,Luxembourg
A,TOTAL,EMP,TOTAL,Y20-64,T,HR,LU,2012,38.3,Luxembourg
A,TOTAL,EMP,TOTAL,Y20-64,T,HR,LU,2013,38.0,Luxembourg
A,TOTAL,EMP,TOTAL,Y20-64,T,HR,LU,2014,38.2,Luxembourg
A,TOTAL,EMP,TOTAL,Y20-64,T,HR,LU,2015,38.1,Luxembourg
A,TOTAL,EMP,TOTAL,Y20-64,T,HR,LU,2016,37.7,Luxembourg
A,TOTAL,EMP,TOTAL,Y20-64,T,HR,LU,2017,37.4,Luxembourg
A,TOTAL,EMP,TOTAL,Y20-64,T,HR,LU,2018,37.5,Luxembourg
A,TOTAL,EMP,TOTAL,Y20-64,T,HR,LU,2019,37.9,Luxembourg
A,TOTAL,EMP,TOTAL,Y20-64,T,HR,LU,2020,37.0,Luxembourg
A,TOTAL,EMP,TOTAL,Y20-64,T,HR,LU,2021,35.9,Luxembourg
A,TOTAL,EMP,TOTAL,Y20-64,T,HR,LU,2022,35.5,Luxembourg
A,TOTAL,EMP,TOTAL,Y20-64,T,HR,LU,2023,35.3,Luxembourg
A,TOTAL,EMP,TOTAL,Y20-64,T,HR,LU,2024,35.7,Luxembourg
A,TOTAL,EMP,TOTAL,Y20-64,T,HR,LU,2025,35.7,Luxembourg
A,TOTAL,EMP,TOTAL,Y20-64,T,HR,LV,2008,39.7,Latvia
A,TOTAL,EMP,TOTAL,Y20-64,T,HR,LV,2009,39.1,Latvia
A,TOTAL,EMP,TOTAL,Y20-64,T,HR,LV,2010,38.5,Latvia
A,TOTAL,EMP,TOTAL,Y20-64,T,HR,LV,2011,38.7,Latvia
A,TOTAL,EMP,TOTAL,Y20-64,T,HR,LV,2012,38.4,Latvia
A,TOTAL,EMP,TOTAL,Y20-64,T,HR,LV,2013,38.5,Latvia
A,TOTAL,EMP,TOTAL,Y20-64,T,HR,LV,2014,38.7,Latvia
A,TOTAL,EMP,TOTAL,Y20-64,T,HR,LV,2015,38.5,Latvia
A,TOTAL,EMP,TOTAL,Y20-64,T,HR,LV,2016,38.7,Latvia
A,TOTAL,EMP,TOTAL,Y20-64,T,HR,LV,2017,38.5,Latvia
A,TOTAL,EMP,TOTAL,Y20-64,T,HR,LV,2018,38.6,Latvia
A,TOTAL,EMP,TOTAL,Y20-64,T,HR,LV,2019,38.2,Latvia
A,TOTAL,EMP,TOTAL,Y20-64,T,HR,LV,2020,37.8,Latvia
A,TOTAL,EMP,TOTAL,Y20-64,T,HR,LV,2021,38.3,Latvia
A,TOTAL,EMP,TOTAL,Y20-64,T,HR,LV,2022,38.6,Latvia
A,TOTAL,EMP,TOTAL,Y20-64,T,HR,LV,2023,38.4,Latvia
A,TOTAL,EMP,TOTAL,Y20-64,T,HR,LV,2024,38.3,Latvia
A,TOTAL,EMP,TOTAL,Y20-64,T,HR,LV,2025,37.9,Latvia
A,TOTAL,EMP,TOTAL,Y20-64,T,HR,MT,2008,39.3,Malta
A,TOTAL,EMP,TOTAL,Y20-64,T,HR,MT,2009,39.0,Malta
A,TOTAL,EMP,TOTAL,Y20-64,T,HR,MT,2010,38.5,Malta
A,TOTAL,EMP,TOTAL,Y20-64,T,HR,MT,2011,38.2,Malta
A,TOTAL,EMP,TOTAL,Y20-64,T,HR,MT,2012,38.1,Malta
A,TOTAL,EMP,TOTAL,Y20-64,T,HR,MT,2013,37.9,Malta
A,TOTAL,EMP,TOTAL,Y20-64,T,HR,MT,2014,37.4,Malta
A,TOTAL,EMP,TOTAL,Y20-64,T,HR,MT,2015,37.8,Malta
A,TOTAL,EMP,TOTAL,Y20-64,T,HR,MT,2016,38.3,Malta
A,TOTAL,EMP,TOTAL,Y20-64,T,HR,MT,2017,37.8,Malta
A,TOTAL,EMP,TOTAL,Y20-64,T,HR,MT,2018,38.1,Malta
A,TOTAL,EMP,TOTAL,Y20-64,T,HR,MT,2019,39.2,Malta
A,TOTAL,EMP,TOTAL,Y20-64,T,HR,MT,2020,38.0,Malta
A,TOTAL,EMP,TOTAL,Y20-64,T,HR,MT,2021,37.6,Malta
A,TOTAL,EMP,TOTAL,Y20-64,T,HR,MT,2022,37.3,Malta
A,TOTAL,EMP,TOTAL,Y20-64,T,HR,MT,2023,37.3,Malta
A,TOTAL,EMP,TOTAL,Y20-64,T,HR,MT,2024,37.5,Malta
A,TOTAL,EMP,TOTAL,Y20-64,T,HR,MT,2025,37.5,Malta
A,TOTAL,EMP,TOTAL,Y20-64,T,HR,NL,2008,33.3,Netherlands
A,TOTAL,EMP,TOTAL,Y20-64,T,HR,NL,2009,33.1,Netherlands
A,TOTAL,EMP,TOTAL,Y20-64,T,HR,NL,2010,32.9,Netherlands
A,TOTAL,EMP,TOTAL,Y20-64,T,HR,NL,2011,33.2,Netherlands
A,TOTAL,EMP,TOTAL,Y20-64,T,HR,NL,2012,32.9,Netherlands
A,TOTAL,EMP,TOTAL,Y20-64,T,HR,NL,2013,32.8,Netherlands
A,TOTAL,EMP,TOTAL,Y20-64,T,HR,NL,2014,33.2,Netherlands
A,TOTAL,EMP,TOTAL,Y20-64,T,HR,NL,2015,33.0,Netherlands
A,TOTAL,EMP,TOTAL,Y20-64,T,HR,NL,2016,33.4,Netherlands
A,TOTAL,EMP,TOTAL,Y20-64,T,HR,NL,2017,33.4,Netherlands
A,TOTAL,EMP,TOTAL,Y20-64,T,HR,NL,2018,33.3,Netherlands
A,TOTAL,EMP,TOTAL,Y20-64,T,HR,NL,2019,33.4,Netherlands
A,TOTAL,EMP,TOTAL,Y20-64,T,HR,NL,2020,32.7,Netherlands
A,TOTAL,EMP,TOTAL,Y20-64,T,HR,NL,2021,32.2,Netherlands
A,TOTAL,EMP,TOTAL,Y20-64,T,HR,NL,2022,32.4,Netherlands
A,TOTAL,EMP,TOTAL,Y20-64,T,HR,NL,2023,32.2,Netherlands
A,TOTAL,EMP,TOTAL,Y20-64,T,HR,NL,2024,32.1,Netherlands
A,TOTAL,EMP,TOTAL,Y20-64,T,HR,NL,2025,31.9,Netherlands
A,TOTAL,EMP,TOTAL,Y20-64,T,HR,PL,2008,40.4,Poland
A,TOTAL,EMP,TOTAL,Y20-64,T,HR,PL,2009,40.0,Poland
A,TOTAL,EMP,TOTAL,Y20-64,T,HR,PL,2010,39.9,Poland
A,TOTAL,EMP,TOTAL,Y20-64,T,HR,PL,2011,39.8,Poland
A,TOTAL,EMP,TOTAL,Y20-64,T,HR,PL,2012,39.7,Poland
A,TOTAL,EMP,TOTAL,Y20-64,T,HR,PL,2013,39.6,Poland
A,TOTAL,EMP,TOTAL,Y20-64,T,HR,PL,2014,39.7,Poland
A,TOTAL,EMP,TOTAL,Y20-64,T,HR,PL,2015,39.8,Poland
A,TOTAL,EMP,TOTAL,Y20-64,T,HR,PL,2016,40.0,Poland
A,TOTAL,EMP,TOTAL,Y20-64,T,HR,PL,2017,39.6,Poland
A,TOTAL,EMP,TOTAL,Y20-64,T,HR,PL,2018,39.0,Poland
A,TOTAL,EMP,TOTAL,Y20-64,T,HR,PL,2019,39.0,Poland
A,TOTAL,EMP,TOTAL,Y20-64,T,HR,PL,2020,38.6,Poland
A,TOTAL,EMP,TOTAL,Y20-64,T,HR,PL,2021,39.7,Poland
A,TOTAL,EMP,TOTAL,Y20-64,T,HR,PL,2022,39.5,Poland
A,TOTAL,EMP,TOTAL,Y20-64,T,HR,PL,2023,39.3,Poland
A,TOTAL,EMP,TOTAL,Y20-64,T,HR,PL,2024,38.9,Poland
A,TOTAL,EMP,TOTAL,Y20-64,T,HR,PL,2025,38.7,Poland
A,TOTAL,EMP,TOTAL,Y20-64,T,HR,PT,2008,38.5,Portugal
A,TOTAL,EMP,TOTAL,Y20-64,T,HR,PT,2009,38.6,Portugal
A,TOTAL,EMP,TOTAL,Y20-64,T,HR,PT,2010,38.8,Portugal
A,TOTAL,EMP,TOTAL,Y20-64,T,HR,PT,2011,38.8,Portugal
A,TOTAL,EMP,TOTAL,Y20-64,T,HR,PT,2012,38.7,Portugal
A,TOTAL,EMP,TOTAL,Y20-64,T,HR,PT,2013,38.9,Portugal
A,TOTAL,EMP,TOTAL,Y20-64,T,HR,PT,2014,39.0,Portugal
A,TOTAL,EMP,TOTAL,Y20-64,T,HR,PT,2015,39.0,Portugal
A,TOTAL,EMP,TOTAL,Y20-64,T,HR,PT,2016,38.5,Portugal
A,TOTAL,EMP,TOTAL,Y20-64,T,HR,PT,2017,38.6,Portugal
A,TOTAL,EMP,TOTAL,Y20-64,T,HR,PT,2018,38.6,Portugal
A,TOTAL,EMP,TOTAL,Y20-64,T,HR,PT,2019,38.4,Portugal
A,TOTAL,EMP,TOTAL,Y20-64,T,HR,PT,2020,37.6,Portugal
A,TOTAL,EMP,TOTAL,Y20-64,T,HR,PT,2021,38.1,Portugal
A,TOTAL,EMP,TOTAL,Y20-64,T,HR,PT,2022,37.9,Portugal
A,TOTAL,EMP,TOTAL,Y20-64,T,HR,PT,2023,37.7,Portugal
A,TOTAL,EMP,TOTAL,Y20-64,T,HR,PT,2024,37.5,Portugal
A,TOTAL,EMP,TOTAL,Y20-64,T,HR,PT,2025,37.4,Portugal
A,TOTAL,EMP,TOTAL,Y20-64,T,HR,RO,2008,40.1,Romania
A,TOTAL,EMP,TOTAL,Y20-64,T,HR,RO,2009,39.9,Romania
A,TOTAL,EMP,TOTAL,Y20-64,T,HR,RO,2010,39.6,Romania
A,TOTAL,EMP,TOTAL,Y20-64,T,HR,RO,2011,39.5,Romania
A,TOTAL,EMP,TOTAL,Y20-64,T,HR,RO,2012,39.5,Romania
A,TOTAL,EMP,TOTAL,Y20-64,T,HR,RO,2013,39.4,Romania
A,TOTAL,EMP,TOTAL,Y20-64,T,HR,RO,2014,39.3,Romania
A,TOTAL,EMP,TOTAL,Y20-64,T,HR,RO,2015,38.9,Romania
A,TOTAL,EMP,TOTAL,Y20-64,T,HR,RO,2016,39.2,Romania
A,TOTAL,EMP,TOTAL,Y20-64,T,HR,RO,2017,39.3,Romania
A,TOTAL,EMP,TOTAL,Y20-64,T,HR,RO,2018,39.2,Romania
A,TOTAL,EMP,TOTAL,Y20-64,T,HR,RO,2019,39.4,Romania
A,TOTAL,EMP,TOTAL,Y20-64,T,HR,RO,2020,38.9,Romania
A,TOTAL,EMP,TOTAL,Y20-64,T,HR,RO,2021,39.8,Romania
A,TOTAL,EMP,TOTAL,Y20-64,T,HR,RO,2022,39.7,Romania
A,TOTAL,EMP,TOTAL,Y20-64,T,HR,RO,2023,39.5,Romania
A,TOTAL,EMP,TOTAL,Y20-64,T,HR,RO,2024,38.8,Romania
A,TOTAL,EMP,TOTAL,Y20-64,T,HR,RO,2025,38.2,Romania
A,TOTAL,EMP,TOTAL,Y20-64,T,HR,SE,2008,36.1,Sweden
A,TOTAL,EMP,TOTAL,Y20-64,T,HR,SE,2009,35.7,Sweden
A,TOTAL,EMP,TOTAL,Y20-64,T,HR,SE,2010,36.4,Sweden
A,TOTAL,EMP,TOTAL,Y20-64,T,HR,SE,2011,36.3,Sweden
A,TOTAL,EMP,TOTAL,Y20-64,T,HR,SE,2012,36.1,Sweden
A,TOTAL,EMP,TOTAL,Y20-64,T,HR,SE,2013,36.1,Sweden
A,TOTAL,EMP,TOTAL,Y20-64,T,HR,SE,2014,35.9,Sweden
A,TOTAL,EMP,TOTAL,Y20-64,T,HR,SE,2015,35.9,Sweden
A,TOTAL,EMP,TOTAL,Y20-64,T,HR,SE,2016,36.2,Sweden
A,TOTAL,EMP,TOTAL,Y20-64,T,HR,SE,2017,36.1,Sweden
A,TOTAL,EMP,TOTAL,Y20-64,T,HR,SE,2018,36.1,Sweden
A,TOTAL,EMP,TOTAL,Y20-64,T,HR,SE,2019,35.9,Sweden
A,TOTAL,EMP,TOTAL,Y20-64,T,HR,SE,2020,35.0,Sweden
A,TOTAL,EMP,TOTAL,Y20-64,T,HR,SE,2021,35.7,Sweden
A,TOTAL,EMP,TOTAL,Y20-64,T,HR,SE,2022,35.9,Sweden
A,TOTAL,EMP,TOTAL,Y20-64,T,HR,SE,2023,35.7,Sweden
A,TOTAL,EMP,TOTAL,Y20-64,T,HR,SE,2024,35.7,Sweden
A,TOTAL,EMP,TOTAL,Y20-64,T,HR,SE,2025,35.4,Sweden
A,TOTAL,EMP,TOTAL,Y20-64,T,HR,SI,2008,39.9,Slovenia
A,TOTAL,EMP,TOTAL,Y20-64,T,HR,SI,2009,39.3,Slovenia
A,TOTAL,EMP,TOTAL,Y20-64,T,HR,SI,2010,39.1,Slovenia
A,TOTAL,EMP,TOTAL,Y20-64,T,HR,SI,2011,38.9,Slovenia
A,TOTAL,EMP,TOTAL,Y20-64,T,HR,SI,2012,38.7,Slovenia
A,TOTAL,EMP,TOTAL,Y20-64,T,HR,SI,2013,39.0,Slovenia
A,TOTAL,EMP,TOTAL,Y20-64,T,HR,SI,2014,38.9,Slovenia
A,TOTAL,EMP,TOTAL,Y20-64,T,HR,SI,2015,39.0,Slovenia
A,TOTAL,EMP,TOTAL,Y20-64,T,HR,SI,2016,38.8,Slovenia
A,TOTAL,EMP,TOTAL,Y20-64,T,HR,SI,2017,38.0,Slovenia
A,TOTAL,EMP,TOTAL,Y20-64,T,HR,SI,2018,38.4,Slovenia
A,TOTAL,EMP,TOTAL,Y20-64,T,HR,SI,2019,38.5,Slovenia
A,TOTAL,EMP,TOTAL,Y20-64,T,HR,SI,2020,38.9,Slovenia
A,TOTAL,EMP,TOTAL,Y20-64,T,HR,SI,2021,38.6,Slovenia
A,TOTAL,EMP,TOTAL,Y20-64,T,HR,SI,2022,38.5,Slovenia
A,TOTAL,EMP,TOTAL,Y20-64,T,HR,SI,2023,38.1,Slovenia
A,TOTAL,EMP,TOTAL,Y20-64,T,HR,SI,2024,38.0,Slovenia
A,TOTAL,EMP,TOTAL,Y20-64,T,HR,SI,2025,38.3,Slovenia
A,TOTAL,EMP,TOTAL,Y20-64,T,HR,SK,2008,39.9,Slovakia
A,TOTAL,EMP,TOTAL,Y20-64,T,HR,SK,2009,39.3,Slovakia
A,TOTAL,EMP,TOTAL,Y20-64,T,HR,SK,2010,39.5,Slovakia
A,TOTAL,EMP,TOTAL,Y20-64,T,HR,SK,2011,39.5,Slovakia
A,TOTAL,EMP,TOTAL,Y20-64,T,HR,SK,2012,39.5,Slovakia
A,TOTAL,EMP,TOTAL,Y20-64,T,HR,SK,2013,39.5,Slovakia
A,TOTAL,EMP,TOTAL,Y20-64,T,HR,SK,2014,38.9,Slovakia
A,TOTAL,EMP,TOTAL,Y20-64,T,HR,SK,2015,38.9,Slovakia
A,TOTAL,EMP,TOTAL,Y20-64,T,HR,SK,2016,38.8,Slovakia
A,TOTAL,EMP,TOTAL,Y20-64,T,HR,SK,2017,38.5,Slovakia
A,TOTAL,EMP,TOTAL,Y20-64,T,HR,SK,2018,38.8,Slovakia
A,TOTAL,EMP,TOTAL,Y20-64,T,HR,SK,2019,38.9,Slovakia
A,TOTAL,EMP,TOTAL,Y20-64,T,HR,SK,2020,38.4,Slovakia
A,TOTAL,EMP,TOTAL,Y20-64,T,HR,SK,2021,38.0,Slovakia
A,TOTAL,EMP,TOTAL,Y20-64,T,HR,SK,2022,37.8,Slovakia
A,TOTAL,EMP,TOTAL,Y20-64,T,HR,SK,2023,37.6,Slovakia
A,TOTAL,EMP,TOTAL,Y20-64,T,HR,SK,2024,37.9,Slovakia
A,TOTAL,EMP,TOTAL,Y20-64,T,HR,SK,2025,37.6,Slovakia
A,TOTAL,SAL,FT,Y20-64,T,HR,AT,2008,41.3,Austria
A,TOTAL,SAL,FT,Y20-64,T,HR,AT,2009,40.5,Austria
A,TOTAL,SAL,FT,Y20-64,T,HR,AT,2010,40.4,Austria
A,TOTAL,SAL,FT,Y20-64,T,HR,AT,2011,40.5,Austria
A,TOTAL,SAL,FT,Y20-64,T,HR,AT,2012,40.3,Austria
A,TOTAL,SAL,FT,Y20-64,T,HR,AT,2013,40.2,Austria
A,TOTAL,SAL,FT,Y20-64,T,HR,AT,2014,40.0,Austria
A,TOTAL,SAL,FT,Y20-64,T,HR,AT,2015,39.6,Austria
A,TOTAL,SAL,FT,Y20-64,T,HR,AT,2016,39.6,Austria
A,TOTAL,SAL,FT,Y20-64,T,HR,AT,2017,39.5,Austria
A,TOTAL,SAL,FT,Y20-64,T,HR,AT,2018,39.6,Austria
A,TOTAL,SAL,FT,Y20-64,T,HR,AT,2019,39.7,Austria
A,TOTAL,SAL,FT,Y20-64,T,HR,AT,2020,37.6,Austria
A,TOTAL,SAL,FT,Y20-64,T,HR,AT,2021,37.6,Austria
A,TOTAL,SAL,FT,Y20-64,T,HR,AT,2022,37.7,Austria
A,TOTAL,SAL,FT,Y20-64,T,HR,AT,2023,37.6,Austria
A,TOTAL,SAL,FT,Y20-64,T,HR,AT,2024,38.0,Austria
A,TOTAL,SAL,FT,Y20-64,T,HR,AT,2025,37.9,Austria
A,TOTAL,SAL,FT,Y20-64,T,HR,BE,2008,38.3,Belgium
A,TOTAL,SAL,FT,Y20-64,T,HR,BE,2009,38.3,Belgium
A,TOTAL,SAL,FT,Y20-64,T,HR,BE,2010,38.6,Belgium
A,TOTAL,SAL,FT,Y20-64,T,HR,BE,2011,38.6,Belgium
A,TOTAL,SAL,FT,Y20-64,T,HR,BE,2012,38.2,Belgium
A,TOTAL,SAL,FT,Y20-64,T,HR,BE,2013,38.1,Belgium
A,TOTAL,SAL,FT,Y20-64,T,HR,BE,2014,38.3,Belgium
A,TOTAL,SAL,FT,Y20-64,T,HR,BE,2015,38.3,Belgium
A,TOTAL,SAL,FT,Y20-64,T,HR,BE,2016,38.6,Belgium
A,TOTAL,SAL,FT,Y20-64,T,HR,BE,2017,38.4,Belgium
A,TOTAL,SAL,FT,Y20-64,T,HR,BE,2018,38.4,Belgium
A,TOTAL,SAL,FT,Y20-64,T,HR,BE,2019,38.4,Belgium
A,TOTAL,SAL,FT,Y20-64,T,HR,BE,2020,37.7,Belgium
A,TOTAL,SAL,FT,Y20-64,T,HR,BE,2021,36.7,Belgium
A,TOTAL,SAL,FT,Y20-64,T,HR,BE,2022,36.5,Belgium
A,TOTAL,SAL,FT,Y20-64,T,HR,BE,2023,36.5,Belgium
A,TOTAL,SAL,FT,Y20-64,T,HR,BE,2024,36.2,Belgium
A,TOTAL,SAL,FT,Y20-64,T,HR,BE,2025,36.3,Belgium
A,TOTAL,SAL,FT,Y20-64,T,HR,BG,2008,40.9,Bulgaria
A,TOTAL,SAL,FT,Y20-64,T,HR,BG,2009,40.3,Bulgaria
A,TOTAL,SAL,FT,Y20-64,T,HR,BG,2010,40.5,Bulgaria
A,TOTAL,SAL,FT,Y20-64,T,HR,BG,2011,40.3,Bulgaria
A,TOTAL,SAL,FT,Y20-64,T,HR,BG,2012,40.2,Bulgaria
A,TOTAL,SAL,FT,Y20-64,T,HR,BG,2013,40.1,Bulgaria
A,TOTAL,SAL,FT,Y20-64,T,HR,BG,2014,40.1,Bulgaria
A,TOTAL,SAL,FT,Y20-64,T,HR,BG,2015,40.3,Bulgaria
A,TOTAL,SAL,FT,Y20-64,T,HR,BG,2016,40.3,Bulgaria
A,TOTAL,SAL,FT,Y20-64,T,HR,BG,2017,40.1,Bulgaria
A,TOTAL,SAL,FT,Y20-64,T,HR,BG,2018,40.0,Bulgaria
A,TOTAL,SAL,FT,Y20-64,T,HR,BG,2019,39.8,Bulgaria
A,TOTAL,SAL,FT,Y20-64,T,HR,BG,2020,39.5,Bulgaria
A,TOTAL,SAL,FT,Y20-64,T,HR,BG,2021,39.6,Bulgaria
A,TOTAL,SAL,FT,Y20-64,T,HR,BG,2022,39.3,Bulgaria
A,TOTAL,SAL,FT,Y20-64,T,HR,BG,2023,39.1,Bulgaria
A,TOTAL,SAL,FT,Y20-64,T,HR,BG,2024,39.1,Bulgaria
A,TOTAL,SAL,FT,Y20-64,T,HR,BG,2025,38.9,Bulgaria
A,TOTAL,SAL,FT,Y20-64,T,HR,CY,2008,39.3,Cyprus
A,TOTAL,SAL,FT,Y20-64,T,HR,CY,2009,39.0,Cyprus
A,TOTAL,SAL,FT,Y20-64,T,HR,CY,2010,39.7,Cyprus
A,TOTAL,SAL,FT,Y20-64,T,HR,CY,2011,39.8,Cyprus
A,TOTAL,SAL,FT,Y20-64,T,HR,CY,2012,40.3,Cyprus
A,TOTAL,SAL,FT,Y20-64,T,HR,CY,2013,40.0,Cyprus
A,TOTAL,SAL,FT,Y20-64,T,HR,CY,2014,39.8,Cyprus
A,TOTAL,SAL,FT,Y20-64,T,HR,CY,2015,40.0,Cyprus
A,TOTAL,SAL,FT,Y20-64,T,HR,CY,2016,40.3,Cyprus
A,TOTAL,SAL,FT,Y20-64,T,HR,CY,2017,40.3,Cyprus
A,TOTAL,SAL,FT,Y20-64,T,HR,CY,2018,39.8,Cyprus
A,TOTAL,SAL,FT,Y20-64,T,HR,CY,2019,39.5,Cyprus
A,TOTAL,SAL,FT,Y20-64,T,HR,CY,2020,39.3,Cyprus
A,TOTAL,SAL,FT,Y20-64,T,HR,CY,2021,39.4,Cyprus
A,TOTAL,SAL,FT,Y20-64,T,HR,CY,2022,39.6,Cyprus
A,TOTAL,SAL,FT,Y20-64,T,HR,CY,2023,39.8,Cyprus
A,TOTAL,SAL,FT,Y20-64,T,HR,CY,2024,39.2,Cyprus
A,TOTAL,SAL,FT,Y20-64,T,HR,CY,2025,39.0,Cyprus
A,TOTAL,SAL,FT,Y20-64,T,HR,CZ,2008,40.9,Czechia
A,TOTAL,SAL,FT,Y20-64,T,HR,CZ,2009,40.4,Czechia
A,TOTAL,SAL,FT,Y20-64,T,HR,CZ,2010,40.4,Czechia
A,TOTAL,SAL,FT,Y20-64,T,HR,CZ,2011,40.2,Czechia
A,TOTAL,SAL,FT,Y20-64,T,HR,CZ,2012,40.0,Czechia
A,TOTAL,SAL,FT,Y20-64,T,HR,CZ,2013,39.7,Czechia
A,TOTAL,SAL,FT,Y20-64,T,HR,CZ,2014,39.5,Czechia
A,TOTAL,SAL,FT,Y20-64,T,HR,CZ,2015,39.2,Czechia
A,TOTAL,SAL,FT,Y20-64,T,HR,CZ,2016,39.6,Czechia
A,TOTAL,SAL,FT,Y20-64,T,HR,CZ,2017,39.4,Czechia
A,TOTAL,SAL,FT,Y20-64,T,HR,CZ,2018,39.3,Czechia
A,TOTAL,SAL,FT,Y20-64,T,HR,CZ,2019,39.2,Czechia
A,TOTAL,SAL,FT,Y20-64,T,HR,CZ,2020,38.3,Czechia
A,TOTAL,SAL,FT,Y20-64,T,HR,CZ,2021,38.8,Czechia
A,TOTAL,SAL,FT,Y20-64,T,HR,CZ,2022,38.1,Czechia
A,TOTAL,SAL,FT,Y20-64,T,HR,CZ,2023,38.3,Czechia
A,TOTAL,SAL,FT,Y20-64,T,HR,CZ,2024,38.5,Czechia
A,TOTAL,SAL,FT,Y20-64,T,HR,CZ,2025,38.2,Czechia
A,TOTAL,SAL,FT,Y20-64,T,HR,DE,2008,41.0,Germany
A,TOTAL,SAL,FT,Y20-64,T,HR,DE,2009,40.2,Germany
A,TOTAL,SAL,FT,Y20-64,T,HR,DE,2010,40.5,Germany
A,TOTAL,SAL,FT,Y20-64,T,HR,DE,2011,40.7,Germany
A,TOTAL,SAL,FT,Y20-64,T,HR,DE,2012,40.6,Germany
A,TOTAL,SAL,FT,Y20-64,T,HR,DE,2013,40.5,Germany
A,TOTAL,SAL,FT,Y20-64,T,HR,DE,2014,40.4,Germany
A,TOTAL,SAL,FT,Y20-64,T,HR,DE,2015,40.4,Germany
A,TOTAL,SAL,FT,Y20-64,T,HR,DE,2016,40.4,Germany
A,TOTAL,SAL,FT,Y20-64,T,HR,DE,2017,40.1,Germany
A,TOTAL,SAL,FT,Y20-64,T,HR,DE,2018,40.0,Germany
A,TOTAL,SAL,FT,Y20-64,T,HR,DE,2019,39.9,Germany
A,TOTAL,SAL,FT,Y20-64,T,HR,DE,2020,39.1,Germany
A,TOTAL,SAL,FT,Y20-64,T,HR,DE,2021,39.0,Germany
A,TOTAL,SAL,FT,Y20-64,T,HR,DE,2022,39.0,Germany
A,TOTAL,SAL,FT,Y20-64,T,HR,DE,2023,38.5,Germany
A,TOTAL,SAL,FT,Y20-64,T,HR,DE,2024,38.4,Germany
A,TOTAL,SAL,FT,Y20-64,T,HR,DE,2025,38.4,Germany
A,TOTAL,SAL,FT,Y20-64,T,HR,DK,2008,38.2,Denmark
A,TOTAL,SAL,FT,Y20-64,T,HR,DK,2009,38.2,Denmark
A,TOTAL,SAL,FT,Y20-64,T,HR,DK,2010,38.7,Denmark
A,TOTAL,SAL,FT,Y20-64,T,HR,DK,2011,38.9,Denmark
A,TOTAL,SAL,FT,Y20-64,T,HR,DK,2012,38.7,Denmark
A,TOTAL,SAL,FT,Y20-64,T,HR,DK,2013,38.6,Denmark
A,TOTAL,SAL,FT,Y20-64,T,HR,DK,2014,38.5,Denmark
A,TOTAL,SAL,FT,Y20-64,T,HR,DK,2015,38.7,Denmark
A,TOTAL,SAL,FT,Y20-64,T,HR,DK,2016,38.2,Denmark
A,TOTAL,SAL,FT,Y20-64,T,HR,DK,2017,38.2,Denmark
A,TOTAL,SAL,FT,Y20-64,T,HR,DK,2018,37.9,Denmark
A,TOTAL,SAL,FT,Y20-64,T,HR,DK,2019,37.5,Denmark
A,TOTAL,SAL,FT,Y20-64,T,HR,DK,2020,37.4,Denmark
A,TOTAL,SAL,FT,Y20-64,T,HR,DK,2021,37.9,Denmark
A,TOTAL,SAL,FT,Y20-64,T,HR,DK,2022,37.5,Denmark
A,TOTAL,SAL,FT,Y20-64,T,HR,DK,2023,37.5,Denmark
A,TOTAL,SAL,FT,Y20-64,T,HR,DK,2024,37.4,Denmark
A,TOTAL,SAL,FT,Y20-64,T,HR,DK,2025,37.3,Denmark
A,TOTAL,SAL,FT,Y20-64,T,HR,EE,2008,40.4,Estonia
A,TOTAL,SAL,FT,Y20-64,T,HR,EE,2009,39.4,Estonia
A,TOTAL,SAL,FT,Y20-64,T,HR,EE,2010,40.4,Estonia
A,TOTAL,SAL,FT,Y20-64,T,HR,EE,2011,40.5,Estonia
A,TOTAL,SAL,FT,Y20-64,T,HR,EE,2012,40.1,Estonia
A,TOTAL,SAL,FT,Y20-64,T,HR,EE,2013,40.1,Estonia
A,TOTAL,SAL,FT,Y20-64,T,HR,EE,2014,39.7,Estonia
A,TOTAL,SAL,FT,Y20-64,T,HR,EE,2015,39.7,Estonia
A,TOTAL,SAL,FT,Y20-64,T,HR,EE,2016,40.1,Estonia
A,TOTAL,SAL,FT,Y20-64,T,HR,EE,2017,40.3,Estonia
A,TOTAL,SAL,FT,Y20-64,T,HR,EE,2018,39.6,Estonia
A,TOTAL,SAL,FT,Y20-64,T,HR,EE,2019,39.9,Estonia
A,TOTAL,SAL,FT,Y20-64,T,HR,EE,2020,39.1,Estonia
A,TOTAL,SAL,FT,Y20-64,T,HR,EE,2021,38.9,Estonia
A,TOTAL,SAL,FT,Y20-64,T,HR,EE,2022,38.8,Estonia
A,TOTAL,SAL,FT,Y20-64,T,HR,EE,2023,38.6,Estonia
A,TOTAL,SAL,FT,Y20-64,T,HR,EE,2024,38.5,Estonia
A,TOTAL,SAL,FT,Y20-64,T,HR,EE,2025,38.2,Estonia
A,TOTAL,SAL,FT,Y20-64,T,HR,EL,2008,39.8,Greece
A,TOTAL,SAL,FT,Y20-64,T,HR,EL,2009,39.6,Greece
A,TOTAL,SAL,FT,Y20-64,T,HR,EL,2010,39.7,Greece
A,TOTAL,SAL,FT,Y20-64,T,HR,EL,2011,39.8,Greece
A,TOTAL,SAL,FT,Y20-64,T,HR,EL,2012,40.0,Greece
A,TOTAL,SAL,FT,Y20-64,T,HR,EL,2013,40.1,Greece
A,TOTAL,SAL,FT,Y20-64,T,HR,EL,2014,40.1,Greece
A,TOTAL,SAL,FT,Y20-64,T,HR,EL,2015,40.1,Greece
A,TOTAL,SAL,FT,Y20-64,T,HR,EL,2016,40.5,Greece
A,TOTAL,SAL,FT,Y20-64,T,HR,EL,2017,40.4,Greece
A,TOTAL,SAL,FT,Y20-64,T,HR,EL,2018,40.2,Greece
A,TOTAL,SAL,FT,Y20-64,T,HR,EL,2019,39.9,Greece
A,TOTAL,SAL,FT,Y20-64,T,HR,EL,2020,39.5,Greece
A,TOTAL,SAL,FT,Y20-64,T,HR,EL,2021,39.5,Greece
A,TOTAL,SAL,FT,Y20-64,T,HR,EL,2022,39.0,Greece
A,TOTAL,SAL,FT,Y20-64,T,HR,EL,2023,39.3,Greece
A,TOTAL,SAL,FT,Y20-64,T,HR,EL,2024,39.0,Greece
A,TOTAL,SAL,FT,Y20-64,T,HR,EL,2025,38.7,Greece
A,TOTAL,SAL,FT,Y20-64,T,HR,ES,2008,39.8,Spain
A,TOTAL,SAL,FT,Y20-64,T,HR,ES,2009,39.5,Spain
A,TOTAL,SAL,FT,Y20-64,T,HR,ES,2010,39.4,Spain
A,TOTAL,SAL,FT,Y20-64,T,HR,ES,2011,39.4,Spain
A,TOTAL,SAL,FT,Y20-64,T,HR,ES,2012,39.2,Spain
A,TOTAL,SAL,FT,Y20-64,T,HR,ES,2013,39.5,Spain
A,TOTAL,SAL,FT,Y20-64,T,HR,ES,2014,39.3,Spain
A,TOTAL,SAL,FT,Y20-64,T,HR,ES,2015,39.3,Spain
A,TOTAL,SAL,FT,Y20-64,T,HR,ES,2016,39.2,Spain
A,TOTAL,SAL,FT,Y20-64,T,HR,ES,2017,38.9,Spain
A,TOTAL,SAL,FT,Y20-64,T,HR,ES,2018,39.1,Spain
A,TOTAL,SAL,FT,Y20-64,T,HR,ES,2019,38.9,Spain
A,TOTAL,SAL,FT,Y20-64,T,HR,ES,2020,38.3,Spain
A,TOTAL,SAL,FT,Y20-64,T,HR,ES,2021,37.8,Spain
A,TOTAL,SAL,FT,Y20-64,T,HR,ES,2022,38.0,Spain
A,TOTAL,SAL,FT,Y20-64,T,HR,ES,2023,37.8,Spain
A,TOTAL,SAL,FT,Y20-64,T,HR,ES,2024,37.9,Spain
A,TOTAL,SAL,FT,Y20-64,T,HR,ES,2025,37.8,Spain
A,TOTAL,SAL,FT,Y20-64,T,HR,EU27_2020,2008,39.8,European Union - 27 countries (from 2020)
A,TOTAL,SAL,FT,Y20-64,T,HR,EU27_2020,2009,39.4,European Union - 27 countries (from 2020)
A,TOTAL,SAL,FT,Y20-64,T,HR,EU27_2020,2010,39.6,European Union - 27 countries (from 2020)
A,TOTAL,SAL,FT,Y20-64,T,HR,EU27_2020,2011,39.6,European Union - 27 countries (from 2020)
A,TOTAL,SAL,FT,Y20-64,T,HR,EU27_2020,2012,39.4,European Union - 27 countries (from 2020)
A,TOTAL,SAL,FT,Y20-64,T,HR,EU27_2020,2013,39.3,European Union - 27 countries (from 2020)
A,TOTAL,SAL,FT,Y20-64,T,HR,EU27_2020,2014,39.3,European Union - 27 countries (from 2020)
A,TOTAL,SAL,FT,Y20-64,T,HR,EU27_2020,2015,39.3,European Union - 27 countries (from 2020)
A,TOTAL,SAL,FT,Y20-64,T,HR,EU27_2020,2016,39.4,European Union - 27 countries (from 2020)
A,TOTAL,SAL,FT,Y20-64,T,HR,EU27_2020,2017,39.2,European Union - 27 countries (from 2020)
A,TOTAL,SAL,FT,Y20-64,T,HR,EU27_2020,2018,39.1,European Union - 27 countries (from 2020)
A,TOTAL,SAL,FT,Y20-64,T,HR,EU27_2020,2019,39.0,European Union - 27 countries (from 2020)
A,TOTAL,SAL,FT,Y20-64,T,HR,EU27_2020,2020,38.4,European Union - 27 countries (from 2020)
A,TOTAL,SAL,FT,Y20-64,T,HR,EU27_2020,2021,38.4,European Union - 27 countries (from 2020)
A,TOTAL,SAL,FT,Y20-64,T,HR,EU27_2020,2022,38.4,European Union - 27 countries (from 2020)
A,TOTAL,SAL,FT,Y20-64,T,HR,EU27_2020,2023,38.1,European Union - 27 countries (from 2020)
A,TOTAL,SAL,FT,Y20-64,T,HR,EU27_2020,2024,38.0,European Union - 27 countries (from 2020)
A,TOTAL,SAL,FT,Y20-64,T,HR,EU27_2020,2025,37.9,European Union - 27 countries (from 2020)
A,TOTAL,SAL,FT,Y20-64,T,HR,FI,2008,38.0,Finland
A,TOTAL,SAL,FT,Y20-64,T,HR,FI,2009,37.4,Finland
A,TOTAL,SAL,FT,Y20-64,T,HR,FI,2010,37.8,Finland
A,TOTAL,SAL,FT,Y20-64,T,HR,FI,2011,37.8,Finland
A,TOTAL,SAL,FT,Y20-64,T,HR,FI,2012,37.6,Finland
A,TOTAL,SAL,FT,Y20-64,T,HR,FI,2013,37.5,Finland
A,TOTAL,SAL,FT,Y20-64,T,HR,FI,2014,37.4,Finland
A,TOTAL,SAL,FT,Y20-64,T,HR,FI,2015,37.5,Finland
A,TOTAL,SAL,FT,Y20-64,T,HR,FI,2016,37.9,Finland
A,TOTAL,SAL,FT,Y20-64,T,HR,FI,2017,37.8,Finland
A,TOTAL,SAL,FT,Y20-64,T,HR,FI,2018,37.7,Finland
A,TOTAL,SAL,FT,Y20-64,T,HR,FI,2019,37.7,Finland
A,TOTAL,SAL,FT,Y20-64,T,HR,FI,2020,37.5,Finland
A,TOTAL,SAL,FT,Y20-64,T,HR,FI,2021,37.0,Finland
A,TOTAL,SAL,FT,Y20-64,T,HR,FI,2022,36.6,Finland
A,TOTAL,SAL,FT,Y20-64,T,HR,FI,2023,36.5,Finland
A,TOTAL,SAL,FT,Y20-64,T,HR,FI,2024,36.5,Finland
A,TOTAL,SAL,FT,Y20-64,T,HR,FI,2025,36.4,Finland
A,TOTAL,SAL,FT,Y20-64,T,HR,FR,2008,37.8,France
A,TOTAL,SAL,FT,Y20-64,T,HR,FR,2009,37.7,France
A,TOTAL,SAL,FT,Y20-64,T,HR,FR,2010,38.0,France
A,TOTAL,SAL,FT,Y20-64,T,HR,FR,2011,38.2,France
A,TOTAL,SAL,FT,Y20-64,T,HR,FR,2012,37.9,France
A,TOTAL,SAL,FT,Y20-64,T,HR,FR,2013,37.4,France
A,TOTAL,SAL,FT,Y20-64,T,HR,FR,2014,37.3,France
A,TOTAL,SAL,FT,Y20-64,T,HR,FR,2015,37.4,France
A,TOTAL,SAL,FT,Y20-64,T,HR,FR,2016,37.6,France
A,TOTAL,SAL,FT,Y20-64,T,HR,FR,2017,37.6,France
A,TOTAL,SAL,FT,Y20-64,T,HR,FR,2018,37.6,France
A,TOTAL,SAL,FT,Y20-64,T,HR,FR,2019,37.5,France
A,TOTAL,SAL,FT,Y20-64,T,HR,FR,2020,37.0,France
A,TOTAL,SAL,FT,Y20-64,T,HR,FR,2021,37.3,France
A,TOTAL,SAL,FT,Y20-64,T,HR,FR,2022,37.4,France
A,TOTAL,SAL,FT,Y20-64,T,HR,FR,2023,37.2,France
A,TOTAL,SAL,FT,Y20-64,T,HR,FR,2024,37.2,France
A,TOTAL,SAL,FT,Y20-64,T,HR,FR,2025,37.1,France
A,TOTAL,SAL,FT,Y20-64,T,HR,HR,2008,41.1,Croatia
A,TOTAL,SAL,FT,Y20-64,T,HR,HR,2009,40.9,Croatia
A,TOTAL,SAL,FT,Y20-64,T,HR,HR,2010,40.8,Croatia
A,TOTAL,SAL,FT,Y20-64,T,HR,HR,2011,40.7,Croatia
A,TOTAL,SAL,FT,Y20-64,T,HR,HR,2012,40.3,Croatia
A,TOTAL,SAL,FT,Y20-64,T,HR,HR,2013,40.1,Croatia
A,TOTAL,SAL,FT,Y20-64,T,HR,HR,2014,40.1,Croatia
A,TOTAL,SAL,FT,Y20-64,T,HR,HR,2015,39.2,Croatia
A,TOTAL,SAL,FT,Y20-64,T,HR,HR,2016,39.4,Croatia
A,TOTAL,SAL,FT,Y20-64,T,HR,HR,2017,39.6,Croatia
A,TOTAL,SAL,FT,Y20-64,T,HR,HR,2018,39.3,Croatia
A,TOTAL,SAL,FT,Y20-64,T,HR,HR,2019,39.1,Croatia
A,TOTAL,SAL,FT,Y20-64,T,HR,HR,2020,38.7,Croatia
A,TOTAL,SAL,FT,Y20-64,T,HR,HR,2021,38.7,Croatia
A,TOTAL,SAL,FT,Y20-64,T,HR,HR,2022,38.4,Croatia
A,TOTAL,SAL,FT,Y20-64,T,HR,HR,2023,38.4,Croatia
A,TOTAL,SAL,FT,Y20-64,T,HR,HR,2024,38.0,Croatia
A,TOTAL,SAL,FT,Y20-64,T,HR,HR,2025,38.0,Croatia
A,TOTAL,SAL,FT,Y20-64,T,HR,HU,2008,40.4,Hungary
A,TOTAL,SAL,FT,Y20-64,T,HR,HU,2009,40.2,Hungary
A,TOTAL,SAL,FT,Y20-64,T,HR,HU,2010,40.3,Hungary
A,TOTAL,SAL,FT,Y20-64,T,HR,HU,2011,40.0,Hungary
A,TOTAL,SAL,FT,Y20-64,T,HR,HU,2012,39.4,Hungary
A,TOTAL,SAL,FT,Y20-64,T,HR,HU,2013,39.2,Hungary
A,TOTAL,SAL,FT,Y20-64,T,HR,HU,2014,39.1,Hungary
A,TOTAL,SAL,FT,Y20-64,T,HR,HU,2015,39.1,Hungary
A,TOTAL,SAL,FT,Y20-64,T,HR,HU,2016,39.6,Hungary
A,TOTAL,SAL,FT,Y20-64,T,HR,HU,2017,39.1,Hungary
A,TOTAL,SAL,FT,Y20-64,T,HR,HU,2018,38.7,Hungary
A,TOTAL,SAL,FT,Y20-64,T,HR,HU,2019,39.0,Hungary
A,TOTAL,SAL,FT,Y20-64,T,HR,HU,2020,38.9,Hungary
A,TOTAL,SAL,FT,Y20-64,T,HR,HU,2021,38.9,Hungary
A,TOTAL,SAL,FT,Y20-64,T,HR,HU,2022,39.1,Hungary
A,TOTAL,SAL,FT,Y20-64,T,HR,HU,2023,38.4,Hungary
A,TOTAL,SAL,FT,Y20-64,T,HR,HU,2024,38.0,Hungary
A,TOTAL,SAL,FT,Y20-64,T,HR,HU,2025,38.0,Hungary
A,TOTAL,SAL,FT,Y20-64,T,HR,IE,2008,38.4,Ireland
A,TOTAL,SAL,FT,Y20-64,T,HR,IE,2009,37.9,Ireland
A,TOTAL,SAL,FT,Y20-64,T,HR,IE,2010,38.2,Ireland
A,TOTAL,SAL,FT,Y20-64,T,HR,IE,2011,38.3,Ireland
A,TOTAL,SAL,FT,Y20-64,T,HR,IE,2012,38.4,Ireland
A,TOTAL,SAL,FT,Y20-64,T,HR,IE,2013,38.6,Ireland
A,TOTAL,SAL,FT,Y20-64,T,HR,IE,2014,38.5,Ireland
A,TOTAL,SAL,FT,Y20-64,T,HR,IE,2015,38.2,Ireland
A,TOTAL,SAL,FT,Y20-64,T,HR,IE,2016,38.6,Ireland
A,TOTAL,SAL,FT,Y20-64,T,HR,IE,2017,38.7,Ireland
A,TOTAL,SAL,FT,Y20-64,T,HR,IE,2018,39.2,Ireland
A,TOTAL,SAL,FT,Y20-64,T,HR,IE,2019,39.2,Ireland
A,TOTAL,SAL,FT,Y20-64,T,HR,IE,2020,38.6,Ireland
A,TOTAL,SAL,FT,Y20-64,T,HR,IE,2021,38.4,Ireland
A,TOTAL,SAL,FT,Y20-64,T,HR,IE,2022,38.3,Ireland
A,TOTAL,SAL,FT,Y20-64,T,HR,IE,2023,37.9,Ireland
A,TOTAL,SAL,FT,Y20-64,T,HR,IE,2024,37.4,Ireland
A,TOTAL,SAL,FT,Y20-64,T,HR,IE,2025,37.3,Ireland
A,TOTAL,SAL,FT,Y20-64,T,HR,IT,2008,38.6,Italy
A,TOTAL,SAL,FT,Y20-64,T,HR,IT,2009,38.1,Italy
A,TOTAL,SAL,FT,Y20-64,T,HR,IT,2010,38.4,Italy
A,TOTAL,SAL,FT,Y20-64,T,HR,IT,2011,38.3,Italy
A,TOTAL,SAL,FT,Y20-64,T,HR,IT,2012,38.0,Italy
A,TOTAL,SAL,FT,Y20-64,T,HR,IT,2013,38.0,Italy
A,TOTAL,SAL,FT,Y20-64,T,HR,IT,2014,37.9,Italy
A,TOTAL,SAL,FT,Y20-64,T,HR,IT,2015,38.0,Italy
A,TOTAL,SAL,FT,Y20-64,T,HR,IT,2016,38.2,Italy
A,TOTAL,SAL,FT,Y20-64,T,HR,IT,2017,38.3,Italy
A,TOTAL,SAL,FT,Y20-64,T,HR,IT,2018,38.4,Italy
A,TOTAL,SAL,FT,Y20-64,T,HR,IT,2019,38.4,Italy
A,TOTAL,SAL,FT,Y20-64,T,HR,IT,2020,37.6,Italy
A,TOTAL,SAL,FT,Y20-64,T,HR,IT,2021,37.8,Italy
A,TOTAL,SAL,FT,Y20-64,T,HR,IT,2022,37.7,Italy
A,TOTAL,SAL,FT,Y20-64,T,HR,IT,2023,37.6,Italy
A,TOTAL,SAL,FT,Y20-64,T,HR,IT,2024,37.6,Italy
A,TOTAL,SAL,FT,Y20-64,T,HR,IT,2025,37.5,Italy
A,TOTAL,SAL,FT,Y20-64,T,HR,LT,2008,40.1,Lithuania
A,TOTAL,SAL,FT,Y20-64,T,HR,LT,2009,39.7,Lithuania
A,TOTAL,SAL,FT,Y20-64,T,HR,LT,2010,39.7,Lithuania
A,TOTAL,SAL,FT,Y20-64,T,HR,LT,2011,39.8,Lithuania
A,TOTAL,SAL,FT,Y20-64,T,HR,LT,2012,39.6,Lithuania
A,TOTAL,SAL,FT,Y20-64,T,HR,LT,2013,39.6,Lithuania
A,TOTAL,SAL,FT,Y20-64,T,HR,LT,2014,39.5,Lithuania
A,TOTAL,SAL,FT,Y20-64,T,HR,LT,2015,39.5,Lithuania
A,TOTAL,SAL,FT,Y20-64,T,HR,LT,2016,39.6,Lithuania
A,TOTAL,SAL,FT,Y20-64,T,HR,LT,2017,39.2,Lithuania
A,TOTAL,SAL,FT,Y20-64,T,HR,LT,2018,39.3,Lithuania
A,TOTAL,SAL,FT,Y20-64,T,HR,LT,2019,39.3,Lithuania
A,TOTAL,SAL,FT,Y20-64,T,HR,LT,2020,39.0,Lithuania
A,TOTAL,SAL,FT,Y20-64,T,HR,LT,2021,39.5,Lithuania
A,TOTAL,SAL,FT,Y20-64,T,HR,LT,2022,39.3,Lithuania
A,TOTAL,SAL,FT,Y20-64,T,HR,LT,2023,39.3,Lithuania
A,TOTAL,SAL,FT,Y20-64,T,HR,LT,2024,39.4,Lithuania
A,TOTAL,SAL,FT,Y20-64,T,HR,LT,2025,39.4,Lithuania
A,TOTAL,SAL,FT,Y20-64,T,HR,LU,2008,39.6,Luxembourg
A,TOTAL,SAL,FT,Y20-64,T,HR,LU,2009,40.8,Luxembourg
A,TOTAL,SAL,FT,Y20-64,T,HR,LU,2010,40.8,Luxembourg
A,TOTAL,SAL,FT,Y20-64,T,HR,LU,2011,40.7,Luxembourg
A,TOTAL,SAL,FT,Y20-64,T,HR,LU,2012,41.1,Luxembourg
A,TOTAL,SAL,FT,Y20-64,T,HR,LU,2013,41.0,Luxembourg
A,TOTAL,SAL,FT,Y20-64,T,HR,LU,2014,41.0,Luxembourg
A,TOTAL,SAL,FT,Y20-64,T,HR,LU,2015,40.9,Luxembourg
A,TOTAL,SAL,FT,Y20-64,T,HR,LU,2016,40.8,Luxembourg
A,TOTAL,SAL,FT,Y20-64,T,HR,LU,2017,40.4,Luxembourg
A,TOTAL,SAL,FT,Y20-64,T,HR,LU,2018,40.3,Luxembourg
A,TOTAL,SAL,FT,Y20-64,T,HR,LU,2019,40.3,Luxembourg
A,TOTAL,SAL,FT,Y20-64,T,HR,LU,2020,39.6,Luxembourg
A,TOTAL,SAL,FT,Y20-64,T,HR,LU,2021,38.4,Luxembourg
A,TOTAL,SAL,FT,Y20-64,T,HR,LU,2022,38.0,Luxembourg
A,TOTAL,SAL,FT,Y20-64,T,HR,LU,2023,37.6,Luxembourg
A,TOTAL,SAL,FT,Y20-64,T,HR,LU,2024,37.9,Luxembourg
A,TOTAL,SAL,FT,Y20-64,T,HR,LU,2025,37.9,Luxembourg
A,TOTAL,SAL,FT,Y20-64,T,HR,LV,2008,40.6,Latvia
A,TOTAL,SAL,FT,Y20-64,T,HR,LV,2009,40.3,Latvia
A,TOTAL,SAL,FT,Y20-64,T,HR,LV,2010,40.0,Latvia
A,TOTAL,SAL,FT,Y20-64,T,HR,LV,2011,40.0,Latvia
A,TOTAL,SAL,FT,Y20-64,T,HR,LV,2012,40.0,Latvia
A,TOTAL,SAL,FT,Y20-64,T,HR,LV,2013,39.8,Latvia
A,TOTAL,SAL,FT,Y20-64,T,HR,LV,2014,39.9,Latvia
A,TOTAL,SAL,FT,Y20-64,T,HR,LV,2015,39.7,Latvia
A,TOTAL,SAL,FT,Y20-64,T,HR,LV,2016,40.1,Latvia
A,TOTAL,SAL,FT,Y20-64,T,HR,LV,2017,39.8,Latvia
A,TOTAL,SAL,FT,Y20-64,T,HR,LV,2018,39.8,Latvia
A,TOTAL,SAL,FT,Y20-64,T,HR,LV,2019,39.5,Latvia
A,TOTAL,SAL,FT,Y20-64,T,HR,LV,2020,39.3,Latvia
A,TOTAL,SAL,FT,Y20-64,T,HR,LV,2021,39.5,Latvia
A,TOTAL,SAL,FT,Y20-64,T,HR,LV,2022,39.7,Latvia
A,TOTAL,SAL,FT,Y20-64,T,HR,LV,2023,39.5,Latvia
A,TOTAL,SAL,FT,Y20-64,T,HR,LV,2024,39.4,Latvia
A,TOTAL,SAL,FT,Y20-64,T,HR,LV,2025,39.1,Latvia
A,TOTAL,SAL,FT,Y20-64,T,HR,MT,2008,40.6,Malta
A,TOTAL,SAL,FT,Y20-64,T,HR,MT,2009,40.3,Malta
A,TOTAL,SAL,FT,Y20-64,T,HR,MT,2010,39.7,Malta
A,TOTAL,SAL,FT,Y20-64,T,HR,MT,2011,39.6,Malta
A,TOTAL,SAL,FT,Y20-64,T,HR,MT,2012,39.7,Malta
A,TOTAL,SAL,FT,Y20-64,T,HR,MT,2013,39.6,Malta
A,TOTAL,SAL,FT,Y20-64,T,HR,MT,2014,39.2,Malta
A,TOTAL,SAL,FT,Y20-64,T,HR,MT,2015,39.3,Malta
A,TOTAL,SAL,FT,Y20-64,T,HR,MT,2016,39.8,Malta
A,TOTAL,SAL,FT,Y20-64,T,HR,MT,2017,39.2,Malta
A,TOTAL,SAL,FT,Y20-64,T,HR,MT,2018,39.4,Malta
A,TOTAL,SAL,FT,Y20-64,T,HR,MT,2019,40.4,Malta
A,TOTAL,SAL,FT,Y20-64,T,HR,MT,2020,39.2,Malta
A,TOTAL,SAL,FT,Y20-64,T,HR,MT,2021,38.5,Malta
A,TOTAL,SAL,FT,Y20-64,T,HR,MT,2022,38.3,Malta
A,TOTAL,SAL,FT,Y20-64,T,HR,MT,2023,38.4,Malta
A,TOTAL,SAL,FT,Y20-64,T,HR,MT,2024,38.6,Malta
A,TOTAL,SAL,FT,Y20-64,T,HR,MT,2025,38.6,Malta
A,TOTAL,SAL,FT,Y20-64,T,HR,NL,2008,39.5,Netherlands
A,TOTAL,SAL,FT,Y20-64,T,HR,NL,2009,39.4,Netherlands
A,TOTAL,SAL,FT,Y20-64,T,HR,NL,2010,39.5,Netherlands
A,TOTAL,SAL,FT,Y20-64,T,HR,NL,2011,39.8,Netherlands
A,TOTAL,SAL,FT,Y20-64,T,HR,NL,2012,39.7,Netherlands
A,TOTAL,SAL,FT,Y20-64,T,HR,NL,2013,39.9,Netherlands
A,TOTAL,SAL,FT,Y20-64,T,HR,NL,2014,40.1,Netherlands
A,TOTAL,SAL,FT,Y20-64,T,HR,NL,2015,40.0,Netherlands
A,TOTAL,SAL,FT,Y20-64,T,HR,NL,2016,40.2,Netherlands
A,TOTAL,SAL,FT,Y20-64,T,HR,NL,2017,40.0,Netherlands
A,TOTAL,SAL,FT,Y20-64,T,HR,NL,2018,39.7,Netherlands
A,TOTAL,SAL,FT,Y20-64,T,HR,NL,2019,39.7,Netherlands
A,TOTAL,SAL,FT,Y20-64,T,HR,NL,2020,39.0,Netherlands
A,TOTAL,SAL,FT,Y20-64,T,HR,NL,2021,37.3,Netherlands
A,TOTAL,SAL,FT,Y20-64,T,HR,NL,2022,37.1,Netherlands
A,TOTAL,SAL,FT,Y20-64,T,HR,NL,2023,36.8,Netherlands
A,TOTAL,SAL,FT,Y20-64,T,HR,NL,2024,36.6,Netherlands
A,TOTAL,SAL,FT,Y20-64,T,HR,NL,2025,36.5,Netherlands
A,TOTAL,SAL,FT,Y20-64,T,HR,PL,2008,40.7,Poland
A,TOTAL,SAL,FT,Y20-64,T,HR,PL,2009,40.4,Poland
A,TOTAL,SAL,FT,Y20-64,T,HR,PL,2010,40.5,Poland
A,TOTAL,SAL,FT,Y20-64,T,HR,PL,2011,40.2,Poland
A,TOTAL,SAL,FT,Y20-64,T,HR,PL,2012,40.1,Poland
A,TOTAL,SAL,FT,Y20-64,T,HR,PL,2013,39.9,Poland
A,TOTAL,SAL,FT,Y20-64,T,HR,PL,2014,40.2,Poland
A,TOTAL,SAL,FT,Y20-64,T,HR,PL,2015,40.2,Poland
A,TOTAL,SAL,FT,Y20-64,T,HR,PL,2016,40.3,Poland
A,TOTAL,SAL,FT,Y20-64,T,HR,PL,2017,40.0,Poland
A,TOTAL,SAL,FT,Y20-64,T,HR,PL,2018,39.5,Poland
A,TOTAL,SAL,FT,Y20-64,T,HR,PL,2019,39.3,Poland
A,TOTAL,SAL,FT,Y20-64,T,HR,PL,2020,39.0,Poland
A,TOTAL,SAL,FT,Y20-64,T,HR,PL,2021,39.8,Poland
A,TOTAL,SAL,FT,Y20-64,T,HR,PL,2022,39.4,Poland
A,TOTAL,SAL,FT,Y20-64,T,HR,PL,2023,39.4,Poland
A,TOTAL,SAL,FT,Y20-64,T,HR,PL,2024,39.1,Poland
A,TOTAL,SAL,FT,Y20-64,T,HR,PL,2025,39.0,Poland
A,TOTAL,SAL,FT,Y20-64,T,HR,PT,2008,39.0,Portugal
A,TOTAL,SAL,FT,Y20-64,T,HR,PT,2009,39.2,Portugal
A,TOTAL,SAL,FT,Y20-64,T,HR,PT,2010,39.4,Portugal
A,TOTAL,SAL,FT,Y20-64,T,HR,PT,2011,40.0,Portugal
A,TOTAL,SAL,FT,Y20-64,T,HR,PT,2012,40.1,Portugal
A,TOTAL,SAL,FT,Y20-64,T,HR,PT,2013,40.3,Portugal
A,TOTAL,SAL,FT,Y20-64,T,HR,PT,2014,40.4,Portugal
A,TOTAL,SAL,FT,Y20-64,T,HR,PT,2015,40.4,Portugal
A,TOTAL,SAL,FT,Y20-64,T,HR,PT,2016,39.7,Portugal
A,TOTAL,SAL,FT,Y20-64,T,HR,PT,2017,39.6,Portugal
A,TOTAL,SAL,FT,Y20-64,T,HR,PT,2018,39.5,Portugal
A,TOTAL,SAL,FT,Y20-64,T,HR,PT,2019,39.3,Portugal
A,TOTAL,SAL,FT,Y20-64,T,HR,PT,2020,38.5,Portugal
A,TOTAL,SAL,FT,Y20-64,T,HR,PT,2021,38.6,Portugal
A,TOTAL,SAL,FT,Y20-64,T,HR,PT,2022,38.5,Portugal
A,TOTAL,SAL,FT,Y20-64,T,HR,PT,2023,38.3,Portugal
A,TOTAL,SAL,FT,Y20-64,T,HR,PT,2024,38.2,Portugal
A,TOTAL,SAL,FT,Y20-64,T,HR,PT,2025,38.1,Portugal
A,TOTAL,SAL,FT,Y20-64,T,HR,RO,2008,41.6,Romania
A,TOTAL,SAL,FT,Y20-64,T,HR,RO,2009,41.3,Romania
A,TOTAL,SAL,FT,Y20-64,T,HR,RO,2010,41.3,Romania
A,TOTAL,SAL,FT,Y20-64,T,HR,RO,2011,41.3,Romania
A,TOTAL,SAL,FT,Y20-64,T,HR,RO,2012,41.2,Romania
A,TOTAL,SAL,FT,Y20-64,T,HR,RO,2013,41.1,Romania
A,TOTAL,SAL,FT,Y20-64,T,HR,RO,2014,41.0,Romania
A,TOTAL,SAL,FT,Y20-64,T,HR,RO,2015,40.8,Romania
A,TOTAL,SAL,FT,Y20-64,T,HR,RO,2016,40.8,Romania
A,TOTAL,SAL,FT,Y20-64,T,HR,RO,2017,40.6,Romania
A,TOTAL,SAL,FT,Y20-64,T,HR,RO,2018,40.5,Romania
A,TOTAL,SAL,FT,Y20-64,T,HR,RO,2019,40.6,Romania
A,TOTAL,SAL,FT,Y20-64,T,HR,RO,2020,40.1,Romania
A,TOTAL,SAL,FT,Y20-64,T,HR,RO,2021,40.2,Romania
A,TOTAL,SAL,FT,Y20-64,T,HR,RO,2022,40.0,Romania
A,TOTAL,SAL,FT,Y20-64,T,HR,RO,2023,39.8,Romania
A,TOTAL,SAL,FT,Y20-64,T,HR,RO,2024,39.0,Romania
A,TOTAL,SAL,FT,Y20-64,T,HR,RO,2025,38.4,Romania
A,TOTAL,SAL,FT,Y20-64,T,HR,SE,2008,38.6,Sweden
A,TOTAL,SAL,FT,Y20-64,T,HR,SE,2009,38.3,Sweden
A,TOTAL,SAL,FT,Y20-64,T,HR,SE,2010,39.0,Sweden
A,TOTAL,SAL,FT,Y20-64,T,HR,SE,2011,38.9,Sweden
A,TOTAL,SAL,FT,Y20-64,T,HR,SE,2012,38.7,Sweden
A,TOTAL,SAL,FT,Y20-64,T,HR,SE,2013,38.6,Sweden
A,TOTAL,SAL,FT,Y20-64,T,HR,SE,2014,38.4,Sweden
A,TOTAL,SAL,FT,Y20-64,T,HR,SE,2015,38.3,Sweden
A,TOTAL,SAL,FT,Y20-64,T,HR,SE,2016,38.7,Sweden
A,TOTAL,SAL,FT,Y20-64,T,HR,SE,2017,38.5,Sweden
A,TOTAL,SAL,FT,Y20-64,T,HR,SE,2018,38.4,Sweden
A,TOTAL,SAL,FT,Y20-64,T,HR,SE,2019,38.1,Sweden
A,TOTAL,SAL,FT,Y20-64,T,HR,SE,2020,37.3,Sweden
A,TOTAL,SAL,FT,Y20-64,T,HR,SE,2021,37.9,Sweden
A,TOTAL,SAL,FT,Y20-64,T,HR,SE,2022,37.9,Sweden
A,TOTAL,SAL,FT,Y20-64,T,HR,SE,2023,37.8,Sweden
A,TOTAL,SAL,FT,Y20-64,T,HR,SE,2024,37.8,Sweden
A,TOTAL,SAL,FT,Y20-64,T,HR,SE,2025,37.4,Sweden
A,TOTAL,SAL,FT,Y20-64,T,HR,SI,2008,40.5,Slovenia
A,TOTAL,SAL,FT,Y20-64,T,HR,SI,2009,40.2,Slovenia
A,TOTAL,SAL,FT,Y20-64,T,HR,SI,2010,40.2,Slovenia
A,TOTAL,SAL,FT,Y20-64,T,HR,SI,2011,39.8,Slovenia
A,TOTAL,SAL,FT,Y20-64,T,HR,SI,2012,39.6,Slovenia
A,TOTAL,SAL,FT,Y20-64,T,HR,SI,2013,40.0,Slovenia
A,TOTAL,SAL,FT,Y20-64,T,HR,SI,2014,40.0,Slovenia
A,TOTAL,SAL,FT,Y20-64,T,HR,SI,2015,40.3,Slovenia
A,TOTAL,SAL,FT,Y20-64,T,HR,SI,2016,39.9,Slovenia
A,TOTAL,SAL,FT,Y20-64,T,HR,SI,2017,39.3,Slovenia
A,TOTAL,SAL,FT,Y20-64,T,HR,SI,2018,39.4,Slovenia
A,TOTAL,SAL,FT,Y20-64,T,HR,SI,2019,39.3,Slovenia
A,TOTAL,SAL,FT,Y20-64,T,HR,SI,2020,40.0,Slovenia
A,TOTAL,SAL,FT,Y20-64,T,HR,SI,2021,39.7,Slovenia
A,TOTAL,SAL,FT,Y20-64,T,HR,SI,2022,39.3,Slovenia
A,TOTAL,SAL,FT,Y20-64,T,HR,SI,2023,39.0,Slovenia
A,TOTAL,SAL,FT,Y20-64,T,HR,SI,2024,38.8,Slovenia
A,TOTAL,SAL,FT,Y20-64,T,HR,SI,2025,39.2,Slovenia
A,TOTAL,SAL,FT,Y20-64,T,HR,SK,2008,39.6,Slovakia
A,TOTAL,SAL,FT,Y20-64,T,HR,SK,2009,39.1,Slovakia
A,TOTAL,SAL,FT,Y20-64,T,HR,SK,2010,39.4,Slovakia
A,TOTAL,SAL,FT,Y20-64,T,HR,SK,2011,39.5,Slovakia
A,TOTAL,SAL,FT,Y20-64,T,HR,SK,2012,39.6,Slovakia
A,TOTAL,SAL,FT,Y20-64,T,HR,SK,2013,39.8,Slovakia
A,TOTAL,SAL,FT,Y20-64,T,HR,SK,2014,39.3,Slovakia
A,TOTAL,SAL,FT,Y20-64,T,HR,SK,2015,39.4,Slovakia
A,TOTAL,SAL,FT,Y20-64,T,HR,SK,2016,39.3,Slovakia
A,TOTAL,SAL,FT,Y20-64,T,HR,SK,2017,38.9,Slovakia
A,TOTAL,SAL,FT,Y20-64,T,HR,SK,2018,39.0,Slovakia
A,TOTAL,SAL,FT,Y20-64,T,HR,SK,2019,39.1,Slovakia
A,TOTAL,SAL,FT,Y20-64,T,HR,SK,2020,38.7,Slovakia
A,TOTAL,SAL,FT,Y20-64,T,HR,SK,2021,37.9,Slovakia
A,TOTAL,SAL,FT,Y20-64,T,HR,SK,2022,37.7,Slovakia
A,TOTAL,SAL,FT,Y20-64,T,HR,SK,2023,37.6,Slovakia
A,TOTAL,SAL,FT,Y20-64,T,HR,SK,2024,38.0,Slovakia
A,TOTAL,SAL,FT,Y20-64,T,HR,SK,2025,37.7,Slovakia
A,TOTAL,SAL,PT,Y20-64,T,HR,AT,2008,20.9,Austria
A,TOTAL,SAL,PT,Y20-64,T,HR,AT,2009,20.6,Austria
A,TOTAL,SAL,PT,Y20-64,T,HR,AT,2010,20.8,Austria
A,TOTAL,SAL,PT,Y20-64,T,HR,AT,2011,20.8,Austria
A,TOTAL,SAL,PT,Y20-64,T,HR,AT,2012,20.9,Austria
A,TOTAL,SAL,PT,Y20-64,T,HR,AT,2013,21.2,Austria
A,TOTAL,SAL,PT,Y20-64,T,HR,AT,2014,21.0,Austria
A,TOTAL,SAL,PT,Y20-64,T,HR,AT,2015,21.0,Austria
A,TOTAL,SAL,PT,Y20-64,T,HR,AT,2016,21.1,Austria
A,TOTAL,SAL,PT,Y20-64,T,HR,AT,2017,21.2,Austria
A,TOTAL,SAL,PT,Y20-64,T,HR,AT,2018,21.4,Austria
A,TOTAL,SAL,PT,Y20-64,T,HR,AT,2019,21.7,Austria
A,TOTAL,SAL,PT,Y20-64,T,HR,AT,2020,20.9,Austria
A,TOTAL,SAL,PT,Y20-64,T,HR,AT,2021,21.2,Austria
A,TOTAL,SAL,PT,Y20-64,T,HR,AT,2022,21.6,Austria
A,TOTAL,SAL,PT,Y20-64,T,HR,AT,2023,21.8,Austria
A,TOTAL,SAL,PT,Y20-64,T,HR,AT,2024,21.9,Austria
A,TOTAL,SAL,PT,Y20-64,T,HR,AT,2025,22.1,Austria
A,TOTAL,SAL,PT,Y20-64,T,HR,BE,2008,23.3,Belgium
A,TOTAL,SAL,PT,Y20-64,T,HR,BE,2009,23.4,Belgium
A,TOTAL,SAL,PT,Y20-64,T,HR,BE,2010,23.7,Belgium
A,TOTAL,SAL,PT,Y20-64,T,HR,BE,2011,23.6,Belgium
A,TOTAL,SAL,PT,Y20-64,T,HR,BE,2012,23.8,Belgium
A,TOTAL,SAL,PT,Y20-64,T,HR,BE,2013,23.7,Belgium
A,TOTAL,SAL,PT,Y20-64,T,HR,BE,2014,23.9,Belgium
A,TOTAL,SAL,PT,Y20-64,T,HR,BE,2015,24.0,Belgium
A,TOTAL,SAL,PT,Y20-64,T,HR,BE,2016,24.2,Belgium
A,TOTAL,SAL,PT,Y20-64,T,HR,BE,2017,24.8,Belgium
A,TOTAL,SAL,PT,Y20-64,T,HR,BE,2018,24.8,Belgium
A,TOTAL,SAL,PT,Y20-64,T,HR,BE,2019,24.5,Belgium
A,TOTAL,SAL,PT,Y20-64,T,HR,BE,2020,24.6,Belgium
A,TOTAL,SAL,PT,Y20-64,T,HR,BE,2021,23.8,Belgium
A,TOTAL,SAL,PT,Y20-64,T,HR,BE,2022,23.8,Belgium
A,TOTAL,SAL,PT,Y20-64,T,HR,BE,2023,23.6,Belgium
A,TOTAL,SAL,PT,Y20-64,T,HR,BE,2024,23.5,Belgium
A,TOTAL,SAL,PT,Y20-64,T,HR,BE,2025,23.2,Belgium
A,TOTAL,SAL,PT,Y20-64,T,HR,BG,2008,21.8,Bulgaria
A,TOTAL,SAL,PT,Y20-64,T,HR,BG,2009,20.4,Bulgaria
A,TOTAL,SAL,PT,Y20-64,T,HR,BG,2010,20.6,Bulgaria
A,TOTAL,SAL,PT,Y20-64,T,HR,BG,2011,20.2,Bulgaria
A,TOTAL,SAL,PT,Y20-64,T,HR,BG,2012,20.1,Bulgaria
A,TOTAL,SAL,PT,Y20-64,T,HR,BG,2013,20.2,Bulgaria
A,TOTAL,SAL,PT,Y20-64,T,HR,BG,2014,20.1,Bulgaria
A,TOTAL,SAL,PT,Y20-64,T,HR,BG,2015,19.8,Bulgaria
A,TOTAL,SAL,PT,Y20-64,T,HR,BG,2016,20.0,Bulgaria
A,TOTAL,SAL,PT,Y20-64,T,HR,BG,2017,19.9,Bulgaria
A,TOTAL,SAL,PT,Y20-64,T,HR,BG,2018,19.9,Bulgaria
A,TOTAL,SAL,PT,Y20-64,T,HR,BG,2019,19.7,Bulgaria
A,TOTAL,SAL,PT,Y20-64,T,HR,BG,2020,19.5,Bulgaria
A,TOTAL,SAL,PT,Y20-64,T,HR,BG,2021,21.0,Bulgaria
A,TOTAL,SAL,PT,Y20-64,T,HR,BG,2022,20.2,Bulgaria
A,TOTAL,SAL,PT,Y20-64,T,HR,BG,2023,19.9,Bulgaria
A,TOTAL,SAL,PT,Y20-64,T,HR,BG,2024,19.5,Bulgaria
A,TOTAL,SAL,PT,Y20-64,T,HR,BG,2025,19.6,Bulgaria
A,TOTAL,SAL,PT,Y20-64,T,HR,CY,2008,20.7,Cyprus
A,TOTAL,SAL,PT,Y20-64,T,HR,CY,2009,21.1,Cyprus
A,TOTAL,SAL,PT,Y20-64,T,HR,CY,2010,20.5,Cyprus
A,TOTAL,SAL,PT,Y20-64,T,HR,CY,2011,20.2,Cyprus
A,TOTAL,SAL,PT,Y20-64,T,HR,CY,2012,20.6,Cyprus
A,TOTAL,SAL,PT,Y20-64,T,HR,CY,2013,20.5,Cyprus
A,TOTAL,SAL,PT,Y20-64,T,HR,CY,2014,21.0,Cyprus
A,TOTAL,SAL,PT,Y20-64,T,HR,CY,2015,20.7,Cyprus
A,TOTAL,SAL,PT,Y20-64,T,HR,CY,2016,20.2,Cyprus
A,TOTAL,SAL,PT,Y20-64,T,HR,CY,2017,21.2,Cyprus
A,TOTAL,SAL,PT,Y20-64,T,HR,CY,2018,21.7,Cyprus
A,TOTAL,SAL,PT,Y20-64,T,HR,CY,2019,20.7,Cyprus
A,TOTAL,SAL,PT,Y20-64,T,HR,CY,2020,19.8,Cyprus
A,TOTAL,SAL,PT,Y20-64,T,HR,CY,2021,19.8,Cyprus
A,TOTAL,SAL,PT,Y20-64,T,HR,CY,2022,19.2,Cyprus
A,TOTAL,SAL,PT,Y20-64,T,HR,CY,2023,20.1,Cyprus
A,TOTAL,SAL,PT,Y20-64,T,HR,CY,2024,19.8,Cyprus
A,TOTAL,SAL,PT,Y20-64,T,HR,CY,2025,19.6,Cyprus
A,TOTAL,SAL,PT,Y20-64,T,HR,CZ,2008,22.8,Czechia
A,TOTAL,SAL,PT,Y20-64,T,HR,CZ,2009,22.6,Czechia
A,TOTAL,SAL,PT,Y20-64,T,HR,CZ,2010,21.9,Czechia
A,TOTAL,SAL,PT,Y20-64,T,HR,CZ,2011,22.0,Czechia
A,TOTAL,SAL,PT,Y20-64,T,HR,CZ,2012,21.8,Czechia
A,TOTAL,SAL,PT,Y20-64,T,HR,CZ,2013,21.8,Czechia
A,TOTAL,SAL,PT,Y20-64,T,HR,CZ,2014,21.8,Czechia
A,TOTAL,SAL,PT,Y20-64,T,HR,CZ,2015,21.6,Czechia
A,TOTAL,SAL,PT,Y20-64,T,HR,CZ,2016,21.7,Czechia
A,TOTAL,SAL,PT,Y20-64,T,HR,CZ,2017,21.7,Czechia
A,TOTAL,SAL,PT,Y20-64,T,HR,CZ,2018,22.1,Czechia
A,TOTAL,SAL,PT,Y20-64,T,HR,CZ,2019,22.3,Czechia
A,TOTAL,SAL,PT,Y20-64,T,HR,CZ,2020,22.4,Czechia
A,TOTAL,SAL,PT,Y20-64,T,HR,CZ,2021,21.8,Czechia
A,TOTAL,SAL,PT,Y20-64,T,HR,CZ,2022,21.8,Czechia
A,TOTAL,SAL,PT,Y20-64,T,HR,CZ,2023,22.1,Czechia
A,TOTAL,SAL,PT,Y20-64,T,HR,CZ,2024,22.2,Czechia
A,TOTAL,SAL,PT,Y20-64,T,HR,CZ,2025,21.9,Czechia
A,TOTAL,SAL,PT,Y20-64,T,HR,DE,2008,18.8,Germany
A,TOTAL,SAL,PT,Y20-64,T,HR,DE,2009,18.7,Germany
A,TOTAL,SAL,PT,Y20-64,T,HR,DE,2010,18.9,Germany
A,TOTAL,SAL,PT,Y20-64,T,HR,DE,2011,18.9,Germany
A,TOTAL,SAL,PT,Y20-64,T,HR,DE,2012,19.0,Germany
A,TOTAL,SAL,PT,Y20-64,T,HR,DE,2013,19.5,Germany
A,TOTAL,SAL,PT,Y20-64,T,HR,DE,2014,19.8,Germany
A,TOTAL,SAL,PT,Y20-64,T,HR,DE,2015,20.0,Germany
A,TOTAL,SAL,PT,Y20-64,T,HR,DE,2016,20.3,Germany
A,TOTAL,SAL,PT,Y20-64,T,HR,DE,2017,20.2,Germany
A,TOTAL,SAL,PT,Y20-64,T,HR,DE,2018,20.4,Germany
A,TOTAL,SAL,PT,Y20-64,T,HR,DE,2019,20.7,Germany
A,TOTAL,SAL,PT,Y20-64,T,HR,DE,2020,21.3,Germany
A,TOTAL,SAL,PT,Y20-64,T,HR,DE,2021,21.6,Germany
A,TOTAL,SAL,PT,Y20-64,T,HR,DE,2022,21.7,Germany
A,TOTAL,SAL,PT,Y20-64,T,HR,DE,2023,21.6,Germany
A,TOTAL,SAL,PT,Y20-64,T,HR,DE,2024,21.7,Germany
A,TOTAL,SAL,PT,Y20-64,T,HR,DE,2025,21.9,Germany
A,TOTAL,SAL,PT,Y20-64,T,HR,DK,2008,23.4,Denmark
A,TOTAL,SAL,PT,Y20-64,T,HR,DK,2009,23.2,Denmark
A,TOTAL,SAL,PT,Y20-64,T,HR,DK,2010,23.4,Denmark
A,TOTAL,SAL,PT,Y20-64,T,HR,DK,2011,23.2,Denmark
A,TOTAL,SAL,PT,Y20-64,T,HR,DK,2012,22.6,Denmark
A,TOTAL,SAL,PT,Y20-64,T,HR,DK,2013,22.4,Denmark
A,TOTAL,SAL,PT,Y20-64,T,HR,DK,2014,21.2,Denmark
A,TOTAL,SAL,PT,Y20-64,T,HR,DK,2015,20.6,Denmark
A,TOTAL,SAL,PT,Y20-64,T,HR,DK,2016,21.7,Denmark
A,TOTAL,SAL,PT,Y20-64,T,HR,DK,2017,21.4,Denmark
A,TOTAL,SAL,PT,Y20-64,T,HR,DK,2018,20.9,Denmark
A,TOTAL,SAL,PT,Y20-64,T,HR,DK,2019,20.7,Denmark
A,TOTAL,SAL,PT,Y20-64,T,HR,DK,2020,20.9,Denmark
A,TOTAL,SAL,PT,Y20-64,T,HR,DK,2021,21.1,Denmark
A,TOTAL,SAL,PT,Y20-64,T,HR,DK,2022,20.8,Denmark
A,TOTAL,SAL,PT,Y20-64,T,HR,DK,2023,20.2,Denmark
A,TOTAL,SAL,PT,Y20-64,T,HR,DK,2024,20.3,Denmark
A,TOTAL,SAL,PT,Y20-64,T,HR,DK,2025,20.4,Denmark
A,TOTAL,SAL,PT,Y20-64,T,HR,EE,2008,21.3,Estonia
A,TOTAL,SAL,PT,Y20-64,T,HR,EE,2009,22.3,Estonia
A,TOTAL,SAL,PT,Y20-64,T,HR,EE,2010,22.1,Estonia
A,TOTAL,SAL,PT,Y20-64,T,HR,EE,2011,21.8,Estonia
A,TOTAL,SAL,PT,Y20-64,T,HR,EE,2012,21.4,Estonia
A,TOTAL,SAL,PT,Y20-64,T,HR,EE,2013,20.8,Estonia
A,TOTAL,SAL,PT,Y20-64,T,HR,EE,2014,20.9,Estonia
A,TOTAL,SAL,PT,Y20-64,T,HR,EE,2015,21.1,Estonia
A,TOTAL,SAL,PT,Y20-64,T,HR,EE,2016,21.7,Estonia
A,TOTAL,SAL,PT,Y20-64,T,HR,EE,2017,21.6,Estonia
A,TOTAL,SAL,PT,Y20-64,T,HR,EE,2018,21.3,Estonia
A,TOTAL,SAL,PT,Y20-64,T,HR,EE,2019,20.8,Estonia
A,TOTAL,SAL,PT,Y20-64,T,HR,EE,2020,20.8,Estonia
A,TOTAL,SAL,PT,Y20-64,T,HR,EE,2021,21.0,Estonia
A,TOTAL,SAL,PT,Y20-64,T,HR,EE,2022,21.7,Estonia
A,TOTAL,SAL,PT,Y20-64,T,HR,EE,2023,20.7,Estonia
A,TOTAL,SAL,PT,Y20-64,T,HR,EE,2024,21.8,Estonia
A,TOTAL,SAL,PT,Y20-64,T,HR,EE,2025,21.1,Estonia
A,TOTAL,SAL,PT,Y20-64,T,HR,EL,2008,19.9,Greece
A,TOTAL,SAL,PT,Y20-64,T,HR,EL,2009,20.0,Greece
A,TOTAL,SAL,PT,Y20-64,T,HR,EL,2010,20.6,Greece
A,TOTAL,SAL,PT,Y20-64,T,HR,EL,2011,20.3,Greece
A,TOTAL,SAL,PT,Y20-64,T,HR,EL,2012,20.3,Greece
A,TOTAL,SAL,PT,Y20-64,T,HR,EL,2013,20.4,Greece
A,TOTAL,SAL,PT,Y20-64,T,HR,EL,2014,20.6,Greece
A,TOTAL,SAL,PT,Y20-64,T,HR,EL,2015,20.8,Greece
A,TOTAL,SAL,PT,Y20-64,T,HR,EL,2016,20.9,Greece
A,TOTAL,SAL,PT,Y20-64,T,HR,EL,2017,20.4,Greece
A,TOTAL,SAL,PT,Y20-64,T,HR,EL,2018,20.5,Greece
A,TOTAL,SAL,PT,Y20-64,T,HR,EL,2019,20.6,Greece
A,TOTAL,SAL,PT,Y20-64,T,HR,EL,2020,20.7,Greece
A,TOTAL,SAL,PT,Y20-64,T,HR,EL,2021,21.6,Greece
A,TOTAL,SAL,PT,Y20-64,T,HR,EL,2022,21.4,Greece
A,TOTAL,SAL,PT,Y20-64,T,HR,EL,2023,21.7,Greece
A,TOTAL,SAL,PT,Y20-64,T,HR,EL,2024,21.6,Greece
A,TOTAL,SAL,PT,Y20-64,T,HR,EL,2025,21.4,Greece
A,TOTAL,SAL,PT,Y20-64,T,HR,ES,2008,19.1,Spain
A,TOTAL,SAL,PT,Y20-64,T,HR,ES,2009,18.8,Spain
A,TOTAL,SAL,PT,Y20-64,T,HR,ES,2010,18.6,Spain
A,TOTAL,SAL,PT,Y20-64,T,HR,ES,2011,18.8,Spain
A,TOTAL,SAL,PT,Y20-64,T,HR,ES,2012,18.3,Spain
A,TOTAL,SAL,PT,Y20-64,T,HR,ES,2013,18.4,Spain
A,TOTAL,SAL,PT,Y20-64,T,HR,ES,2014,18.6,Spain
A,TOTAL,SAL,PT,Y20-64,T,HR,ES,2015,18.8,Spain
A,TOTAL,SAL,PT,Y20-64,T,HR,ES,2016,18.8,Spain
A,TOTAL,SAL,PT,Y20-64,T,HR,ES,2017,19.0,Spain
A,TOTAL,SAL,PT,Y20-64,T,HR,ES,2018,19.3,Spain
A,TOTAL,SAL,PT,Y20-64,T,HR,ES,2019,19.4,Spain
A,TOTAL,SAL,PT,Y20-64,T,HR,ES,2020,19.6,Spain
A,TOTAL,SAL,PT,Y20-64,T,HR,ES,2021,19.3,Spain
A,TOTAL,SAL,PT,Y20-64,T,HR,ES,2022,19.7,Spain
A,TOTAL,SAL,PT,Y20-64,T,HR,ES,2023,19.8,Spain
A,TOTAL,SAL,PT,Y20-64,T,HR,ES,2024,19.9,Spain
A,TOTAL,SAL,PT,Y20-64,T,HR,ES,2025,20.3,Spain
A,TOTAL,SAL,PT,Y20-64,T,HR,EU27_2020,2008,20.9,European Union - 27 countries (from 2020)
A,TOTAL,SAL,PT,Y20-64,T,HR,EU27_2020,2009,20.8,European Union - 27 countries (from 2020)
A,TOTAL,SAL,PT,Y20-64,T,HR,EU27_2020,2010,21.0,European Union - 27 countries (from 2020)
A,TOTAL,SAL,PT,Y20-64,T,HR,EU27_2020,2011,20.9,European Union - 27 countries (from 2020)
A,TOTAL,SAL,PT,Y20-64,T,HR,EU27_2020,2012,20.9,European Union - 27 countries (from 2020)
A,TOTAL,SAL,PT,Y20-64,T,HR,EU27_2020,2013,21.0,European Union - 27 countries (from 2020)
A,TOTAL,SAL,PT,Y20-64,T,HR,EU27_2020,2014,21.1,European Union - 27 countries (from 2020)
A,TOTAL,SAL,PT,Y20-64,T,HR,EU27_2020,2015,21.2,European Union - 27 countries (from 2020)
A,TOTAL,SAL,PT,Y20-64,T,HR,EU27_2020,2016,21.4,European Union - 27 countries (from 2020)
A,TOTAL,SAL,PT,Y20-64,T,HR,EU27_2020,2017,21.5,European Union - 27 countries (from 2020)
A,TOTAL,SAL,PT,Y20-64,T,HR,EU27_2020,2018,21.6,European Union - 27 countries (from 2020)
A,TOTAL,SAL,PT,Y20-64,T,HR,EU27_2020,2019,21.7,European Union - 27 countries (from 2020)
A,TOTAL,SAL,PT,Y20-64,T,HR,EU27_2020,2020,21.9,European Union - 27 countries (from 2020)
A,TOTAL,SAL,PT,Y20-64,T,HR,EU27_2020,2021,21.8,European Union - 27 countries (from 2020)
A,TOTAL,SAL,PT,Y20-64,T,HR,EU27_2020,2022,22.0,European Union - 27 countries (from 2020)
A,TOTAL,SAL,PT,Y20-64,T,HR,EU27_2020,2023,22.0,European Union - 27 countries (from 2020)
A,TOTAL,SAL,PT,Y20-64,T,HR,EU27_2020,2024,22.1,European Union - 27 countries (from 2020)
A,TOTAL,SAL,PT,Y20-64,T,HR,EU27_2020,2025,22.1,European Union - 27 countries (from 2020)
A,TOTAL,SAL,PT,Y20-64,T,HR,FI,2008,21.9,Finland
A,TOTAL,SAL,PT,Y20-64,T,HR,FI,2009,21.3,Finland
A,TOTAL,SAL,PT,Y20-64,T,HR,FI,2010,22.1,Finland
A,TOTAL,SAL,PT,Y20-64,T,HR,FI,2011,22.1,Finland
A,TOTAL,SAL,PT,Y20-64,T,HR,FI,2012,21.8,Finland
A,TOTAL,SAL,PT,Y20-64,T,HR,FI,2013,21.3,Finland
A,TOTAL,SAL,PT,Y20-64,T,HR,FI,2014,21.3,Finland
A,TOTAL,SAL,PT,Y20-64,T,HR,FI,2015,21.1,Finland
A,TOTAL,SAL,PT,Y20-64,T,HR,FI,2016,21.2,Finland
A,TOTAL,SAL,PT,Y20-64,T,HR,FI,2017,21.4,Finland
A,TOTAL,SAL,PT,Y20-64,T,HR,FI,2018,21.0,Finland
A,TOTAL,SAL,PT,Y20-64,T,HR,FI,2019,20.8,Finland
A,TOTAL,SAL,PT,Y20-64,T,HR,FI,2020,20.9,Finland
A,TOTAL,SAL,PT,Y20-64,T,HR,FI,2021,21.6,Finland
A,TOTAL,SAL,PT,Y20-64,T,HR,FI,2022,21.1,Finland
A,TOTAL,SAL,PT,Y20-64,T,HR,FI,2023,21.2,Finland
A,TOTAL,SAL,PT,Y20-64,T,HR,FI,2024,21.2,Finland
A,TOTAL,SAL,PT,Y20-64,T,HR,FI,2025,21.3,Finland
A,TOTAL,SAL,PT,Y20-64,T,HR,FR,2008,22.6,France
A,TOTAL,SAL,PT,Y20-64,T,HR,FR,2009,22.4,France
A,TOTAL,SAL,PT,Y20-64,T,HR,FR,2010,22.6,France
A,TOTAL,SAL,PT,Y20-64,T,HR,FR,2011,22.6,France
A,TOTAL,SAL,PT,Y20-64,T,HR,FR,2012,22.6,France
A,TOTAL,SAL,PT,Y20-64,T,HR,FR,2013,22.6,France
A,TOTAL,SAL,PT,Y20-64,T,HR,FR,2014,22.4,France
A,TOTAL,SAL,PT,Y20-64,T,HR,FR,2015,22.5,France
A,TOTAL,SAL,PT,Y20-64,T,HR,FR,2016,22.6,France
A,TOTAL,SAL,PT,Y20-64,T,HR,FR,2017,22.6,France
A,TOTAL,SAL,PT,Y20-64,T,HR,FR,2018,22.7,France
A,TOTAL,SAL,PT,Y20-64,T,HR,FR,2019,22.8,France
A,TOTAL,SAL,PT,Y20-64,T,HR,FR,2020,22.8,France
A,TOTAL,SAL,PT,Y20-64,T,HR,FR,2021,23.0,France
A,TOTAL,SAL,PT,Y20-64,T,HR,FR,2022,23.1,France
A,TOTAL,SAL,PT,Y20-64,T,HR,FR,2023,23.0,France
A,TOTAL,SAL,PT,Y20-64,T,HR,FR,2024,23.0,France
A,TOTAL,SAL,PT,Y20-64,T,HR,FR,2025,22.8,France
A,TOTAL,SAL,PT,Y20-64,T,HR,HR,2008,22.2,Croatia
A,TOTAL,SAL,PT,Y20-64,T,HR,HR,2009,22.6,Croatia
A,TOTAL,SAL,PT,Y20-64,T,HR,HR,2010,22.3,Croatia
A,TOTAL,SAL,PT,Y20-64,T,HR,HR,2011,23.4,Croatia
A,TOTAL,SAL,PT,Y20-64,T,HR,HR,2012,21.2,Croatia
A,TOTAL,SAL,PT,Y20-64,T,HR,HR,2013,21.6,Croatia
A,TOTAL,SAL,PT,Y20-64,T,HR,HR,2014,20.0,Croatia
A,TOTAL,SAL,PT,Y20-64,T,HR,HR,2015,19.4,Croatia
A,TOTAL,SAL,PT,Y20-64,T,HR,HR,2016,19.3,Croatia
A,TOTAL,SAL,PT,Y20-64,T,HR,HR,2017,20.1,Croatia
A,TOTAL,SAL,PT,Y20-64,T,HR,HR,2018,20.1,Croatia
A,TOTAL,SAL,PT,Y20-64,T,HR,HR,2019,19.2,Croatia
A,TOTAL,SAL,PT,Y20-64,T,HR,HR,2020,19.8,Croatia
A,TOTAL,SAL,PT,Y20-64,T,HR,HR,2021,20.3,Croatia
A,TOTAL,SAL,PT,Y20-64,T,HR,HR,2022,21.3,Croatia
A,TOTAL,SAL,PT,Y20-64,T,HR,HR,2023,20.8,Croatia
A,TOTAL,SAL,PT,Y20-64,T,HR,HR,2024,20.4,Croatia
A,TOTAL,SAL,PT,Y20-64,T,HR,HR,2025,20.2,Croatia
A,TOTAL,SAL,PT,Y20-64,T,HR,HU,2008,24.5,Hungary
A,TOTAL,SAL,PT,Y20-64,T,HR,HU,2009,24.2,Hungary
A,TOTAL,SAL,PT,Y20-64,T,HR,HU,2010,24.5,Hungary
A,TOTAL,SAL,PT,Y20-64,T,HR,HU,2011,23.5,Hungary
A,TOTAL,SAL,PT,Y20-64,T,HR,HU,2012,23.3,Hungary
A,TOTAL,SAL,PT,Y20-64,T,HR,HU,2013,22.9,Hungary
A,TOTAL,SAL,PT,Y20-64,T,HR,HU,2014,22.5,Hungary
A,TOTAL,SAL,PT,Y20-64,T,HR,HU,2015,22.4,Hungary
A,TOTAL,SAL,PT,Y20-64,T,HR,HU,2016,22.0,Hungary
A,TOTAL,SAL,PT,Y20-64,T,HR,HU,2017,22.0,Hungary
A,TOTAL,SAL,PT,Y20-64,T,HR,HU,2018,21.3,Hungary
A,TOTAL,SAL,PT,Y20-64,T,HR,HU,2019,21.3,Hungary
A,TOTAL,SAL,PT,Y20-64,T,HR,HU,2020,21.9,Hungary
A,TOTAL,SAL,PT,Y20-64,T,HR,HU,2021,21.8,Hungary
A,TOTAL,SAL,PT,Y20-64,T,HR,HU,2022,21.7,Hungary
A,TOTAL,SAL,PT,Y20-64,T,HR,HU,2023,20.9,Hungary
A,TOTAL,SAL,PT,Y20-64,T,HR,HU,2024,21.1,Hungary
A,TOTAL,SAL,PT,Y20-64,T,HR,HU,2025,21.5,Hungary
A,TOTAL,SAL,PT,Y20-64,T,HR,IE,2008,19.2,Ireland
A,TOTAL,SAL,PT,Y20-64,T,HR,IE,2009,19.0,Ireland
A,TOTAL,SAL,PT,Y20-64,T,HR,IE,2010,18.8,Ireland
A,TOTAL,SAL,PT,Y20-64,T,HR,IE,2011,19.0,Ireland
A,TOTAL,SAL,PT,Y20-64,T,HR,IE,2012,19.3,Ireland
A,TOTAL,SAL,PT,Y20-64,T,HR,IE,2013,19.4,Ireland
A,TOTAL,SAL,PT,Y20-64,T,HR,IE,2014,19.5,Ireland
A,TOTAL,SAL,PT,Y20-64,T,HR,IE,2015,19.6,Ireland
A,TOTAL,SAL,PT,Y20-64,T,HR,IE,2016,19.7,Ireland
A,TOTAL,SAL,PT,Y20-64,T,HR,IE,2017,19.6,Ireland
A,TOTAL,SAL,PT,Y20-64,T,HR,IE,2018,19.3,Ireland
A,TOTAL,SAL,PT,Y20-64,T,HR,IE,2019,19.4,Ireland
A,TOTAL,SAL,PT,Y20-64,T,HR,IE,2020,19.6,Ireland
A,TOTAL,SAL,PT,Y20-64,T,HR,IE,2021,20.5,Ireland
A,TOTAL,SAL,PT,Y20-64,T,HR,IE,2022,20.1,Ireland
A,TOTAL,SAL,PT,Y20-64,T,HR,IE,2023,20.1,Ireland
A,TOTAL,SAL,PT,Y20-64,T,HR,IE,2024,19.6,Ireland
A,TOTAL,SAL,PT,Y20-64,T,HR,IE,2025,19.4,Ireland
A,TOTAL,SAL,PT,Y20-64,T,HR,IT,2008,21.8,Italy
A,TOTAL,SAL,PT,Y20-64,T,HR,IT,2009,21.7,Italy
A,TOTAL,SAL,PT,Y20-64,T,HR,IT,2010,21.9,Italy
A,TOTAL,SAL,PT,Y20-64,T,HR,IT,2011,21.8,Italy
A,TOTAL,SAL,PT,Y20-64,T,HR,IT,2012,21.6,Italy
A,TOTAL,SAL,PT,Y20-64,T,HR,IT,2013,21.4,Italy
A,TOTAL,SAL,PT,Y20-64,T,HR,IT,2014,21.3,Italy
A,TOTAL,SAL,PT,Y20-64,T,HR,IT,2015,21.5,Italy
A,TOTAL,SAL,PT,Y20-64,T,HR,IT,2016,21.7,Italy
A,TOTAL,SAL,PT,Y20-64,T,HR,IT,2017,22.0,Italy
A,TOTAL,SAL,PT,Y20-64,T,HR,IT,2018,22.3,Italy
A,TOTAL,SAL,PT,Y20-64,T,HR,IT,2019,22.3,Italy
A,TOTAL,SAL,PT,Y20-64,T,HR,IT,2020,21.9,Italy
A,TOTAL,SAL,PT,Y20-64,T,HR,IT,2021,21.9,Italy
A,TOTAL,SAL,PT,Y20-64,T,HR,IT,2022,22.3,Italy
A,TOTAL,SAL,PT,Y20-64,T,HR,IT,2023,22.3,Italy
A,TOTAL,SAL,PT,Y20-64,T,HR,IT,2024,22.8,Italy
A,TOTAL,SAL,PT,Y20-64,T,HR,IT,2025,22.6,Italy
A,TOTAL,SAL,PT,Y20-64,T,HR,LT,2008,22.2,Lithuania
A,TOTAL,SAL,PT,Y20-64,T,HR,LT,2009,22.3,Lithuania
A,TOTAL,SAL,PT,Y20-64,T,HR,LT,2010,21.4,Lithuania
A,TOTAL,SAL,PT,Y20-64,T,HR,LT,2011,21.3,Lithuania
A,TOTAL,SAL,PT,Y20-64,T,HR,LT,2012,21.1,Lithuania
A,TOTAL,SAL,PT,Y20-64,T,HR,LT,2013,20.7,Lithuania
A,TOTAL,SAL,PT,Y20-64,T,HR,LT,2014,20.7,Lithuania
A,TOTAL,SAL,PT,Y20-64,T,HR,LT,2015,20.1,Lithuania
A,TOTAL,SAL,PT,Y20-64,T,HR,LT,2016,20.8,Lithuania
A,TOTAL,SAL,PT,Y20-64,T,HR,LT,2017,20.2,Lithuania
A,TOTAL,SAL,PT,Y20-64,T,HR,LT,2018,20.3,Lithuania
A,TOTAL,SAL,PT,Y20-64,T,HR,LT,2019,21.2,Lithuania
A,TOTAL,SAL,PT,Y20-64,T,HR,LT,2020,21.2,Lithuania
A,TOTAL,SAL,PT,Y20-64,T,HR,LT,2021,20.4,Lithuania
A,TOTAL,SAL,PT,Y20-64,T,HR,LT,2022,20.5,Lithuania
A,TOTAL,SAL,PT,Y20-64,T,HR,LT,2023,21.6,Lithuania
A,TOTAL,SAL,PT,Y20-64,T,HR,LT,2024,20.9,Lithuania
A,TOTAL,SAL,PT,Y20-64,T,HR,LT,2025,20.0,Lithuania
A,TOTAL,SAL,PT,Y20-64,T,HR,LU,2008,22.0,Luxembourg
A,TOTAL,SAL,PT,Y20-64,T,HR,LU,2009,21.1,Luxembourg
A,TOTAL,SAL,PT,Y20-64,T,HR,LU,2010,21.6,Luxembourg
A,TOTAL,SAL,PT,Y20-64,T,HR,LU,2011,22.7,Luxembourg
A,TOTAL,SAL,PT,Y20-64,T,HR,LU,2012,23.3,Luxembourg
A,TOTAL,SAL,PT,Y20-64,T,HR,LU,2013,22.9,Luxembourg
A,TOTAL,SAL,PT,Y20-64,T,HR,LU,2014,23.7,Luxembourg
A,TOTAL,SAL,PT,Y20-64,T,HR,LU,2015,23.3,Luxembourg
A,TOTAL,SAL,PT,Y20-64,T,HR,LU,2016,23.1,Luxembourg
A,TOTAL,SAL,PT,Y20-64,T,HR,LU,2017,23.3,Luxembourg
A,TOTAL,SAL,PT,Y20-64,T,HR,LU,2018,23.1,Luxembourg
A,TOTAL,SAL,PT,Y20-64,T,HR,LU,2019,24.1,Luxembourg
A,TOTAL,SAL,PT,Y20-64,T,HR,LU,2020,23.4,Luxembourg
A,TOTAL,SAL,PT,Y20-64,T,HR,LU,2021,22.7,Luxembourg
A,TOTAL,SAL,PT,Y20-64,T,HR,LU,2022,22.9,Luxembourg
A,TOTAL,SAL,PT,Y20-64,T,HR,LU,2023,23.8,Luxembourg
A,TOTAL,SAL,PT,Y20-64,T,HR,LU,2024,23.3,Luxembourg
A,TOTAL,SAL,PT,Y20-64,T,HR,LU,2025,23.7,Luxembourg
A,TOTAL,SAL,PT,Y20-64,T,HR,LV,2008,20.5,Latvia
A,TOTAL,SAL,PT,Y20-64,T,HR,LV,2009,21.6,Latvia
A,TOTAL,SAL,PT,Y20-64,T,HR,LV,2010,21.4,Latvia
A,TOTAL,SAL,PT,Y20-64,T,HR,LV,2011,21.3,Latvia
A,TOTAL,SAL,PT,Y20-64,T,HR,LV,2012,20.9,Latvia
A,TOTAL,SAL,PT,Y20-64,T,HR,LV,2013,20.9,Latvia
A,TOTAL,SAL,PT,Y20-64,T,HR,LV,2014,20.0,Latvia
A,TOTAL,SAL,PT,Y20-64,T,HR,LV,2015,21.0,Latvia
A,TOTAL,SAL,PT,Y20-64,T,HR,LV,2016,20.5,Latvia
A,TOTAL,SAL,PT,Y20-64,T,HR,LV,2017,21.3,Latvia
A,TOTAL,SAL,PT,Y20-64,T,HR,LV,2018,21.8,Latvia
A,TOTAL,SAL,PT,Y20-64,T,HR,LV,2019,21.4,Latvia
A,TOTAL,SAL,PT,Y20-64,T,HR,LV,2020,21.4,Latvia
A,TOTAL,SAL,PT,Y20-64,T,HR,LV,2021,21.5,Latvia
A,TOTAL,SAL,PT,Y20-64,T,HR,LV,2022,22.3,Latvia
A,TOTAL,SAL,PT,Y20-64,T,HR,LV,2023,21.5,Latvia
A,TOTAL,SAL,PT,Y20-64,T,HR,LV,2024,21.5,Latvia
A,TOTAL,SAL,PT,Y20-64,T,HR,LV,2025,22.6,Latvia
A,TOTAL,SAL,PT,Y20-64,T,HR,MT,2008,22.2,Malta
A,TOTAL,SAL,PT,Y20-64,T,HR,MT,2009,21.7,Malta
A,TOTAL,SAL,PT,Y20-64,T,HR,MT,2010,21.4,Malta
A,TOTAL,SAL,PT,Y20-64,T,HR,MT,2011,21.6,Malta
A,TOTAL,SAL,PT,Y20-64,T,HR,MT,2012,21.8,Malta
A,TOTAL,SAL,PT,Y20-64,T,HR,MT,2013,21.8,Malta
A,TOTAL,SAL,PT,Y20-64,T,HR,MT,2014,21.1,Malta
A,TOTAL,SAL,PT,Y20-64,T,HR,MT,2015,21.8,Malta
A,TOTAL,SAL,PT,Y20-64,T,HR,MT,2016,22.4,Malta
A,TOTAL,SAL,PT,Y20-64,T,HR,MT,2017,22.5,Malta
A,TOTAL,SAL,PT,Y20-64,T,HR,MT,2018,22.0,Malta
A,TOTAL,SAL,PT,Y20-64,T,HR,MT,2019,22.7,Malta
A,TOTAL,SAL,PT,Y20-64,T,HR,MT,2020,22.3,Malta
A,TOTAL,SAL,PT,Y20-64,T,HR,MT,2021,23.7,Malta
A,TOTAL,SAL,PT,Y20-64,T,HR,MT,2022,23.1,Malta
A,TOTAL,SAL,PT,Y20-64,T,HR,MT,2023,22.3,Malta
A,TOTAL,SAL,PT,Y20-64,T,HR,MT,2024,21.9,Malta
A,TOTAL,SAL,PT,Y20-64,T,HR,MT,2025,22.3,Malta
A,TOTAL,SAL,PT,Y20-64,T,HR,NL,2008,22.4,Netherlands
A,TOTAL,SAL,PT,Y20-64,T,HR,NL,2009,22.6,Netherlands
A,TOTAL,SAL,PT,Y20-64,T,HR,NL,2010,22.6,Netherlands
A,TOTAL,SAL,PT,Y20-64,T,HR,NL,2011,22.8,Netherlands
A,TOTAL,SAL,PT,Y20-64,T,HR,NL,2012,22.7,Netherlands
A,TOTAL,SAL,PT,Y20-64,T,HR,NL,2013,22.9,Netherlands
A,TOTAL,SAL,PT,Y20-64,T,HR,NL,2014,23.1,Netherlands
A,TOTAL,SAL,PT,Y20-64,T,HR,NL,2015,23.0,Netherlands
A,TOTAL,SAL,PT,Y20-64,T,HR,NL,2016,23.5,Netherlands
A,TOTAL,SAL,PT,Y20-64,T,HR,NL,2017,23.8,Netherlands
A,TOTAL,SAL,PT,Y20-64,T,HR,NL,2018,24.0,Netherlands
A,TOTAL,SAL,PT,Y20-64,T,HR,NL,2019,24.2,Netherlands
A,TOTAL,SAL,PT,Y20-64,T,HR,NL,2020,24.2,Netherlands
A,TOTAL,SAL,PT,Y20-64,T,HR,NL,2021,22.8,Netherlands
A,TOTAL,SAL,PT,Y20-64,T,HR,NL,2022,23.2,Netherlands
A,TOTAL,SAL,PT,Y20-64,T,HR,NL,2023,23.3,Netherlands
A,TOTAL,SAL,PT,Y20-64,T,HR,NL,2024,23.3,Netherlands
A,TOTAL,SAL,PT,Y20-64,T,HR,NL,2025,23.3,Netherlands
A,TOTAL,SAL,PT,Y20-64,T,HR,PL,2008,22.2,Poland
A,TOTAL,SAL,PT,Y20-64,T,HR,PL,2009,22.0,Poland
A,TOTAL,SAL,PT,Y20-64,T,HR,PL,2010,22.3,Poland
A,TOTAL,SAL,PT,Y20-64,T,HR,PL,2011,22.4,Poland
A,TOTAL,SAL,PT,Y20-64,T,HR,PL,2012,22.4,Poland
A,TOTAL,SAL,PT,Y20-64,T,HR,PL,2013,22.3,Poland
A,TOTAL,SAL,PT,Y20-64,T,HR,PL,2014,21.6,Poland
A,TOTAL,SAL,PT,Y20-64,T,HR,PL,2015,22.2,Poland
A,TOTAL,SAL,PT,Y20-64,T,HR,PL,2016,22.0,Poland
A,TOTAL,SAL,PT,Y20-64,T,HR,PL,2017,21.9,Poland
A,TOTAL,SAL,PT,Y20-64,T,HR,PL,2018,21.4,Poland
A,TOTAL,SAL,PT,Y20-64,T,HR,PL,2019,21.5,Poland
A,TOTAL,SAL,PT,Y20-64,T,HR,PL,2020,21.5,Poland
A,TOTAL,SAL,PT,Y20-64,T,HR,PL,2021,21.9,Poland
A,TOTAL,SAL,PT,Y20-64,T,HR,PL,2022,22.1,Poland
A,TOTAL,SAL,PT,Y20-64,T,HR,PL,2023,22.1,Poland
A,TOTAL,SAL,PT,Y20-64,T,HR,PL,2024,22.2,Poland
A,TOTAL,SAL,PT,Y20-64,T,HR,PL,2025,21.2,Poland
A,TOTAL,SAL,PT,Y20-64,T,HR,PT,2008,19.6,Portugal
A,TOTAL,SAL,PT,Y20-64,T,HR,PT,2009,19.6,Portugal
A,TOTAL,SAL,PT,Y20-64,T,HR,PT,2010,19.9,Portugal
A,TOTAL,SAL,PT,Y20-64,T,HR,PT,2011,17.4,Portugal
A,TOTAL,SAL,PT,Y20-64,T,HR,PT,2012,17.2,Portugal
A,TOTAL,SAL,PT,Y20-64,T,HR,PT,2013,17.8,Portugal
A,TOTAL,SAL,PT,Y20-64,T,HR,PT,2014,17.8,Portugal
A,TOTAL,SAL,PT,Y20-64,T,HR,PT,2015,17.7,Portugal
A,TOTAL,SAL,PT,Y20-64,T,HR,PT,2016,18.3,Portugal
A,TOTAL,SAL,PT,Y20-64,T,HR,PT,2017,18.3,Portugal
A,TOTAL,SAL,PT,Y20-64,T,HR,PT,2018,18.1,Portugal
A,TOTAL,SAL,PT,Y20-64,T,HR,PT,2019,18.2,Portugal
A,TOTAL,SAL,PT,Y20-64,T,HR,PT,2020,17.7,Portugal
A,TOTAL,SAL,PT,Y20-64,T,HR,PT,2021,18.2,Portugal
A,TOTAL,SAL,PT,Y20-64,T,HR,PT,2022,17.7,Portugal
A,TOTAL,SAL,PT,Y20-64,T,HR,PT,2023,18.7,Portugal
A,TOTAL,SAL,PT,Y20-64,T,HR,PT,2024,18.6,Portugal
A,TOTAL,SAL,PT,Y20-64,T,HR,PT,2025,18.5,Portugal
A,TOTAL,SAL,PT,Y20-64,T,HR,RO,2008,24.8,Romania
A,TOTAL,SAL,PT,Y20-64,T,HR,RO,2009,23.7,Romania
A,TOTAL,SAL,PT,Y20-64,T,HR,RO,2010,25.2,Romania
A,TOTAL,SAL,PT,Y20-64,T,HR,RO,2011,24.0,Romania
A,TOTAL,SAL,PT,Y20-64,T,HR,RO,2012,24.9,Romania
A,TOTAL,SAL,PT,Y20-64,T,HR,RO,2013,25.0,Romania
A,TOTAL,SAL,PT,Y20-64,T,HR,RO,2014,24.2,Romania
A,TOTAL,SAL,PT,Y20-64,T,HR,RO,2015,25.0,Romania
A,TOTAL,SAL,PT,Y20-64,T,HR,RO,2016,23.5,Romania
A,TOTAL,SAL,PT,Y20-64,T,HR,RO,2017,24.4,Romania
A,TOTAL,SAL,PT,Y20-64,T,HR,RO,2018,24.6,Romania
A,TOTAL,SAL,PT,Y20-64,T,HR,RO,2019,25.1,Romania
A,TOTAL,SAL,PT,Y20-64,T,HR,RO,2020,22.5,Romania
A,TOTAL,SAL,PT,Y20-64,T,HR,RO,2021,20.6,Romania
A,TOTAL,SAL,PT,Y20-64,T,HR,RO,2022,20.9,Romania
A,TOTAL,SAL,PT,Y20-64,T,HR,RO,2023,20.9,Romania
A,TOTAL,SAL,PT,Y20-64,T,HR,RO,2024,22.3,Romania
A,TOTAL,SAL,PT,Y20-64,T,HR,RO,2025,20.0,Romania
A,TOTAL,SAL,PT,Y20-64,T,HR,SE,2008,25.1,Sweden
A,TOTAL,SAL,PT,Y20-64,T,HR,SE,2009,25.0,Sweden
A,TOTAL,SAL,PT,Y20-64,T,HR,SE,2010,25.5,Sweden
A,TOTAL,SAL,PT,Y20-64,T,HR,SE,2011,25.3,Sweden
A,TOTAL,SAL,PT,Y20-64,T,HR,SE,2012,25.3,Sweden
A,TOTAL,SAL,PT,Y20-64,T,HR,SE,2013,25.2,Sweden
A,TOTAL,SAL,PT,Y20-64,T,HR,SE,2014,25.3,Sweden
A,TOTAL,SAL,PT,Y20-64,T,HR,SE,2015,25.2,Sweden
A,TOTAL,SAL,PT,Y20-64,T,HR,SE,2016,25.4,Sweden
A,TOTAL,SAL,PT,Y20-64,T,HR,SE,2017,25.2,Sweden
A,TOTAL,SAL,PT,Y20-64,T,HR,SE,2018,25.2,Sweden
A,TOTAL,SAL,PT,Y20-64,T,HR,SE,2019,25.0,Sweden
A,TOTAL,SAL,PT,Y20-64,T,HR,SE,2020,24.6,Sweden
A,TOTAL,SAL,PT,Y20-64,T,HR,SE,2021,25.1,Sweden
A,TOTAL,SAL,PT,Y20-64,T,HR,SE,2022,24.9,Sweden
A,TOTAL,SAL,PT,Y20-64,T,HR,SE,2023,24.3,Sweden
A,TOTAL,SAL,PT,Y20-64,T,HR,SE,2024,24.4,Sweden
A,TOTAL,SAL,PT,Y20-64,T,HR,SE,2025,24.2,Sweden
A,TOTAL,SAL,PT,Y20-64,T,HR,SI,2008,20.0,Slovenia
A,TOTAL,SAL,PT,Y20-64,T,HR,SI,2009,20.9,Slovenia
A,TOTAL,SAL,PT,Y20-64,T,HR,SI,2010,20.1,Slovenia
A,TOTAL,SAL,PT,Y20-64,T,HR,SI,2011,20.0,Slovenia
A,TOTAL,SAL,PT,Y20-64,T,HR,SI,2012,19.8,Slovenia
A,TOTAL,SAL,PT,Y20-64,T,HR,SI,2013,20.0,Slovenia
A,TOTAL,SAL,PT,Y20-64,T,HR,SI,2014,20.1,Slovenia
A,TOTAL,SAL,PT,Y20-64,T,HR,SI,2015,20.2,Slovenia
A,TOTAL,SAL,PT,Y20-64,T,HR,SI,2016,20.9,Slovenia
A,TOTAL,SAL,PT,Y20-64,T,HR,SI,2017,20.6,Slovenia
A,TOTAL,SAL,PT,Y20-64,T,HR,SI,2018,20.9,Slovenia
A,TOTAL,SAL,PT,Y20-64,T,HR,SI,2019,20.7,Slovenia
A,TOTAL,SAL,PT,Y20-64,T,HR,SI,2020,21.6,Slovenia
A,TOTAL,SAL,PT,Y20-64,T,HR,SI,2021,22.1,Slovenia
A,TOTAL,SAL,PT,Y20-64,T,HR,SI,2022,21.7,Slovenia
A,TOTAL,SAL,PT,Y20-64,T,HR,SI,2023,21.6,Slovenia
A,TOTAL,SAL,PT,Y20-64,T,HR,SI,2024,21.3,Slovenia
A,TOTAL,SAL,PT,Y20-64,T,HR,SI,2025,21.9,Slovenia
A,TOTAL,SAL,PT,Y20-64,T,HR,SK,2008,21.0,Slovakia
A,TOTAL,SAL,PT,Y20-64,T,HR,SK,2009,22.2,Slovakia
A,TOTAL,SAL,PT,Y20-64,T,HR,SK,2010,20.1,Slovakia
A,TOTAL,SAL,PT,Y20-64,T,HR,SK,2011,18.9,Slovakia
A,TOTAL,SAL,PT,Y20-64,T,HR,SK,2012,19.4,Slovakia
A,TOTAL,SAL,PT,Y20-64,T,HR,SK,2013,18.9,Slovakia
A,TOTAL,SAL,PT,Y20-64,T,HR,SK,2014,18.5,Slovakia
A,TOTAL,SAL,PT,Y20-64,T,HR,SK,2015,18.2,Slovakia
A,TOTAL,SAL,PT,Y20-64,T,HR,SK,2016,18.7,Slovakia
A,TOTAL,SAL,PT,Y20-64,T,HR,SK,2017,18.8,Slovakia
A,TOTAL,SAL,PT,Y20-64,T,HR,SK,2018,19.2,Slovakia
A,TOTAL,SAL,PT,Y20-64,T,HR,SK,2019,19.2,Slovakia
A,TOTAL,SAL,PT,Y20-64,T,HR,SK,2020,19.7,Slovakia
A,TOTAL,SAL,PT,Y20-64,T,HR,SK,2021,20.2,Slovakia
A,TOTAL,SAL,PT,Y20-64,T,HR,SK,2022,20.6,Slovakia
A,TOTAL,SAL,PT,Y20-64,T,HR,SK,2023,20.0,Slovakia
A,TOTAL,SAL,PT,Y20-64,T,HR,SK,2024,19.7,Slovakia
A,TOTAL,SAL,PT,Y20-64,T,HR,SK,2025,19.9,Slovakia
A,TOTAL,SAL,TOTAL,Y20-64,T,HR,AT,2008,36.5,Austria
A,TOTAL,SAL,TOTAL,Y20-64,T,HR,AT,2009,35.5,Austria
A,TOTAL,SAL,TOTAL,Y20-64,T,HR,AT,2010,35.5,Austria
A,TOTAL,SAL,TOTAL,Y20-64,T,HR,AT,2011,35.5,Austria
A,TOTAL,SAL,TOTAL,Y20-64,T,HR,AT,2012,35.3,Austria
A,TOTAL,SAL,TOTAL,Y20-64,T,HR,AT,2013,35.1,Austria
A,TOTAL,SAL,TOTAL,Y20-64,T,HR,AT,2014,34.8,Austria
A,TOTAL,SAL,TOTAL,Y20-64,T,HR,AT,2015,34.4,Austria
A,TOTAL,SAL,TOTAL,Y20-64,T,HR,AT,2016,34.4,Austria
A,TOTAL,SAL,TOTAL,Y20-64,T,HR,AT,2017,34.2,Austria
A,TOTAL,SAL,TOTAL,Y20-64,T,HR,AT,2018,34.5,Austria
A,TOTAL,SAL,TOTAL,Y20-64,T,HR,AT,2019,34.6,Austria
A,TOTAL,SAL,TOTAL,Y20-64,T,HR,AT,2020,33.0,Austria
A,TOTAL,SAL,TOTAL,Y20-64,T,HR,AT,2021,32.8,Austria
A,TOTAL,SAL,TOTAL,Y20-64,T,HR,AT,2022,32.8,Austria
A,TOTAL,SAL,TOTAL,Y20-64,T,HR,AT,2023,32.8,Austria
A,TOTAL,SAL,TOTAL,Y20-64,T,HR,AT,2024,33.0,Austria
A,TOTAL,SAL,TOTAL,Y20-64,T,HR,AT,2025,33.1,Austria
A,TOTAL,SAL,TOTAL,Y20-64,T,HR,BE,2008,34.7,Belgium
A,TOTAL,SAL,TOTAL,Y20-64,T,HR,BE,2009,34.5,Belgium
A,TOTAL,SAL,TOTAL,Y20-64,T,HR,BE,2010,34.8,Belgium
A,TOTAL,SAL,TOTAL,Y20-64,T,HR,BE,2011,34.6,Belgium
A,TOTAL,SAL,TOTAL,Y20-64,T,HR,BE,2012,34.4,Belgium
A,TOTAL,SAL,TOTAL,Y20-64,T,HR,BE,2013,34.3,Belgium
A,TOTAL,SAL,TOTAL,Y20-64,T,HR,BE,2014,34.6,Belgium
A,TOTAL,SAL,TOTAL,Y20-64,T,HR,BE,2015,34.5,Belgium
A,TOTAL,SAL,TOTAL,Y20-64,T,HR,BE,2016,34.7,Belgium
A,TOTAL,SAL,TOTAL,Y20-64,T,HR,BE,2017,34.8,Belgium
A,TOTAL,SAL,TOTAL,Y20-64,T,HR,BE,2018,35.0,Belgium
A,TOTAL,SAL,TOTAL,Y20-64,T,HR,BE,2019,34.7,Belgium
A,TOTAL,SAL,TOTAL,Y20-64,T,HR,BE,2020,34.3,Belgium
A,TOTAL,SAL,TOTAL,Y20-64,T,HR,BE,2021,33.5,Belgium
A,TOTAL,SAL,TOTAL,Y20-64,T,HR,BE,2022,33.4,Belgium
A,TOTAL,SAL,TOTAL,Y20-64,T,HR,BE,2023,33.4,Belgium
A,TOTAL,SAL,TOTAL,Y20-64,T,HR,BE,2024,33.1,Belgium
A,TOTAL,SAL,TOTAL,Y20-64,T,HR,BE,2025,32.9,Belgium
A,TOTAL,SAL,TOTAL,Y20-64,T,HR,BG,2008,40.7,Bulgaria
A,TOTAL,SAL,TOTAL,Y20-64,T,HR,BG,2009,40.0,Bulgaria
A,TOTAL,SAL,TOTAL,Y20-64,T,HR,BG,2010,40.2,Bulgaria
A,TOTAL,SAL,TOTAL,Y20-64,T,HR,BG,2011,40.0,Bulgaria
A,TOTAL,SAL,TOTAL,Y20-64,T,HR,BG,2012,39.9,Bulgaria
A,TOTAL,SAL,TOTAL,Y20-64,T,HR,BG,2013,39.7,Bulgaria
A,TOTAL,SAL,TOTAL,Y20-64,T,HR,BG,2014,39.8,Bulgaria
A,TOTAL,SAL,TOTAL,Y20-64,T,HR,BG,2015,40.0,Bulgaria
A,TOTAL,SAL,TOTAL,Y20-64,T,HR,BG,2016,40.1,Bulgaria
A,TOTAL,SAL,TOTAL,Y20-64,T,HR,BG,2017,39.9,Bulgaria
A,TOTAL,SAL,TOTAL,Y20-64,T,HR,BG,2018,39.7,Bulgaria
A,TOTAL,SAL,TOTAL,Y20-64,T,HR,BG,2019,39.5,Bulgaria
A,TOTAL,SAL,TOTAL,Y20-64,T,HR,BG,2020,39.3,Bulgaria
A,TOTAL,SAL,TOTAL,Y20-64,T,HR,BG,2021,39.4,Bulgaria
A,TOTAL,SAL,TOTAL,Y20-64,T,HR,BG,2022,39.1,Bulgaria
A,TOTAL,SAL,TOTAL,Y20-64,T,HR,BG,2023,38.9,Bulgaria
A,TOTAL,SAL,TOTAL,Y20-64,T,HR,BG,2024,38.9,Bulgaria
A,TOTAL,SAL,TOTAL,Y20-64,T,HR,BG,2025,38.6,Bulgaria
A,TOTAL,SAL,TOTAL,Y20-64,T,HR,CY,2008,38.5,Cyprus
A,TOTAL,SAL,TOTAL,Y20-64,T,HR,CY,2009,38.1,Cyprus
A,TOTAL,SAL,TOTAL,Y20-64,T,HR,CY,2010,38.7,Cyprus
A,TOTAL,SAL,TOTAL,Y20-64,T,HR,CY,2011,38.7,Cyprus
A,TOTAL,SAL,TOTAL,Y20-64,T,HR,CY,2012,38.9,Cyprus
A,TOTAL,SAL,TOTAL,Y20-64,T,HR,CY,2013,38.4,Cyprus
A,TOTAL,SAL,TOTAL,Y20-64,T,HR,CY,2014,38.1,Cyprus
A,TOTAL,SAL,TOTAL,Y20-64,T,HR,CY,2015,38.3,Cyprus
A,TOTAL,SAL,TOTAL,Y20-64,T,HR,CY,2016,38.5,Cyprus
A,TOTAL,SAL,TOTAL,Y20-64,T,HR,CY,2017,38.6,Cyprus
A,TOTAL,SAL,TOTAL,Y20-64,T,HR,CY,2018,38.4,Cyprus
A,TOTAL,SAL,TOTAL,Y20-64,T,HR,CY,2019,38.2,Cyprus
A,TOTAL,SAL,TOTAL,Y20-64,T,HR,CY,2020,38.1,Cyprus
A,TOTAL,SAL,TOTAL,Y20-64,T,HR,CY,2021,38.1,Cyprus
A,TOTAL,SAL,TOTAL,Y20-64,T,HR,CY,2022,38.3,Cyprus
A,TOTAL,SAL,TOTAL,Y20-64,T,HR,CY,2023,38.8,Cyprus
A,TOTAL,SAL,TOTAL,Y20-64,T,HR,CY,2024,38.2,Cyprus
A,TOTAL,SAL,TOTAL,Y20-64,T,HR,CY,2025,38.0,Cyprus
A,TOTAL,SAL,TOTAL,Y20-64,T,HR,CZ,2008,40.1,Czechia
A,TOTAL,SAL,TOTAL,Y20-64,T,HR,CZ,2009,39.6,Czechia
A,TOTAL,SAL,TOTAL,Y20-64,T,HR,CZ,2010,39.5,Czechia
A,TOTAL,SAL,TOTAL,Y20-64,T,HR,CZ,2011,39.4,Czechia
A,TOTAL,SAL,TOTAL,Y20-64,T,HR,CZ,2012,39.1,Czechia
A,TOTAL,SAL,TOTAL,Y20-64,T,HR,CZ,2013,38.7,Czechia
A,TOTAL,SAL,TOTAL,Y20-64,T,HR,CZ,2014,38.6,Czechia
A,TOTAL,SAL,TOTAL,Y20-64,T,HR,CZ,2015,38.4,Czechia
A,TOTAL,SAL,TOTAL,Y20-64,T,HR,CZ,2016,38.6,Czechia
A,TOTAL,SAL,TOTAL,Y20-64,T,HR,CZ,2017,38.3,Czechia
A,TOTAL,SAL,TOTAL,Y20-64,T,HR,CZ,2018,38.2,Czechia
A,TOTAL,SAL,TOTAL,Y20-64,T,HR,CZ,2019,38.3,Czechia
A,TOTAL,SAL,TOTAL,Y20-64,T,HR,CZ,2020,37.5,Czechia
A,TOTAL,SAL,TOTAL,Y20-64,T,HR,CZ,2021,37.9,Czechia
A,TOTAL,SAL,TOTAL,Y20-64,T,HR,CZ,2022,37.1,Czechia
A,TOTAL,SAL,TOTAL,Y20-64,T,HR,CZ,2023,37.2,Czechia
A,TOTAL,SAL,TOTAL,Y20-64,T,HR,CZ,2024,37.3,Czechia
A,TOTAL,SAL,TOTAL,Y20-64,T,HR,CZ,2025,37.0,Czechia
A,TOTAL,SAL,TOTAL,Y20-64,T,HR,DE,2008,35.2,Germany
A,TOTAL,SAL,TOTAL,Y20-64,T,HR,DE,2009,34.5,Germany
A,TOTAL,SAL,TOTAL,Y20-64,T,HR,DE,2010,34.8,Germany
A,TOTAL,SAL,TOTAL,Y20-64,T,HR,DE,2011,34.9,Germany
A,TOTAL,SAL,TOTAL,Y20-64,T,HR,DE,2012,34.9,Germany
A,TOTAL,SAL,TOTAL,Y20-64,T,HR,DE,2013,34.7,Germany
A,TOTAL,SAL,TOTAL,Y20-64,T,HR,DE,2014,34.8,Germany
A,TOTAL,SAL,TOTAL,Y20-64,T,HR,DE,2015,34.8,Germany
A,TOTAL,SAL,TOTAL,Y20-64,T,HR,DE,2016,34.9,Germany
A,TOTAL,SAL,TOTAL,Y20-64,T,HR,DE,2017,34.7,Germany
A,TOTAL,SAL,TOTAL,Y20-64,T,HR,DE,2018,34.6,Germany
A,TOTAL,SAL,TOTAL,Y20-64,T,HR,DE,2019,34.6,Germany
A,TOTAL,SAL,TOTAL,Y20-64,T,HR,DE,2020,34.1,Germany
A,TOTAL,SAL,TOTAL,Y20-64,T,HR,DE,2021,34.1,Germany
A,TOTAL,SAL,TOTAL,Y20-64,T,HR,DE,2022,34.1,Germany
A,TOTAL,SAL,TOTAL,Y20-64,T,HR,DE,2023,33.6,Germany
A,TOTAL,SAL,TOTAL,Y20-64,T,HR,DE,2024,33.5,Germany
A,TOTAL,SAL,TOTAL,Y20-64,T,HR,DE,2025,33.5,Germany
A,TOTAL,SAL,TOTAL,Y20-64,T,HR,DK,2008,35.3,Denmark
A,TOTAL,SAL,TOTAL,Y20-64,T,HR,DK,2009,35.0,Denmark
A,TOTAL,SAL,TOTAL,Y20-64,T,HR,DK,2010,35.4,Denmark
A,TOTAL,SAL,TOTAL,Y20-64,T,HR,DK,2011,35.6,Denmark
A,TOTAL,SAL,TOTAL,Y20-64,T,HR,DK,2012,35.4,Denmark
A,TOTAL,SAL,TOTAL,Y20-64,T,HR,DK,2013,35.3,Denmark
A,TOTAL,SAL,TOTAL,Y20-64,T,HR,DK,2014,35.0,Denmark
A,TOTAL,SAL,TOTAL,Y20-64,T,HR,DK,2015,35.0,Denmark
A,TOTAL,SAL,TOTAL,Y20-64,T,HR,DK,2016,34.7,Denmark
A,TOTAL,SAL,TOTAL,Y20-64,T,HR,DK,2017,34.6,Denmark
A,TOTAL,SAL,TOTAL,Y20-64,T,HR,DK,2018,34.4,Denmark
A,TOTAL,SAL,TOTAL,Y20-64,T,HR,DK,2019,34.1,Denmark
A,TOTAL,SAL,TOTAL,Y20-64,T,HR,DK,2020,34.2,Denmark
A,TOTAL,SAL,TOTAL,Y20-64,T,HR,DK,2021,34.5,Denmark
A,TOTAL,SAL,TOTAL,Y20-64,T,HR,DK,2022,34.0,Denmark
A,TOTAL,SAL,TOTAL,Y20-64,T,HR,DK,2023,33.8,Denmark
A,TOTAL,SAL,TOTAL,Y20-64,T,HR,DK,2024,33.5,Denmark
A,TOTAL,SAL,TOTAL,Y20-64,T,HR,DK,2025,33.5,Denmark
A,TOTAL,SAL,TOTAL,Y20-64,T,HR,EE,2008,39.4,Estonia
A,TOTAL,SAL,TOTAL,Y20-64,T,HR,EE,2009,37.9,Estonia
A,TOTAL,SAL,TOTAL,Y20-64,T,HR,EE,2010,38.8,Estonia
A,TOTAL,SAL,TOTAL,Y20-64,T,HR,EE,2011,39.0,Estonia
A,TOTAL,SAL,TOTAL,Y20-64,T,HR,EE,2012,38.6,Estonia
A,TOTAL,SAL,TOTAL,Y20-64,T,HR,EE,2013,38.6,Estonia
A,TOTAL,SAL,TOTAL,Y20-64,T,HR,EE,2014,38.3,Estonia
A,TOTAL,SAL,TOTAL,Y20-64,T,HR,EE,2015,38.2,Estonia
A,TOTAL,SAL,TOTAL,Y20-64,T,HR,EE,2016,38.5,Estonia
A,TOTAL,SAL,TOTAL,Y20-64,T,HR,EE,2017,38.7,Estonia
A,TOTAL,SAL,TOTAL,Y20-64,T,HR,EE,2018,37.9,Estonia
A,TOTAL,SAL,TOTAL,Y20-64,T,HR,EE,2019,38.0,Estonia
A,TOTAL,SAL,TOTAL,Y20-64,T,HR,EE,2020,37.2,Estonia
A,TOTAL,SAL,TOTAL,Y20-64,T,HR,EE,2021,37.0,Estonia
A,TOTAL,SAL,TOTAL,Y20-64,T,HR,EE,2022,36.9,Estonia
A,TOTAL,SAL,TOTAL,Y20-64,T,HR,EE,2023,36.6,Estonia
A,TOTAL,SAL,TOTAL,Y20-64,T,HR,EE,2024,36.7,Estonia
A,TOTAL,SAL,TOTAL,Y20-64,T,HR,EE,2025,36.3,Estonia
A,TOTAL,SAL,TOTAL,Y20-64,T,HR,EL,2008,38.9,Greece
A,TOTAL,SAL,TOTAL,Y20-64,T,HR,EL,2009,38.5,Greece
A,TOTAL,SAL,TOTAL,Y20-64,T,HR,EL,2010,38.6,Greece
A,TOTAL,SAL,TOTAL,Y20-64,T,HR,EL,2011,38.6,Greece
A,TOTAL,SAL,TOTAL,Y20-64,T,HR,EL,2012,38.4,Greece
A,TOTAL,SAL,TOTAL,Y20-64,T,HR,EL,2013,38.3,Greece
A,TOTAL,SAL,TOTAL,Y20-64,T,HR,EL,2014,38.1,Greece
A,TOTAL,SAL,TOTAL,Y20-64,T,HR,EL,2015,38.1,Greece
A,TOTAL,SAL,TOTAL,Y20-64,T,HR,EL,2016,38.3,Greece
A,TOTAL,SAL,TOTAL,Y20-64,T,HR,EL,2017,38.2,Greece
A,TOTAL,SAL,TOTAL,Y20-64,T,HR,EL,2018,38.1,Greece
A,TOTAL,SAL,TOTAL,Y20-64,T,HR,EL,2019,37.8,Greece
A,TOTAL,SAL,TOTAL,Y20-64,T,HR,EL,2020,37.8,Greece
A,TOTAL,SAL,TOTAL,Y20-64,T,HR,EL,2021,37.9,Greece
A,TOTAL,SAL,TOTAL,Y20-64,T,HR,EL,2022,37.6,Greece
A,TOTAL,SAL,TOTAL,Y20-64,T,HR,EL,2023,38.1,Greece
A,TOTAL,SAL,TOTAL,Y20-64,T,HR,EL,2024,38.0,Greece
A,TOTAL,SAL,TOTAL,Y20-64,T,HR,EL,2025,37.9,Greece
A,TOTAL,SAL,TOTAL,Y20-64,T,HR,ES,2008,37.3,Spain
A,TOTAL,SAL,TOTAL,Y20-64,T,HR,ES,2009,36.8,Spain
A,TOTAL,SAL,TOTAL,Y20-64,T,HR,ES,2010,36.5,Spain
A,TOTAL,SAL,TOTAL,Y20-64,T,HR,ES,2011,36.4,Spain
A,TOTAL,SAL,TOTAL,Y20-64,T,HR,ES,2012,36.0,Spain
A,TOTAL,SAL,TOTAL,Y20-64,T,HR,ES,2013,35.8,Spain
A,TOTAL,SAL,TOTAL,Y20-64,T,HR,ES,2014,35.7,Spain
A,TOTAL,SAL,TOTAL,Y20-64,T,HR,ES,2015,35.8,Spain
A,TOTAL,SAL,TOTAL,Y20-64,T,HR,ES,2016,35.8,Spain
A,TOTAL,SAL,TOTAL,Y20-64,T,HR,ES,2017,35.7,Spain
A,TOTAL,SAL,TOTAL,Y20-64,T,HR,ES,2018,36.0,Spain
A,TOTAL,SAL,TOTAL,Y20-64,T,HR,ES,2019,35.8,Spain
A,TOTAL,SAL,TOTAL,Y20-64,T,HR,ES,2020,35.6,Spain
A,TOTAL,SAL,TOTAL,Y20-64,T,HR,ES,2021,35.1,Spain
A,TOTAL,SAL,TOTAL,Y20-64,T,HR,ES,2022,35.4,Spain
A,TOTAL,SAL,TOTAL,Y20-64,T,HR,ES,2023,35.3,Spain
A,TOTAL,SAL,TOTAL,Y20-64,T,HR,ES,2024,35.3,Spain
A,TOTAL,SAL,TOTAL,Y20-64,T,HR,ES,2025,35.3,Spain
A,TOTAL,SAL,TOTAL,Y20-64,T,HR,EU27_2020,2008,36.8,European Union - 27 countries (from 2020)
A,TOTAL,SAL,TOTAL,Y20-64,T,HR,EU27_2020,2009,36.3,European Union - 27 countries (from 2020)
A,TOTAL,SAL,TOTAL,Y20-64,T,HR,EU27_2020,2010,36.4,European Union - 27 countries (from 2020)
A,TOTAL,SAL,TOTAL,Y20-64,T,HR,EU27_2020,2011,36.4,European Union - 27 countries (from 2020)
A,TOTAL,SAL,TOTAL,Y20-64,T,HR,EU27_2020,2012,36.2,European Union - 27 countries (from 2020)
A,TOTAL,SAL,TOTAL,Y20-64,T,HR,EU27_2020,2013,36.0,European Union - 27 countries (from 2020)
A,TOTAL,SAL,TOTAL,Y20-64,T,HR,EU27_2020,2014,35.9,European Union - 27 countries (from 2020)
A,TOTAL,SAL,TOTAL,Y20-64,T,HR,EU27_2020,2015,36.0,European Union - 27 countries (from 2020)
A,TOTAL,SAL,TOTAL,Y20-64,T,HR,EU27_2020,2016,36.1,European Union - 27 countries (from 2020)
A,TOTAL,SAL,TOTAL,Y20-64,T,HR,EU27_2020,2017,36.0,European Union - 27 countries (from 2020)
A,TOTAL,SAL,TOTAL,Y20-64,T,HR,EU27_2020,2018,36.0,European Union - 27 countries (from 2020)
A,TOTAL,SAL,TOTAL,Y20-64,T,HR,EU27_2020,2019,35.9,European Union - 27 countries (from 2020)
A,TOTAL,SAL,TOTAL,Y20-64,T,HR,EU27_2020,2020,35.5,European Union - 27 countries (from 2020)
A,TOTAL,SAL,TOTAL,Y20-64,T,HR,EU27_2020,2021,35.6,European Union - 27 countries (from 2020)
A,TOTAL,SAL,TOTAL,Y20-64,T,HR,EU27_2020,2022,35.6,European Union - 27 countries (from 2020)
A,TOTAL,SAL,TOTAL,Y20-64,T,HR,EU27_2020,2023,35.3,European Union - 27 countries (from 2020)
A,TOTAL,SAL,TOTAL,Y20-64,T,HR,EU27_2020,2024,35.3,European Union - 27 countries (from 2020)
A,TOTAL,SAL,TOTAL,Y20-64,T,HR,EU27_2020,2025,35.2,European Union - 27 countries (from 2020)
A,TOTAL,SAL,TOTAL,Y20-64,T,HR,FI,2008,36.4,Finland
A,TOTAL,SAL,TOTAL,Y20-64,T,HR,FI,2009,35.7,Finland
A,TOTAL,SAL,TOTAL,Y20-64,T,HR,FI,2010,36.0,Finland
A,TOTAL,SAL,TOTAL,Y20-64,T,HR,FI,2011,36.0,Finland
A,TOTAL,SAL,TOTAL,Y20-64,T,HR,FI,2012,35.7,Finland
A,TOTAL,SAL,TOTAL,Y20-64,T,HR,FI,2013,35.6,Finland
A,TOTAL,SAL,TOTAL,Y20-64,T,HR,FI,2014,35.5,Finland
A,TOTAL,SAL,TOTAL,Y20-64,T,HR,FI,2015,35.5,Finland
A,TOTAL,SAL,TOTAL,Y20-64,T,HR,FI,2016,35.8,Finland
A,TOTAL,SAL,TOTAL,Y20-64,T,HR,FI,2017,35.8,Finland
A,TOTAL,SAL,TOTAL,Y20-64,T,HR,FI,2018,35.5,Finland
A,TOTAL,SAL,TOTAL,Y20-64,T,HR,FI,2019,35.5,Finland
A,TOTAL,SAL,TOTAL,Y20-64,T,HR,FI,2020,35.5,Finland
A,TOTAL,SAL,TOTAL,Y20-64,T,HR,FI,2021,34.8,Finland
A,TOTAL,SAL,TOTAL,Y20-64,T,HR,FI,2022,34.3,Finland
A,TOTAL,SAL,TOTAL,Y20-64,T,HR,FI,2023,34.3,Finland
A,TOTAL,SAL,TOTAL,Y20-64,T,HR,FI,2024,34.4,Finland
A,TOTAL,SAL,TOTAL,Y20-64,T,HR,FI,2025,34.2,Finland
A,TOTAL,SAL,TOTAL,Y20-64,T,HR,FR,2008,35.2,France
A,TOTAL,SAL,TOTAL,Y20-64,T,HR,FR,2009,35.0,France
A,TOTAL,SAL,TOTAL,Y20-64,T,HR,FR,2010,35.3,France
A,TOTAL,SAL,TOTAL,Y20-64,T,HR,FR,2011,35.4,France
A,TOTAL,SAL,TOTAL,Y20-64,T,HR,FR,2012,35.2,France
A,TOTAL,SAL,TOTAL,Y20-64,T,HR,FR,2013,34.7,France
A,TOTAL,SAL,TOTAL,Y20-64,T,HR,FR,2014,34.5,France
A,TOTAL,SAL,TOTAL,Y20-64,T,HR,FR,2015,34.6,France
A,TOTAL,SAL,TOTAL,Y20-64,T,HR,FR,2016,34.8,France
A,TOTAL,SAL,TOTAL,Y20-64,T,HR,FR,2017,34.9,France
A,TOTAL,SAL,TOTAL,Y20-64,T,HR,FR,2018,35.0,France
A,TOTAL,SAL,TOTAL,Y20-64,T,HR,FR,2019,34.9,France
A,TOTAL,SAL,TOTAL,Y20-64,T,HR,FR,2020,34.7,France
A,TOTAL,SAL,TOTAL,Y20-64,T,HR,FR,2021,35.0,France
A,TOTAL,SAL,TOTAL,Y20-64,T,HR,FR,2022,35.2,France
A,TOTAL,SAL,TOTAL,Y20-64,T,HR,FR,2023,35.0,France
A,TOTAL,SAL,TOTAL,Y20-64,T,HR,FR,2024,34.9,France
A,TOTAL,SAL,TOTAL,Y20-64,T,HR,FR,2025,34.8,France
A,TOTAL,SAL,TOTAL,Y20-64,T,HR,HR,2008,40.9,Croatia
A,TOTAL,SAL,TOTAL,Y20-64,T,HR,HR,2009,40.6,Croatia
A,TOTAL,SAL,TOTAL,Y20-64,T,HR,HR,2010,40.6,Croatia
A,TOTAL,SAL,TOTAL,Y20-64,T,HR,HR,2011,40.5,Croatia
A,TOTAL,SAL,TOTAL,Y20-64,T,HR,HR,2012,40.1,Croatia
A,TOTAL,SAL,TOTAL,Y20-64,T,HR,HR,2013,39.8,Croatia
A,TOTAL,SAL,TOTAL,Y20-64,T,HR,HR,2014,39.6,Croatia
A,TOTAL,SAL,TOTAL,Y20-64,T,HR,HR,2015,38.6,Croatia
A,TOTAL,SAL,TOTAL,Y20-64,T,HR,HR,2016,38.6,Croatia
A,TOTAL,SAL,TOTAL,Y20-64,T,HR,HR,2017,38.9,Croatia
A,TOTAL,SAL,TOTAL,Y20-64,T,HR,HR,2018,38.6,Croatia
A,TOTAL,SAL,TOTAL,Y20-64,T,HR,HR,2019,38.4,Croatia
A,TOTAL,SAL,TOTAL,Y20-64,T,HR,HR,2020,38.1,Croatia
A,TOTAL,SAL,TOTAL,Y20-64,T,HR,HR,2021,38.1,Croatia
A,TOTAL,SAL,TOTAL,Y20-64,T,HR,HR,2022,37.9,Croatia
A,TOTAL,SAL,TOTAL,Y20-64,T,HR,HR,2023,37.9,Croatia
A,TOTAL,SAL,TOTAL,Y20-64,T,HR,HR,2024,37.6,Croatia
A,TOTAL,SAL,TOTAL,Y20-64,T,HR,HR,2025,37.5,Croatia
A,TOTAL,SAL,TOTAL,Y20-64,T,HR,HU,2008,39.7,Hungary
A,TOTAL,SAL,TOTAL,Y20-64,T,HR,HU,2009,39.4,Hungary
A,TOTAL,SAL,TOTAL,Y20-64,T,HR,HU,2010,39.4,Hungary
A,TOTAL,SAL,TOTAL,Y20-64,T,HR,HU,2011,39.0,Hungary
A,TOTAL,SAL,TOTAL,Y20-64,T,HR,HU,2012,38.3,Hungary
A,TOTAL,SAL,TOTAL,Y20-64,T,HR,HU,2013,38.1,Hungary
A,TOTAL,SAL,TOTAL,Y20-64,T,HR,HU,2014,38.1,Hungary
A,TOTAL,SAL,TOTAL,Y20-64,T,HR,HU,2015,38.2,Hungary
A,TOTAL,SAL,TOTAL,Y20-64,T,HR,HU,2016,38.8,Hungary
A,TOTAL,SAL,TOTAL,Y20-64,T,HR,HU,2017,38.4,Hungary
A,TOTAL,SAL,TOTAL,Y20-64,T,HR,HU,2018,38.0,Hungary
A,TOTAL,SAL,TOTAL,Y20-64,T,HR,HU,2019,38.2,Hungary
A,TOTAL,SAL,TOTAL,Y20-64,T,HR,HU,2020,38.1,Hungary
A,TOTAL,SAL,TOTAL,Y20-64,T,HR,HU,2021,38.1,Hungary
A,TOTAL,SAL,TOTAL,Y20-64,T,HR,HU,2022,38.4,Hungary
A,TOTAL,SAL,TOTAL,Y20-64,T,HR,HU,2023,37.7,Hungary
A,TOTAL,SAL,TOTAL,Y20-64,T,HR,HU,2024,37.3,Hungary
A,TOTAL,SAL,TOTAL,Y20-64,T,HR,HU,2025,37.2,Hungary
A,TOTAL,SAL,TOTAL,Y20-64,T,HR,IE,2008,35.0,Ireland
A,TOTAL,SAL,TOTAL,Y20-64,T,HR,IE,2009,34.0,Ireland
A,TOTAL,SAL,TOTAL,Y20-64,T,HR,IE,2010,33.9,Ireland
A,TOTAL,SAL,TOTAL,Y20-64,T,HR,IE,2011,33.8,Ireland
A,TOTAL,SAL,TOTAL,Y20-64,T,HR,IE,2012,34.0,Ireland
A,TOTAL,SAL,TOTAL,Y20-64,T,HR,IE,2013,34.1,Ireland
A,TOTAL,SAL,TOTAL,Y20-64,T,HR,IE,2014,34.2,Ireland
A,TOTAL,SAL,TOTAL,Y20-64,T,HR,IE,2015,34.2,Ireland
A,TOTAL,SAL,TOTAL,Y20-64,T,HR,IE,2016,34.6,Ireland
A,TOTAL,SAL,TOTAL,Y20-64,T,HR,IE,2017,35.0,Ireland
A,TOTAL,SAL,TOTAL,Y20-64,T,HR,IE,2018,35.6,Ireland
A,TOTAL,SAL,TOTAL,Y20-64,T,HR,IE,2019,35.6,Ireland
A,TOTAL,SAL,TOTAL,Y20-64,T,HR,IE,2020,35.7,Ireland
A,TOTAL,SAL,TOTAL,Y20-64,T,HR,IE,2021,35.5,Ireland
A,TOTAL,SAL,TOTAL,Y20-64,T,HR,IE,2022,35.2,Ireland
A,TOTAL,SAL,TOTAL,Y20-64,T,HR,IE,2023,34.7,Ireland
A,TOTAL,SAL,TOTAL,Y20-64,T,HR,IE,2024,34.4,Ireland
A,TOTAL,SAL,TOTAL,Y20-64,T,HR,IE,2025,34.3,Ireland
A,TOTAL,SAL,TOTAL,Y20-64,T,HR,IT,2008,36.1,Italy
A,TOTAL,SAL,TOTAL,Y20-64,T,HR,IT,2009,35.7,Italy
A,TOTAL,SAL,TOTAL,Y20-64,T,HR,IT,2010,35.8,Italy
A,TOTAL,SAL,TOTAL,Y20-64,T,HR,IT,2011,35.6,Italy
A,TOTAL,SAL,TOTAL,Y20-64,T,HR,IT,2012,35.0,Italy
A,TOTAL,SAL,TOTAL,Y20-64,T,HR,IT,2013,34.8,Italy
A,TOTAL,SAL,TOTAL,Y20-64,T,HR,IT,2014,34.7,Italy
A,TOTAL,SAL,TOTAL,Y20-64,T,HR,IT,2015,34.8,Italy
A,TOTAL,SAL,TOTAL,Y20-64,T,HR,IT,2016,34.9,Italy
A,TOTAL,SAL,TOTAL,Y20-64,T,HR,IT,2017,35.0,Italy
A,TOTAL,SAL,TOTAL,Y20-64,T,HR,IT,2018,35.2,Italy
A,TOTAL,SAL,TOTAL,Y20-64,T,HR,IT,2019,35.1,Italy
A,TOTAL,SAL,TOTAL,Y20-64,T,HR,IT,2020,34.6,Italy
A,TOTAL,SAL,TOTAL,Y20-64,T,HR,IT,2021,34.8,Italy
A,TOTAL,SAL,TOTAL,Y20-64,T,HR,IT,2022,34.8,Italy
A,TOTAL,SAL,TOTAL,Y20-64,T,HR,IT,2023,34.8,Italy
A,TOTAL,SAL,TOTAL,Y20-64,T,HR,IT,2024,35.0,Italy
A,TOTAL,SAL,TOTAL,Y20-64,T,HR,IT,2025,35.1,Italy
A,TOTAL,SAL,TOTAL,Y20-64,T,HR,LT,2008,39.2,Lithuania
A,TOTAL,SAL,TOTAL,Y20-64,T,HR,LT,2009,38.7,Lithuania
A,TOTAL,SAL,TOTAL,Y20-64,T,HR,LT,2010,38.6,Lithuania
A,TOTAL,SAL,TOTAL,Y20-64,T,HR,LT,2011,38.4,Lithuania
A,TOTAL,SAL,TOTAL,Y20-64,T,HR,LT,2012,38.2,Lithuania
A,TOTAL,SAL,TOTAL,Y20-64,T,HR,LT,2013,38.3,Lithuania
A,TOTAL,SAL,TOTAL,Y20-64,T,HR,LT,2014,38.2,Lithuania
A,TOTAL,SAL,TOTAL,Y20-64,T,HR,LT,2015,38.3,Lithuania
A,TOTAL,SAL,TOTAL,Y20-64,T,HR,LT,2016,38.5,Lithuania
A,TOTAL,SAL,TOTAL,Y20-64,T,HR,LT,2017,38.0,Lithuania
A,TOTAL,SAL,TOTAL,Y20-64,T,HR,LT,2018,38.2,Lithuania
A,TOTAL,SAL,TOTAL,Y20-64,T,HR,LT,2019,38.4,Lithuania
A,TOTAL,SAL,TOTAL,Y20-64,T,HR,LT,2020,38.2,Lithuania
A,TOTAL,SAL,TOTAL,Y20-64,T,HR,LT,2021,38.7,Lithuania
A,TOTAL,SAL,TOTAL,Y20-64,T,HR,LT,2022,38.5,Lithuania
A,TOTAL,SAL,TOTAL,Y20-64,T,HR,LT,2023,38.6,Lithuania
A,TOTAL,SAL,TOTAL,Y20-64,T,HR,LT,2024,38.6,Lithuania
A,TOTAL,SAL,TOTAL,Y20-64,T,HR,LT,2025,38.7,Lithuania
A,TOTAL,SAL,TOTAL,Y20-64,T,HR,LU,2008,36.4,Luxembourg
A,TOTAL,SAL,TOTAL,Y20-64,T,HR,LU,2009,37.6,Luxembourg
A,TOTAL,SAL,TOTAL,Y20-64,T,HR,LU,2010,37.6,Luxembourg
A,TOTAL,SAL,TOTAL,Y20-64,T,HR,LU,2011,37.6,Luxembourg
A,TOTAL,SAL,TOTAL,Y20-64,T,HR,LU,2012,38.0,Luxembourg
A,TOTAL,SAL,TOTAL,Y20-64,T,HR,LU,2013,37.8,Luxembourg
A,TOTAL,SAL,TOTAL,Y20-64,T,HR,LU,2014,37.9,Luxembourg
A,TOTAL,SAL,TOTAL,Y20-64,T,HR,LU,2015,37.9,Luxembourg
A,TOTAL,SAL,TOTAL,Y20-64,T,HR,LU,2016,37.6,Luxembourg
A,TOTAL,SAL,TOTAL,Y20-64,T,HR,LU,2017,37.2,Luxembourg
A,TOTAL,SAL,TOTAL,Y20-64,T,HR,LU,2018,37.4,Luxembourg
A,TOTAL,SAL,TOTAL,Y20-64,T,HR,LU,2019,37.7,Luxembourg
A,TOTAL,SAL,TOTAL,Y20-64,T,HR,LU,2020,37.0,Luxembourg
A,TOTAL,SAL,TOTAL,Y20-64,T,HR,LU,2021,35.8,Luxembourg
A,TOTAL,SAL,TOTAL,Y20-64,T,HR,LU,2022,35.7,Luxembourg
A,TOTAL,SAL,TOTAL,Y20-64,T,HR,LU,2023,35.3,Luxembourg
A,TOTAL,SAL,TOTAL,Y20-64,T,HR,LU,2024,35.7,Luxembourg
A,TOTAL,SAL,TOTAL,Y20-64,T,HR,LU,2025,35.7,Luxembourg
A,TOTAL,SAL,TOTAL,Y20-64,T,HR,LV,2008,39.6,Latvia
A,TOTAL,SAL,TOTAL,Y20-64,T,HR,LV,2009,39.1,Latvia
A,TOTAL,SAL,TOTAL,Y20-64,T,HR,LV,2010,38.6,Latvia
A,TOTAL,SAL,TOTAL,Y20-64,T,HR,LV,2011,38.6,Latvia
A,TOTAL,SAL,TOTAL,Y20-64,T,HR,LV,2012,38.6,Latvia
A,TOTAL,SAL,TOTAL,Y20-64,T,HR,LV,2013,38.7,Latvia
A,TOTAL,SAL,TOTAL,Y20-64,T,HR,LV,2014,38.9,Latvia
A,TOTAL,SAL,TOTAL,Y20-64,T,HR,LV,2015,38.6,Latvia
A,TOTAL,SAL,TOTAL,Y20-64,T,HR,LV,2016,38.8,Latvia
A,TOTAL,SAL,TOTAL,Y20-64,T,HR,LV,2017,38.7,Latvia
A,TOTAL,SAL,TOTAL,Y20-64,T,HR,LV,2018,38.8,Latvia
A,TOTAL,SAL,TOTAL,Y20-64,T,HR,LV,2019,38.4,Latvia
A,TOTAL,SAL,TOTAL,Y20-64,T,HR,LV,2020,38.2,Latvia
A,TOTAL,SAL,TOTAL,Y20-64,T,HR,LV,2021,38.5,Latvia
A,TOTAL,SAL,TOTAL,Y20-64,T,HR,LV,2022,38.9,Latvia
A,TOTAL,SAL,TOTAL,Y20-64,T,HR,LV,2023,38.6,Latvia
A,TOTAL,SAL,TOTAL,Y20-64,T,HR,LV,2024,38.6,Latvia
A,TOTAL,SAL,TOTAL,Y20-64,T,HR,LV,2025,38.3,Latvia
A,TOTAL,SAL,TOTAL,Y20-64,T,HR,MT,2008,38.7,Malta
A,TOTAL,SAL,TOTAL,Y20-64,T,HR,MT,2009,38.5,Malta
A,TOTAL,SAL,TOTAL,Y20-64,T,HR,MT,2010,37.7,Malta
A,TOTAL,SAL,TOTAL,Y20-64,T,HR,MT,2011,37.6,Malta
A,TOTAL,SAL,TOTAL,Y20-64,T,HR,MT,2012,37.6,Malta
A,TOTAL,SAL,TOTAL,Y20-64,T,HR,MT,2013,37.3,Malta
A,TOTAL,SAL,TOTAL,Y20-64,T,HR,MT,2014,36.6,Malta
A,TOTAL,SAL,TOTAL,Y20-64,T,HR,MT,2015,36.9,Malta
A,TOTAL,SAL,TOTAL,Y20-64,T,HR,MT,2016,37.6,Malta
A,TOTAL,SAL,TOTAL,Y20-64,T,HR,MT,2017,37.2,Malta
A,TOTAL,SAL,TOTAL,Y20-64,T,HR,MT,2018,37.4,Malta
A,TOTAL,SAL,TOTAL,Y20-64,T,HR,MT,2019,38.6,Malta
A,TOTAL,SAL,TOTAL,Y20-64,T,HR,MT,2020,37.6,Malta
A,TOTAL,SAL,TOTAL,Y20-64,T,HR,MT,2021,37.1,Malta
A,TOTAL,SAL,TOTAL,Y20-64,T,HR,MT,2022,36.8,Malta
A,TOTAL,SAL,TOTAL,Y20-64,T,HR,MT,2023,36.9,Malta
A,TOTAL,SAL,TOTAL,Y20-64,T,HR,MT,2024,37.2,Malta
A,TOTAL,SAL,TOTAL,Y20-64,T,HR,MT,2025,37.3,Malta
A,TOTAL,SAL,TOTAL,Y20-64,T,HR,NL,2008,32.0,Netherlands
A,TOTAL,SAL,TOTAL,Y20-64,T,HR,NL,2009,31.9,Netherlands
A,TOTAL,SAL,TOTAL,Y20-64,T,HR,NL,2010,31.7,Netherlands
A,TOTAL,SAL,TOTAL,Y20-64,T,HR,NL,2011,32.0,Netherlands
A,TOTAL,SAL,TOTAL,Y20-64,T,HR,NL,2012,31.8,Netherlands
A,TOTAL,SAL,TOTAL,Y20-64,T,HR,NL,2013,31.8,Netherlands
A,TOTAL,SAL,TOTAL,Y20-64,T,HR,NL,2014,32.1,Netherlands
A,TOTAL,SAL,TOTAL,Y20-64,T,HR,NL,2015,32.0,Netherlands
A,TOTAL,SAL,TOTAL,Y20-64,T,HR,NL,2016,32.3,Netherlands
A,TOTAL,SAL,TOTAL,Y20-64,T,HR,NL,2017,32.4,Netherlands
A,TOTAL,SAL,TOTAL,Y20-64,T,HR,NL,2018,32.3,Netherlands
A,TOTAL,SAL,TOTAL,Y20-64,T,HR,NL,2019,32.4,Netherlands
A,TOTAL,SAL,TOTAL,Y20-64,T,HR,NL,2020,32.0,Netherlands
A,TOTAL,SAL,TOTAL,Y20-64,T,HR,NL,2021,31.4,Netherlands
A,TOTAL,SAL,TOTAL,Y20-64,T,HR,NL,2022,31.5,Netherlands
A,TOTAL,SAL,TOTAL,Y20-64,T,HR,NL,2023,31.3,Netherlands
A,TOTAL,SAL,TOTAL,Y20-64,T,HR,NL,2024,31.2,Netherlands
A,TOTAL,SAL,TOTAL,Y20-64,T,HR,NL,2025,31.1,Netherlands
A,TOTAL,SAL,TOTAL,Y20-64,T,HR,PL,2008,39.7,Poland
A,TOTAL,SAL,TOTAL,Y20-64,T,HR,PL,2009,39.4,Poland
A,TOTAL,SAL,TOTAL,Y20-64,T,HR,PL,2010,39.4,Poland
A,TOTAL,SAL,TOTAL,Y20-64,T,HR,PL,2011,39.2,Poland
A,TOTAL,SAL,TOTAL,Y20-64,T,HR,PL,2012,39.1,Poland
A,TOTAL,SAL,TOTAL,Y20-64,T,HR,PL,2013,38.9,Poland
A,TOTAL,SAL,TOTAL,Y20-64,T,HR,PL,2014,39.1,Poland
A,TOTAL,SAL,TOTAL,Y20-64,T,HR,PL,2015,39.2,Poland
A,TOTAL,SAL,TOTAL,Y20-64,T,HR,PL,2016,39.3,Poland
A,TOTAL,SAL,TOTAL,Y20-64,T,HR,PL,2017,39.0,Poland
A,TOTAL,SAL,TOTAL,Y20-64,T,HR,PL,2018,38.5,Poland
A,TOTAL,SAL,TOTAL,Y20-64,T,HR,PL,2019,38.4,Poland
A,TOTAL,SAL,TOTAL,Y20-64,T,HR,PL,2020,38.2,Poland
A,TOTAL,SAL,TOTAL,Y20-64,T,HR,PL,2021,39.0,Poland
A,TOTAL,SAL,TOTAL,Y20-64,T,HR,PL,2022,38.7,Poland
A,TOTAL,SAL,TOTAL,Y20-64,T,HR,PL,2023,38.5,Poland
A,TOTAL,SAL,TOTAL,Y20-64,T,HR,PL,2024,38.2,Poland
A,TOTAL,SAL,TOTAL,Y20-64,T,HR,PL,2025,38.1,Poland
A,TOTAL,SAL,TOTAL,Y20-64,T,HR,PT,2008,37.9,Portugal
A,TOTAL,SAL,TOTAL,Y20-64,T,HR,PT,2009,38.1,Portugal
A,TOTAL,SAL,TOTAL,Y20-64,T,HR,PT,2010,38.4,Portugal
A,TOTAL,SAL,TOTAL,Y20-64,T,HR,PT,2011,38.4,Portugal
A,TOTAL,SAL,TOTAL,Y20-64,T,HR,PT,2012,38.3,Portugal
A,TOTAL,SAL,TOTAL,Y20-64,T,HR,PT,2013,38.5,Portugal
A,TOTAL,SAL,TOTAL,Y20-64,T,HR,PT,2014,38.7,Portugal
A,TOTAL,SAL,TOTAL,Y20-64,T,HR,PT,2015,38.7,Portugal
A,TOTAL,SAL,TOTAL,Y20-64,T,HR,PT,2016,38.1,Portugal
A,TOTAL,SAL,TOTAL,Y20-64,T,HR,PT,2017,38.0,Portugal
A,TOTAL,SAL,TOTAL,Y20-64,T,HR,PT,2018,38.1,Portugal
A,TOTAL,SAL,TOTAL,Y20-64,T,HR,PT,2019,37.9,Portugal
A,TOTAL,SAL,TOTAL,Y20-64,T,HR,PT,2020,37.2,Portugal
A,TOTAL,SAL,TOTAL,Y20-64,T,HR,PT,2021,37.6,Portugal
A,TOTAL,SAL,TOTAL,Y20-64,T,HR,PT,2022,37.4,Portugal
A,TOTAL,SAL,TOTAL,Y20-64,T,HR,PT,2023,37.2,Portugal
A,TOTAL,SAL,TOTAL,Y20-64,T,HR,PT,2024,37.1,Portugal
A,TOTAL,SAL,TOTAL,Y20-64,T,HR,PT,2025,37.0,Portugal
A,TOTAL,SAL,TOTAL,Y20-64,T,HR,RO,2008,41.5,Romania
A,TOTAL,SAL,TOTAL,Y20-64,T,HR,RO,2009,41.2,Romania
A,TOTAL,SAL,TOTAL,Y20-64,T,HR,RO,2010,41.2,Romania
A,TOTAL,SAL,TOTAL,Y20-64,T,HR,RO,2011,41.1,Romania
A,TOTAL,SAL,TOTAL,Y20-64,T,HR,RO,2012,41.1,Romania
A,TOTAL,SAL,TOTAL,Y20-64,T,HR,RO,2013,41.0,Romania
A,TOTAL,SAL,TOTAL,Y20-64,T,HR,RO,2014,40.9,Romania
A,TOTAL,SAL,TOTAL,Y20-64,T,HR,RO,2015,40.7,Romania
A,TOTAL,SAL,TOTAL,Y20-64,T,HR,RO,2016,40.7,Romania
A,TOTAL,SAL,TOTAL,Y20-64,T,HR,RO,2017,40.5,Romania
A,TOTAL,SAL,TOTAL,Y20-64,T,HR,RO,2018,40.5,Romania
A,TOTAL,SAL,TOTAL,Y20-64,T,HR,RO,2019,40.6,Romania
A,TOTAL,SAL,TOTAL,Y20-64,T,HR,RO,2020,40.1,Romania
A,TOTAL,SAL,TOTAL,Y20-64,T,HR,RO,2021,40.1,Romania
A,TOTAL,SAL,TOTAL,Y20-64,T,HR,RO,2022,40.0,Romania
A,TOTAL,SAL,TOTAL,Y20-64,T,HR,RO,2023,39.8,Romania
A,TOTAL,SAL,TOTAL,Y20-64,T,HR,RO,2024,39.0,Romania
A,TOTAL,SAL,TOTAL,Y20-64,T,HR,RO,2025,38.4,Romania
A,TOTAL,SAL,TOTAL,Y20-64,T,HR,SE,2008,35.3,Sweden
A,TOTAL,SAL,TOTAL,Y20-64,T,HR,SE,2009,35.0,Sweden
A,TOTAL,SAL,TOTAL,Y20-64,T,HR,SE,2010,35.7,Sweden
A,TOTAL,SAL,TOTAL,Y20-64,T,HR,SE,2011,35.6,Sweden
A,TOTAL,SAL,TOTAL,Y20-64,T,HR,SE,2012,35.5,Sweden
A,TOTAL,SAL,TOTAL,Y20-64,T,HR,SE,2013,35.4,Sweden
A,TOTAL,SAL,TOTAL,Y20-64,T,HR,SE,2014,35.3,Sweden
A,TOTAL,SAL,TOTAL,Y20-64,T,HR,SE,2015,35.3,Sweden
A,TOTAL,SAL,TOTAL,Y20-64,T,HR,SE,2016,35.7,Sweden
A,TOTAL,SAL,TOTAL,Y20-64,T,HR,SE,2017,35.6,Sweden
A,TOTAL,SAL,TOTAL,Y20-64,T,HR,SE,2018,35.6,Sweden
A,TOTAL,SAL,TOTAL,Y20-64,T,HR,SE,2019,35.3,Sweden
A,TOTAL,SAL,TOTAL,Y20-64,T,HR,SE,2020,34.6,Sweden
A,TOTAL,SAL,TOTAL,Y20-64,T,HR,SE,2021,35.5,Sweden
A,TOTAL,SAL,TOTAL,Y20-64,T,HR,SE,2022,35.5,Sweden
A,TOTAL,SAL,TOTAL,Y20-64,T,HR,SE,2023,35.4,Sweden
A,TOTAL,SAL,TOTAL,Y20-64,T,HR,SE,2024,35.5,Sweden
A,TOTAL,SAL,TOTAL,Y20-64,T,HR,SE,2025,35.1,Sweden
A,TOTAL,SAL,TOTAL,Y20-64,T,HR,SI,2008,39.1,Slovenia
A,TOTAL,SAL,TOTAL,Y20-64,T,HR,SI,2009,38.7,Slovenia
A,TOTAL,SAL,TOTAL,Y20-64,T,HR,SI,2010,38.6,Slovenia
A,TOTAL,SAL,TOTAL,Y20-64,T,HR,SI,2011,38.3,Slovenia
A,TOTAL,SAL,TOTAL,Y20-64,T,HR,SI,2012,38.1,Slovenia
A,TOTAL,SAL,TOTAL,Y20-64,T,HR,SI,2013,38.5,Slovenia
A,TOTAL,SAL,TOTAL,Y20-64,T,HR,SI,2014,38.4,Slovenia
A,TOTAL,SAL,TOTAL,Y20-64,T,HR,SI,2015,38.6,Slovenia
A,TOTAL,SAL,TOTAL,Y20-64,T,HR,SI,2016,38.3,Slovenia
A,TOTAL,SAL,TOTAL,Y20-64,T,HR,SI,2017,37.7,Slovenia
A,TOTAL,SAL,TOTAL,Y20-64,T,HR,SI,2018,37.9,Slovenia
A,TOTAL,SAL,TOTAL,Y20-64,T,HR,SI,2019,37.9,Slovenia
A,TOTAL,SAL,TOTAL,Y20-64,T,HR,SI,2020,38.7,Slovenia
A,TOTAL,SAL,TOTAL,Y20-64,T,HR,SI,2021,38.4,Slovenia
A,TOTAL,SAL,TOTAL,Y20-64,T,HR,SI,2022,38.1,Slovenia
A,TOTAL,SAL,TOTAL,Y20-64,T,HR,SI,2023,37.8,Slovenia
A,TOTAL,SAL,TOTAL,Y20-64,T,HR,SI,2024,37.5,Slovenia
A,TOTAL,SAL,TOTAL,Y20-64,T,HR,SI,2025,38.0,Slovenia
A,TOTAL,SAL,TOTAL,Y20-64,T,HR,SK,2008,39.1,Slovakia
A,TOTAL,SAL,TOTAL,Y20-64,T,HR,SK,2009,38.4,Slovakia
A,TOTAL,SAL,TOTAL,Y20-64,T,HR,SK,2010,38.6,Slovakia
A,TOTAL,SAL,TOTAL,Y20-64,T,HR,SK,2011,38.6,Slovakia
A,TOTAL,SAL,TOTAL,Y20-64,T,HR,SK,2012,38.7,Slovakia
A,TOTAL,SAL,TOTAL,Y20-64,T,HR,SK,2013,38.7,Slovakia
A,TOTAL,SAL,TOTAL,Y20-64,T,HR,SK,2014,38.1,Slovakia
A,TOTAL,SAL,TOTAL,Y20-64,T,HR,SK,2015,38.1,Slovakia
A,TOTAL,SAL,TOTAL,Y20-64,T,HR,SK,2016,37.9,Slovakia
A,TOTAL,SAL,TOTAL,Y20-64,T,HR,SK,2017,37.6,Slovakia
A,TOTAL,SAL,TOTAL,Y20-64,T,HR,SK,2018,37.9,Slovakia
A,TOTAL,SAL,TOTAL,Y20-64,T,HR,SK,2019,38.1,Slovakia
A,TOTAL,SAL,TOTAL,Y20-64,T,HR,SK,2020,37.8,Slovakia
A,TOTAL,SAL,TOTAL,Y20-64,T,HR,SK,2021,37.4,Slovakia
A,TOTAL,SAL,TOTAL,Y20-64,T,HR,SK,2022,37.2,Slovakia
A,TOTAL,SAL,TOTAL,Y20-64,T,HR,SK,2023,37.0,Slovakia
A,TOTAL,SAL,TOTAL,Y20-64,T,HR,SK,2024,37.3,Slovakia
A,TOTAL,SAL,TOTAL,Y20-64,T,HR,SK,2025,37.0,Slovakia
A,TOTAL,SELF,FT,Y20-64,T,HR,AT,2008,53.4,Austria
A,TOTAL,SELF,FT,Y20-64,T,HR,AT,2009,52.0,Austria
A,TOTAL,SELF,FT,Y20-64,T,HR,AT,2010,51.5,Austria
A,TOTAL,SELF,FT,Y20-64,T,HR,AT,2011,52.1,Austria
A,TOTAL,SELF,FT,Y20-64,T,HR,AT,2012,51.0,Austria
A,TOTAL,SELF,FT,Y20-64,T,HR,AT,2013,50.2,Austria
A,TOTAL,SELF,FT,Y20-64,T,HR,AT,2014,50.0,Austria
A,TOTAL,SELF,FT,Y20-64,T,HR,AT,2015,49.5,Austria
A,TOTAL,SELF,FT,Y20-64,T,HR,AT,2016,49.8,Austria
A,TOTAL,SELF,FT,Y20-64,T,HR,AT,2017,49.2,Austria
A,TOTAL,SELF,FT,Y20-64,T,HR,AT,2018,49.3,Austria
A,TOTAL,SELF,FT,Y20-64,T,HR,AT,2019,48.4,Austria
A,TOTAL,SELF,FT,Y20-64,T,HR,AT,2020,46.2,Austria
A,TOTAL,SELF,FT,Y20-64,T,HR,AT,2021,46.3,Austria
A,TOTAL,SELF,FT,Y20-64,T,HR,AT,2022,46.0,Austria
A,TOTAL,SELF,FT,Y20-64,T,HR,AT,2023,45.5,Austria
A,TOTAL,SELF,FT,Y20-64,T,HR,AT,2024,45.9,Austria
A,TOTAL,SELF,FT,Y20-64,T,HR,AT,2025,45.9,Austria
A,TOTAL,SELF,FT,Y20-64,T,HR,BE,2008,54.5,Belgium
A,TOTAL,SELF,FT,Y20-64,T,HR,BE,2009,54.3,Belgium
A,TOTAL,SELF,FT,Y20-64,T,HR,BE,2010,55.1,Belgium
A,TOTAL,SELF,FT,Y20-64,T,HR,BE,2011,55.9,Belgium
A,TOTAL,SELF,FT,Y20-64,T,HR,BE,2012,55.3,Belgium
A,TOTAL,SELF,FT,Y20-64,T,HR,BE,2013,55.8,Belgium
A,TOTAL,SELF,FT,Y20-64,T,HR,BE,2014,54.4,Belgium
A,TOTAL,SELF,FT,Y20-64,T,HR,BE,2015,54.7,Belgium
A,TOTAL,SELF,FT,Y20-64,T,HR,BE,2016,53.6,Belgium
A,TOTAL,SELF,FT,Y20-64,T,HR,BE,2017,50.4,Belgium
A,TOTAL,SELF,FT,Y20-64,T,HR,BE,2018,50.2,Belgium
A,TOTAL,SELF,FT,Y20-64,T,HR,BE,2019,50.1,Belgium
A,TOTAL,SELF,FT,Y20-64,T,HR,BE,2020,47.1,Belgium
A,TOTAL,SELF,FT,Y20-64,T,HR,BE,2021,46.4,Belgium
A,TOTAL,SELF,FT,Y20-64,T,HR,BE,2022,46.6,Belgium
A,TOTAL,SELF,FT,Y20-64,T,HR,BE,2023,46.2,Belgium
A,TOTAL,SELF,FT,Y20-64,T,HR,BE,2024,45.8,Belgium
A,TOTAL,SELF,FT,Y20-64,T,HR,BE,2025,45.7,Belgium
A,TOTAL,SELF,FT,Y20-64,T,HR,BG,2008,45.5,Bulgaria
A,TOTAL,SELF,FT,Y20-64,T,HR,BG,2009,44.6,Bulgaria
A,TOTAL,SELF,FT,Y20-64,T,HR,BG,2010,44.2,Bulgaria
A,TOTAL,SELF,FT,Y20-64,T,HR,BG,2011,43.8,Bulgaria
A,TOTAL,SELF,FT,Y20-64,T,HR,BG,2012,43.9,Bulgaria
A,TOTAL,SELF,FT,Y20-64,T,HR,BG,2013,43.6,Bulgaria
A,TOTAL,SELF,FT,Y20-64,T,HR,BG,2014,43.6,Bulgaria
A,TOTAL,SELF,FT,Y20-64,T,HR,BG,2015,43.1,Bulgaria
A,TOTAL,SELF,FT,Y20-64,T,HR,BG,2016,43.0,Bulgaria
A,TOTAL,SELF,FT,Y20-64,T,HR,BG,2017,42.6,Bulgaria
A,TOTAL,SELF,FT,Y20-64,T,HR,BG,2018,42.3,Bulgaria
A,TOTAL,SELF,FT,Y20-64,T,HR,BG,2019,42.0,Bulgaria
A,TOTAL,SELF,FT,Y20-64,T,HR,BG,2020,41.2,Bulgaria
A,TOTAL,SELF,FT,Y20-64,T,HR,BG,2021,41.5,Bulgaria
A,TOTAL,SELF,FT,Y20-64,T,HR,BG,2022,41.1,Bulgaria
A,TOTAL,SELF,FT,Y20-64,T,HR,BG,2023,40.4,Bulgaria
A,TOTAL,SELF,FT,Y20-64,T,HR,BG,2024,40.2,Bulgaria
A,TOTAL,SELF,FT,Y20-64,T,HR,BG,2025,39.6,Bulgaria
A,TOTAL,SELF,FT,Y20-64,T,HR,CY,2008,46.4,Cyprus
A,TOTAL,SELF,FT,Y20-64,T,HR,CY,2009,46.1,Cyprus
A,TOTAL,SELF,FT,Y20-64,T,HR,CY,2010,46.6,Cyprus
A,TOTAL,SELF,FT,Y20-64,T,HR,CY,2011,46.2,Cyprus
A,TOTAL,SELF,FT,Y20-64,T,HR,CY,2012,45.0,Cyprus
A,TOTAL,SELF,FT,Y20-64,T,HR,CY,2013,45.7,Cyprus
A,TOTAL,SELF,FT,Y20-64,T,HR,CY,2014,45.3,Cyprus
A,TOTAL,SELF,FT,Y20-64,T,HR,CY,2015,44.7,Cyprus
A,TOTAL,SELF,FT,Y20-64,T,HR,CY,2016,46.0,Cyprus
A,TOTAL,SELF,FT,Y20-64,T,HR,CY,2017,44.5,Cyprus
A,TOTAL,SELF,FT,Y20-64,T,HR,CY,2018,43.6,Cyprus
A,TOTAL,SELF,FT,Y20-64,T,HR,CY,2019,42.9,Cyprus
A,TOTAL,SELF,FT,Y20-64,T,HR,CY,2020,41.4,Cyprus
A,TOTAL,SELF,FT,Y20-64,T,HR,CY,2021,41.4,Cyprus
A,TOTAL,SELF,FT,Y20-64,T,HR,CY,2022,40.9,Cyprus
A,TOTAL,SELF,FT,Y20-64,T,HR,CY,2023,43.5,Cyprus
A,TOTAL,SELF,FT,Y20-64,T,HR,CY,2024,42.8,Cyprus
A,TOTAL,SELF,FT,Y20-64,T,HR,CY,2025,40.6,Cyprus
A,TOTAL,SELF,FT,Y20-64,T,HR,CZ,2008,49.5,Czechia
A,TOTAL,SELF,FT,Y20-64,T,HR,CZ,2009,47.9,Czechia
A,TOTAL,SELF,FT,Y20-64,T,HR,CZ,2010,47.6,Czechia
A,TOTAL,SELF,FT,Y20-64,T,HR,CZ,2011,46.8,Czechia
A,TOTAL,SELF,FT,Y20-64,T,HR,CZ,2012,46.0,Czechia
A,TOTAL,SELF,FT,Y20-64,T,HR,CZ,2013,44.9,Czechia
A,TOTAL,SELF,FT,Y20-64,T,HR,CZ,2014,44.6,Czechia
A,TOTAL,SELF,FT,Y20-64,T,HR,CZ,2015,44.8,Czechia
A,TOTAL,SELF,FT,Y20-64,T,HR,CZ,2016,45.2,Czechia
A,TOTAL,SELF,FT,Y20-64,T,HR,CZ,2017,44.6,Czechia
A,TOTAL,SELF,FT,Y20-64,T,HR,CZ,2018,44.5,Czechia
A,TOTAL,SELF,FT,Y20-64,T,HR,CZ,2019,44.3,Czechia
A,TOTAL,SELF,FT,Y20-64,T,HR,CZ,2020,41.8,Czechia
A,TOTAL,SELF,FT,Y20-64,T,HR,CZ,2021,42.0,Czechia
A,TOTAL,SELF,FT,Y20-64,T,HR,CZ,2022,42.2,Czechia
A,TOTAL,SELF,FT,Y20-64,T,HR,CZ,2023,42.2,Czechia
A,TOTAL,SELF,FT,Y20-64,T,HR,CZ,2024,42.5,Czechia
A,TOTAL,SELF,FT,Y20-64,T,HR,CZ,2025,42.4,Czechia
A,TOTAL,SELF,FT,Y20-64,T,HR,DE,2008,50.7,Germany
A,TOTAL,SELF,FT,Y20-64,T,HR,DE,2009,50.1,Germany
A,TOTAL,SELF,FT,Y20-64,T,HR,DE,2010,50.0,Germany
A,TOTAL,SELF,FT,Y20-64,T,HR,DE,2011,50.0,Germany
A,TOTAL,SELF,FT,Y20-64,T,HR,DE,2012,49.6,Germany
A,TOTAL,SELF,FT,Y20-64,T,HR,DE,2013,48.7,Germany
A,TOTAL,SELF,FT,Y20-64,T,HR,DE,2014,48.6,Germany
A,TOTAL,SELF,FT,Y20-64,T,HR,DE,2015,48.1,Germany
A,TOTAL,SELF,FT,Y20-64,T,HR,DE,2016,48.0,Germany
A,TOTAL,SELF,FT,Y20-64,T,HR,DE,2017,47.5,Germany
A,TOTAL,SELF,FT,Y20-64,T,HR,DE,2018,47.4,Germany
A,TOTAL,SELF,FT,Y20-64,T,HR,DE,2019,47.0,Germany
A,TOTAL,SELF,FT,Y20-64,T,HR,DE,2020,42.9,Germany
A,TOTAL,SELF,FT,Y20-64,T,HR,DE,2021,44.6,Germany
A,TOTAL,SELF,FT,Y20-64,T,HR,DE,2022,44.5,Germany
A,TOTAL,SELF,FT,Y20-64,T,HR,DE,2023,44.0,Germany
A,TOTAL,SELF,FT,Y20-64,T,HR,DE,2024,43.8,Germany
A,TOTAL,SELF,FT,Y20-64,T,HR,DE,2025,43.5,Germany
A,TOTAL,SELF,FT,Y20-64,T,HR,DK,2008,47.3,Denmark
A,TOTAL,SELF,FT,Y20-64,T,HR,DK,2009,46.9,Denmark
A,TOTAL,SELF,FT,Y20-64,T,HR,DK,2010,47.1,Denmark
A,TOTAL,SELF,FT,Y20-64,T,HR,DK,2011,48.3,Denmark
A,TOTAL,SELF,FT,Y20-64,T,HR,DK,2012,47.7,Denmark
A,TOTAL,SELF,FT,Y20-64,T,HR,DK,2013,47.6,Denmark
A,TOTAL,SELF,FT,Y20-64,T,HR,DK,2014,47.5,Denmark
A,TOTAL,SELF,FT,Y20-64,T,HR,DK,2015,47.7,Denmark
A,TOTAL,SELF,FT,Y20-64,T,HR,DK,2016,45.8,Denmark
A,TOTAL,SELF,FT,Y20-64,T,HR,DK,2017,46.3,Denmark
A,TOTAL,SELF,FT,Y20-64,T,HR,DK,2018,45.9,Denmark
A,TOTAL,SELF,FT,Y20-64,T,HR,DK,2019,44.9,Denmark
A,TOTAL,SELF,FT,Y20-64,T,HR,DK,2020,44.6,Denmark
A,TOTAL,SELF,FT,Y20-64,T,HR,DK,2021,46.1,Denmark
A,TOTAL,SELF,FT,Y20-64,T,HR,DK,2022,44.7,Denmark
A,TOTAL,SELF,FT,Y20-64,T,HR,DK,2023,43.8,Denmark
A,TOTAL,SELF,FT,Y20-64,T,HR,DK,2024,42.7,Denmark
A,TOTAL,SELF,FT,Y20-64,T,HR,DK,2025,42.8,Denmark
A,TOTAL,SELF,FT,Y20-64,T,HR,EE,2008,42.8,Estonia
A,TOTAL,SELF,FT,Y20-64,T,HR,EE,2009,41.1,Estonia
A,TOTAL,SELF,FT,Y20-64,T,HR,EE,2010,42.3,Estonia
A,TOTAL,SELF,FT,Y20-64,T,HR,EE,2011,42.1,Estonia
A,TOTAL,SELF,FT,Y20-64,T,HR,EE,2012,42.6,Estonia
A,TOTAL,SELF,FT,Y20-64,T,HR,EE,2013,41.2,Estonia
A,TOTAL,SELF,FT,Y20-64,T,HR,EE,2014,40.6,Estonia
A,TOTAL,SELF,FT,Y20-64,T,HR,EE,2015,40.2,Estonia
A,TOTAL,SELF,FT,Y20-64,T,HR,EE,2016,41.8,Estonia
A,TOTAL,SELF,FT,Y20-64,T,HR,EE,2017,41.4,Estonia
A,TOTAL,SELF,FT,Y20-64,T,HR,EE,2018,41.1,Estonia
A,TOTAL,SELF,FT,Y20-64,T,HR,EE,2019,41.0,Estonia
A,TOTAL,SELF,FT,Y20-64,T,HR,EE,2020,40.1,Estonia
A,TOTAL,SELF,FT,Y20-64,T,HR,EE,2021,40.1,Estonia
A,TOTAL,SELF,FT,Y20-64,T,HR,EE,2022,40.4,Estonia
A,TOTAL,SELF,FT,Y20-64,T,HR,EE,2023,39.9,Estonia
A,TOTAL,SELF,FT,Y20-64,T,HR,EE,2024,39.3,Estonia
A,TOTAL,SELF,FT,Y20-64,T,HR,EE,2025,39.6,Estonia
A,TOTAL,SELF,FT,Y20-64,T,HR,EL,2008,47.3,Greece
A,TOTAL,SELF,FT,Y20-64,T,HR,EL,2009,47.3,Greece
A,TOTAL,SELF,FT,Y20-64,T,HR,EL,2010,47.3,Greece
A,TOTAL,SELF,FT,Y20-64,T,HR,EL,2011,47.3,Greece
A,TOTAL,SELF,FT,Y20-64,T,HR,EL,2012,47.3,Greece
A,TOTAL,SELF,FT,Y20-64,T,HR,EL,2013,47.7,Greece
A,TOTAL,SELF,FT,Y20-64,T,HR,EL,2014,47.8,Greece
A,TOTAL,SELF,FT,Y20-64,T,HR,EL,2015,47.9,Greece
A,TOTAL,SELF,FT,Y20-64,T,HR,EL,2016,48.1,Greece
A,TOTAL,SELF,FT,Y20-64,T,HR,EL,2017,48.0,Greece
A,TOTAL,SELF,FT,Y20-64,T,HR,EL,2018,47.7,Greece
A,TOTAL,SELF,FT,Y20-64,T,HR,EL,2019,47.7,Greece
A,TOTAL,SELF,FT,Y20-64,T,HR,EL,2020,46.7,Greece
A,TOTAL,SELF,FT,Y20-64,T,HR,EL,2021,47.0,Greece
A,TOTAL,SELF,FT,Y20-64,T,HR,EL,2022,47.1,Greece
A,TOTAL,SELF,FT,Y20-64,T,HR,EL,2023,46.2,Greece
A,TOTAL,SELF,FT,Y20-64,T,HR,EL,2024,46.6,Greece
A,TOTAL,SELF,FT,Y20-64,T,HR,EL,2025,46.1,Greece
A,TOTAL,SELF,FT,Y20-64,T,HR,ES,2008,46.7,Spain
A,TOTAL,SELF,FT,Y20-64,T,HR,ES,2009,46.9,Spain
A,TOTAL,SELF,FT,Y20-64,T,HR,ES,2010,47.3,Spain
A,TOTAL,SELF,FT,Y20-64,T,HR,ES,2011,47.3,Spain
A,TOTAL,SELF,FT,Y20-64,T,HR,ES,2012,47.1,Spain
A,TOTAL,SELF,FT,Y20-64,T,HR,ES,2013,47.3,Spain
A,TOTAL,SELF,FT,Y20-64,T,HR,ES,2014,47.3,Spain
A,TOTAL,SELF,FT,Y20-64,T,HR,ES,2015,47.1,Spain
A,TOTAL,SELF,FT,Y20-64,T,HR,ES,2016,46.9,Spain
A,TOTAL,SELF,FT,Y20-64,T,HR,ES,2017,46.6,Spain
A,TOTAL,SELF,FT,Y20-64,T,HR,ES,2018,46.7,Spain
A,TOTAL,SELF,FT,Y20-64,T,HR,ES,2019,46.1,Spain
A,TOTAL,SELF,FT,Y20-64,T,HR,ES,2020,44.0,Spain
A,TOTAL,SELF,FT,Y20-64,T,HR,ES,2021,44.7,Spain
A,TOTAL,SELF,FT,Y20-64,T,HR,ES,2022,45.2,Spain
A,TOTAL,SELF,FT,Y20-64,T,HR,ES,2023,44.9,Spain
A,TOTAL,SELF,FT,Y20-64,T,HR,ES,2024,44.9,Spain
A,TOTAL,SELF,FT,Y20-64,T,HR,ES,2025,44.5,Spain
A,TOTAL,SELF,FT,Y20-64,T,HR,EU27_2020,2008,47.5,European Union - 27 countries (from 2020)
A,TOTAL,SELF,FT,Y20-64,T,HR,EU27_2020,2009,47.0,European Union - 27 countries (from 2020)
A,TOTAL,SELF,FT,Y20-64,T,HR,EU27_2020,2010,47.0,European Union - 27 countries (from 2020)
A,TOTAL,SELF,FT,Y20-64,T,HR,EU27_2020,2011,47.0,European Union - 27 countries (from 2020)
A,TOTAL,SELF,FT,Y20-64,T,HR,EU27_2020,2012,46.7,European Union - 27 countries (from 2020)
A,TOTAL,SELF,FT,Y20-64,T,HR,EU27_2020,2013,46.4,European Union - 27 countries (from 2020)
A,TOTAL,SELF,FT,Y20-64,T,HR,EU27_2020,2014,46.4,European Union - 27 countries (from 2020)
A,TOTAL,SELF,FT,Y20-64,T,HR,EU27_2020,2015,46.2,European Union - 27 countries (from 2020)
A,TOTAL,SELF,FT,Y20-64,T,HR,EU27_2020,2016,46.3,European Union - 27 countries (from 2020)
A,TOTAL,SELF,FT,Y20-64,T,HR,EU27_2020,2017,45.9,European Union - 27 countries (from 2020)
A,TOTAL,SELF,FT,Y20-64,T,HR,EU27_2020,2018,45.8,European Union - 27 countries (from 2020)
A,TOTAL,SELF,FT,Y20-64,T,HR,EU27_2020,2019,45.5,European Union - 27 countries (from 2020)
A,TOTAL,SELF,FT,Y20-64,T,HR,EU27_2020,2020,43.4,European Union - 27 countries (from 2020)
A,TOTAL,SELF,FT,Y20-64,T,HR,EU27_2020,2021,44.4,European Union - 27 countries (from 2020)
A,TOTAL,SELF,FT,Y20-64,T,HR,EU27_2020,2022,44.6,European Union - 27 countries (from 2020)
A,TOTAL,SELF,FT,Y20-64,T,HR,EU27_2020,2023,44.1,European Union - 27 countries (from 2020)
A,TOTAL,SELF,FT,Y20-64,T,HR,EU27_2020,2024,43.6,European Union - 27 countries (from 2020)
A,TOTAL,SELF,FT,Y20-64,T,HR,EU27_2020,2025,43.3,European Union - 27 countries (from 2020)
A,TOTAL,SELF,FT,Y20-64,T,HR,FI,2008,47.2,Finland
A,TOTAL,SELF,FT,Y20-64,T,HR,FI,2009,46.1,Finland
A,TOTAL,SELF,FT,Y20-64,T,HR,FI,2010,46.6,Finland
A,TOTAL,SELF,FT,Y20-64,T,HR,FI,2011,46.7,Finland
A,TOTAL,SELF,FT,Y20-64,T,HR,FI,2012,46.4,Finland
A,TOTAL,SELF,FT,Y20-64,T,HR,FI,2013,45.3,Finland
A,TOTAL,SELF,FT,Y20-64,T,HR,FI,2014,45.0,Finland
A,TOTAL,SELF,FT,Y20-64,T,HR,FI,2015,45.2,Finland
A,TOTAL,SELF,FT,Y20-64,T,HR,FI,2016,44.9,Finland
A,TOTAL,SELF,FT,Y20-64,T,HR,FI,2017,45.0,Finland
A,TOTAL,SELF,FT,Y20-64,T,HR,FI,2018,44.6,Finland
A,TOTAL,SELF,FT,Y20-64,T,HR,FI,2019,44.4,Finland
A,TOTAL,SELF,FT,Y20-64,T,HR,FI,2020,43.6,Finland
A,TOTAL,SELF,FT,Y20-64,T,HR,FI,2021,43.6,Finland
A,TOTAL,SELF,FT,Y20-64,T,HR,FI,2022,43.2,Finland
A,TOTAL,SELF,FT,Y20-64,T,HR,FI,2023,42.5,Finland
A,TOTAL,SELF,FT,Y20-64,T,HR,FI,2024,42.8,Finland
A,TOTAL,SELF,FT,Y20-64,T,HR,FI,2025,43.0,Finland
A,TOTAL,SELF,FT,Y20-64,T,HR,FR,2008,51.9,France
A,TOTAL,SELF,FT,Y20-64,T,HR,FR,2009,51.2,France
A,TOTAL,SELF,FT,Y20-64,T,HR,FR,2010,51.5,France
A,TOTAL,SELF,FT,Y20-64,T,HR,FR,2011,51.1,France
A,TOTAL,SELF,FT,Y20-64,T,HR,FR,2012,51.0,France
A,TOTAL,SELF,FT,Y20-64,T,HR,FR,2013,49.4,France
A,TOTAL,SELF,FT,Y20-64,T,HR,FR,2014,49.2,France
A,TOTAL,SELF,FT,Y20-64,T,HR,FR,2015,49.0,France
A,TOTAL,SELF,FT,Y20-64,T,HR,FR,2016,49.6,France
A,TOTAL,SELF,FT,Y20-64,T,HR,FR,2017,48.7,France
A,TOTAL,SELF,FT,Y20-64,T,HR,FR,2018,48.5,France
A,TOTAL,SELF,FT,Y20-64,T,HR,FR,2019,48.2,France
A,TOTAL,SELF,FT,Y20-64,T,HR,FR,2020,46.2,France
A,TOTAL,SELF,FT,Y20-64,T,HR,FR,2021,46.7,France
A,TOTAL,SELF,FT,Y20-64,T,HR,FR,2022,46.9,France
A,TOTAL,SELF,FT,Y20-64,T,HR,FR,2023,46.5,France
A,TOTAL,SELF,FT,Y20-64,T,HR,FR,2024,45.5,France
A,TOTAL,SELF,FT,Y20-64,T,HR,FR,2025,45.0,France
A,TOTAL,SELF,FT,Y20-64,T,HR,HR,2008,43.7,Croatia
A,TOTAL,SELF,FT,Y20-64,T,HR,HR,2009,43.4,Croatia
A,TOTAL,SELF,FT,Y20-64,T,HR,HR,2010,43.8,Croatia
A,TOTAL,SELF,FT,Y20-64,T,HR,HR,2011,43.5,Croatia
A,TOTAL,SELF,FT,Y20-64,T,HR,HR,2012,42.6,Croatia
A,TOTAL,SELF,FT,Y20-64,T,HR,HR,2013,42.0,Croatia
A,TOTAL,SELF,FT,Y20-64,T,HR,HR,2014,42.1,Croatia
A,TOTAL,SELF,FT,Y20-64,T,HR,HR,2015,41.8,Croatia
A,TOTAL,SELF,FT,Y20-64,T,HR,HR,2016,42.1,Croatia
A,TOTAL,SELF,FT,Y20-64,T,HR,HR,2017,42.5,Croatia
A,TOTAL,SELF,FT,Y20-64,T,HR,HR,2018,42.9,Croatia
A,TOTAL,SELF,FT,Y20-64,T,HR,HR,2019,43.2,Croatia
A,TOTAL,SELF,FT,Y20-64,T,HR,HR,2020,42.0,Croatia
A,TOTAL,SELF,FT,Y20-64,T,HR,HR,2021,41.4,Croatia
A,TOTAL,SELF,FT,Y20-64,T,HR,HR,2022,41.3,Croatia
A,TOTAL,SELF,FT,Y20-64,T,HR,HR,2023,41.2,Croatia
A,TOTAL,SELF,FT,Y20-64,T,HR,HR,2024,40.5,Croatia
A,TOTAL,SELF,FT,Y20-64,T,HR,HR,2025,40.5,Croatia
A,TOTAL,SELF,FT,Y20-64,T,HR,HU,2008,43.6,Hungary
A,TOTAL,SELF,FT,Y20-64,T,HR,HU,2009,43.0,Hungary
A,TOTAL,SELF,FT,Y20-64,T,HR,HU,2010,42.4,Hungary
A,TOTAL,SELF,FT,Y20-64,T,HR,HU,2011,42.3,Hungary
A,TOTAL,SELF,FT,Y20-64,T,HR,HU,2012,41.6,Hungary
A,TOTAL,SELF,FT,Y20-64,T,HR,HU,2013,41.3,Hungary
A,TOTAL,SELF,FT,Y20-64,T,HR,HU,2014,41.4,Hungary
A,TOTAL,SELF,FT,Y20-64,T,HR,HU,2015,41.2,Hungary
A,TOTAL,SELF,FT,Y20-64,T,HR,HU,2016,41.5,Hungary
A,TOTAL,SELF,FT,Y20-64,T,HR,HU,2017,41.2,Hungary
A,TOTAL,SELF,FT,Y20-64,T,HR,HU,2018,40.0,Hungary
A,TOTAL,SELF,FT,Y20-64,T,HR,HU,2019,40.5,Hungary
A,TOTAL,SELF,FT,Y20-64,T,HR,HU,2020,39.1,Hungary
A,TOTAL,SELF,FT,Y20-64,T,HR,HU,2021,40.0,Hungary
A,TOTAL,SELF,FT,Y20-64,T,HR,HU,2022,40.5,Hungary
A,TOTAL,SELF,FT,Y20-64,T,HR,HU,2023,39.6,Hungary
A,TOTAL,SELF,FT,Y20-64,T,HR,HU,2024,39.2,Hungary
A,TOTAL,SELF,FT,Y20-64,T,HR,HU,2025,39.0,Hungary
A,TOTAL,SELF,FT,Y20-64,T,HR,IE,2008,47.0,Ireland
A,TOTAL,SELF,FT,Y20-64,T,HR,IE,2009,46.8,Ireland
A,TOTAL,SELF,FT,Y20-64,T,HR,IE,2010,47.1,Ireland
A,TOTAL,SELF,FT,Y20-64,T,HR,IE,2011,47.2,Ireland
A,TOTAL,SELF,FT,Y20-64,T,HR,IE,2012,46.9,Ireland
A,TOTAL,SELF,FT,Y20-64,T,HR,IE,2013,47.0,Ireland
A,TOTAL,SELF,FT,Y20-64,T,HR,IE,2014,47.0,Ireland
A,TOTAL,SELF,FT,Y20-64,T,HR,IE,2015,47.4,Ireland
A,TOTAL,SELF,FT,Y20-64,T,HR,IE,2016,47.6,Ireland
A,TOTAL,SELF,FT,Y20-64,T,HR,IE,2017,47.9,Ireland
A,TOTAL,SELF,FT,Y20-64,T,HR,IE,2018,48.0,Ireland
A,TOTAL,SELF,FT,Y20-64,T,HR,IE,2019,48.0,Ireland
A,TOTAL,SELF,FT,Y20-64,T,HR,IE,2020,46.6,Ireland
A,TOTAL,SELF,FT,Y20-64,T,HR,IE,2021,47.4,Ireland
A,TOTAL,SELF,FT,Y20-64,T,HR,IE,2022,46.7,Ireland
A,TOTAL,SELF,FT,Y20-64,T,HR,IE,2023,45.5,Ireland
A,TOTAL,SELF,FT,Y20-64,T,HR,IE,2024,45.0,Ireland
A,TOTAL,SELF,FT,Y20-64,T,HR,IE,2025,45.0,Ireland
A,TOTAL,SELF,FT,Y20-64,T,HR,IT,2008,45.3,Italy
A,TOTAL,SELF,FT,Y20-64,T,HR,IT,2009,44.8,Italy
A,TOTAL,SELF,FT,Y20-64,T,HR,IT,2010,44.8,Italy
A,TOTAL,SELF,FT,Y20-64,T,HR,IT,2011,44.5,Italy
A,TOTAL,SELF,FT,Y20-64,T,HR,IT,2012,43.9,Italy
A,TOTAL,SELF,FT,Y20-64,T,HR,IT,2013,44.4,Italy
A,TOTAL,SELF,FT,Y20-64,T,HR,IT,2014,44.5,Italy
A,TOTAL,SELF,FT,Y20-64,T,HR,IT,2015,44.8,Italy
A,TOTAL,SELF,FT,Y20-64,T,HR,IT,2016,45.1,Italy
A,TOTAL,SELF,FT,Y20-64,T,HR,IT,2017,45.3,Italy
A,TOTAL,SELF,FT,Y20-64,T,HR,IT,2018,45.4,Italy
A,TOTAL,SELF,FT,Y20-64,T,HR,IT,2019,45.4,Italy
A,TOTAL,SELF,FT,Y20-64,T,HR,IT,2020,42.8,Italy
A,TOTAL,SELF,FT,Y20-64,T,HR,IT,2021,44.3,Italy
A,TOTAL,SELF,FT,Y20-64,T,HR,IT,2022,44.5,Italy
A,TOTAL,SELF,FT,Y20-64,T,HR,IT,2023,44.3,Italy
A,TOTAL,SELF,FT,Y20-64,T,HR,IT,2024,43.1,Italy
A,TOTAL,SELF,FT,Y20-64,T,HR,IT,2025,42.2,Italy
A,TOTAL,SELF,FT,Y20-64,T,HR,LT,2008,43.0,Lithuania
A,TOTAL,SELF,FT,Y20-64,T,HR,LT,2009,42.0,Lithuania
A,TOTAL,SELF,FT,Y20-64,T,HR,LT,2010,41.3,Lithuania
A,TOTAL,SELF,FT,Y20-64,T,HR,LT,2011,41.2,Lithuania
A,TOTAL,SELF,FT,Y20-64,T,HR,LT,2012,41.2,Lithuania
A,TOTAL,SELF,FT,Y20-64,T,HR,LT,2013,40.8,Lithuania
A,TOTAL,SELF,FT,Y20-64,T,HR,LT,2014,40.8,Lithuania
A,TOTAL,SELF,FT,Y20-64,T,HR,LT,2015,41.2,Lithuania
A,TOTAL,SELF,FT,Y20-64,T,HR,LT,2016,40.7,Lithuania
A,TOTAL,SELF,FT,Y20-64,T,HR,LT,2017,40.4,Lithuania
A,TOTAL,SELF,FT,Y20-64,T,HR,LT,2018,40.5,Lithuania
A,TOTAL,SELF,FT,Y20-64,T,HR,LT,2019,40.7,Lithuania
A,TOTAL,SELF,FT,Y20-64,T,HR,LT,2020,39.4,Lithuania
A,TOTAL,SELF,FT,Y20-64,T,HR,LT,2021,39.5,Lithuania
A,TOTAL,SELF,FT,Y20-64,T,HR,LT,2022,39.7,Lithuania
A,TOTAL,SELF,FT,Y20-64,T,HR,LT,2023,39.6,Lithuania
A,TOTAL,SELF,FT,Y20-64,T,HR,LT,2024,39.5,Lithuania
A,TOTAL,SELF,FT,Y20-64,T,HR,LT,2025,40.0,Lithuania
A,TOTAL,SELF,FT,Y20-64,T,HR,LU,2008,50.5,Luxembourg
A,TOTAL,SELF,FT,Y20-64,T,HR,LU,2009,49.3,Luxembourg
A,TOTAL,SELF,FT,Y20-64,T,HR,LU,2010,49.1,Luxembourg
A,TOTAL,SELF,FT,Y20-64,T,HR,LU,2011,48.6,Luxembourg
A,TOTAL,SELF,FT,Y20-64,T,HR,LU,2012,48.9,Luxembourg
A,TOTAL,SELF,FT,Y20-64,T,HR,LU,2013,46.9,Luxembourg
A,TOTAL,SELF,FT,Y20-64,T,HR,LU,2014,48.2,Luxembourg
A,TOTAL,SELF,FT,Y20-64,T,HR,LU,2015,46.9,Luxembourg
A,TOTAL,SELF,FT,Y20-64,T,HR,LU,2016,44.8,Luxembourg
A,TOTAL,SELF,FT,Y20-64,T,HR,LU,2017,45.7,Luxembourg
A,TOTAL,SELF,FT,Y20-64,T,HR,LU,2018,44.4,Luxembourg
A,TOTAL,SELF,FT,Y20-64,T,HR,LU,2019,44.2,Luxembourg
A,TOTAL,SELF,FT,Y20-64,T,HR,LU,2020,42.0,Luxembourg
A,TOTAL,SELF,FT,Y20-64,T,HR,LU,2021,42.6,Luxembourg
A,TOTAL,SELF,FT,Y20-64,T,HR,LU,2022,40.4,Luxembourg
A,TOTAL,SELF,FT,Y20-64,T,HR,LU,2023,40.9,Luxembourg
A,TOTAL,SELF,FT,Y20-64,T,HR,LU,2024,40.2,Luxembourg
A,TOTAL,SELF,FT,Y20-64,T,HR,LU,2025,41.7,Luxembourg
A,TOTAL,SELF,FT,Y20-64,T,HR,LV,2008,43.1,Latvia
A,TOTAL,SELF,FT,Y20-64,T,HR,LV,2009,42.7,Latvia
A,TOTAL,SELF,FT,Y20-64,T,HR,LV,2010,42.3,Latvia
A,TOTAL,SELF,FT,Y20-64,T,HR,LV,2011,42.8,Latvia
A,TOTAL,SELF,FT,Y20-64,T,HR,LV,2012,41.2,Latvia
A,TOTAL,SELF,FT,Y20-64,T,HR,LV,2013,41.0,Latvia
A,TOTAL,SELF,FT,Y20-64,T,HR,LV,2014,41.0,Latvia
A,TOTAL,SELF,FT,Y20-64,T,HR,LV,2015,41.2,Latvia
A,TOTAL,SELF,FT,Y20-64,T,HR,LV,2016,41.7,Latvia
A,TOTAL,SELF,FT,Y20-64,T,HR,LV,2017,40.8,Latvia
A,TOTAL,SELF,FT,Y20-64,T,HR,LV,2018,40.6,Latvia
A,TOTAL,SELF,FT,Y20-64,T,HR,LV,2019,40.5,Latvia
A,TOTAL,SELF,FT,Y20-64,T,HR,LV,2020,39.1,Latvia
A,TOTAL,SELF,FT,Y20-64,T,HR,LV,2021,40.2,Latvia
A,TOTAL,SELF,FT,Y20-64,T,HR,LV,2022,40.3,Latvia
A,TOTAL,SELF,FT,Y20-64,T,HR,LV,2023,40.0,Latvia
A,TOTAL,SELF,FT,Y20-64,T,HR,LV,2024,40.0,Latvia
A,TOTAL,SELF,FT,Y20-64,T,HR,LV,2025,39.0,Latvia
A,TOTAL,SELF,FT,Y20-64,T,HR,MT,2008,45.7,Malta
A,TOTAL,SELF,FT,Y20-64,T,HR,MT,2009,45.5,Malta
A,TOTAL,SELF,FT,Y20-64,T,HR,MT,2010,45.6,Malta
A,TOTAL,SELF,FT,Y20-64,T,HR,MT,2011,45.1,Malta
A,TOTAL,SELF,FT,Y20-64,T,HR,MT,2012,44.9,Malta
A,TOTAL,SELF,FT,Y20-64,T,HR,MT,2013,45.0,Malta
A,TOTAL,SELF,FT,Y20-64,T,HR,MT,2014,45.7,Malta
A,TOTAL,SELF,FT,Y20-64,T,HR,MT,2015,45.9,Malta
A,TOTAL,SELF,FT,Y20-64,T,HR,MT,2016,46.0,Malta
A,TOTAL,SELF,FT,Y20-64,T,HR,MT,2017,44.9,Malta
A,TOTAL,SELF,FT,Y20-64,T,HR,MT,2018,45.6,Malta
A,TOTAL,SELF,FT,Y20-64,T,HR,MT,2019,46.4,Malta
A,TOTAL,SELF,FT,Y20-64,T,HR,MT,2020,44.0,Malta
A,TOTAL,SELF,FT,Y20-64,T,HR,MT,2021,43.6,Malta
A,TOTAL,SELF,FT,Y20-64,T,HR,MT,2022,43.0,Malta
A,TOTAL,SELF,FT,Y20-64,T,HR,MT,2023,42.9,Malta
A,TOTAL,SELF,FT,Y20-64,T,HR,MT,2024,42.4,Malta
A,TOTAL,SELF,FT,Y20-64,T,HR,MT,2025,42.2,Malta
A,TOTAL,SELF,FT,Y20-64,T,HR,NL,2008,49.9,Netherlands
A,TOTAL,SELF,FT,Y20-64,T,HR,NL,2009,49.2,Netherlands
A,TOTAL,SELF,FT,Y20-64,T,HR,NL,2010,48.9,Netherlands
A,TOTAL,SELF,FT,Y20-64,T,HR,NL,2011,48.9,Netherlands
A,TOTAL,SELF,FT,Y20-64,T,HR,NL,2012,48.3,Netherlands
A,TOTAL,SELF,FT,Y20-64,T,HR,NL,2013,47.6,Netherlands
A,TOTAL,SELF,FT,Y20-64,T,HR,NL,2014,48.2,Netherlands
A,TOTAL,SELF,FT,Y20-64,T,HR,NL,2015,47.8,Netherlands
A,TOTAL,SELF,FT,Y20-64,T,HR,NL,2016,47.9,Netherlands
A,TOTAL,SELF,FT,Y20-64,T,HR,NL,2017,47.9,Netherlands
A,TOTAL,SELF,FT,Y20-64,T,HR,NL,2018,47.2,Netherlands
A,TOTAL,SELF,FT,Y20-64,T,HR,NL,2019,47.1,Netherlands
A,TOTAL,SELF,FT,Y20-64,T,HR,NL,2020,45.4,Netherlands
A,TOTAL,SELF,FT,Y20-64,T,HR,NL,2021,41.4,Netherlands
A,TOTAL,SELF,FT,Y20-64,T,HR,NL,2022,41.9,Netherlands
A,TOTAL,SELF,FT,Y20-64,T,HR,NL,2023,41.5,Netherlands
A,TOTAL,SELF,FT,Y20-64,T,HR,NL,2024,41.4,Netherlands
A,TOTAL,SELF,FT,Y20-64,T,HR,NL,2025,41.1,Netherlands
A,TOTAL,SELF,FT,Y20-64,T,HR,PL,2008,46.8,Poland
A,TOTAL,SELF,FT,Y20-64,T,HR,PL,2009,45.9,Poland
A,TOTAL,SELF,FT,Y20-64,T,HR,PL,2010,45.2,Poland
A,TOTAL,SELF,FT,Y20-64,T,HR,PL,2011,44.9,Poland
A,TOTAL,SELF,FT,Y20-64,T,HR,PL,2012,45.1,Poland
A,TOTAL,SELF,FT,Y20-64,T,HR,PL,2013,45.1,Poland
A,TOTAL,SELF,FT,Y20-64,T,HR,PL,2014,45.2,Poland
A,TOTAL,SELF,FT,Y20-64,T,HR,PL,2015,44.7,Poland
A,TOTAL,SELF,FT,Y20-64,T,HR,PL,2016,44.9,Poland
A,TOTAL,SELF,FT,Y20-64,T,HR,PL,2017,44.5,Poland
A,TOTAL,SELF,FT,Y20-64,T,HR,PL,2018,43.6,Poland
A,TOTAL,SELF,FT,Y20-64,T,HR,PL,2019,43.3,Poland
A,TOTAL,SELF,FT,Y20-64,T,HR,PL,2020,42.2,Poland
A,TOTAL,SELF,FT,Y20-64,T,HR,PL,2021,44.7,Poland
A,TOTAL,SELF,FT,Y20-64,T,HR,PL,2022,44.8,Poland
A,TOTAL,SELF,FT,Y20-64,T,HR,PL,2023,44.3,Poland
A,TOTAL,SELF,FT,Y20-64,T,HR,PL,2024,43.6,Poland
A,TOTAL,SELF,FT,Y20-64,T,HR,PL,2025,43.7,Poland
A,TOTAL,SELF,FT,Y20-64,T,HR,PT,2008,46.7,Portugal
A,TOTAL,SELF,FT,Y20-64,T,HR,PT,2009,46.0,Portugal
A,TOTAL,SELF,FT,Y20-64,T,HR,PT,2010,46.0,Portugal
A,TOTAL,SELF,FT,Y20-64,T,HR,PT,2011,48.3,Portugal
A,TOTAL,SELF,FT,Y20-64,T,HR,PT,2012,48.5,Portugal
A,TOTAL,SELF,FT,Y20-64,T,HR,PT,2013,48.2,Portugal
A,TOTAL,SELF,FT,Y20-64,T,HR,PT,2014,47.9,Portugal
A,TOTAL,SELF,FT,Y20-64,T,HR,PT,2015,47.4,Portugal
A,TOTAL,SELF,FT,Y20-64,T,HR,PT,2016,46.9,Portugal
A,TOTAL,SELF,FT,Y20-64,T,HR,PT,2017,47.2,Portugal
A,TOTAL,SELF,FT,Y20-64,T,HR,PT,2018,46.5,Portugal
A,TOTAL,SELF,FT,Y20-64,T,HR,PT,2019,45.9,Portugal
A,TOTAL,SELF,FT,Y20-64,T,HR,PT,2020,43.6,Portugal
A,TOTAL,SELF,FT,Y20-64,T,HR,PT,2021,44.5,Portugal
A,TOTAL,SELF,FT,Y20-64,T,HR,PT,2022,44.5,Portugal
A,TOTAL,SELF,FT,Y20-64,T,HR,PT,2023,44.4,Portugal
A,TOTAL,SELF,FT,Y20-64,T,HR,PT,2024,43.4,Portugal
A,TOTAL,SELF,FT,Y20-64,T,HR,PT,2025,43.5,Portugal
A,TOTAL,SELF,FT,Y20-64,T,HR,RO,2008,41.1,Romania
A,TOTAL,SELF,FT,Y20-64,T,HR,RO,2009,40.8,Romania
A,TOTAL,SELF,FT,Y20-64,T,HR,RO,2010,41.0,Romania
A,TOTAL,SELF,FT,Y20-64,T,HR,RO,2011,40.8,Romania
A,TOTAL,SELF,FT,Y20-64,T,HR,RO,2012,40.5,Romania
A,TOTAL,SELF,FT,Y20-64,T,HR,RO,2013,40.1,Romania
A,TOTAL,SELF,FT,Y20-64,T,HR,RO,2014,40.2,Romania
A,TOTAL,SELF,FT,Y20-64,T,HR,RO,2015,39.3,Romania
A,TOTAL,SELF,FT,Y20-64,T,HR,RO,2016,39.6,Romania
A,TOTAL,SELF,FT,Y20-64,T,HR,RO,2017,39.7,Romania
A,TOTAL,SELF,FT,Y20-64,T,HR,RO,2018,39.8,Romania
A,TOTAL,SELF,FT,Y20-64,T,HR,RO,2019,39.7,Romania
A,TOTAL,SELF,FT,Y20-64,T,HR,RO,2020,39.1,Romania
A,TOTAL,SELF,FT,Y20-64,T,HR,RO,2021,41.5,Romania
A,TOTAL,SELF,FT,Y20-64,T,HR,RO,2022,41.5,Romania
A,TOTAL,SELF,FT,Y20-64,T,HR,RO,2023,41.2,Romania
A,TOTAL,SELF,FT,Y20-64,T,HR,RO,2024,40.6,Romania
A,TOTAL,SELF,FT,Y20-64,T,HR,RO,2025,39.7,Romania
A,TOTAL,SELF,FT,Y20-64,T,HR,SE,2008,46.9,Sweden
A,TOTAL,SELF,FT,Y20-64,T,HR,SE,2009,46.2,Sweden
A,TOTAL,SELF,FT,Y20-64,T,HR,SE,2010,46.8,Sweden
A,TOTAL,SELF,FT,Y20-64,T,HR,SE,2011,46.5,Sweden
A,TOTAL,SELF,FT,Y20-64,T,HR,SE,2012,46.5,Sweden
A,TOTAL,SELF,FT,Y20-64,T,HR,SE,2013,45.8,Sweden
A,TOTAL,SELF,FT,Y20-64,T,HR,SE,2014,45.4,Sweden
A,TOTAL,SELF,FT,Y20-64,T,HR,SE,2015,45.3,Sweden
A,TOTAL,SELF,FT,Y20-64,T,HR,SE,2016,45.5,Sweden
A,TOTAL,SELF,FT,Y20-64,T,HR,SE,2017,44.7,Sweden
A,TOTAL,SELF,FT,Y20-64,T,HR,SE,2018,44.7,Sweden
A,TOTAL,SELF,FT,Y20-64,T,HR,SE,2019,44.8,Sweden
A,TOTAL,SELF,FT,Y20-64,T,HR,SE,2020,42.4,Sweden
A,TOTAL,SELF,FT,Y20-64,T,HR,SE,2021,42.6,Sweden
A,TOTAL,SELF,FT,Y20-64,T,HR,SE,2022,43.0,Sweden
A,TOTAL,SELF,FT,Y20-64,T,HR,SE,2023,42.2,Sweden
A,TOTAL,SELF,FT,Y20-64,T,HR,SE,2024,41.8,Sweden
A,TOTAL,SELF,FT,Y20-64,T,HR,SE,2025,42.1,Sweden
A,TOTAL,SELF,FT,Y20-64,T,HR,SI,2008,48.6,Slovenia
A,TOTAL,SELF,FT,Y20-64,T,HR,SI,2009,47.1,Slovenia
A,TOTAL,SELF,FT,Y20-64,T,HR,SI,2010,46.0,Slovenia
A,TOTAL,SELF,FT,Y20-64,T,HR,SI,2011,45.3,Slovenia
A,TOTAL,SELF,FT,Y20-64,T,HR,SI,2012,45.8,Slovenia
A,TOTAL,SELF,FT,Y20-64,T,HR,SI,2013,45.3,Slovenia
A,TOTAL,SELF,FT,Y20-64,T,HR,SI,2014,45.6,Slovenia
A,TOTAL,SELF,FT,Y20-64,T,HR,SI,2015,44.9,Slovenia
A,TOTAL,SELF,FT,Y20-64,T,HR,SI,2016,44.4,Slovenia
A,TOTAL,SELF,FT,Y20-64,T,HR,SI,2017,43.6,Slovenia
A,TOTAL,SELF,FT,Y20-64,T,HR,SI,2018,44.2,Slovenia
A,TOTAL,SELF,FT,Y20-64,T,HR,SI,2019,44.4,Slovenia
A,TOTAL,SELF,FT,Y20-64,T,HR,SI,2020,43.3,Slovenia
A,TOTAL,SELF,FT,Y20-64,T,HR,SI,2021,43.8,Slovenia
A,TOTAL,SELF,FT,Y20-64,T,HR,SI,2022,44.0,Slovenia
A,TOTAL,SELF,FT,Y20-64,T,HR,SI,2023,42.7,Slovenia
A,TOTAL,SELF,FT,Y20-64,T,HR,SI,2024,43.3,Slovenia
A,TOTAL,SELF,FT,Y20-64,T,HR,SI,2025,43.3,Slovenia
A,TOTAL,SELF,FT,Y20-64,T,HR,SK,2008,44.7,Slovakia
A,TOTAL,SELF,FT,Y20-64,T,HR,SK,2009,44.2,Slovakia
A,TOTAL,SELF,FT,Y20-64,T,HR,SK,2010,44.7,Slovakia
A,TOTAL,SELF,FT,Y20-64,T,HR,SK,2011,44.6,Slovakia
A,TOTAL,SELF,FT,Y20-64,T,HR,SK,2012,44.5,Slovakia
A,TOTAL,SELF,FT,Y20-64,T,HR,SK,2013,44.3,Slovakia
A,TOTAL,SELF,FT,Y20-64,T,HR,SK,2014,43.9,Slovakia
A,TOTAL,SELF,FT,Y20-64,T,HR,SK,2015,44.3,Slovakia
A,TOTAL,SELF,FT,Y20-64,T,HR,SK,2016,44.4,Slovakia
A,TOTAL,SELF,FT,Y20-64,T,HR,SK,2017,44.1,Slovakia
A,TOTAL,SELF,FT,Y20-64,T,HR,SK,2018,44.4,Slovakia
A,TOTAL,SELF,FT,Y20-64,T,HR,SK,2019,43.8,Slovakia
A,TOTAL,SELF,FT,Y20-64,T,HR,SK,2020,42.2,Slovakia
A,TOTAL,SELF,FT,Y20-64,T,HR,SK,2021,42.0,Slovakia
A,TOTAL,SELF,FT,Y20-64,T,HR,SK,2022,42.2,Slovakia
A,TOTAL,SELF,FT,Y20-64,T,HR,SK,2023,41.8,Slovakia
A,TOTAL,SELF,FT,Y20-64,T,HR,SK,2024,42.1,Slovakia
A,TOTAL,SELF,FT,Y20-64,T,HR,SK,2025,41.9,Slovakia
A,TOTAL,SELF,PT,Y20-64,T,HR,AT,2008,18.8,Austria
A,TOTAL,SELF,PT,Y20-64,T,HR,AT,2009,18.9,Austria
A,TOTAL,SELF,PT,Y20-64,T,HR,AT,2010,18.2,Austria
A,TOTAL,SELF,PT,Y20-64,T,HR,AT,2011,18.8,Austria
A,TOTAL,SELF,PT,Y20-64,T,HR,AT,2012,18.9,Austria
A,TOTAL,SELF,PT,Y20-64,T,HR,AT,2013,18.7,Austria
A,TOTAL,SELF,PT,Y20-64,T,HR,AT,2014,17.9,Austria
A,TOTAL,SELF,PT,Y20-64,T,HR,AT,2015,17.8,Austria
A,TOTAL,SELF,PT,Y20-64,T,HR,AT,2016,17.8,Austria
A,TOTAL,SELF,PT,Y20-64,T,HR,AT,2017,18.3,Austria
A,TOTAL,SELF,PT,Y20-64,T,HR,AT,2018,18.4,Austria
A,TOTAL,SELF,PT,Y20-64,T,HR,AT,2019,18.2,Austria
A,TOTAL,SELF,PT,Y20-64,T,HR,AT,2020,17.3,Austria
A,TOTAL,SELF,PT,Y20-64,T,HR,AT,2021,17.6,Austria
A,TOTAL,SELF,PT,Y20-64,T,HR,AT,2022,17.4,Austria
A,TOTAL,SELF,PT,Y20-64,T,HR,AT,2023,17.3,Austria
A,TOTAL,SELF,PT,Y20-64,T,HR,AT,2024,18.5,Austria
A,TOTAL,SELF,PT,Y20-64,T,HR,AT,2025,18.6,Austria
A,TOTAL,SELF,PT,Y20-64,T,HR,BE,2008,20.7,Belgium
A,TOTAL,SELF,PT,Y20-64,T,HR,BE,2009,21.6,Belgium
A,TOTAL,SELF,PT,Y20-64,T,HR,BE,2010,21.3,Belgium
A,TOTAL,SELF,PT,Y20-64,T,HR,BE,2011,20.2,Belgium
A,TOTAL,SELF,PT,Y20-64,T,HR,BE,2012,19.8,Belgium
A,TOTAL,SELF,PT,Y20-64,T,HR,BE,2013,20.1,Belgium
A,TOTAL,SELF,PT,Y20-64,T,HR,BE,2014,21.1,Belgium
A,TOTAL,SELF,PT,Y20-64,T,HR,BE,2015,20.7,Belgium
A,TOTAL,SELF,PT,Y20-64,T,HR,BE,2016,19.5,Belgium
A,TOTAL,SELF,PT,Y20-64,T,HR,BE,2017,21.3,Belgium
A,TOTAL,SELF,PT,Y20-64,T,HR,BE,2018,20.4,Belgium
A,TOTAL,SELF,PT,Y20-64,T,HR,BE,2019,20.7,Belgium
A,TOTAL,SELF,PT,Y20-64,T,HR,BE,2020,19.7,Belgium
A,TOTAL,SELF,PT,Y20-64,T,HR,BE,2021,21.9,Belgium
A,TOTAL,SELF,PT,Y20-64,T,HR,BE,2022,21.4,Belgium
A,TOTAL,SELF,PT,Y20-64,T,HR,BE,2023,22.0,Belgium
A,TOTAL,SELF,PT,Y20-64,T,HR,BE,2024,20.4,Belgium
A,TOTAL,SELF,PT,Y20-64,T,HR,BE,2025,20.4,Belgium
A,TOTAL,SELF,PT,Y20-64,T,HR,BG,2008,24.7,Bulgaria
A,TOTAL,SELF,PT,Y20-64,T,HR,BG,2009,20.2,Bulgaria
A,TOTAL,SELF,PT,Y20-64,T,HR,BG,2010,20.6,Bulgaria
A,TOTAL,SELF,PT,Y20-64,T,HR,BG,2011,21.6,Bulgaria
A,TOTAL,SELF,PT,Y20-64,T,HR,BG,2012,22.2,Bulgaria
A,TOTAL,SELF,PT,Y20-64,T,HR,BG,2013,20.9,Bulgaria
A,TOTAL,SELF,PT,Y20-64,T,HR,BG,2014,21.2,Bulgaria
A,TOTAL,SELF,PT,Y20-64,T,HR,BG,2015,20.9,Bulgaria
A,TOTAL,SELF,PT,Y20-64,T,HR,BG,2016,19.0,Bulgaria
A,TOTAL,SELF,PT,Y20-64,T,HR,BG,2017,20.9,Bulgaria
A,TOTAL,SELF,PT,Y20-64,T,HR,BG,2018,21.6,Bulgaria
A,TOTAL,SELF,PT,Y20-64,T,HR,BG,2019,20.6,Bulgaria
A,TOTAL,SELF,PT,Y20-64,T,HR,BG,2020,19.7,Bulgaria
A,TOTAL,SELF,PT,Y20-64,T,HR,BG,2021,24.1,Bulgaria
A,TOTAL,SELF,PT,Y20-64,T,HR,BG,2022,20.7,Bulgaria
A,TOTAL,SELF,PT,Y20-64,T,HR,BG,2023,20.6,Bulgaria
A,TOTAL,SELF,PT,Y20-64,T,HR,BG,2025,22.5,Bulgaria
A,TOTAL,SELF,PT,Y20-64,T,HR,CY,2008,18.7,Cyprus
A,TOTAL,SELF,PT,Y20-64,T,HR,CY,2009,18.0,Cyprus
A,TOTAL,SELF,PT,Y20-64,T,HR,CY,2010,18.7,Cyprus
A,TOTAL,SELF,PT,Y20-64,T,HR,CY,2011,18.2,Cyprus
A,TOTAL,SELF,PT,Y20-64,T,HR,CY,2012,18.2,Cyprus
A,TOTAL,SELF,PT,Y20-64,T,HR,CY,2013,16.4,Cyprus
A,TOTAL,SELF,PT,Y20-64,T,HR,CY,2014,16.2,Cyprus
A,TOTAL,SELF,PT,Y20-64,T,HR,CY,2015,16.1,Cyprus
A,TOTAL,SELF,PT,Y20-64,T,HR,CY,2016,16.3,Cyprus
A,TOTAL,SELF,PT,Y20-64,T,HR,CY,2017,15.7,Cyprus
A,TOTAL,SELF,PT,Y20-64,T,HR,CY,2018,16.5,Cyprus
A,TOTAL,SELF,PT,Y20-64,T,HR,CY,2019,17.2,Cyprus
A,TOTAL,SELF,PT,Y20-64,T,HR,CY,2020,17.2,Cyprus
A,TOTAL,SELF,PT,Y20-64,T,HR,CY,2021,16.4,Cyprus
A,TOTAL,SELF,PT,Y20-64,T,HR,CY,2022,16.5,Cyprus
A,TOTAL,SELF,PT,Y20-64,T,HR,CY,2023,17.4,Cyprus
A,TOTAL,SELF,PT,Y20-64,T,HR,CY,2024,17.5,Cyprus
A,TOTAL,SELF,PT,Y20-64,T,HR,CY,2025,17.9,Cyprus
A,TOTAL,SELF,PT,Y20-64,T,HR,CZ,2008,20.1,Czechia
A,TOTAL,SELF,PT,Y20-64,T,HR,CZ,2009,20.1,Czechia
A,TOTAL,SELF,PT,Y20-64,T,HR,CZ,2010,20.3,Czechia
A,TOTAL,SELF,PT,Y20-64,T,HR,CZ,2011,20.9,Czechia
A,TOTAL,SELF,PT,Y20-64,T,HR,CZ,2012,19.2,Czechia
A,TOTAL,SELF,PT,Y20-64,T,HR,CZ,2013,19.5,Czechia
A,TOTAL,SELF,PT,Y20-64,T,HR,CZ,2014,20.2,Czechia
A,TOTAL,SELF,PT,Y20-64,T,HR,CZ,2015,20.9,Czechia
A,TOTAL,SELF,PT,Y20-64,T,HR,CZ,2016,20.1,Czechia
A,TOTAL,SELF,PT,Y20-64,T,HR,CZ,2017,19.8,Czechia
A,TOTAL,SELF,PT,Y20-64,T,HR,CZ,2018,21.1,Czechia
A,TOTAL,SELF,PT,Y20-64,T,HR,CZ,2019,20.1,Czechia
A,TOTAL,SELF,PT,Y20-64,T,HR,CZ,2020,18.7,Czechia
A,TOTAL,SELF,PT,Y20-64,T,HR,CZ,2021,19.3,Czechia
A,TOTAL,SELF,PT,Y20-64,T,HR,CZ,2022,20.7,Czechia
A,TOTAL,SELF,PT,Y20-64,T,HR,CZ,2023,20.3,Czechia
A,TOTAL,SELF,PT,Y20-64,T,HR,CZ,2024,20.3,Czechia
A,TOTAL,SELF,PT,Y20-64,T,HR,CZ,2025,20.3,Czechia
A,TOTAL,SELF,PT,Y20-64,T,HR,DE,2008,16.8,Germany
A,TOTAL,SELF,PT,Y20-64,T,HR,DE,2009,18.0,Germany
A,TOTAL,SELF,PT,Y20-64,T,HR,DE,2010,18.0,Germany
A,TOTAL,SELF,PT,Y20-64,T,HR,DE,2011,17.8,Germany
A,TOTAL,SELF,PT,Y20-64,T,HR,DE,2012,18.0,Germany
A,TOTAL,SELF,PT,Y20-64,T,HR,DE,2013,16.6,Germany
A,TOTAL,SELF,PT,Y20-64,T,HR,DE,2014,16.8,Germany
A,TOTAL,SELF,PT,Y20-64,T,HR,DE,2015,17.1,Germany
A,TOTAL,SELF,PT,Y20-64,T,HR,DE,2016,16.7,Germany
A,TOTAL,SELF,PT,Y20-64,T,HR,DE,2017,16.5,Germany
A,TOTAL,SELF,PT,Y20-64,T,HR,DE,2018,16.8,Germany
A,TOTAL,SELF,PT,Y20-64,T,HR,DE,2019,17.0,Germany
A,TOTAL,SELF,PT,Y20-64,T,HR,DE,2020,16.1,Germany
A,TOTAL,SELF,PT,Y20-64,T,HR,DE,2021,17.7,Germany
A,TOTAL,SELF,PT,Y20-64,T,HR,DE,2022,17.5,Germany
A,TOTAL,SELF,PT,Y20-64,T,HR,DE,2023,17.1,Germany
A,TOTAL,SELF,PT,Y20-64,T,HR,DE,2024,17.1,Germany
A,TOTAL,SELF,PT,Y20-64,T,HR,DE,2025,17.2,Germany
A,TOTAL,SELF,PT,Y20-64,T,HR,DK,2008,20.1,Denmark
A,TOTAL,SELF,PT,Y20-64,T,HR,DK,2009,19.1,Denmark
A,TOTAL,SELF,PT,Y20-64,T,HR,DK,2010,20.7,Denmark
A,TOTAL,SELF,PT,Y20-64,T,HR,DK,2011,19.7,Denmark
A,TOTAL,SELF,PT,Y20-64,T,HR,DK,2012,19.4,Denmark
A,TOTAL,SELF,PT,Y20-64,T,HR,DK,2013,20.6,Denmark
A,TOTAL,SELF,PT,Y20-64,T,HR,DK,2014,18.6,Denmark
A,TOTAL,SELF,PT,Y20-64,T,HR,DK,2015,19.0,Denmark
A,TOTAL,SELF,PT,Y20-64,T,HR,DK,2016,19.2,Denmark
A,TOTAL,SELF,PT,Y20-64,T,HR,DK,2017,18.8,Denmark
A,TOTAL,SELF,PT,Y20-64,T,HR,DK,2018,18.0,Denmark
A,TOTAL,SELF,PT,Y20-64,T,HR,DK,2019,19.1,Denmark
A,TOTAL,SELF,PT,Y20-64,T,HR,DK,2020,18.4,Denmark
A,TOTAL,SELF,PT,Y20-64,T,HR,DK,2021,19.0,Denmark
A,TOTAL,SELF,PT,Y20-64,T,HR,DK,2022,19.8,Denmark
A,TOTAL,SELF,PT,Y20-64,T,HR,DK,2023,19.1,Denmark
A,TOTAL,SELF,PT,Y20-64,T,HR,DK,2024,18.4,Denmark
A,TOTAL,SELF,PT,Y20-64,T,HR,DK,2025,19.0,Denmark
A,TOTAL,SELF,PT,Y20-64,T,HR,EE,2008,18.7,Estonia
A,TOTAL,SELF,PT,Y20-64,T,HR,EE,2009,19.0,Estonia
A,TOTAL,SELF,PT,Y20-64,T,HR,EE,2010,20.8,Estonia
A,TOTAL,SELF,PT,Y20-64,T,HR,EE,2011,20.1,Estonia
A,TOTAL,SELF,PT,Y20-64,T,HR,EE,2012,19.6,Estonia
A,TOTAL,SELF,PT,Y20-64,T,HR,EE,2013,18.8,Estonia
A,TOTAL,SELF,PT,Y20-64,T,HR,EE,2014,21.5,Estonia
A,TOTAL,SELF,PT,Y20-64,T,HR,EE,2015,19.7,Estonia
A,TOTAL,SELF,PT,Y20-64,T,HR,EE,2016,19.1,Estonia
A,TOTAL,SELF,PT,Y20-64,T,HR,EE,2017,20.0,Estonia
A,TOTAL,SELF,PT,Y20-64,T,HR,EE,2018,20.4,Estonia
A,TOTAL,SELF,PT,Y20-64,T,HR,EE,2019,20.7,Estonia
A,TOTAL,SELF,PT,Y20-64,T,HR,EE,2020,19.0,Estonia
A,TOTAL,SELF,PT,Y20-64,T,HR,EE,2021,19.0,Estonia
A,TOTAL,SELF,PT,Y20-64,T,HR,EE,2022,19.6,Estonia
A,TOTAL,SELF,PT,Y20-64,T,HR,EE,2023,18.6,Estonia
A,TOTAL,SELF,PT,Y20-64,T,HR,EE,2024,19.0,Estonia
A,TOTAL,SELF,PT,Y20-64,T,HR,EE,2025,19.7,Estonia
A,TOTAL,SELF,PT,Y20-64,T,HR,EL,2008,19.1,Greece
A,TOTAL,SELF,PT,Y20-64,T,HR,EL,2009,18.4,Greece
A,TOTAL,SELF,PT,Y20-64,T,HR,EL,2010,18.5,Greece
A,TOTAL,SELF,PT,Y20-64,T,HR,EL,2011,18.2,Greece
A,TOTAL,SELF,PT,Y20-64,T,HR,EL,2012,18.7,Greece
A,TOTAL,SELF,PT,Y20-64,T,HR,EL,2013,17.2,Greece
A,TOTAL,SELF,PT,Y20-64,T,HR,EL,2014,17.8,Greece
A,TOTAL,SELF,PT,Y20-64,T,HR,EL,2015,18.7,Greece
A,TOTAL,SELF,PT,Y20-64,T,HR,EL,2016,18.5,Greece
A,TOTAL,SELF,PT,Y20-64,T,HR,EL,2017,18.5,Greece
A,TOTAL,SELF,PT,Y20-64,T,HR,EL,2018,18.9,Greece
A,TOTAL,SELF,PT,Y20-64,T,HR,EL,2019,19.6,Greece
A,TOTAL,SELF,PT,Y20-64,T,HR,EL,2020,18.5,Greece
A,TOTAL,SELF,PT,Y20-64,T,HR,EL,2021,19.4,Greece
A,TOTAL,SELF,PT,Y20-64,T,HR,EL,2022,19.9,Greece
A,TOTAL,SELF,PT,Y20-64,T,HR,EL,2023,19.6,Greece
A,TOTAL,SELF,PT,Y20-64,T,HR,EL,2024,20.1,Greece
A,TOTAL,SELF,PT,Y20-64,T,HR,EL,2025,20.0,Greece
A,TOTAL,SELF,PT,Y20-64,T,HR,ES,2008,19.3,Spain
A,TOTAL,SELF,PT,Y20-64,T,HR,ES,2009,18.7,Spain
A,TOTAL,SELF,PT,Y20-64,T,HR,ES,2010,18.9,Spain
A,TOTAL,SELF,PT,Y20-64,T,HR,ES,2011,18.6,Spain
A,TOTAL,SELF,PT,Y20-64,T,HR,ES,2012,18.4,Spain
A,TOTAL,SELF,PT,Y20-64,T,HR,ES,2013,18.1,Spain
A,TOTAL,SELF,PT,Y20-64,T,HR,ES,2014,18.6,Spain
A,TOTAL,SELF,PT,Y20-64,T,HR,ES,2015,18.6,Spain
A,TOTAL,SELF,PT,Y20-64,T,HR,ES,2016,18.8,Spain
A,TOTAL,SELF,PT,Y20-64,T,HR,ES,2017,18.4,Spain
A,TOTAL,SELF,PT,Y20-64,T,HR,ES,2018,19.3,Spain
A,TOTAL,SELF,PT,Y20-64,T,HR,ES,2019,19.2,Spain
A,TOTAL,SELF,PT,Y20-64,T,HR,ES,2020,18.8,Spain
A,TOTAL,SELF,PT,Y20-64,T,HR,ES,2021,19.1,Spain
A,TOTAL,SELF,PT,Y20-64,T,HR,ES,2022,19.1,Spain
A,TOTAL,SELF,PT,Y20-64,T,HR,ES,2023,19.5,Spain
A,TOTAL,SELF,PT,Y20-64,T,HR,ES,2024,19.6,Spain
A,TOTAL,SELF,PT,Y20-64,T,HR,ES,2025,19.6,Spain
A,TOTAL,SELF,PT,Y20-64,T,HR,EU27_2020,2008,20.7,European Union - 27 countries (from 2020)
A,TOTAL,SELF,PT,Y20-64,T,HR,EU27_2020,2009,20.9,European Union - 27 countries (from 2020)
A,TOTAL,SELF,PT,Y20-64,T,HR,EU27_2020,2010,20.8,European Union - 27 countries (from 2020)
A,TOTAL,SELF,PT,Y20-64,T,HR,EU27_2020,2011,20.5,European Union - 27 countries (from 2020)
A,TOTAL,SELF,PT,Y20-64,T,HR,EU27_2020,2012,20.4,European Union - 27 countries (from 2020)
A,TOTAL,SELF,PT,Y20-64,T,HR,EU27_2020,2013,19.9,European Union - 27 countries (from 2020)
A,TOTAL,SELF,PT,Y20-64,T,HR,EU27_2020,2014,20.0,European Union - 27 countries (from 2020)
A,TOTAL,SELF,PT,Y20-64,T,HR,EU27_2020,2015,19.9,European Union - 27 countries (from 2020)
A,TOTAL,SELF,PT,Y20-64,T,HR,EU27_2020,2016,19.8,European Union - 27 countries (from 2020)
A,TOTAL,SELF,PT,Y20-64,T,HR,EU27_2020,2017,19.8,European Union - 27 countries (from 2020)
A,TOTAL,SELF,PT,Y20-64,T,HR,EU27_2020,2018,19.9,European Union - 27 countries (from 2020)
A,TOTAL,SELF,PT,Y20-64,T,HR,EU27_2020,2019,20.0,European Union - 27 countries (from 2020)
A,TOTAL,SELF,PT,Y20-64,T,HR,EU27_2020,2020,19.6,European Union - 27 countries (from 2020)
A,TOTAL,SELF,PT,Y20-64,T,HR,EU27_2020,2021,20.0,European Union - 27 countries (from 2020)
A,TOTAL,SELF,PT,Y20-64,T,HR,EU27_2020,2022,20.4,European Union - 27 countries (from 2020)
A,TOTAL,SELF,PT,Y20-64,T,HR,EU27_2020,2023,20.1,European Union - 27 countries (from 2020)
A,TOTAL,SELF,PT,Y20-64,T,HR,EU27_2020,2024,20.2,European Union - 27 countries (from 2020)
A,TOTAL,SELF,PT,Y20-64,T,HR,EU27_2020,2025,20.2,European Union - 27 countries (from 2020)
A,TOTAL,SELF,PT,Y20-64,T,HR,FI,2008,18.3,Finland
A,TOTAL,SELF,PT,Y20-64,T,HR,FI,2009,18.9,Finland
A,TOTAL,SELF,PT,Y20-64,T,HR,FI,2010,19.3,Finland
A,TOTAL,SELF,PT,Y20-64,T,HR,FI,2011,18.8,Finland
A,TOTAL,SELF,PT,Y20-64,T,HR,FI,2012,18.7,Finland
A,TOTAL,SELF,PT,Y20-64,T,HR,FI,2013,17.9,Finland
A,TOTAL,SELF,PT,Y20-64,T,HR,FI,2014,18.5,Finland
A,TOTAL,SELF,PT,Y20-64,T,HR,FI,2015,17.3,Finland
A,TOTAL,SELF,PT,Y20-64,T,HR,FI,2016,17.4,Finland
A,TOTAL,SELF,PT,Y20-64,T,HR,FI,2017,17.1,Finland
A,TOTAL,SELF,PT,Y20-64,T,HR,FI,2018,18.3,Finland
A,TOTAL,SELF,PT,Y20-64,T,HR,FI,2019,16.8,Finland
A,TOTAL,SELF,PT,Y20-64,T,HR,FI,2020,17.7,Finland
A,TOTAL,SELF,PT,Y20-64,T,HR,FI,2021,18.7,Finland
A,TOTAL,SELF,PT,Y20-64,T,HR,FI,2022,17.8,Finland
A,TOTAL,SELF,PT,Y20-64,T,HR,FI,2023,17.4,Finland
A,TOTAL,SELF,PT,Y20-64,T,HR,FI,2024,17.9,Finland
A,TOTAL,SELF,PT,Y20-64,T,HR,FI,2025,17.4,Finland
A,TOTAL,SELF,PT,Y20-64,T,HR,FR,2008,24.3,France
A,TOTAL,SELF,PT,Y20-64,T,HR,FR,2009,23.5,France
A,TOTAL,SELF,PT,Y20-64,T,HR,FR,2010,22.3,France
A,TOTAL,SELF,PT,Y20-64,T,HR,FR,2011,22.2,France
A,TOTAL,SELF,PT,Y20-64,T,HR,FR,2012,22.2,France
A,TOTAL,SELF,PT,Y20-64,T,HR,FR,2013,20.7,France
A,TOTAL,SELF,PT,Y20-64,T,HR,FR,2014,20.8,France
A,TOTAL,SELF,PT,Y20-64,T,HR,FR,2015,20.1,France
A,TOTAL,SELF,PT,Y20-64,T,HR,FR,2016,19.5,France
A,TOTAL,SELF,PT,Y20-64,T,HR,FR,2017,19.9,France
A,TOTAL,SELF,PT,Y20-64,T,HR,FR,2018,20.4,France
A,TOTAL,SELF,PT,Y20-64,T,HR,FR,2019,19.7,France
A,TOTAL,SELF,PT,Y20-64,T,HR,FR,2020,19.4,France
A,TOTAL,SELF,PT,Y20-64,T,HR,FR,2021,20.3,France
A,TOTAL,SELF,PT,Y20-64,T,HR,FR,2022,20.5,France
A,TOTAL,SELF,PT,Y20-64,T,HR,FR,2023,20.8,France
A,TOTAL,SELF,PT,Y20-64,T,HR,FR,2024,20.6,France
A,TOTAL,SELF,PT,Y20-64,T,HR,FR,2025,20.7,France
A,TOTAL,SELF,PT,Y20-64,T,HR,HR,2008,20.6,Croatia
A,TOTAL,SELF,PT,Y20-64,T,HR,HR,2009,20.3,Croatia
A,TOTAL,SELF,PT,Y20-64,T,HR,HR,2010,19.8,Croatia
A,TOTAL,SELF,PT,Y20-64,T,HR,HR,2011,20.1,Croatia
A,TOTAL,SELF,PT,Y20-64,T,HR,HR,2012,19.4,Croatia
A,TOTAL,SELF,PT,Y20-64,T,HR,HR,2013,19.8,Croatia
A,TOTAL,SELF,PT,Y20-64,T,HR,HR,2014,20.1,Croatia
A,TOTAL,SELF,PT,Y20-64,T,HR,HR,2015,19.8,Croatia
A,TOTAL,SELF,PT,Y20-64,T,HR,HR,2016,19.7,Croatia
A,TOTAL,SELF,PT,Y20-64,T,HR,HR,2017,21.5,Croatia
A,TOTAL,SELF,PT,Y20-64,T,HR,HR,2018,19.9,Croatia
A,TOTAL,SELF,PT,Y20-64,T,HR,HR,2019,22.2,Croatia
A,TOTAL,SELF,PT,Y20-64,T,HR,HR,2020,21.4,Croatia
A,TOTAL,SELF,PT,Y20-64,T,HR,HR,2021,20.6,Croatia
A,TOTAL,SELF,PT,Y20-64,T,HR,HR,2022,20.3,Croatia
A,TOTAL,SELF,PT,Y20-64,T,HR,HR,2023,21.2,Croatia
A,TOTAL,SELF,PT,Y20-64,T,HR,HR,2024,20.7,Croatia
A,TOTAL,SELF,PT,Y20-64,T,HR,HR,2025,20.7,Croatia
A,TOTAL,SELF,PT,Y20-64,T,HR,HU,2008,22.2,Hungary
A,TOTAL,SELF,PT,Y20-64,T,HR,HU,2009,21.9,Hungary
A,TOTAL,SELF,PT,Y20-64,T,HR,HU,2010,22.9,Hungary
A,TOTAL,SELF,PT,Y20-64,T,HR,HU,2011,22.4,Hungary
A,TOTAL,SELF,PT,Y20-64,T,HR,HU,2012,20.9,Hungary
A,TOTAL,SELF,PT,Y20-64,T,HR,HU,2013,21.4,Hungary
A,TOTAL,SELF,PT,Y20-64,T,HR,HU,2014,21.0,Hungary
A,TOTAL,SELF,PT,Y20-64,T,HR,HU,2015,20.6,Hungary
A,TOTAL,SELF,PT,Y20-64,T,HR,HU,2016,20.5,Hungary
A,TOTAL,SELF,PT,Y20-64,T,HR,HU,2017,21.1,Hungary
A,TOTAL,SELF,PT,Y20-64,T,HR,HU,2018,20.4,Hungary
A,TOTAL,SELF,PT,Y20-64,T,HR,HU,2019,19.7,Hungary
A,TOTAL,SELF,PT,Y20-64,T,HR,HU,2020,19.5,Hungary
A,TOTAL,SELF,PT,Y20-64,T,HR,HU,2021,20.1,Hungary
A,TOTAL,SELF,PT,Y20-64,T,HR,HU,2022,19.9,Hungary
A,TOTAL,SELF,PT,Y20-64,T,HR,HU,2023,19.2,Hungary
A,TOTAL,SELF,PT,Y20-64,T,HR,HU,2024,20.8,Hungary
A,TOTAL,SELF,PT,Y20-64,T,HR,HU,2025,20.5,Hungary
A,TOTAL,SELF,PT,Y20-64,T,HR,IE,2008,19.3,Ireland
A,TOTAL,SELF,PT,Y20-64,T,HR,IE,2009,19.6,Ireland
A,TOTAL,SELF,PT,Y20-64,T,HR,IE,2010,18.7,Ireland
A,TOTAL,SELF,PT,Y20-64,T,HR,IE,2011,18.8,Ireland
A,TOTAL,SELF,PT,Y20-64,T,HR,IE,2012,19.4,Ireland
A,TOTAL,SELF,PT,Y20-64,T,HR,IE,2013,20.1,Ireland
A,TOTAL,SELF,PT,Y20-64,T,HR,IE,2014,19.5,Ireland
A,TOTAL,SELF,PT,Y20-64,T,HR,IE,2015,19.7,Ireland
A,TOTAL,SELF,PT,Y20-64,T,HR,IE,2016,19.5,Ireland
A,TOTAL,SELF,PT,Y20-64,T,HR,IE,2017,18.5,Ireland
A,TOTAL,SELF,PT,Y20-64,T,HR,IE,2018,18.4,Ireland
A,TOTAL,SELF,PT,Y20-64,T,HR,IE,2019,18.1,Ireland
A,TOTAL,SELF,PT,Y20-64,T,HR,IE,2020,18.2,Ireland
A,TOTAL,SELF,PT,Y20-64,T,HR,IE,2021,19.1,Ireland
A,TOTAL,SELF,PT,Y20-64,T,HR,IE,2022,19.5,Ireland
A,TOTAL,SELF,PT,Y20-64,T,HR,IE,2023,19.3,Ireland
A,TOTAL,SELF,PT,Y20-64,T,HR,IE,2024,19.1,Ireland
A,TOTAL,SELF,PT,Y20-64,T,HR,IE,2025,19.1,Ireland
A,TOTAL,SELF,PT,Y20-64,T,HR,IT,2008,18.7,Italy
A,TOTAL,SELF,PT,Y20-64,T,HR,IT,2009,18.9,Italy
A,TOTAL,SELF,PT,Y20-64,T,HR,IT,2010,19.2,Italy
A,TOTAL,SELF,PT,Y20-64,T,HR,IT,2011,19.4,Italy
A,TOTAL,SELF,PT,Y20-64,T,HR,IT,2012,18.9,Italy
A,TOTAL,SELF,PT,Y20-64,T,HR,IT,2013,18.5,Italy
A,TOTAL,SELF,PT,Y20-64,T,HR,IT,2014,18.6,Italy
A,TOTAL,SELF,PT,Y20-64,T,HR,IT,2015,18.6,Italy
A,TOTAL,SELF,PT,Y20-64,T,HR,IT,2016,18.8,Italy
A,TOTAL,SELF,PT,Y20-64,T,HR,IT,2017,18.9,Italy
A,TOTAL,SELF,PT,Y20-64,T,HR,IT,2018,19.0,Italy
A,TOTAL,SELF,PT,Y20-64,T,HR,IT,2019,19.2,Italy
A,TOTAL,SELF,PT,Y20-64,T,HR,IT,2020,18.9,Italy
A,TOTAL,SELF,PT,Y20-64,T,HR,IT,2021,19.0,Italy
A,TOTAL,SELF,PT,Y20-64,T,HR,IT,2022,19.9,Italy
A,TOTAL,SELF,PT,Y20-64,T,HR,IT,2023,19.1,Italy
A,TOTAL,SELF,PT,Y20-64,T,HR,IT,2024,20.2,Italy
A,TOTAL,SELF,PT,Y20-64,T,HR,IT,2025,21.2,Italy
A,TOTAL,SELF,PT,Y20-64,T,HR,LT,2008,26.4,Lithuania
A,TOTAL,SELF,PT,Y20-64,T,HR,LT,2009,26.1,Lithuania
A,TOTAL,SELF,PT,Y20-64,T,HR,LT,2010,25.6,Lithuania
A,TOTAL,SELF,PT,Y20-64,T,HR,LT,2011,25.5,Lithuania
A,TOTAL,SELF,PT,Y20-64,T,HR,LT,2012,25.3,Lithuania
A,TOTAL,SELF,PT,Y20-64,T,HR,LT,2013,25.2,Lithuania
A,TOTAL,SELF,PT,Y20-64,T,HR,LT,2014,24.3,Lithuania
A,TOTAL,SELF,PT,Y20-64,T,HR,LT,2015,23.0,Lithuania
A,TOTAL,SELF,PT,Y20-64,T,HR,LT,2016,23.3,Lithuania
A,TOTAL,SELF,PT,Y20-64,T,HR,LT,2017,23.7,Lithuania
A,TOTAL,SELF,PT,Y20-64,T,HR,LT,2018,23.2,Lithuania
A,TOTAL,SELF,PT,Y20-64,T,HR,LT,2019,22.6,Lithuania
A,TOTAL,SELF,PT,Y20-64,T,HR,LT,2020,22.1,Lithuania
A,TOTAL,SELF,PT,Y20-64,T,HR,LT,2021,21.9,Lithuania
A,TOTAL,SELF,PT,Y20-64,T,HR,LT,2022,21.8,Lithuania
A,TOTAL,SELF,PT,Y20-64,T,HR,LT,2023,20.1,Lithuania
A,TOTAL,SELF,PT,Y20-64,T,HR,LT,2024,21.5,Lithuania
A,TOTAL,SELF,PT,Y20-64,T,HR,LT,2025,19.7,Lithuania
A,TOTAL,SELF,PT,Y20-64,T,HR,LU,2008,20.1,Luxembourg
A,TOTAL,SELF,PT,Y20-64,T,HR,LU,2009,20.0,Luxembourg
A,TOTAL,SELF,PT,Y20-64,T,HR,LU,2010,17.5,Luxembourg
A,TOTAL,SELF,PT,Y20-64,T,HR,LU,2011,17.7,Luxembourg
A,TOTAL,SELF,PT,Y20-64,T,HR,LU,2012,16.6,Luxembourg
A,TOTAL,SELF,PT,Y20-64,T,HR,LU,2013,18.3,Luxembourg
A,TOTAL,SELF,PT,Y20-64,T,HR,LU,2014,19.8,Luxembourg
A,TOTAL,SELF,PT,Y20-64,T,HR,LU,2015,19.4,Luxembourg
A,TOTAL,SELF,PT,Y20-64,T,HR,LU,2016,19.5,Luxembourg
A,TOTAL,SELF,PT,Y20-64,T,HR,LU,2017,17.8,Luxembourg
A,TOTAL,SELF,PT,Y20-64,T,HR,LU,2018,18.7,Luxembourg
A,TOTAL,SELF,PT,Y20-64,T,HR,LU,2019,21.9,Luxembourg
A,TOTAL,SELF,PT,Y20-64,T,HR,LU,2020,19.8,Luxembourg
A,TOTAL,SELF,PT,Y20-64,T,HR,LU,2021,19.5,Luxembourg
A,TOTAL,SELF,PT,Y20-64,T,HR,LU,2022,18.1,Luxembourg
A,TOTAL,SELF,PT,Y20-64,T,HR,LU,2023,18.2,Luxembourg
A,TOTAL,SELF,PT,Y20-64,T,HR,LU,2024,17.7,Luxembourg
A,TOTAL,SELF,PT,Y20-64,T,HR,LV,2008,22.0,Latvia
A,TOTAL,SELF,PT,Y20-64,T,HR,LV,2009,22.5,Latvia
A,TOTAL,SELF,PT,Y20-64,T,HR,LV,2010,21.6,Latvia
A,TOTAL,SELF,PT,Y20-64,T,HR,LV,2011,21.2,Latvia
A,TOTAL,SELF,PT,Y20-64,T,HR,LV,2012,21.0,Latvia
A,TOTAL,SELF,PT,Y20-64,T,HR,LV,2013,21.3,Latvia
A,TOTAL,SELF,PT,Y20-64,T,HR,LV,2014,20.9,Latvia
A,TOTAL,SELF,PT,Y20-64,T,HR,LV,2015,18.7,Latvia
A,TOTAL,SELF,PT,Y20-64,T,HR,LV,2016,21.4,Latvia
A,TOTAL,SELF,PT,Y20-64,T,HR,LV,2017,21.3,Latvia
A,TOTAL,SELF,PT,Y20-64,T,HR,LV,2018,19.0,Latvia
A,TOTAL,SELF,PT,Y20-64,T,HR,LV,2019,19.2,Latvia
A,TOTAL,SELF,PT,Y20-64,T,HR,LV,2020,19.8,Latvia
A,TOTAL,SELF,PT,Y20-64,T,HR,LV,2021,20.6,Latvia
A,TOTAL,SELF,PT,Y20-64,T,HR,LV,2022,20.5,Latvia
A,TOTAL,SELF,PT,Y20-64,T,HR,LV,2023,19.8,Latvia
A,TOTAL,SELF,PT,Y20-64,T,HR,LV,2024,19.2,Latvia
A,TOTAL,SELF,PT,Y20-64,T,HR,LV,2025,19.1,Latvia
A,TOTAL,SELF,PT,Y20-64,T,HR,MT,2008,20.0,Malta
A,TOTAL,SELF,PT,Y20-64,T,HR,MT,2009,20.3,Malta
A,TOTAL,SELF,PT,Y20-64,T,HR,MT,2010,19.3,Malta
A,TOTAL,SELF,PT,Y20-64,T,HR,MT,2011,19.6,Malta
A,TOTAL,SELF,PT,Y20-64,T,HR,MT,2012,20.9,Malta
A,TOTAL,SELF,PT,Y20-64,T,HR,MT,2013,21.1,Malta
A,TOTAL,SELF,PT,Y20-64,T,HR,MT,2014,20.9,Malta
A,TOTAL,SELF,PT,Y20-64,T,HR,MT,2015,21.8,Malta
A,TOTAL,SELF,PT,Y20-64,T,HR,MT,2016,22.6,Malta
A,TOTAL,SELF,PT,Y20-64,T,HR,MT,2017,24.1,Malta
A,TOTAL,SELF,PT,Y20-64,T,HR,MT,2018,22.6,Malta
A,TOTAL,SELF,PT,Y20-64,T,HR,MT,2019,21.4,Malta
A,TOTAL,SELF,PT,Y20-64,T,HR,MT,2020,18.1,Malta
A,TOTAL,SELF,PT,Y20-64,T,HR,MT,2021,21.6,Malta
A,TOTAL,SELF,PT,Y20-64,T,HR,MT,2022,19.7,Malta
A,TOTAL,SELF,PT,Y20-64,T,HR,MT,2023,22.2,Malta
A,TOTAL,SELF,PT,Y20-64,T,HR,MT,2024,22.4,Malta
A,TOTAL,SELF,PT,Y20-64,T,HR,MT,2025,21.8,Malta
A,TOTAL,SELF,PT,Y20-64,T,HR,NL,2008,20.2,Netherlands
A,TOTAL,SELF,PT,Y20-64,T,HR,NL,2009,20.4,Netherlands
A,TOTAL,SELF,PT,Y20-64,T,HR,NL,2010,20.9,Netherlands
A,TOTAL,SELF,PT,Y20-64,T,HR,NL,2011,21.1,Netherlands
A,TOTAL,SELF,PT,Y20-64,T,HR,NL,2012,21.1,Netherlands
A,TOTAL,SELF,PT,Y20-64,T,HR,NL,2013,20.8,Netherlands
A,TOTAL,SELF,PT,Y20-64,T,HR,NL,2014,20.9,Netherlands
A,TOTAL,SELF,PT,Y20-64,T,HR,NL,2015,21.2,Netherlands
A,TOTAL,SELF,PT,Y20-64,T,HR,NL,2016,21.7,Netherlands
A,TOTAL,SELF,PT,Y20-64,T,HR,NL,2017,21.8,Netherlands
A,TOTAL,SELF,PT,Y20-64,T,HR,NL,2018,21.6,Netherlands
A,TOTAL,SELF,PT,Y20-64,T,HR,NL,2019,22.1,Netherlands
A,TOTAL,SELF,PT,Y20-64,T,HR,NL,2020,21.3,Netherlands
A,TOTAL,SELF,PT,Y20-64,T,HR,NL,2021,21.0,Netherlands
A,TOTAL,SELF,PT,Y20-64,T,HR,NL,2022,22.5,Netherlands
A,TOTAL,SELF,PT,Y20-64,T,HR,NL,2023,22.3,Netherlands
A,TOTAL,SELF,PT,Y20-64,T,HR,NL,2024,22.3,Netherlands
A,TOTAL,SELF,PT,Y20-64,T,HR,NL,2025,21.9,Netherlands
A,TOTAL,SELF,PT,Y20-64,T,HR,PL,2008,21.1,Poland
A,TOTAL,SELF,PT,Y20-64,T,HR,PL,2009,20.4,Poland
A,TOTAL,SELF,PT,Y20-64,T,HR,PL,2010,19.9,Poland
A,TOTAL,SELF,PT,Y20-64,T,HR,PL,2011,20.0,Poland
A,TOTAL,SELF,PT,Y20-64,T,HR,PL,2012,19.7,Poland
A,TOTAL,SELF,PT,Y20-64,T,HR,PL,2013,20.2,Poland
A,TOTAL,SELF,PT,Y20-64,T,HR,PL,2014,20.2,Poland
A,TOTAL,SELF,PT,Y20-64,T,HR,PL,2015,20.6,Poland
A,TOTAL,SELF,PT,Y20-64,T,HR,PL,2016,19.7,Poland
A,TOTAL,SELF,PT,Y20-64,T,HR,PL,2017,20.2,Poland
A,TOTAL,SELF,PT,Y20-64,T,HR,PL,2018,20.0,Poland
A,TOTAL,SELF,PT,Y20-64,T,HR,PL,2019,19.5,Poland
A,TOTAL,SELF,PT,Y20-64,T,HR,PL,2020,19.7,Poland
A,TOTAL,SELF,PT,Y20-64,T,HR,PL,2021,21.2,Poland
A,TOTAL,SELF,PT,Y20-64,T,HR,PL,2022,21.4,Poland
A,TOTAL,SELF,PT,Y20-64,T,HR,PL,2023,21.4,Poland
A,TOTAL,SELF,PT,Y20-64,T,HR,PL,2024,20.9,Poland
A,TOTAL,SELF,PT,Y20-64,T,HR,PL,2025,19.7,Poland
A,TOTAL,SELF,PT,Y20-64,T,HR,PT,2008,19.2,Portugal
A,TOTAL,SELF,PT,Y20-64,T,HR,PT,2009,19.1,Portugal
A,TOTAL,SELF,PT,Y20-64,T,HR,PT,2010,18.7,Portugal
A,TOTAL,SELF,PT,Y20-64,T,HR,PT,2011,15.7,Portugal
A,TOTAL,SELF,PT,Y20-64,T,HR,PT,2012,15.4,Portugal
A,TOTAL,SELF,PT,Y20-64,T,HR,PT,2013,15.9,Portugal
A,TOTAL,SELF,PT,Y20-64,T,HR,PT,2014,14.9,Portugal
A,TOTAL,SELF,PT,Y20-64,T,HR,PT,2015,15.6,Portugal
A,TOTAL,SELF,PT,Y20-64,T,HR,PT,2016,15.3,Portugal
A,TOTAL,SELF,PT,Y20-64,T,HR,PT,2017,15.9,Portugal
A,TOTAL,SELF,PT,Y20-64,T,HR,PT,2018,15.9,Portugal
A,TOTAL,SELF,PT,Y20-64,T,HR,PT,2019,16.8,Portugal
A,TOTAL,SELF,PT,Y20-64,T,HR,PT,2020,15.3,Portugal
A,TOTAL,SELF,PT,Y20-64,T,HR,PT,2021,17.2,Portugal
A,TOTAL,SELF,PT,Y20-64,T,HR,PT,2022,18.4,Portugal
A,TOTAL,SELF,PT,Y20-64,T,HR,PT,2023,17.4,Portugal
A,TOTAL,SELF,PT,Y20-64,T,HR,PT,2024,18.0,Portugal
A,TOTAL,SELF,PT,Y20-64,T,HR,PT,2025,18.2,Portugal
A,TOTAL,SELF,PT,Y20-64,T,HR,RO,2008,28.1,Romania
A,TOTAL,SELF,PT,Y20-64,T,HR,RO,2009,28.7,Romania
A,TOTAL,SELF,PT,Y20-64,T,HR,RO,2010,27.9,Romania
A,TOTAL,SELF,PT,Y20-64,T,HR,RO,2011,27.5,Romania
A,TOTAL,SELF,PT,Y20-64,T,HR,RO,2012,28.0,Romania
A,TOTAL,SELF,PT,Y20-64,T,HR,RO,2013,27.6,Romania
A,TOTAL,SELF,PT,Y20-64,T,HR,RO,2014,27.0,Romania
A,TOTAL,SELF,PT,Y20-64,T,HR,RO,2015,25.6,Romania
A,TOTAL,SELF,PT,Y20-64,T,HR,RO,2016,26.2,Romania
A,TOTAL,SELF,PT,Y20-64,T,HR,RO,2017,25.9,Romania
A,TOTAL,SELF,PT,Y20-64,T,HR,RO,2018,25.4,Romania
A,TOTAL,SELF,PT,Y20-64,T,HR,RO,2019,25.6,Romania
A,TOTAL,SELF,PT,Y20-64,T,HR,RO,2020,25.6,Romania
A,TOTAL,SELF,PT,Y20-64,T,HR,RO,2021,27.5,Romania
A,TOTAL,SELF,PT,Y20-64,T,HR,RO,2022,27.9,Romania
A,TOTAL,SELF,PT,Y20-64,T,HR,RO,2023,27.2,Romania
A,TOTAL,SELF,PT,Y20-64,T,HR,RO,2024,26.2,Romania
A,TOTAL,SELF,PT,Y20-64,T,HR,RO,2025,25.6,Romania
A,TOTAL,SELF,PT,Y20-64,T,HR,SE,2008,21.4,Sweden
A,TOTAL,SELF,PT,Y20-64,T,HR,SE,2009,21.4,Sweden
A,TOTAL,SELF,PT,Y20-64,T,HR,SE,2010,21.6,Sweden
A,TOTAL,SELF,PT,Y20-64,T,HR,SE,2011,21.6,Sweden
A,TOTAL,SELF,PT,Y20-64,T,HR,SE,2012,21.6,Sweden
A,TOTAL,SELF,PT,Y20-64,T,HR,SE,2013,21.2,Sweden
A,TOTAL,SELF,PT,Y20-64,T,HR,SE,2014,21.8,Sweden
A,TOTAL,SELF,PT,Y20-64,T,HR,SE,2015,21.5,Sweden
A,TOTAL,SELF,PT,Y20-64,T,HR,SE,2016,21.8,Sweden
A,TOTAL,SELF,PT,Y20-64,T,HR,SE,2017,22.2,Sweden
A,TOTAL,SELF,PT,Y20-64,T,HR,SE,2018,22.1,Sweden
A,TOTAL,SELF,PT,Y20-64,T,HR,SE,2019,21.8,Sweden
A,TOTAL,SELF,PT,Y20-64,T,HR,SE,2020,21.5,Sweden
A,TOTAL,SELF,PT,Y20-64,T,HR,SE,2021,21.1,Sweden
A,TOTAL,SELF,PT,Y20-64,T,HR,SE,2022,21.7,Sweden
A,TOTAL,SELF,PT,Y20-64,T,HR,SE,2023,21.0,Sweden
A,TOTAL,SELF,PT,Y20-64,T,HR,SE,2024,20.4,Sweden
A,TOTAL,SELF,PT,Y20-64,T,HR,SE,2025,20.4,Sweden
A,TOTAL,SELF,PT,Y20-64,T,HR,SI,2008,22.9,Slovenia
A,TOTAL,SELF,PT,Y20-64,T,HR,SI,2009,21.5,Slovenia
A,TOTAL,SELF,PT,Y20-64,T,HR,SI,2010,21.6,Slovenia
A,TOTAL,SELF,PT,Y20-64,T,HR,SI,2011,22.5,Slovenia
A,TOTAL,SELF,PT,Y20-64,T,HR,SI,2012,21.4,Slovenia
A,TOTAL,SELF,PT,Y20-64,T,HR,SI,2013,19.4,Slovenia
A,TOTAL,SELF,PT,Y20-64,T,HR,SI,2014,21.1,Slovenia
A,TOTAL,SELF,PT,Y20-64,T,HR,SI,2015,21.5,Slovenia
A,TOTAL,SELF,PT,Y20-64,T,HR,SI,2016,21.1,Slovenia
A,TOTAL,SELF,PT,Y20-64,T,HR,SI,2017,20.9,Slovenia
A,TOTAL,SELF,PT,Y20-64,T,HR,SI,2018,21.0,Slovenia
A,TOTAL,SELF,PT,Y20-64,T,HR,SI,2019,20.3,Slovenia
A,TOTAL,SELF,PT,Y20-64,T,HR,SI,2020,21.3,Slovenia
A,TOTAL,SELF,PT,Y20-64,T,HR,SI,2021,23.2,Slovenia
A,TOTAL,SELF,PT,Y20-64,T,HR,SI,2022,21.4,Slovenia
A,TOTAL,SELF,PT,Y20-64,T,HR,SI,2023,20.7,Slovenia
A,TOTAL,SELF,PT,Y20-64,T,HR,SI,2024,21.1,Slovenia
A,TOTAL,SELF,PT,Y20-64,T,HR,SI,2025,21.9,Slovenia
A,TOTAL,SELF,PT,Y20-64,T,HR,SK,2008,20.3,Slovakia
A,TOTAL,SELF,PT,Y20-64,T,HR,SK,2009,21.0,Slovakia
A,TOTAL,SELF,PT,Y20-64,T,HR,SK,2010,21.6,Slovakia
A,TOTAL,SELF,PT,Y20-64,T,HR,SK,2011,22.4,Slovakia
A,TOTAL,SELF,PT,Y20-64,T,HR,SK,2012,21.0,Slovakia
A,TOTAL,SELF,PT,Y20-64,T,HR,SK,2013,21.9,Slovakia
A,TOTAL,SELF,PT,Y20-64,T,HR,SK,2014,21.9,Slovakia
A,TOTAL,SELF,PT,Y20-64,T,HR,SK,2015,20.3,Slovakia
A,TOTAL,SELF,PT,Y20-64,T,HR,SK,2016,20.5,Slovakia
A,TOTAL,SELF,PT,Y20-64,T,HR,SK,2017,19.5,Slovakia
A,TOTAL,SELF,PT,Y20-64,T,HR,SK,2018,20.8,Slovakia
A,TOTAL,SELF,PT,Y20-64,T,HR,SK,2019,22.1,Slovakia
A,TOTAL,SELF,PT,Y20-64,T,HR,SK,2020,19.6,Slovakia
A,TOTAL,SELF,PT,Y20-64,T,HR,SK,2021,19.3,Slovakia
A,TOTAL,SELF,PT,Y20-64,T,HR,SK,2022,21.2,Slovakia
A,TOTAL,SELF,PT,Y20-64,T,HR,SK,2023,21.3,Slovakia
A,TOTAL,SELF,PT,Y20-64,T,HR,SK,2024,21.9,Slovakia
A,TOTAL,SELF,PT,Y20-64,T,HR,SK,2025,21.4,Slovakia
A,TOTAL,SELF,TOTAL,Y20-64,T,HR,AT,2008,48.9,Austria
A,TOTAL,SELF,TOTAL,Y20-64,T,HR,AT,2009,47.4,Austria
A,TOTAL,SELF,TOTAL,Y20-64,T,HR,AT,2010,46.3,Austria
A,TOTAL,SELF,TOTAL,Y20-64,T,HR,AT,2011,47.1,Austria
A,TOTAL,SELF,TOTAL,Y20-64,T,HR,AT,2012,46.3,Austria
A,TOTAL,SELF,TOTAL,Y20-64,T,HR,AT,2013,44.9,Austria
A,TOTAL,SELF,TOTAL,Y20-64,T,HR,AT,2014,44.5,Austria
A,TOTAL,SELF,TOTAL,Y20-64,T,HR,AT,2015,43.9,Austria
A,TOTAL,SELF,TOTAL,Y20-64,T,HR,AT,2016,44.3,Austria
A,TOTAL,SELF,TOTAL,Y20-64,T,HR,AT,2017,44.1,Austria
A,TOTAL,SELF,TOTAL,Y20-64,T,HR,AT,2018,44.3,Austria
A,TOTAL,SELF,TOTAL,Y20-64,T,HR,AT,2019,43.4,Austria
A,TOTAL,SELF,TOTAL,Y20-64,T,HR,AT,2020,41.8,Austria
A,TOTAL,SELF,TOTAL,Y20-64,T,HR,AT,2021,41.2,Austria
A,TOTAL,SELF,TOTAL,Y20-64,T,HR,AT,2022,41.1,Austria
A,TOTAL,SELF,TOTAL,Y20-64,T,HR,AT,2023,40.5,Austria
A,TOTAL,SELF,TOTAL,Y20-64,T,HR,AT,2024,40.8,Austria
A,TOTAL,SELF,TOTAL,Y20-64,T,HR,AT,2025,41.1,Austria
A,TOTAL,SELF,TOTAL,Y20-64,T,HR,BE,2008,52.1,Belgium
A,TOTAL,SELF,TOTAL,Y20-64,T,HR,BE,2009,52.1,Belgium
A,TOTAL,SELF,TOTAL,Y20-64,T,HR,BE,2010,52.4,Belgium
A,TOTAL,SELF,TOTAL,Y20-64,T,HR,BE,2011,53.0,Belgium
A,TOTAL,SELF,TOTAL,Y20-64,T,HR,BE,2012,52.5,Belgium
A,TOTAL,SELF,TOTAL,Y20-64,T,HR,BE,2013,53.0,Belgium
A,TOTAL,SELF,TOTAL,Y20-64,T,HR,BE,2014,51.9,Belgium
A,TOTAL,SELF,TOTAL,Y20-64,T,HR,BE,2015,52.3,Belgium
A,TOTAL,SELF,TOTAL,Y20-64,T,HR,BE,2016,51.1,Belgium
A,TOTAL,SELF,TOTAL,Y20-64,T,HR,BE,2017,48.2,Belgium
A,TOTAL,SELF,TOTAL,Y20-64,T,HR,BE,2018,47.6,Belgium
A,TOTAL,SELF,TOTAL,Y20-64,T,HR,BE,2019,47.6,Belgium
A,TOTAL,SELF,TOTAL,Y20-64,T,HR,BE,2020,44.7,Belgium
A,TOTAL,SELF,TOTAL,Y20-64,T,HR,BE,2021,44.4,Belgium
A,TOTAL,SELF,TOTAL,Y20-64,T,HR,BE,2022,44.2,Belgium
A,TOTAL,SELF,TOTAL,Y20-64,T,HR,BE,2023,43.8,Belgium
A,TOTAL,SELF,TOTAL,Y20-64,T,HR,BE,2024,43.2,Belgium
A,TOTAL,SELF,TOTAL,Y20-64,T,HR,BE,2025,43.0,Belgium
A,TOTAL,SELF,TOTAL,Y20-64,T,HR,BG,2008,44.8,Bulgaria
A,TOTAL,SELF,TOTAL,Y20-64,T,HR,BG,2009,43.8,Bulgaria
A,TOTAL,SELF,TOTAL,Y20-64,T,HR,BG,2010,43.3,Bulgaria
A,TOTAL,SELF,TOTAL,Y20-64,T,HR,BG,2011,43.1,Bulgaria
A,TOTAL,SELF,TOTAL,Y20-64,T,HR,BG,2012,43.3,Bulgaria
A,TOTAL,SELF,TOTAL,Y20-64,T,HR,BG,2013,42.8,Bulgaria
A,TOTAL,SELF,TOTAL,Y20-64,T,HR,BG,2014,42.7,Bulgaria
A,TOTAL,SELF,TOTAL,Y20-64,T,HR,BG,2015,42.4,Bulgaria
A,TOTAL,SELF,TOTAL,Y20-64,T,HR,BG,2016,42.2,Bulgaria
A,TOTAL,SELF,TOTAL,Y20-64,T,HR,BG,2017,41.8,Bulgaria
A,TOTAL,SELF,TOTAL,Y20-64,T,HR,BG,2018,41.7,Bulgaria
A,TOTAL,SELF,TOTAL,Y20-64,T,HR,BG,2019,41.3,Bulgaria
A,TOTAL,SELF,TOTAL,Y20-64,T,HR,BG,2020,40.7,Bulgaria
A,TOTAL,SELF,TOTAL,Y20-64,T,HR,BG,2021,41.1,Bulgaria
A,TOTAL,SELF,TOTAL,Y20-64,T,HR,BG,2022,40.6,Bulgaria
A,TOTAL,SELF,TOTAL,Y20-64,T,HR,BG,2023,40.1,Bulgaria
A,TOTAL,SELF,TOTAL,Y20-64,T,HR,BG,2024,39.9,Bulgaria
A,TOTAL,SELF,TOTAL,Y20-64,T,HR,BG,2025,39.2,Bulgaria
A,TOTAL,SELF,TOTAL,Y20-64,T,HR,CY,2008,43.2,Cyprus
A,TOTAL,SELF,TOTAL,Y20-64,T,HR,CY,2009,42.9,Cyprus
A,TOTAL,SELF,TOTAL,Y20-64,T,HR,CY,2010,42.0,Cyprus
A,TOTAL,SELF,TOTAL,Y20-64,T,HR,CY,2011,40.6,Cyprus
A,TOTAL,SELF,TOTAL,Y20-64,T,HR,CY,2012,40.1,Cyprus
A,TOTAL,SELF,TOTAL,Y20-64,T,HR,CY,2013,38.7,Cyprus
A,TOTAL,SELF,TOTAL,Y20-64,T,HR,CY,2014,36.6,Cyprus
A,TOTAL,SELF,TOTAL,Y20-64,T,HR,CY,2015,35.4,Cyprus
A,TOTAL,SELF,TOTAL,Y20-64,T,HR,CY,2016,35.5,Cyprus
A,TOTAL,SELF,TOTAL,Y20-64,T,HR,CY,2017,35.5,Cyprus
A,TOTAL,SELF,TOTAL,Y20-64,T,HR,CY,2018,36.1,Cyprus
A,TOTAL,SELF,TOTAL,Y20-64,T,HR,CY,2019,35.7,Cyprus
A,TOTAL,SELF,TOTAL,Y20-64,T,HR,CY,2020,35.1,Cyprus
A,TOTAL,SELF,TOTAL,Y20-64,T,HR,CY,2021,33.5,Cyprus
A,TOTAL,SELF,TOTAL,Y20-64,T,HR,CY,2022,33.5,Cyprus
A,TOTAL,SELF,TOTAL,Y20-64,T,HR,CY,2023,35.8,Cyprus
A,TOTAL,SELF,TOTAL,Y20-64,T,HR,CY,2024,36.2,Cyprus
A,TOTAL,SELF,TOTAL,Y20-64,T,HR,CY,2025,35.3,Cyprus
A,TOTAL,SELF,TOTAL,Y20-64,T,HR,CZ,2008,48.5,Czechia
A,TOTAL,SELF,TOTAL,Y20-64,T,HR,CZ,2009,46.6,Czechia
A,TOTAL,SELF,TOTAL,Y20-64,T,HR,CZ,2010,46.2,Czechia
A,TOTAL,SELF,TOTAL,Y20-64,T,HR,CZ,2011,45.6,Czechia
A,TOTAL,SELF,TOTAL,Y20-64,T,HR,CZ,2012,44.6,Czechia
A,TOTAL,SELF,TOTAL,Y20-64,T,HR,CZ,2013,43.4,Czechia
A,TOTAL,SELF,TOTAL,Y20-64,T,HR,CZ,2014,43.3,Czechia
A,TOTAL,SELF,TOTAL,Y20-64,T,HR,CZ,2015,43.6,Czechia
A,TOTAL,SELF,TOTAL,Y20-64,T,HR,CZ,2016,43.8,Czechia
A,TOTAL,SELF,TOTAL,Y20-64,T,HR,CZ,2017,43.3,Czechia
A,TOTAL,SELF,TOTAL,Y20-64,T,HR,CZ,2018,43.3,Czechia
A,TOTAL,SELF,TOTAL,Y20-64,T,HR,CZ,2019,42.8,Czechia
A,TOTAL,SELF,TOTAL,Y20-64,T,HR,CZ,2020,40.5,Czechia
A,TOTAL,SELF,TOTAL,Y20-64,T,HR,CZ,2021,40.7,Czechia
A,TOTAL,SELF,TOTAL,Y20-64,T,HR,CZ,2022,41.0,Czechia
A,TOTAL,SELF,TOTAL,Y20-64,T,HR,CZ,2023,40.8,Czechia
A,TOTAL,SELF,TOTAL,Y20-64,T,HR,CZ,2024,41.0,Czechia
A,TOTAL,SELF,TOTAL,Y20-64,T,HR,CZ,2025,40.7,Czechia
A,TOTAL,SELF,TOTAL,Y20-64,T,HR,DE,2008,45.6,Germany
A,TOTAL,SELF,TOTAL,Y20-64,T,HR,DE,2009,44.7,Germany
A,TOTAL,SELF,TOTAL,Y20-64,T,HR,DE,2010,44.6,Germany
A,TOTAL,SELF,TOTAL,Y20-64,T,HR,DE,2011,44.4,Germany
A,TOTAL,SELF,TOTAL,Y20-64,T,HR,DE,2012,44.1,Germany
A,TOTAL,SELF,TOTAL,Y20-64,T,HR,DE,2013,43.6,Germany
A,TOTAL,SELF,TOTAL,Y20-64,T,HR,DE,2014,43.5,Germany
A,TOTAL,SELF,TOTAL,Y20-64,T,HR,DE,2015,43.3,Germany
A,TOTAL,SELF,TOTAL,Y20-64,T,HR,DE,2016,43.1,Germany
A,TOTAL,SELF,TOTAL,Y20-64,T,HR,DE,2017,42.5,Germany
A,TOTAL,SELF,TOTAL,Y20-64,T,HR,DE,2018,42.5,Germany
A,TOTAL,SELF,TOTAL,Y20-64,T,HR,DE,2019,42.3,Germany
A,TOTAL,SELF,TOTAL,Y20-64,T,HR,DE,2020,38.4,Germany
A,TOTAL,SELF,TOTAL,Y20-64,T,HR,DE,2021,40.4,Germany
A,TOTAL,SELF,TOTAL,Y20-64,T,HR,DE,2022,40.4,Germany
A,TOTAL,SELF,TOTAL,Y20-64,T,HR,DE,2023,39.7,Germany
A,TOTAL,SELF,TOTAL,Y20-64,T,HR,DE,2024,39.5,Germany
A,TOTAL,SELF,TOTAL,Y20-64,T,HR,DE,2025,39.2,Germany
A,TOTAL,SELF,TOTAL,Y20-64,T,HR,DK,2008,44.9,Denmark
A,TOTAL,SELF,TOTAL,Y20-64,T,HR,DK,2009,43.9,Denmark
A,TOTAL,SELF,TOTAL,Y20-64,T,HR,DK,2010,44.4,Denmark
A,TOTAL,SELF,TOTAL,Y20-64,T,HR,DK,2011,45.5,Denmark
A,TOTAL,SELF,TOTAL,Y20-64,T,HR,DK,2012,45.2,Denmark
A,TOTAL,SELF,TOTAL,Y20-64,T,HR,DK,2013,45.1,Denmark
A,TOTAL,SELF,TOTAL,Y20-64,T,HR,DK,2014,44.2,Denmark
A,TOTAL,SELF,TOTAL,Y20-64,T,HR,DK,2015,44.6,Denmark
A,TOTAL,SELF,TOTAL,Y20-64,T,HR,DK,2016,43.0,Denmark
A,TOTAL,SELF,TOTAL,Y20-64,T,HR,DK,2017,43.7,Denmark
A,TOTAL,SELF,TOTAL,Y20-64,T,HR,DK,2018,42.8,Denmark
A,TOTAL,SELF,TOTAL,Y20-64,T,HR,DK,2019,41.8,Denmark
A,TOTAL,SELF,TOTAL,Y20-64,T,HR,DK,2020,41.4,Denmark
A,TOTAL,SELF,TOTAL,Y20-64,T,HR,DK,2021,43.2,Denmark
A,TOTAL,SELF,TOTAL,Y20-64,T,HR,DK,2022,42.0,Denmark
A,TOTAL,SELF,TOTAL,Y20-64,T,HR,DK,2023,40.4,Denmark
A,TOTAL,SELF,TOTAL,Y20-64,T,HR,DK,2024,38.9,Denmark
A,TOTAL,SELF,TOTAL,Y20-64,T,HR,DK,2025,39.3,Denmark
A,TOTAL,SELF,TOTAL,Y20-64,T,HR,EE,2008,39.7,Estonia
A,TOTAL,SELF,TOTAL,Y20-64,T,HR,EE,2009,37.7,Estonia
A,TOTAL,SELF,TOTAL,Y20-64,T,HR,EE,2010,38.6,Estonia
A,TOTAL,SELF,TOTAL,Y20-64,T,HR,EE,2011,38.2,Estonia
A,TOTAL,SELF,TOTAL,Y20-64,T,HR,EE,2012,39.2,Estonia
A,TOTAL,SELF,TOTAL,Y20-64,T,HR,EE,2013,37.3,Estonia
A,TOTAL,SELF,TOTAL,Y20-64,T,HR,EE,2014,37.5,Estonia
A,TOTAL,SELF,TOTAL,Y20-64,T,HR,EE,2015,37.4,Estonia
A,TOTAL,SELF,TOTAL,Y20-64,T,HR,EE,2016,38.4,Estonia
A,TOTAL,SELF,TOTAL,Y20-64,T,HR,EE,2017,37.8,Estonia
A,TOTAL,SELF,TOTAL,Y20-64,T,HR,EE,2018,37.6,Estonia
A,TOTAL,SELF,TOTAL,Y20-64,T,HR,EE,2019,37.6,Estonia
A,TOTAL,SELF,TOTAL,Y20-64,T,HR,EE,2020,35.8,Estonia
A,TOTAL,SELF,TOTAL,Y20-64,T,HR,EE,2021,36.0,Estonia
A,TOTAL,SELF,TOTAL,Y20-64,T,HR,EE,2022,35.6,Estonia
A,TOTAL,SELF,TOTAL,Y20-64,T,HR,EE,2023,34.9,Estonia
A,TOTAL,SELF,TOTAL,Y20-64,T,HR,EE,2024,34.8,Estonia
A,TOTAL,SELF,TOTAL,Y20-64,T,HR,EE,2025,35.1,Estonia
A,TOTAL,SELF,TOTAL,Y20-64,T,HR,EL,2008,46.0,Greece
A,TOTAL,SELF,TOTAL,Y20-64,T,HR,EL,2009,46.0,Greece
A,TOTAL,SELF,TOTAL,Y20-64,T,HR,EL,2010,46.0,Greece
A,TOTAL,SELF,TOTAL,Y20-64,T,HR,EL,2011,45.9,Greece
A,TOTAL,SELF,TOTAL,Y20-64,T,HR,EL,2012,46.0,Greece
A,TOTAL,SELF,TOTAL,Y20-64,T,HR,EL,2013,46.3,Greece
A,TOTAL,SELF,TOTAL,Y20-64,T,HR,EL,2014,46.2,Greece
A,TOTAL,SELF,TOTAL,Y20-64,T,HR,EL,2015,46.4,Greece
A,TOTAL,SELF,TOTAL,Y20-64,T,HR,EL,2016,46.6,Greece
A,TOTAL,SELF,TOTAL,Y20-64,T,HR,EL,2017,46.4,Greece
A,TOTAL,SELF,TOTAL,Y20-64,T,HR,EL,2018,46.4,Greece
A,TOTAL,SELF,TOTAL,Y20-64,T,HR,EL,2019,46.6,Greece
A,TOTAL,SELF,TOTAL,Y20-64,T,HR,EL,2020,45.6,Greece
A,TOTAL,SELF,TOTAL,Y20-64,T,HR,EL,2021,45.5,Greece
A,TOTAL,SELF,TOTAL,Y20-64,T,HR,EL,2022,45.5,Greece
A,TOTAL,SELF,TOTAL,Y20-64,T,HR,EL,2023,44.7,Greece
A,TOTAL,SELF,TOTAL,Y20-64,T,HR,EL,2024,45.4,Greece
A,TOTAL,SELF,TOTAL,Y20-64,T,HR,EL,2025,45.1,Greece
A,TOTAL,SELF,TOTAL,Y20-64,T,HR,ES,2008,44.8,Spain
A,TOTAL,SELF,TOTAL,Y20-64,T,HR,ES,2009,45.0,Spain
A,TOTAL,SELF,TOTAL,Y20-64,T,HR,ES,2010,45.3,Spain
A,TOTAL,SELF,TOTAL,Y20-64,T,HR,ES,2011,45.1,Spain
A,TOTAL,SELF,TOTAL,Y20-64,T,HR,ES,2012,44.8,Spain
A,TOTAL,SELF,TOTAL,Y20-64,T,HR,ES,2013,44.9,Spain
A,TOTAL,SELF,TOTAL,Y20-64,T,HR,ES,2014,44.9,Spain
A,TOTAL,SELF,TOTAL,Y20-64,T,HR,ES,2015,44.7,Spain
A,TOTAL,SELF,TOTAL,Y20-64,T,HR,ES,2016,44.8,Spain
A,TOTAL,SELF,TOTAL,Y20-64,T,HR,ES,2017,44.5,Spain
A,TOTAL,SELF,TOTAL,Y20-64,T,HR,ES,2018,44.6,Spain
A,TOTAL,SELF,TOTAL,Y20-64,T,HR,ES,2019,44.1,Spain
A,TOTAL,SELF,TOTAL,Y20-64,T,HR,ES,2020,41.9,Spain
A,TOTAL,SELF,TOTAL,Y20-64,T,HR,ES,2021,42.9,Spain
A,TOTAL,SELF,TOTAL,Y20-64,T,HR,ES,2022,43.4,Spain
A,TOTAL,SELF,TOTAL,Y20-64,T,HR,ES,2023,43.0,Spain
A,TOTAL,SELF,TOTAL,Y20-64,T,HR,ES,2024,43.1,Spain
A,TOTAL,SELF,TOTAL,Y20-64,T,HR,ES,2025,42.6,Spain
A,TOTAL,SELF,TOTAL,Y20-64,T,HR,EU27_2020,2008,44.3,European Union - 27 countries (from 2020)
A,TOTAL,SELF,TOTAL,Y20-64,T,HR,EU27_2020,2009,43.8,European Union - 27 countries (from 2020)
A,TOTAL,SELF,TOTAL,Y20-64,T,HR,EU27_2020,2010,43.8,European Union - 27 countries (from 2020)
A,TOTAL,SELF,TOTAL,Y20-64,T,HR,EU27_2020,2011,43.6,European Union - 27 countries (from 2020)
A,TOTAL,SELF,TOTAL,Y20-64,T,HR,EU27_2020,2012,43.2,European Union - 27 countries (from 2020)
A,TOTAL,SELF,TOTAL,Y20-64,T,HR,EU27_2020,2013,42.9,European Union - 27 countries (from 2020)
A,TOTAL,SELF,TOTAL,Y20-64,T,HR,EU27_2020,2014,42.8,European Union - 27 countries (from 2020)
A,TOTAL,SELF,TOTAL,Y20-64,T,HR,EU27_2020,2015,42.7,European Union - 27 countries (from 2020)
A,TOTAL,SELF,TOTAL,Y20-64,T,HR,EU27_2020,2016,42.9,European Union - 27 countries (from 2020)
A,TOTAL,SELF,TOTAL,Y20-64,T,HR,EU27_2020,2017,42.6,European Union - 27 countries (from 2020)
A,TOTAL,SELF,TOTAL,Y20-64,T,HR,EU27_2020,2018,42.5,European Union - 27 countries (from 2020)
A,TOTAL,SELF,TOTAL,Y20-64,T,HR,EU27_2020,2019,42.4,European Union - 27 countries (from 2020)
A,TOTAL,SELF,TOTAL,Y20-64,T,HR,EU27_2020,2020,40.3,European Union - 27 countries (from 2020)
A,TOTAL,SELF,TOTAL,Y20-64,T,HR,EU27_2020,2021,41.5,European Union - 27 countries (from 2020)
A,TOTAL,SELF,TOTAL,Y20-64,T,HR,EU27_2020,2022,41.8,European Union - 27 countries (from 2020)
A,TOTAL,SELF,TOTAL,Y20-64,T,HR,EU27_2020,2023,41.3,European Union - 27 countries (from 2020)
A,TOTAL,SELF,TOTAL,Y20-64,T,HR,EU27_2020,2024,40.8,European Union - 27 countries (from 2020)
A,TOTAL,SELF,TOTAL,Y20-64,T,HR,EU27_2020,2025,40.5,European Union - 27 countries (from 2020)
A,TOTAL,SELF,TOTAL,Y20-64,T,HR,FI,2008,43.9,Finland
A,TOTAL,SELF,TOTAL,Y20-64,T,HR,FI,2009,43.0,Finland
A,TOTAL,SELF,TOTAL,Y20-64,T,HR,FI,2010,43.2,Finland
A,TOTAL,SELF,TOTAL,Y20-64,T,HR,FI,2011,43.3,Finland
A,TOTAL,SELF,TOTAL,Y20-64,T,HR,FI,2012,43.2,Finland
A,TOTAL,SELF,TOTAL,Y20-64,T,HR,FI,2013,41.9,Finland
A,TOTAL,SELF,TOTAL,Y20-64,T,HR,FI,2014,41.8,Finland
A,TOTAL,SELF,TOTAL,Y20-64,T,HR,FI,2015,41.8,Finland
A,TOTAL,SELF,TOTAL,Y20-64,T,HR,FI,2016,41.1,Finland
A,TOTAL,SELF,TOTAL,Y20-64,T,HR,FI,2017,41.2,Finland
A,TOTAL,SELF,TOTAL,Y20-64,T,HR,FI,2018,41.1,Finland
A,TOTAL,SELF,TOTAL,Y20-64,T,HR,FI,2019,40.7,Finland
A,TOTAL,SELF,TOTAL,Y20-64,T,HR,FI,2020,39.7,Finland
A,TOTAL,SELF,TOTAL,Y20-64,T,HR,FI,2021,39.8,Finland
A,TOTAL,SELF,TOTAL,Y20-64,T,HR,FI,2022,39.4,Finland
A,TOTAL,SELF,TOTAL,Y20-64,T,HR,FI,2023,38.9,Finland
A,TOTAL,SELF,TOTAL,Y20-64,T,HR,FI,2024,38.7,Finland
A,TOTAL,SELF,TOTAL,Y20-64,T,HR,FI,2025,38.4,Finland
A,TOTAL,SELF,TOTAL,Y20-64,T,HR,FR,2008,49.7,France
A,TOTAL,SELF,TOTAL,Y20-64,T,HR,FR,2009,48.9,France
A,TOTAL,SELF,TOTAL,Y20-64,T,HR,FR,2010,49.0,France
A,TOTAL,SELF,TOTAL,Y20-64,T,HR,FR,2011,48.4,France
A,TOTAL,SELF,TOTAL,Y20-64,T,HR,FR,2012,48.1,France
A,TOTAL,SELF,TOTAL,Y20-64,T,HR,FR,2013,46.4,France
A,TOTAL,SELF,TOTAL,Y20-64,T,HR,FR,2014,45.3,France
A,TOTAL,SELF,TOTAL,Y20-64,T,HR,FR,2015,45.3,France
A,TOTAL,SELF,TOTAL,Y20-64,T,HR,FR,2016,45.8,France
A,TOTAL,SELF,TOTAL,Y20-64,T,HR,FR,2017,45.0,France
A,TOTAL,SELF,TOTAL,Y20-64,T,HR,FR,2018,44.8,France
A,TOTAL,SELF,TOTAL,Y20-64,T,HR,FR,2019,44.4,France
A,TOTAL,SELF,TOTAL,Y20-64,T,HR,FR,2020,42.4,France
A,TOTAL,SELF,TOTAL,Y20-64,T,HR,FR,2021,42.8,France
A,TOTAL,SELF,TOTAL,Y20-64,T,HR,FR,2022,42.9,France
A,TOTAL,SELF,TOTAL,Y20-64,T,HR,FR,2023,42.6,France
A,TOTAL,SELF,TOTAL,Y20-64,T,HR,FR,2024,41.6,France
A,TOTAL,SELF,TOTAL,Y20-64,T,HR,FR,2025,41.0,France
A,TOTAL,SELF,TOTAL,Y20-64,T,HR,HR,2008,38.1,Croatia
A,TOTAL,SELF,TOTAL,Y20-64,T,HR,HR,2009,37.6,Croatia
A,TOTAL,SELF,TOTAL,Y20-64,T,HR,HR,2010,37.6,Croatia
A,TOTAL,SELF,TOTAL,Y20-64,T,HR,HR,2011,37.5,Croatia
A,TOTAL,SELF,TOTAL,Y20-64,T,HR,HR,2012,37.4,Croatia
A,TOTAL,SELF,TOTAL,Y20-64,T,HR,HR,2013,37.0,Croatia
A,TOTAL,SELF,TOTAL,Y20-64,T,HR,HR,2014,39.0,Croatia
A,TOTAL,SELF,TOTAL,Y20-64,T,HR,HR,2015,38.7,Croatia
A,TOTAL,SELF,TOTAL,Y20-64,T,HR,HR,2016,39.5,Croatia
A,TOTAL,SELF,TOTAL,Y20-64,T,HR,HR,2017,40.3,Croatia
A,TOTAL,SELF,TOTAL,Y20-64,T,HR,HR,2018,40.4,Croatia
A,TOTAL,SELF,TOTAL,Y20-64,T,HR,HR,2019,40.9,Croatia
A,TOTAL,SELF,TOTAL,Y20-64,T,HR,HR,2020,40.0,Croatia
A,TOTAL,SELF,TOTAL,Y20-64,T,HR,HR,2021,39.6,Croatia
A,TOTAL,SELF,TOTAL,Y20-64,T,HR,HR,2022,39.3,Croatia
A,TOTAL,SELF,TOTAL,Y20-64,T,HR,HR,2023,39.9,Croatia
A,TOTAL,SELF,TOTAL,Y20-64,T,HR,HR,2024,39.3,Croatia
A,TOTAL,SELF,TOTAL,Y20-64,T,HR,HR,2025,39.4,Croatia
A,TOTAL,SELF,TOTAL,Y20-64,T,HR,HU,2008,42.7,Hungary
A,TOTAL,SELF,TOTAL,Y20-64,T,HR,HU,2009,42.0,Hungary
A,TOTAL,SELF,TOTAL,Y20-64,T,HR,HU,2010,41.4,Hungary
A,TOTAL,SELF,TOTAL,Y20-64,T,HR,HU,2011,41.3,Hungary
A,TOTAL,SELF,TOTAL,Y20-64,T,HR,HU,2012,40.3,Hungary
A,TOTAL,SELF,TOTAL,Y20-64,T,HR,HU,2013,40.2,Hungary
A,TOTAL,SELF,TOTAL,Y20-64,T,HR,HU,2014,40.4,Hungary
A,TOTAL,SELF,TOTAL,Y20-64,T,HR,HU,2015,40.3,Hungary
A,TOTAL,SELF,TOTAL,Y20-64,T,HR,HU,2016,40.6,Hungary
A,TOTAL,SELF,TOTAL,Y20-64,T,HR,HU,2017,40.5,Hungary
A,TOTAL,SELF,TOTAL,Y20-64,T,HR,HU,2018,39.3,Hungary
A,TOTAL,SELF,TOTAL,Y20-64,T,HR,HU,2019,39.8,Hungary
A,TOTAL,SELF,TOTAL,Y20-64,T,HR,HU,2020,38.3,Hungary
A,TOTAL,SELF,TOTAL,Y20-64,T,HR,HU,2021,39.2,Hungary
A,TOTAL,SELF,TOTAL,Y20-64,T,HR,HU,2022,39.9,Hungary
A,TOTAL,SELF,TOTAL,Y20-64,T,HR,HU,2023,38.9,Hungary
A,TOTAL,SELF,TOTAL,Y20-64,T,HR,HU,2024,38.5,Hungary
A,TOTAL,SELF,TOTAL,Y20-64,T,HR,HU,2025,38.3,Hungary
A,TOTAL,SELF,TOTAL,Y20-64,T,HR,IE,2008,44.3,Ireland
A,TOTAL,SELF,TOTAL,Y20-64,T,HR,IE,2009,43.4,Ireland
A,TOTAL,SELF,TOTAL,Y20-64,T,HR,IE,2010,43.3,Ireland
A,TOTAL,SELF,TOTAL,Y20-64,T,HR,IE,2011,43.3,Ireland
A,TOTAL,SELF,TOTAL,Y20-64,T,HR,IE,2012,42.9,Ireland
A,TOTAL,SELF,TOTAL,Y20-64,T,HR,IE,2013,43.0,Ireland
A,TOTAL,SELF,TOTAL,Y20-64,T,HR,IE,2014,43.0,Ireland
A,TOTAL,SELF,TOTAL,Y20-64,T,HR,IE,2015,43.6,Ireland
A,TOTAL,SELF,TOTAL,Y20-64,T,HR,IE,2016,43.8,Ireland
A,TOTAL,SELF,TOTAL,Y20-64,T,HR,IE,2017,44.7,Ireland
A,TOTAL,SELF,TOTAL,Y20-64,T,HR,IE,2018,44.8,Ireland
A,TOTAL,SELF,TOTAL,Y20-64,T,HR,IE,2019,44.7,Ireland
A,TOTAL,SELF,TOTAL,Y20-64,T,HR,IE,2020,43.3,Ireland
A,TOTAL,SELF,TOTAL,Y20-64,T,HR,IE,2021,43.3,Ireland
A,TOTAL,SELF,TOTAL,Y20-64,T,HR,IE,2022,42.5,Ireland
A,TOTAL,SELF,TOTAL,Y20-64,T,HR,IE,2023,41.8,Ireland
A,TOTAL,SELF,TOTAL,Y20-64,T,HR,IE,2024,41.3,Ireland
A,TOTAL,SELF,TOTAL,Y20-64,T,HR,IE,2025,41.2,Ireland
A,TOTAL,SELF,TOTAL,Y20-64,T,HR,IT,2008,42.5,Italy
A,TOTAL,SELF,TOTAL,Y20-64,T,HR,IT,2009,42.2,Italy
A,TOTAL,SELF,TOTAL,Y20-64,T,HR,IT,2010,42.3,Italy
A,TOTAL,SELF,TOTAL,Y20-64,T,HR,IT,2011,42.0,Italy
A,TOTAL,SELF,TOTAL,Y20-64,T,HR,IT,2012,41.0,Italy
A,TOTAL,SELF,TOTAL,Y20-64,T,HR,IT,2013,41.2,Italy
A,TOTAL,SELF,TOTAL,Y20-64,T,HR,IT,2014,41.3,Italy
A,TOTAL,SELF,TOTAL,Y20-64,T,HR,IT,2015,41.6,Italy
A,TOTAL,SELF,TOTAL,Y20-64,T,HR,IT,2016,41.9,Italy
A,TOTAL,SELF,TOTAL,Y20-64,T,HR,IT,2017,42.2,Italy
A,TOTAL,SELF,TOTAL,Y20-64,T,HR,IT,2018,42.5,Italy
A,TOTAL,SELF,TOTAL,Y20-64,T,HR,IT,2019,42.5,Italy
A,TOTAL,SELF,TOTAL,Y20-64,T,HR,IT,2020,40.3,Italy
A,TOTAL,SELF,TOTAL,Y20-64,T,HR,IT,2021,41.2,Italy
A,TOTAL,SELF,TOTAL,Y20-64,T,HR,IT,2022,41.8,Italy
A,TOTAL,SELF,TOTAL,Y20-64,T,HR,IT,2023,41.4,Italy
A,TOTAL,SELF,TOTAL,Y20-64,T,HR,IT,2024,40.5,Italy
A,TOTAL,SELF,TOTAL,Y20-64,T,HR,IT,2025,40.0,Italy
A,TOTAL,SELF,TOTAL,Y20-64,T,HR,LT,2008,40.2,Lithuania
A,TOTAL,SELF,TOTAL,Y20-64,T,HR,LT,2009,39.0,Lithuania
A,TOTAL,SELF,TOTAL,Y20-64,T,HR,LT,2010,38.6,Lithuania
A,TOTAL,SELF,TOTAL,Y20-64,T,HR,LT,2011,38.8,Lithuania
A,TOTAL,SELF,TOTAL,Y20-64,T,HR,LT,2012,38.6,Lithuania
A,TOTAL,SELF,TOTAL,Y20-64,T,HR,LT,2013,38.1,Lithuania
A,TOTAL,SELF,TOTAL,Y20-64,T,HR,LT,2014,37.4,Lithuania
A,TOTAL,SELF,TOTAL,Y20-64,T,HR,LT,2015,38.0,Lithuania
A,TOTAL,SELF,TOTAL,Y20-64,T,HR,LT,2016,38.1,Lithuania
A,TOTAL,SELF,TOTAL,Y20-64,T,HR,LT,2017,37.8,Lithuania
A,TOTAL,SELF,TOTAL,Y20-64,T,HR,LT,2018,38.3,Lithuania
A,TOTAL,SELF,TOTAL,Y20-64,T,HR,LT,2019,38.2,Lithuania
A,TOTAL,SELF,TOTAL,Y20-64,T,HR,LT,2020,36.6,Lithuania
A,TOTAL,SELF,TOTAL,Y20-64,T,HR,LT,2021,36.1,Lithuania
A,TOTAL,SELF,TOTAL,Y20-64,T,HR,LT,2022,37.2,Lithuania
A,TOTAL,SELF,TOTAL,Y20-64,T,HR,LT,2023,36.1,Lithuania
A,TOTAL,SELF,TOTAL,Y20-64,T,HR,LT,2024,36.1,Lithuania
A,TOTAL,SELF,TOTAL,Y20-64,T,HR,LT,2025,36.4,Lithuania
A,TOTAL,SELF,TOTAL,Y20-64,T,HR,LU,2008,47.7,Luxembourg
A,TOTAL,SELF,TOTAL,Y20-64,T,HR,LU,2009,43.9,Luxembourg
A,TOTAL,SELF,TOTAL,Y20-64,T,HR,LU,2010,43.6,Luxembourg
A,TOTAL,SELF,TOTAL,Y20-64,T,HR,LU,2011,42.9,Luxembourg
A,TOTAL,SELF,TOTAL,Y20-64,T,HR,LU,2012,43.2,Luxembourg
A,TOTAL,SELF,TOTAL,Y20-64,T,HR,LU,2013,40.6,Luxembourg
A,TOTAL,SELF,TOTAL,Y20-64,T,HR,LU,2014,43.0,Luxembourg
A,TOTAL,SELF,TOTAL,Y20-64,T,HR,LU,2015,41.2,Luxembourg
A,TOTAL,SELF,TOTAL,Y20-64,T,HR,LU,2016,39.1,Luxembourg
A,TOTAL,SELF,TOTAL,Y20-64,T,HR,LU,2017,39.5,Luxembourg
A,TOTAL,SELF,TOTAL,Y20-64,T,HR,LU,2018,39.3,Luxembourg
A,TOTAL,SELF,TOTAL,Y20-64,T,HR,LU,2019,40.3,Luxembourg
A,TOTAL,SELF,TOTAL,Y20-64,T,HR,LU,2020,37.3,Luxembourg
A,TOTAL,SELF,TOTAL,Y20-64,T,HR,LU,2021,37.1,Luxembourg
A,TOTAL,SELF,TOTAL,Y20-64,T,HR,LU,2022,35.2,Luxembourg
A,TOTAL,SELF,TOTAL,Y20-64,T,HR,LU,2023,36.9,Luxembourg
A,TOTAL,SELF,TOTAL,Y20-64,T,HR,LU,2024,36.6,Luxembourg
A,TOTAL,SELF,TOTAL,Y20-64,T,HR,LU,2025,36.6,Luxembourg
A,TOTAL,SELF,TOTAL,Y20-64,T,HR,LV,2008,40.5,Latvia
A,TOTAL,SELF,TOTAL,Y20-64,T,HR,LV,2009,39.3,Latvia
A,TOTAL,SELF,TOTAL,Y20-64,T,HR,LV,2010,38.2,Latvia
A,TOTAL,SELF,TOTAL,Y20-64,T,HR,LV,2011,38.9,Latvia
A,TOTAL,SELF,TOTAL,Y20-64,T,HR,LV,2012,37.4,Latvia
A,TOTAL,SELF,TOTAL,Y20-64,T,HR,LV,2013,37.5,Latvia
A,TOTAL,SELF,TOTAL,Y20-64,T,HR,LV,2014,37.8,Latvia
A,TOTAL,SELF,TOTAL,Y20-64,T,HR,LV,2015,37.6,Latvia
A,TOTAL,SELF,TOTAL,Y20-64,T,HR,LV,2016,38.0,Latvia
A,TOTAL,SELF,TOTAL,Y20-64,T,HR,LV,2017,37.3,Latvia
A,TOTAL,SELF,TOTAL,Y20-64,T,HR,LV,2018,36.6,Latvia
A,TOTAL,SELF,TOTAL,Y20-64,T,HR,LV,2019,36.5,Latvia
A,TOTAL,SELF,TOTAL,Y20-64,T,HR,LV,2020,35.6,Latvia
A,TOTAL,SELF,TOTAL,Y20-64,T,HR,LV,2021,36.6,Latvia
A,TOTAL,SELF,TOTAL,Y20-64,T,HR,LV,2022,37.2,Latvia
A,TOTAL,SELF,TOTAL,Y20-64,T,HR,LV,2023,36.7,Latvia
A,TOTAL,SELF,TOTAL,Y20-64,T,HR,LV,2024,36.3,Latvia
A,TOTAL,SELF,TOTAL,Y20-64,T,HR,LV,2025,35.2,Latvia
A,TOTAL,SELF,TOTAL,Y20-64,T,HR,MT,2008,43.2,Malta
A,TOTAL,SELF,TOTAL,Y20-64,T,HR,MT,2009,42.5,Malta
A,TOTAL,SELF,TOTAL,Y20-64,T,HR,MT,2010,43.0,Malta
A,TOTAL,SELF,TOTAL,Y20-64,T,HR,MT,2011,42.3,Malta
A,TOTAL,SELF,TOTAL,Y20-64,T,HR,MT,2012,41.4,Malta
A,TOTAL,SELF,TOTAL,Y20-64,T,HR,MT,2013,41.9,Malta
A,TOTAL,SELF,TOTAL,Y20-64,T,HR,MT,2014,42.7,Malta
A,TOTAL,SELF,TOTAL,Y20-64,T,HR,MT,2015,43.1,Malta
A,TOTAL,SELF,TOTAL,Y20-64,T,HR,MT,2016,42.8,Malta
A,TOTAL,SELF,TOTAL,Y20-64,T,HR,MT,2017,41.9,Malta
A,TOTAL,SELF,TOTAL,Y20-64,T,HR,MT,2018,41.8,Malta
A,TOTAL,SELF,TOTAL,Y20-64,T,HR,MT,2019,42.9,Malta
A,TOTAL,SELF,TOTAL,Y20-64,T,HR,MT,2020,40.4,Malta
A,TOTAL,SELF,TOTAL,Y20-64,T,HR,MT,2021,40.9,Malta
A,TOTAL,SELF,TOTAL,Y20-64,T,HR,MT,2022,40.0,Malta
A,TOTAL,SELF,TOTAL,Y20-64,T,HR,MT,2023,39.9,Malta
A,TOTAL,SELF,TOTAL,Y20-64,T,HR,MT,2024,39.8,Malta
A,TOTAL,SELF,TOTAL,Y20-64,T,HR,MT,2025,39.3,Malta
A,TOTAL,SELF,TOTAL,Y20-64,T,HR,NL,2008,41.0,Netherlands
A,TOTAL,SELF,TOTAL,Y20-64,T,HR,NL,2009,40.3,Netherlands
A,TOTAL,SELF,TOTAL,Y20-64,T,HR,NL,2010,39.8,Netherlands
A,TOTAL,SELF,TOTAL,Y20-64,T,HR,NL,2011,39.8,Netherlands
A,TOTAL,SELF,TOTAL,Y20-64,T,HR,NL,2012,39.5,Netherlands
A,TOTAL,SELF,TOTAL,Y20-64,T,HR,NL,2013,38.3,Netherlands
A,TOTAL,SELF,TOTAL,Y20-64,T,HR,NL,2014,38.9,Netherlands
A,TOTAL,SELF,TOTAL,Y20-64,T,HR,NL,2015,38.5,Netherlands
A,TOTAL,SELF,TOTAL,Y20-64,T,HR,NL,2016,39.0,Netherlands
A,TOTAL,SELF,TOTAL,Y20-64,T,HR,NL,2017,38.8,Netherlands
A,TOTAL,SELF,TOTAL,Y20-64,T,HR,NL,2018,38.5,Netherlands
A,TOTAL,SELF,TOTAL,Y20-64,T,HR,NL,2019,38.5,Netherlands
A,TOTAL,SELF,TOTAL,Y20-64,T,HR,NL,2020,36.4,Netherlands
A,TOTAL,SELF,TOTAL,Y20-64,T,HR,NL,2021,36.6,Netherlands
A,TOTAL,SELF,TOTAL,Y20-64,T,HR,NL,2022,37.3,Netherlands
A,TOTAL,SELF,TOTAL,Y20-64,T,HR,NL,2023,36.6,Netherlands
A,TOTAL,SELF,TOTAL,Y20-64,T,HR,NL,2024,36.6,Netherlands
A,TOTAL,SELF,TOTAL,Y20-64,T,HR,NL,2025,36.5,Netherlands
A,TOTAL,SELF,TOTAL,Y20-64,T,HR,PL,2008,44.4,Poland
A,TOTAL,SELF,TOTAL,Y20-64,T,HR,PL,2009,43.6,Poland
A,TOTAL,SELF,TOTAL,Y20-64,T,HR,PL,2010,43.2,Poland
A,TOTAL,SELF,TOTAL,Y20-64,T,HR,PL,2011,43.1,Poland
A,TOTAL,SELF,TOTAL,Y20-64,T,HR,PL,2012,43.2,Poland
A,TOTAL,SELF,TOTAL,Y20-64,T,HR,PL,2013,43.3,Poland
A,TOTAL,SELF,TOTAL,Y20-64,T,HR,PL,2014,43.3,Poland
A,TOTAL,SELF,TOTAL,Y20-64,T,HR,PL,2015,43.0,Poland
A,TOTAL,SELF,TOTAL,Y20-64,T,HR,PL,2016,43.2,Poland
A,TOTAL,SELF,TOTAL,Y20-64,T,HR,PL,2017,42.7,Poland
A,TOTAL,SELF,TOTAL,Y20-64,T,HR,PL,2018,41.9,Poland
A,TOTAL,SELF,TOTAL,Y20-64,T,HR,PL,2019,41.7,Poland
A,TOTAL,SELF,TOTAL,Y20-64,T,HR,PL,2020,40.7,Poland
A,TOTAL,SELF,TOTAL,Y20-64,T,HR,PL,2021,43.4,Poland
A,TOTAL,SELF,TOTAL,Y20-64,T,HR,PL,2022,43.4,Poland
A,TOTAL,SELF,TOTAL,Y20-64,T,HR,PL,2023,42.9,Poland
A,TOTAL,SELF,TOTAL,Y20-64,T,HR,PL,2024,42.1,Poland
A,TOTAL,SELF,TOTAL,Y20-64,T,HR,PL,2025,41.9,Poland
A,TOTAL,SELF,TOTAL,Y20-64,T,HR,PT,2008,41.4,Portugal
A,TOTAL,SELF,TOTAL,Y20-64,T,HR,PT,2009,41.0,Portugal
A,TOTAL,SELF,TOTAL,Y20-64,T,HR,PT,2010,40.7,Portugal
A,TOTAL,SELF,TOTAL,Y20-64,T,HR,PT,2011,40.8,Portugal
A,TOTAL,SELF,TOTAL,Y20-64,T,HR,PT,2012,40.6,Portugal
A,TOTAL,SELF,TOTAL,Y20-64,T,HR,PT,2013,41.0,Portugal
A,TOTAL,SELF,TOTAL,Y20-64,T,HR,PT,2014,41.1,Portugal
A,TOTAL,SELF,TOTAL,Y20-64,T,HR,PT,2015,41.3,Portugal
A,TOTAL,SELF,TOTAL,Y20-64,T,HR,PT,2016,41.5,Portugal
A,TOTAL,SELF,TOTAL,Y20-64,T,HR,PT,2017,42.3,Portugal
A,TOTAL,SELF,TOTAL,Y20-64,T,HR,PT,2018,42.3,Portugal
A,TOTAL,SELF,TOTAL,Y20-64,T,HR,PT,2019,41.6,Portugal
A,TOTAL,SELF,TOTAL,Y20-64,T,HR,PT,2020,40.0,Portugal
A,TOTAL,SELF,TOTAL,Y20-64,T,HR,PT,2021,41.7,Portugal
A,TOTAL,SELF,TOTAL,Y20-64,T,HR,PT,2022,41.7,Portugal
A,TOTAL,SELF,TOTAL,Y20-64,T,HR,PT,2023,41.5,Portugal
A,TOTAL,SELF,TOTAL,Y20-64,T,HR,PT,2024,40.5,Portugal
A,TOTAL,SELF,TOTAL,Y20-64,T,HR,PT,2025,40.9,Portugal
A,TOTAL,SELF,TOTAL,Y20-64,T,HR,RO,2008,37.6,Romania
A,TOTAL,SELF,TOTAL,Y20-64,T,HR,RO,2009,37.6,Romania
A,TOTAL,SELF,TOTAL,Y20-64,T,HR,RO,2010,37.3,Romania
A,TOTAL,SELF,TOTAL,Y20-64,T,HR,RO,2011,37.2,Romania
A,TOTAL,SELF,TOTAL,Y20-64,T,HR,RO,2012,37.2,Romania
A,TOTAL,SELF,TOTAL,Y20-64,T,HR,RO,2013,36.8,Romania
A,TOTAL,SELF,TOTAL,Y20-64,T,HR,RO,2014,36.7,Romania
A,TOTAL,SELF,TOTAL,Y20-64,T,HR,RO,2015,35.5,Romania
A,TOTAL,SELF,TOTAL,Y20-64,T,HR,RO,2016,36.2,Romania
A,TOTAL,SELF,TOTAL,Y20-64,T,HR,RO,2017,36.5,Romania
A,TOTAL,SELF,TOTAL,Y20-64,T,HR,RO,2018,36.3,Romania
A,TOTAL,SELF,TOTAL,Y20-64,T,HR,RO,2019,36.3,Romania
A,TOTAL,SELF,TOTAL,Y20-64,T,HR,RO,2020,35.9,Romania
A,TOTAL,SELF,TOTAL,Y20-64,T,HR,RO,2021,38.6,Romania
A,TOTAL,SELF,TOTAL,Y20-64,T,HR,RO,2022,38.7,Romania
A,TOTAL,SELF,TOTAL,Y20-64,T,HR,RO,2023,38.2,Romania
A,TOTAL,SELF,TOTAL,Y20-64,T,HR,RO,2024,38.0,Romania
A,TOTAL,SELF,TOTAL,Y20-64,T,HR,RO,2025,37.3,Romania
A,TOTAL,SELF,TOTAL,Y20-64,T,HR,SE,2008,42.7,Sweden
A,TOTAL,SELF,TOTAL,Y20-64,T,HR,SE,2009,42.1,Sweden
A,TOTAL,SELF,TOTAL,Y20-64,T,HR,SE,2010,42.6,Sweden
A,TOTAL,SELF,TOTAL,Y20-64,T,HR,SE,2011,42.6,Sweden
A,TOTAL,SELF,TOTAL,Y20-64,T,HR,SE,2012,42.6,Sweden
A,TOTAL,SELF,TOTAL,Y20-64,T,HR,SE,2013,41.8,Sweden
A,TOTAL,SELF,TOTAL,Y20-64,T,HR,SE,2014,41.7,Sweden
A,TOTAL,SELF,TOTAL,Y20-64,T,HR,SE,2015,41.6,Sweden
A,TOTAL,SELF,TOTAL,Y20-64,T,HR,SE,2016,41.9,Sweden
A,TOTAL,SELF,TOTAL,Y20-64,T,HR,SE,2017,41.4,Sweden
A,TOTAL,SELF,TOTAL,Y20-64,T,HR,SE,2018,41.2,Sweden
A,TOTAL,SELF,TOTAL,Y20-64,T,HR,SE,2019,41.2,Sweden
A,TOTAL,SELF,TOTAL,Y20-64,T,HR,SE,2020,38.8,Sweden
A,TOTAL,SELF,TOTAL,Y20-64,T,HR,SE,2021,38.9,Sweden
A,TOTAL,SELF,TOTAL,Y20-64,T,HR,SE,2022,39.7,Sweden
A,TOTAL,SELF,TOTAL,Y20-64,T,HR,SE,2023,38.7,Sweden
A,TOTAL,SELF,TOTAL,Y20-64,T,HR,SE,2024,38.2,Sweden
A,TOTAL,SELF,TOTAL,Y20-64,T,HR,SE,2025,38.4,Sweden
A,TOTAL,SELF,TOTAL,Y20-64,T,HR,SI,2008,47.0,Slovenia
A,TOTAL,SELF,TOTAL,Y20-64,T,HR,SI,2009,45.7,Slovenia
A,TOTAL,SELF,TOTAL,Y20-64,T,HR,SI,2010,44.2,Slovenia
A,TOTAL,SELF,TOTAL,Y20-64,T,HR,SI,2011,43.7,Slovenia
A,TOTAL,SELF,TOTAL,Y20-64,T,HR,SI,2012,43.8,Slovenia
A,TOTAL,SELF,TOTAL,Y20-64,T,HR,SI,2013,43.3,Slovenia
A,TOTAL,SELF,TOTAL,Y20-64,T,HR,SI,2014,43.6,Slovenia
A,TOTAL,SELF,TOTAL,Y20-64,T,HR,SI,2015,42.8,Slovenia
A,TOTAL,SELF,TOTAL,Y20-64,T,HR,SI,2016,42.5,Slovenia
A,TOTAL,SELF,TOTAL,Y20-64,T,HR,SI,2017,41.7,Slovenia
A,TOTAL,SELF,TOTAL,Y20-64,T,HR,SI,2018,42.1,Slovenia
A,TOTAL,SELF,TOTAL,Y20-64,T,HR,SI,2019,42.6,Slovenia
A,TOTAL,SELF,TOTAL,Y20-64,T,HR,SI,2020,41.3,Slovenia
A,TOTAL,SELF,TOTAL,Y20-64,T,HR,SI,2021,41.1,Slovenia
A,TOTAL,SELF,TOTAL,Y20-64,T,HR,SI,2022,41.9,Slovenia
A,TOTAL,SELF,TOTAL,Y20-64,T,HR,SI,2023,40.8,Slovenia
A,TOTAL,SELF,TOTAL,Y20-64,T,HR,SI,2024,41.4,Slovenia
A,TOTAL,SELF,TOTAL,Y20-64,T,HR,SI,2025,41.6,Slovenia
A,TOTAL,SELF,TOTAL,Y20-64,T,HR,SK,2008,44.4,Slovakia
A,TOTAL,SELF,TOTAL,Y20-64,T,HR,SK,2009,43.9,Slovakia
A,TOTAL,SELF,TOTAL,Y20-64,T,HR,SK,2010,44.5,Slovakia
A,TOTAL,SELF,TOTAL,Y20-64,T,HR,SK,2011,44.4,Slovakia
A,TOTAL,SELF,TOTAL,Y20-64,T,HR,SK,2012,44.0,Slovakia
A,TOTAL,SELF,TOTAL,Y20-64,T,HR,SK,2013,43.7,Slovakia
A,TOTAL,SELF,TOTAL,Y20-64,T,HR,SK,2014,43.4,Slovakia
A,TOTAL,SELF,TOTAL,Y20-64,T,HR,SK,2015,43.7,Slovakia
A,TOTAL,SELF,TOTAL,Y20-64,T,HR,SK,2016,44.0,Slovakia
A,TOTAL,SELF,TOTAL,Y20-64,T,HR,SK,2017,43.6,Slovakia
A,TOTAL,SELF,TOTAL,Y20-64,T,HR,SK,2018,43.7,Slovakia
A,TOTAL,SELF,TOTAL,Y20-64,T,HR,SK,2019,43.3,Slovakia
A,TOTAL,SELF,TOTAL,Y20-64,T,HR,SK,2020,41.6,Slovakia
A,TOTAL,SELF,TOTAL,Y20-64,T,HR,SK,2021,41.3,Slovakia
A,TOTAL,SELF,TOTAL,Y20-64,T,HR,SK,2022,41.6,Slovakia
A,TOTAL,SELF,TOTAL,Y20-64,T,HR,SK,2023,41.3,Slovakia
A,TOTAL,SELF,TOTAL,Y20-64,T,HR,SK,2024,41.5,Slovakia
A,TOTAL,SELF,TOTAL,Y20-64,T,HR,SK,2025,40.9,Slovakia
